grid_lat,grid_lon,acq_date,day_of_year,calendar_week,day_of_harvest_season,is_peak_harvest_window,lag_fire_days_past_3d,lag_fire_days_past_7d,prior_cumulative_fires,season_total_fires,fire_count,fire_event_occurred
28.625,76.625,2023-10-01,274,39,1,0,0,0,0,11.0,0,0
28.625,76.625,2023-10-02,275,40,2,0,0,0,0,11.0,0,0
28.625,76.625,2023-10-03,276,40,3,0,0,0,0,11.0,0,0
28.625,76.625,2023-10-04,277,40,4,0,0,0,0,11.0,0,0
28.625,76.625,2023-10-05,278,40,5,0,0,0,0,11.0,0,0
28.625,76.625,2023-10-06,279,40,6,0,0,0,0,11.0,0,0
28.625,76.625,2023-10-07,280,40,7,0,0,0,0,11.0,0,0
28.625,76.625,2023-10-08,281,40,8,0,0,0,0,11.0,0,0
28.625,76.625,2023-10-09,282,41,9,0,0,0,0,11.0,0,0
28.625,76.625,2023-10-10,283,41,10,0,0,0,0,11.0,0,0
28.625,76.625,2023-10-11,284,41,11,0,0,0,0,11.0,0,0
28.625,76.625,2023-10-12,285,41,12,0,0,0,0,11.0,0,0
28.625,76.625,2023-10-13,286,41,13,0,0,0,0,11.0,0,0
28.625,76.625,2023-10-14,287,41,14,0,0,0,0,11.0,0,0
28.625,76.625,2023-10-15,288,41,15,0,0,0,0,11.0,0,0
28.625,76.625,2023-10-16,289,42,16,0,0,0,0,11.0,0,0
28.625,76.625,2023-10-17,290,42,17,0,0,0,0,11.0,0,0
28.625,76.625,2023-10-18,291,42,18,0,0,0,0,11.0,0,0
28.625,76.625,2023-10-19,292,42,19,0,0,0,0,11.0,0,0
28.625,76.625,2023-10-20,293,42,20,1,0,0,0,11.0,1,1
28.625,76.625,2023-10-21,294,42,21,1,1,1,1,11.0,0,0
28.625,76.625,2023-10-22,295,42,22,1,1,1,1,11.0,0,0
28.625,76.625,2023-10-23,296,43,23,1,1,1,1,11.0,0,0
28.625,76.625,2023-10-24,297,43,24,1,0,1,1,11.0,0,0
28.625,76.625,2023-10-25,298,43,25,1,0,1,1,11.0,0,0
28.625,76.625,2023-10-26,299,43,26,1,0,1,1,11.0,0,0
28.625,76.625,2023-10-27,300,43,27,1,0,1,1,11.0,0,0
28.625,76.625,2023-10-28,301,43,28,1,0,0,1,11.0,0,0
28.625,76.625,2023-10-29,302,43,29,1,0,0,1,11.0,0,0
28.625,76.625,2023-10-30,303,44,30,1,0,0,1,11.0,0,0
28.625,76.625,2023-10-31,304,44,31,1,0,0,1,11.0,0,0
28.625,76.625,2023-11-01,305,44,32,1,0,0,1,11.0,0,0
28.625,76.625,2023-11-02,306,44,33,1,0,0,1,11.0,0,0
28.625,76.625,2023-11-03,307,44,34,1,0,0,1,11.0,0,0
28.625,76.625,2023-11-04,308,44,35,1,0,0,1,11.0,0,0
28.625,76.625,2023-11-05,309,44,36,1,0,0,1,11.0,0,0
28.625,76.625,2023-11-06,310,45,37,1,0,0,1,11.0,1,1
28.625,76.625,2023-11-07,311,45,38,1,1,1,2,11.0,1,1
28.625,76.625,2023-11-08,312,45,39,1,2,2,3,11.0,0,0
28.625,76.625,2023-11-09,313,45,40,1,2,2,3,11.0,0,0
28.625,76.625,2023-11-10,314,45,41,1,1,2,3,11.0,0,0
28.625,76.625,2023-11-11,315,45,42,1,0,2,3,11.0,0,0
28.625,76.625,2023-11-12,316,45,43,1,0,2,3,11.0,0,0
28.625,76.625,2023-11-13,317,46,44,1,0,2,3,11.0,1,1
28.625,76.625,2023-11-14,318,46,45,1,1,2,4,11.0,0,0
28.625,76.625,2023-11-15,319,46,46,1,1,1,4,11.0,0,0
28.625,76.625,2023-11-16,320,46,47,0,1,1,4,11.0,0,0
28.625,76.625,2023-11-17,321,46,48,0,0,1,4,11.0,1,1
28.625,76.625,2023-11-18,322,46,49,0,1,2,5,11.0,3,1
28.625,76.625,2023-11-19,323,46,50,0,2,3,6,11.0,0,0
28.625,76.625,2023-11-20,324,47,51,0,2,3,6,11.0,0,0
28.625,76.625,2023-11-21,325,47,52,0,1,2,6,11.0,0,0
28.625,76.625,2023-11-22,326,47,53,0,0,2,6,11.0,0,0
28.625,76.625,2023-11-23,327,47,54,0,0,2,6,11.0,2,1
28.625,76.625,2023-11-24,328,47,55,0,1,3,7,11.0,1,1
28.625,76.625,2023-11-25,329,47,56,0,2,3,8,11.0,0,0
28.625,76.625,2023-11-26,330,47,57,0,2,2,8,11.0,0,0
28.625,76.625,2023-11-27,331,48,58,0,1,2,8,11.0,0,0
28.625,76.625,2023-11-28,332,48,59,0,0,2,8,11.0,0,0
28.625,76.625,2023-11-29,333,48,60,0,0,2,8,11.0,0,0
28.625,76.625,2023-11-30,334,48,61,0,0,2,8,11.0,0,0
28.625,76.875,2023-10-01,274,39,1,0,0,0,0,12.0,1,1
28.625,76.875,2023-10-02,275,40,2,0,1,1,1,12.0,1,1
28.625,76.875,2023-10-03,276,40,3,0,2,2,2,12.0,1,1
28.625,76.875,2023-10-04,277,40,4,0,3,3,3,12.0,0,0
28.625,76.875,2023-10-05,278,40,5,0,2,3,3,12.0,0,0
28.625,76.875,2023-10-06,279,40,6,0,1,3,3,12.0,0,0
28.625,76.875,2023-10-07,280,40,7,0,0,3,3,12.0,0,0
28.625,76.875,2023-10-08,281,40,8,0,0,3,3,12.0,0,0
28.625,76.875,2023-10-09,282,41,9,0,0,2,3,12.0,1,1
28.625,76.875,2023-10-10,283,41,10,0,1,2,4,12.0,1,1
28.625,76.875,2023-10-11,284,41,11,0,2,2,5,12.0,0,0
28.625,76.875,2023-10-12,285,41,12,0,2,2,5,12.0,0,0
28.625,76.875,2023-10-13,286,41,13,0,1,2,5,12.0,0,0
28.625,76.875,2023-10-14,287,41,14,0,0,2,5,12.0,0,0
28.625,76.875,2023-10-15,288,41,15,0,0,2,5,12.0,0,0
28.625,76.875,2023-10-16,289,42,16,0,0,2,5,12.0,0,0
28.625,76.875,2023-10-17,290,42,17,0,0,1,5,12.0,1,1
28.625,76.875,2023-10-18,291,42,18,0,1,1,6,12.0,0,0
28.625,76.875,2023-10-19,292,42,19,0,1,1,6,12.0,0,0
28.625,76.875,2023-10-20,293,42,20,1,1,1,6,12.0,0,0
28.625,76.875,2023-10-21,294,42,21,1,0,1,6,12.0,1,1
28.625,76.875,2023-10-22,295,42,22,1,1,2,7,12.0,0,0
28.625,76.875,2023-10-23,296,43,23,1,1,2,7,12.0,0,0
28.625,76.875,2023-10-24,297,43,24,1,1,2,7,12.0,0,0
28.625,76.875,2023-10-25,298,43,25,1,0,1,7,12.0,0,0
28.625,76.875,2023-10-26,299,43,26,1,0,1,7,12.0,0,0
28.625,76.875,2023-10-27,300,43,27,1,0,1,7,12.0,0,0
28.625,76.875,2023-10-28,301,43,28,1,0,1,7,12.0,0,0
28.625,76.875,2023-10-29,302,43,29,1,0,0,7,12.0,0,0
28.625,76.875,2023-10-30,303,44,30,1,0,0,7,12.0,0,0
28.625,76.875,2023-10-31,304,44,31,1,0,0,7,12.0,1,1
28.625,76.875,2023-11-01,305,44,32,1,1,1,8,12.0,0,0
28.625,76.875,2023-11-02,306,44,33,1,1,1,8,12.0,0,0
28.625,76.875,2023-11-03,307,44,34,1,1,1,8,12.0,0,0
28.625,76.875,2023-11-04,308,44,35,1,0,1,8,12.0,0,0
28.625,76.875,2023-11-05,309,44,36,1,0,1,8,12.0,0,0
28.625,76.875,2023-11-06,310,45,37,1,0,1,8,12.0,0,0
28.625,76.875,2023-11-07,311,45,38,1,0,1,8,12.0,0,0
28.625,76.875,2023-11-08,312,45,39,1,0,0,8,12.0,0,0
28.625,76.875,2023-11-09,313,45,40,1,0,0,8,12.0,0,0
28.625,76.875,2023-11-10,314,45,41,1,0,0,8,12.0,0,0
28.625,76.875,2023-11-11,315,45,42,1,0,0,8,12.0,0,0
28.625,76.875,2023-11-12,316,45,43,1,0,0,8,12.0,0,0
28.625,76.875,2023-11-13,317,46,44,1,0,0,8,12.0,0,0
28.625,76.875,2023-11-14,318,46,45,1,0,0,8,12.0,0,0
28.625,76.875,2023-11-15,319,46,46,1,0,0,8,12.0,1,1
28.625,76.875,2023-11-16,320,46,47,0,1,1,9,12.0,0,0
28.625,76.875,2023-11-17,321,46,48,0,1,1,9,12.0,0,0
28.625,76.875,2023-11-18,322,46,49,0,1,1,9,12.0,1,1
28.625,76.875,2023-11-19,323,46,50,0,1,2,10,12.0,0,0
28.625,76.875,2023-11-20,324,47,51,0,1,2,10,12.0,0,0
28.625,76.875,2023-11-21,325,47,52,0,1,2,10,12.0,0,0
28.625,76.875,2023-11-22,326,47,53,0,0,2,10,12.0,0,0
28.625,76.875,2023-11-23,327,47,54,0,0,1,10,12.0,0,0
28.625,76.875,2023-11-24,328,47,55,0,0,1,10,12.0,1,1
28.625,76.875,2023-11-25,329,47,56,0,1,2,11,12.0,0,0
28.625,76.875,2023-11-26,330,47,57,0,1,1,11,12.0,0,0
28.625,76.875,2023-11-27,331,48,58,0,1,1,11,12.0,0,0
28.625,76.875,2023-11-28,332,48,59,0,0,1,11,12.0,1,1
28.625,76.875,2023-11-29,333,48,60,0,1,2,12,12.0,0,0
28.625,76.875,2023-11-30,334,48,61,0,1,2,12,12.0,0,0
28.625,77.125,2023-10-01,274,39,1,0,0,0,0,9.0,0,0
28.625,77.125,2023-10-02,275,40,2,0,0,0,0,9.0,0,0
28.625,77.125,2023-10-03,276,40,3,0,0,0,0,9.0,0,0
28.625,77.125,2023-10-04,277,40,4,0,0,0,0,9.0,0,0
28.625,77.125,2023-10-05,278,40,5,0,0,0,0,9.0,0,0
28.625,77.125,2023-10-06,279,40,6,0,0,0,0,9.0,1,1
28.625,77.125,2023-10-07,280,40,7,0,1,1,1,9.0,0,0
28.625,77.125,2023-10-08,281,40,8,0,1,1,1,9.0,0,0
28.625,77.125,2023-10-09,282,41,9,0,1,1,1,9.0,0,0
28.625,77.125,2023-10-10,283,41,10,0,0,1,1,9.0,0,0
28.625,77.125,2023-10-11,284,41,11,0,0,1,1,9.0,0,0
28.625,77.125,2023-10-12,285,41,12,0,0,1,1,9.0,0,0
28.625,77.125,2023-10-13,286,41,13,0,0,1,1,9.0,0,0
28.625,77.125,2023-10-14,287,41,14,0,0,0,1,9.0,2,1
28.625,77.125,2023-10-15,288,41,15,0,1,1,2,9.0,0,0
28.625,77.125,2023-10-16,289,42,16,0,1,1,2,9.0,0,0
28.625,77.125,2023-10-17,290,42,17,0,1,1,2,9.0,0,0
28.625,77.125,2023-10-18,291,42,18,0,0,1,2,9.0,0,0
28.625,77.125,2023-10-19,292,42,19,0,0,1,2,9.0,0,0
28.625,77.125,2023-10-20,293,42,20,1,0,1,2,9.0,0,0
28.625,77.125,2023-10-21,294,42,21,1,0,1,2,9.0,0,0
28.625,77.125,2023-10-22,295,42,22,1,0,0,2,9.0,0,0
28.625,77.125,2023-10-23,296,43,23,1,0,0,2,9.0,0,0
28.625,77.125,2023-10-24,297,43,24,1,0,0,2,9.0,0,0
28.625,77.125,2023-10-25,298,43,25,1,0,0,2,9.0,0,0
28.625,77.125,2023-10-26,299,43,26,1,0,0,2,9.0,1,1
28.625,77.125,2023-10-27,300,43,27,1,1,1,3,9.0,0,0
28.625,77.125,2023-10-28,301,43,28,1,1,1,3,9.0,0,0
28.625,77.125,2023-10-29,302,43,29,1,1,1,3,9.0,0,0
28.625,77.125,2023-10-30,303,44,30,1,0,1,3,9.0,1,1
28.625,77.125,2023-10-31,304,44,31,1,1,2,4,9.0,0,0
28.625,77.125,2023-11-01,305,44,32,1,1,2,4,9.0,0,0
28.625,77.125,2023-11-02,306,44,33,1,1,2,4,9.0,0,0
28.625,77.125,2023-11-03,307,44,34,1,0,1,4,9.0,0,0
28.625,77.125,2023-11-04,308,44,35,1,0,1,4,9.0,0,0
28.625,77.125,2023-11-05,309,44,36,1,0,1,4,9.0,0,0
28.625,77.125,2023-11-06,310,45,37,1,0,1,4,9.0,0,0
28.625,77.125,2023-11-07,311,45,38,1,0,0,4,9.0,0,0
28.625,77.125,2023-11-08,312,45,39,1,0,0,4,9.0,0,0
28.625,77.125,2023-11-09,313,45,40,1,0,0,4,9.0,0,0
28.625,77.125,2023-11-10,314,45,41,1,0,0,4,9.0,0,0
28.625,77.125,2023-11-11,315,45,42,1,0,0,4,9.0,0,0
28.625,77.125,2023-11-12,316,45,43,1,0,0,4,9.0,0,0
28.625,77.125,2023-11-13,317,46,44,1,0,0,4,9.0,0,0
28.625,77.125,2023-11-14,318,46,45,1,0,0,4,9.0,1,1
28.625,77.125,2023-11-15,319,46,46,1,1,1,5,9.0,1,1
28.625,77.125,2023-11-16,320,46,47,0,2,2,6,9.0,0,0
28.625,77.125,2023-11-17,321,46,48,0,2,2,6,9.0,0,0
28.625,77.125,2023-11-18,322,46,49,0,1,2,6,9.0,0,0
28.625,77.125,2023-11-19,323,46,50,0,0,2,6,9.0,0,0
28.625,77.125,2023-11-20,324,47,51,0,0,2,6,9.0,0,0
28.625,77.125,2023-11-21,325,47,52,0,0,2,6,9.0,0,0
28.625,77.125,2023-11-22,326,47,53,0,0,1,6,9.0,0,0
28.625,77.125,2023-11-23,327,47,54,0,0,0,6,9.0,0,0
28.625,77.125,2023-11-24,328,47,55,0,0,0,6,9.0,2,1
28.625,77.125,2023-11-25,329,47,56,0,1,1,7,9.0,0,0
28.625,77.125,2023-11-26,330,47,57,0,1,1,7,9.0,0,0
28.625,77.125,2023-11-27,331,48,58,0,1,1,7,9.0,0,0
28.625,77.125,2023-11-28,332,48,59,0,0,1,7,9.0,0,0
28.625,77.125,2023-11-29,333,48,60,0,0,1,7,9.0,0,0
28.625,77.125,2023-11-30,334,48,61,0,0,1,7,9.0,0,0
28.625,77.375,2023-10-01,274,39,1,0,0,0,0,5.0,0,0
28.625,77.375,2023-10-02,275,40,2,0,0,0,0,5.0,0,0
28.625,77.375,2023-10-03,276,40,3,0,0,0,0,5.0,0,0
28.625,77.375,2023-10-04,277,40,4,0,0,0,0,5.0,0,0
28.625,77.375,2023-10-05,278,40,5,0,0,0,0,5.0,0,0
28.625,77.375,2023-10-06,279,40,6,0,0,0,0,5.0,0,0
28.625,77.375,2023-10-07,280,40,7,0,0,0,0,5.0,0,0
28.625,77.375,2023-10-08,281,40,8,0,0,0,0,5.0,0,0
28.625,77.375,2023-10-09,282,41,9,0,0,0,0,5.0,0,0
28.625,77.375,2023-10-10,283,41,10,0,0,0,0,5.0,0,0
28.625,77.375,2023-10-11,284,41,11,0,0,0,0,5.0,0,0
28.625,77.375,2023-10-12,285,41,12,0,0,0,0,5.0,1,1
28.625,77.375,2023-10-13,286,41,13,0,1,1,1,5.0,0,0
28.625,77.375,2023-10-14,287,41,14,0,1,1,1,5.0,0,0
28.625,77.375,2023-10-15,288,41,15,0,1,1,1,5.0,0,0
28.625,77.375,2023-10-16,289,42,16,0,0,1,1,5.0,0,0
28.625,77.375,2023-10-17,290,42,17,0,0,1,1,5.0,0,0
28.625,77.375,2023-10-18,291,42,18,0,0,1,1,5.0,0,0
28.625,77.375,2023-10-19,292,42,19,0,0,1,1,5.0,0,0
28.625,77.375,2023-10-20,293,42,20,1,0,0,1,5.0,0,0
28.625,77.375,2023-10-21,294,42,21,1,0,0,1,5.0,0,0
28.625,77.375,2023-10-22,295,42,22,1,0,0,1,5.0,0,0
28.625,77.375,2023-10-23,296,43,23,1,0,0,1,5.0,0,0
28.625,77.375,2023-10-24,297,43,24,1,0,0,1,5.0,2,1
28.625,77.375,2023-10-25,298,43,25,1,1,1,2,5.0,0,0
28.625,77.375,2023-10-26,299,43,26,1,1,1,2,5.0,0,0
28.625,77.375,2023-10-27,300,43,27,1,1,1,2,5.0,0,0
28.625,77.375,2023-10-28,301,43,28,1,0,1,2,5.0,0,0
28.625,77.375,2023-10-29,302,43,29,1,0,1,2,5.0,0,0
28.625,77.375,2023-10-30,303,44,30,1,0,1,2,5.0,0,0
28.625,77.375,2023-10-31,304,44,31,1,0,1,2,5.0,0,0
28.625,77.375,2023-11-01,305,44,32,1,0,0,2,5.0,0,0
28.625,77.375,2023-11-02,306,44,33,1,0,0,2,5.0,0,0
28.625,77.375,2023-11-03,307,44,34,1,0,0,2,5.0,0,0
28.625,77.375,2023-11-04,308,44,35,1,0,0,2,5.0,0,0
28.625,77.375,2023-11-05,309,44,36,1,0,0,2,5.0,0,0
28.625,77.375,2023-11-06,310,45,37,1,0,0,2,5.0,0,0
28.625,77.375,2023-11-07,311,45,38,1,0,0,2,5.0,0,0
28.625,77.375,2023-11-08,312,45,39,1,0,0,2,5.0,0,0
28.625,77.375,2023-11-09,313,45,40,1,0,0,2,5.0,0,0
28.625,77.375,2023-11-10,314,45,41,1,0,0,2,5.0,0,0
28.625,77.375,2023-11-11,315,45,42,1,0,0,2,5.0,0,0
28.625,77.375,2023-11-12,316,45,43,1,0,0,2,5.0,0,0
28.625,77.375,2023-11-13,317,46,44,1,0,0,2,5.0,0,0
28.625,77.375,2023-11-14,318,46,45,1,0,0,2,5.0,0,0
28.625,77.375,2023-11-15,319,46,46,1,0,0,2,5.0,0,0
28.625,77.375,2023-11-16,320,46,47,0,0,0,2,5.0,0,0
28.625,77.375,2023-11-17,321,46,48,0,0,0,2,5.0,0,0
28.625,77.375,2023-11-18,322,46,49,0,0,0,2,5.0,0,0
28.625,77.375,2023-11-19,323,46,50,0,0,0,2,5.0,0,0
28.625,77.375,2023-11-20,324,47,51,0,0,0,2,5.0,0,0
28.625,77.375,2023-11-21,325,47,52,0,0,0,2,5.0,1,1
28.625,77.375,2023-11-22,326,47,53,0,1,1,3,5.0,1,1
28.625,77.375,2023-11-23,327,47,54,0,2,2,4,5.0,0,0
28.625,77.375,2023-11-24,328,47,55,0,2,2,4,5.0,0,0
28.625,77.375,2023-11-25,329,47,56,0,1,2,4,5.0,0,0
28.625,77.375,2023-11-26,330,47,57,0,0,2,4,5.0,0,0
28.625,77.375,2023-11-27,331,48,58,0,0,2,4,5.0,0,0
28.625,77.375,2023-11-28,332,48,59,0,0,2,4,5.0,0,0
28.625,77.375,2023-11-29,333,48,60,0,0,1,4,5.0,0,0
28.625,77.375,2023-11-30,334,48,61,0,0,0,4,5.0,0,0
28.875,75.625,2023-10-01,274,39,1,0,0,0,0,6.0,0,0
28.875,75.625,2023-10-02,275,40,2,0,0,0,0,6.0,0,0
28.875,75.625,2023-10-03,276,40,3,0,0,0,0,6.0,0,0
28.875,75.625,2023-10-04,277,40,4,0,0,0,0,6.0,0,0
28.875,75.625,2023-10-05,278,40,5,0,0,0,0,6.0,0,0
28.875,75.625,2023-10-06,279,40,6,0,0,0,0,6.0,0,0
28.875,75.625,2023-10-07,280,40,7,0,0,0,0,6.0,0,0
28.875,75.625,2023-10-08,281,40,8,0,0,0,0,6.0,0,0
28.875,75.625,2023-10-09,282,41,9,0,0,0,0,6.0,0,0
28.875,75.625,2023-10-10,283,41,10,0,0,0,0,6.0,0,0
28.875,75.625,2023-10-11,284,41,11,0,0,0,0,6.0,0,0
28.875,75.625,2023-10-12,285,41,12,0,0,0,0,6.0,0,0
28.875,75.625,2023-10-13,286,41,13,0,0,0,0,6.0,0,0
28.875,75.625,2023-10-14,287,41,14,0,0,0,0,6.0,0,0
28.875,75.625,2023-10-15,288,41,15,0,0,0,0,6.0,0,0
28.875,75.625,2023-10-16,289,42,16,0,0,0,0,6.0,0,0
28.875,75.625,2023-10-17,290,42,17,0,0,0,0,6.0,0,0
28.875,75.625,2023-10-18,291,42,18,0,0,0,0,6.0,0,0
28.875,75.625,2023-10-19,292,42,19,0,0,0,0,6.0,0,0
28.875,75.625,2023-10-20,293,42,20,1,0,0,0,6.0,0,0
28.875,75.625,2023-10-21,294,42,21,1,0,0,0,6.0,1,1
28.875,75.625,2023-10-22,295,42,22,1,1,1,1,6.0,0,0
28.875,75.625,2023-10-23,296,43,23,1,1,1,1,6.0,0,0
28.875,75.625,2023-10-24,297,43,24,1,1,1,1,6.0,0,0
28.875,75.625,2023-10-25,298,43,25,1,0,1,1,6.0,0,0
28.875,75.625,2023-10-26,299,43,26,1,0,1,1,6.0,0,0
28.875,75.625,2023-10-27,300,43,27,1,0,1,1,6.0,0,0
28.875,75.625,2023-10-28,301,43,28,1,0,1,1,6.0,0,0
28.875,75.625,2023-10-29,302,43,29,1,0,0,1,6.0,0,0
28.875,75.625,2023-10-30,303,44,30,1,0,0,1,6.0,0,0
28.875,75.625,2023-10-31,304,44,31,1,0,0,1,6.0,0,0
28.875,75.625,2023-11-01,305,44,32,1,0,0,1,6.0,0,0
28.875,75.625,2023-11-02,306,44,33,1,0,0,1,6.0,0,0
28.875,75.625,2023-11-03,307,44,34,1,0,0,1,6.0,0,0
28.875,75.625,2023-11-04,308,44,35,1,0,0,1,6.0,0,0
28.875,75.625,2023-11-05,309,44,36,1,0,0,1,6.0,0,0
28.875,75.625,2023-11-06,310,45,37,1,0,0,1,6.0,2,1
28.875,75.625,2023-11-07,311,45,38,1,1,1,2,6.0,0,0
28.875,75.625,2023-11-08,312,45,39,1,1,1,2,6.0,0,0
28.875,75.625,2023-11-09,313,45,40,1,1,1,2,6.0,0,0
28.875,75.625,2023-11-10,314,45,41,1,0,1,2,6.0,0,0
28.875,75.625,2023-11-11,315,45,42,1,0,1,2,6.0,0,0
28.875,75.625,2023-11-12,316,45,43,1,0,1,2,6.0,0,0
28.875,75.625,2023-11-13,317,46,44,1,0,1,2,6.0,0,0
28.875,75.625,2023-11-14,318,46,45,1,0,0,2,6.0,0,0
28.875,75.625,2023-11-15,319,46,46,1,0,0,2,6.0,0,0
28.875,75.625,2023-11-16,320,46,47,0,0,0,2,6.0,0,0
28.875,75.625,2023-11-17,321,46,48,0,0,0,2,6.0,0,0
28.875,75.625,2023-11-18,322,46,49,0,0,0,2,6.0,0,0
28.875,75.625,2023-11-19,323,46,50,0,0,0,2,6.0,1,1
28.875,75.625,2023-11-20,324,47,51,0,1,1,3,6.0,0,0
28.875,75.625,2023-11-21,325,47,52,0,1,1,3,6.0,0,0
28.875,75.625,2023-11-22,326,47,53,0,1,1,3,6.0,2,1
28.875,75.625,2023-11-23,327,47,54,0,1,2,4,6.0,0,0
28.875,75.625,2023-11-24,328,47,55,0,1,2,4,6.0,0,0
28.875,75.625,2023-11-25,329,47,56,0,1,2,4,6.0,0,0
28.875,75.625,2023-11-26,330,47,57,0,0,2,4,6.0,0,0
28.875,75.625,2023-11-27,331,48,58,0,0,1,4,6.0,0,0
28.875,75.625,2023-11-28,332,48,59,0,0,1,4,6.0,0,0
28.875,75.625,2023-11-29,333,48,60,0,0,1,4,6.0,0,0
28.875,75.625,2023-11-30,334,48,61,0,0,0,4,6.0,0,0
28.875,75.875,2023-10-01,274,39,1,0,0,0,0,5.0,0,0
28.875,75.875,2023-10-02,275,40,2,0,0,0,0,5.0,0,0
28.875,75.875,2023-10-03,276,40,3,0,0,0,0,5.0,0,0
28.875,75.875,2023-10-04,277,40,4,0,0,0,0,5.0,0,0
28.875,75.875,2023-10-05,278,40,5,0,0,0,0,5.0,0,0
28.875,75.875,2023-10-06,279,40,6,0,0,0,0,5.0,0,0
28.875,75.875,2023-10-07,280,40,7,0,0,0,0,5.0,0,0
28.875,75.875,2023-10-08,281,40,8,0,0,0,0,5.0,0,0
28.875,75.875,2023-10-09,282,41,9,0,0,0,0,5.0,0,0
28.875,75.875,2023-10-10,283,41,10,0,0,0,0,5.0,0,0
28.875,75.875,2023-10-11,284,41,11,0,0,0,0,5.0,0,0
28.875,75.875,2023-10-12,285,41,12,0,0,0,0,5.0,0,0
28.875,75.875,2023-10-13,286,41,13,0,0,0,0,5.0,0,0
28.875,75.875,2023-10-14,287,41,14,0,0,0,0,5.0,0,0
28.875,75.875,2023-10-15,288,41,15,0,0,0,0,5.0,2,1
28.875,75.875,2023-10-16,289,42,16,0,1,1,1,5.0,0,0
28.875,75.875,2023-10-17,290,42,17,0,1,1,1,5.0,0,0
28.875,75.875,2023-10-18,291,42,18,0,1,1,1,5.0,0,0
28.875,75.875,2023-10-19,292,42,19,0,0,1,1,5.0,0,0
28.875,75.875,2023-10-20,293,42,20,1,0,1,1,5.0,0,0
28.875,75.875,2023-10-21,294,42,21,1,0,1,1,5.0,1,1
28.875,75.875,2023-10-22,295,42,22,1,1,2,2,5.0,0,0
28.875,75.875,2023-10-23,296,43,23,1,1,1,2,5.0,0,0
28.875,75.875,2023-10-24,297,43,24,1,1,1,2,5.0,0,0
28.875,75.875,2023-10-25,298,43,25,1,0,1,2,5.0,0,0
28.875,75.875,2023-10-26,299,43,26,1,0,1,2,5.0,0,0
28.875,75.875,2023-10-27,300,43,27,1,0,1,2,5.0,0,0
28.875,75.875,2023-10-28,301,43,28,1,0,1,2,5.0,0,0
28.875,75.875,2023-10-29,302,43,29,1,0,0,2,5.0,0,0
28.875,75.875,2023-10-30,303,44,30,1,0,0,2,5.0,0,0
28.875,75.875,2023-10-31,304,44,31,1,0,0,2,5.0,0,0
28.875,75.875,2023-11-01,305,44,32,1,0,0,2,5.0,0,0
28.875,75.875,2023-11-02,306,44,33,1,0,0,2,5.0,0,0
28.875,75.875,2023-11-03,307,44,34,1,0,0,2,5.0,0,0
28.875,75.875,2023-11-04,308,44,35,1,0,0,2,5.0,0,0
28.875,75.875,2023-11-05,309,44,36,1,0,0,2,5.0,0,0
28.875,75.875,2023-11-06,310,45,37,1,0,0,2,5.0,2,1
28.875,75.875,2023-11-07,311,45,38,1,1,1,3,5.0,0,0
28.875,75.875,2023-11-08,312,45,39,1,1,1,3,5.0,0,0
28.875,75.875,2023-11-09,313,45,40,1,1,1,3,5.0,0,0
28.875,75.875,2023-11-10,314,45,41,1,0,1,3,5.0,0,0
28.875,75.875,2023-11-11,315,45,42,1,0,1,3,5.0,0,0
28.875,75.875,2023-11-12,316,45,43,1,0,1,3,5.0,0,0
28.875,75.875,2023-11-13,317,46,44,1,0,1,3,5.0,0,0
28.875,75.875,2023-11-14,318,46,45,1,0,0,3,5.0,0,0
28.875,75.875,2023-11-15,319,46,46,1,0,0,3,5.0,0,0
28.875,75.875,2023-11-16,320,46,47,0,0,0,3,5.0,0,0
28.875,75.875,2023-11-17,321,46,48,0,0,0,3,5.0,0,0
28.875,75.875,2023-11-18,322,46,49,0,0,0,3,5.0,0,0
28.875,75.875,2023-11-19,323,46,50,0,0,0,3,5.0,0,0
28.875,75.875,2023-11-20,324,47,51,0,0,0,3,5.0,0,0
28.875,75.875,2023-11-21,325,47,52,0,0,0,3,5.0,0,0
28.875,75.875,2023-11-22,326,47,53,0,0,0,3,5.0,0,0
28.875,75.875,2023-11-23,327,47,54,0,0,0,3,5.0,0,0
28.875,75.875,2023-11-24,328,47,55,0,0,0,3,5.0,0,0
28.875,75.875,2023-11-25,329,47,56,0,0,0,3,5.0,0,0
28.875,75.875,2023-11-26,330,47,57,0,0,0,3,5.0,0,0
28.875,75.875,2023-11-27,331,48,58,0,0,0,3,5.0,0,0
28.875,75.875,2023-11-28,332,48,59,0,0,0,3,5.0,0,0
28.875,75.875,2023-11-29,333,48,60,0,0,0,3,5.0,0,0
28.875,75.875,2023-11-30,334,48,61,0,0,0,3,5.0,0,0
28.875,76.125,2023-10-01,274,39,1,0,0,0,0,10.0,0,0
28.875,76.125,2023-10-02,275,40,2,0,0,0,0,10.0,0,0
28.875,76.125,2023-10-03,276,40,3,0,0,0,0,10.0,0,0
28.875,76.125,2023-10-04,277,40,4,0,0,0,0,10.0,0,0
28.875,76.125,2023-10-05,278,40,5,0,0,0,0,10.0,0,0
28.875,76.125,2023-10-06,279,40,6,0,0,0,0,10.0,0,0
28.875,76.125,2023-10-07,280,40,7,0,0,0,0,10.0,0,0
28.875,76.125,2023-10-08,281,40,8,0,0,0,0,10.0,0,0
28.875,76.125,2023-10-09,282,41,9,0,0,0,0,10.0,0,0
28.875,76.125,2023-10-10,283,41,10,0,0,0,0,10.0,0,0
28.875,76.125,2023-10-11,284,41,11,0,0,0,0,10.0,1,1
28.875,76.125,2023-10-12,285,41,12,0,1,1,1,10.0,0,0
28.875,76.125,2023-10-13,286,41,13,0,1,1,1,10.0,0,0
28.875,76.125,2023-10-14,287,41,14,0,1,1,1,10.0,0,0
28.875,76.125,2023-10-15,288,41,15,0,0,1,1,10.0,0,0
28.875,76.125,2023-10-16,289,42,16,0,0,1,1,10.0,0,0
28.875,76.125,2023-10-17,290,42,17,0,0,1,1,10.0,0,0
28.875,76.125,2023-10-18,291,42,18,0,0,1,1,10.0,0,0
28.875,76.125,2023-10-19,292,42,19,0,0,0,1,10.0,0,0
28.875,76.125,2023-10-20,293,42,20,1,0,0,1,10.0,0,0
28.875,76.125,2023-10-21,294,42,21,1,0,0,1,10.0,0,0
28.875,76.125,2023-10-22,295,42,22,1,0,0,1,10.0,0,0
28.875,76.125,2023-10-23,296,43,23,1,0,0,1,10.0,0,0
28.875,76.125,2023-10-24,297,43,24,1,0,0,1,10.0,0,0
28.875,76.125,2023-10-25,298,43,25,1,0,0,1,10.0,0,0
28.875,76.125,2023-10-26,299,43,26,1,0,0,1,10.0,1,1
28.875,76.125,2023-10-27,300,43,27,1,1,1,2,10.0,0,0
28.875,76.125,2023-10-28,301,43,28,1,1,1,2,10.0,0,0
28.875,76.125,2023-10-29,302,43,29,1,1,1,2,10.0,0,0
28.875,76.125,2023-10-30,303,44,30,1,0,1,2,10.0,0,0
28.875,76.125,2023-10-31,304,44,31,1,0,1,2,10.0,0,0
28.875,76.125,2023-11-01,305,44,32,1,0,1,2,10.0,0,0
28.875,76.125,2023-11-02,306,44,33,1,0,1,2,10.0,0,0
28.875,76.125,2023-11-03,307,44,34,1,0,0,2,10.0,0,0
28.875,76.125,2023-11-04,308,44,35,1,0,0,2,10.0,0,0
28.875,76.125,2023-11-05,309,44,36,1,0,0,2,10.0,0,0
28.875,76.125,2023-11-06,310,45,37,1,0,0,2,10.0,0,0
28.875,76.125,2023-11-07,311,45,38,1,0,0,2,10.0,2,1
28.875,76.125,2023-11-08,312,45,39,1,1,1,3,10.0,0,0
28.875,76.125,2023-11-09,313,45,40,1,1,1,3,10.0,0,0
28.875,76.125,2023-11-10,314,45,41,1,1,1,3,10.0,0,0
28.875,76.125,2023-11-11,315,45,42,1,0,1,3,10.0,0,0
28.875,76.125,2023-11-12,316,45,43,1,0,1,3,10.0,0,0
28.875,76.125,2023-11-13,317,46,44,1,0,1,3,10.0,0,0
28.875,76.125,2023-11-14,318,46,45,1,0,1,3,10.0,0,0
28.875,76.125,2023-11-15,319,46,46,1,0,0,3,10.0,0,0
28.875,76.125,2023-11-16,320,46,47,0,0,0,3,10.0,0,0
28.875,76.125,2023-11-17,321,46,48,0,0,0,3,10.0,0,0
28.875,76.125,2023-11-18,322,46,49,0,0,0,3,10.0,2,1
28.875,76.125,2023-11-19,323,46,50,0,1,1,4,10.0,0,0
28.875,76.125,2023-11-20,324,47,51,0,1,1,4,10.0,1,1
28.875,76.125,2023-11-21,325,47,52,0,2,2,5,10.0,0,0
28.875,76.125,2023-11-22,326,47,53,0,1,2,5,10.0,2,1
28.875,76.125,2023-11-23,327,47,54,0,2,3,6,10.0,1,1
28.875,76.125,2023-11-24,328,47,55,0,2,4,7,10.0,0,0
28.875,76.125,2023-11-25,329,47,56,0,2,4,7,10.0,0,0
28.875,76.125,2023-11-26,330,47,57,0,1,3,7,10.0,0,0
28.875,76.125,2023-11-27,331,48,58,0,0,3,7,10.0,0,0
28.875,76.125,2023-11-28,332,48,59,0,0,2,7,10.0,0,0
28.875,76.125,2023-11-29,333,48,60,0,0,2,7,10.0,0,0
28.875,76.125,2023-11-30,334,48,61,0,0,1,7,10.0,0,0
28.875,76.375,2023-10-01,274,39,1,0,0,0,0,44.0,0,0
28.875,76.375,2023-10-02,275,40,2,0,0,0,0,44.0,0,0
28.875,76.375,2023-10-03,276,40,3,0,0,0,0,44.0,0,0
28.875,76.375,2023-10-04,277,40,4,0,0,0,0,44.0,0,0
28.875,76.375,2023-10-05,278,40,5,0,0,0,0,44.0,0,0
28.875,76.375,2023-10-06,279,40,6,0,0,0,0,44.0,0,0
28.875,76.375,2023-10-07,280,40,7,0,0,0,0,44.0,0,0
28.875,76.375,2023-10-08,281,40,8,0,0,0,0,44.0,0,0
28.875,76.375,2023-10-09,282,41,9,0,0,0,0,44.0,0,0
28.875,76.375,2023-10-10,283,41,10,0,0,0,0,44.0,0,0
28.875,76.375,2023-10-11,284,41,11,0,0,0,0,44.0,0,0
28.875,76.375,2023-10-12,285,41,12,0,0,0,0,44.0,0,0
28.875,76.375,2023-10-13,286,41,13,0,0,0,0,44.0,1,1
28.875,76.375,2023-10-14,287,41,14,0,1,1,1,44.0,0,0
28.875,76.375,2023-10-15,288,41,15,0,1,1,1,44.0,0,0
28.875,76.375,2023-10-16,289,42,16,0,1,1,1,44.0,1,1
28.875,76.375,2023-10-17,290,42,17,0,1,2,2,44.0,0,0
28.875,76.375,2023-10-18,291,42,18,0,1,2,2,44.0,0,0
28.875,76.375,2023-10-19,292,42,19,0,1,2,2,44.0,0,0
28.875,76.375,2023-10-20,293,42,20,1,0,2,2,44.0,0,0
28.875,76.375,2023-10-21,294,42,21,1,0,1,2,44.0,0,0
28.875,76.375,2023-10-22,295,42,22,1,0,1,2,44.0,0,0
28.875,76.375,2023-10-23,296,43,23,1,0,1,2,44.0,0,0
28.875,76.375,2023-10-24,297,43,24,1,0,0,2,44.0,0,0
28.875,76.375,2023-10-25,298,43,25,1,0,0,2,44.0,0,0
28.875,76.375,2023-10-26,299,43,26,1,0,0,2,44.0,1,1
28.875,76.375,2023-10-27,300,43,27,1,1,1,3,44.0,0,0
28.875,76.375,2023-10-28,301,43,28,1,1,1,3,44.0,0,0
28.875,76.375,2023-10-29,302,43,29,1,1,1,3,44.0,0,0
28.875,76.375,2023-10-30,303,44,30,1,0,1,3,44.0,2,1
28.875,76.375,2023-10-31,304,44,31,1,1,2,4,44.0,0,0
28.875,76.375,2023-11-01,305,44,32,1,1,2,4,44.0,0,0
28.875,76.375,2023-11-02,306,44,33,1,1,2,4,44.0,0,0
28.875,76.375,2023-11-03,307,44,34,1,0,1,4,44.0,0,0
28.875,76.375,2023-11-04,308,44,35,1,0,1,4,44.0,0,0
28.875,76.375,2023-11-05,309,44,36,1,0,1,4,44.0,6,1
28.875,76.375,2023-11-06,310,45,37,1,1,2,5,44.0,5,1
28.875,76.375,2023-11-07,311,45,38,1,2,2,6,44.0,1,1
28.875,76.375,2023-11-08,312,45,39,1,3,3,7,44.0,1,1
28.875,76.375,2023-11-09,313,45,40,1,3,4,8,44.0,0,0
28.875,76.375,2023-11-10,314,45,41,1,2,4,8,44.0,0,0
28.875,76.375,2023-11-11,315,45,42,1,1,4,8,44.0,0,0
28.875,76.375,2023-11-12,316,45,43,1,0,4,8,44.0,1,1
28.875,76.375,2023-11-13,317,46,44,1,1,4,9,44.0,1,1
28.875,76.375,2023-11-14,318,46,45,1,2,4,10,44.0,0,0
28.875,76.375,2023-11-15,319,46,46,1,2,3,10,44.0,1,1
28.875,76.375,2023-11-16,320,46,47,0,2,3,11,44.0,1,1
28.875,76.375,2023-11-17,321,46,48,0,2,4,12,44.0,4,1
28.875,76.375,2023-11-18,322,46,49,0,3,5,13,44.0,1,1
28.875,76.375,2023-11-19,323,46,50,0,3,6,14,44.0,7,1
28.875,76.375,2023-11-20,324,47,51,0,3,6,15,44.0,0,0
28.875,76.375,2023-11-21,325,47,52,0,2,5,15,44.0,4,1
28.875,76.375,2023-11-22,326,47,53,0,2,6,16,44.0,4,1
28.875,76.375,2023-11-23,327,47,54,0,2,6,17,44.0,1,1
28.875,76.375,2023-11-24,328,47,55,0,3,6,18,44.0,1,1
28.875,76.375,2023-11-25,329,47,56,0,3,6,19,44.0,0,0
28.875,76.375,2023-11-26,330,47,57,0,2,5,19,44.0,0,0
28.875,76.375,2023-11-27,331,48,58,0,1,4,19,44.0,0,0
28.875,76.375,2023-11-28,332,48,59,0,0,4,19,44.0,0,0
28.875,76.375,2023-11-29,333,48,60,0,0,3,19,44.0,0,0
28.875,76.375,2023-11-30,334,48,61,0,0,2,19,44.0,0,0
28.875,76.625,2023-10-01,274,39,1,0,0,0,0,22.0,0,0
28.875,76.625,2023-10-02,275,40,2,0,0,0,0,22.0,1,1
28.875,76.625,2023-10-03,276,40,3,0,1,1,1,22.0,0,0
28.875,76.625,2023-10-04,277,40,4,0,1,1,1,22.0,0,0
28.875,76.625,2023-10-05,278,40,5,0,1,1,1,22.0,0,0
28.875,76.625,2023-10-06,279,40,6,0,0,1,1,22.0,0,0
28.875,76.625,2023-10-07,280,40,7,0,0,1,1,22.0,0,0
28.875,76.625,2023-10-08,281,40,8,0,0,1,1,22.0,1,1
28.875,76.625,2023-10-09,282,41,9,0,1,2,2,22.0,0,0
28.875,76.625,2023-10-10,283,41,10,0,1,1,2,22.0,0,0
28.875,76.625,2023-10-11,284,41,11,0,1,1,2,22.0,0,0
28.875,76.625,2023-10-12,285,41,12,0,0,1,2,22.0,0,0
28.875,76.625,2023-10-13,286,41,13,0,0,1,2,22.0,0,0
28.875,76.625,2023-10-14,287,41,14,0,0,1,2,22.0,0,0
28.875,76.625,2023-10-15,288,41,15,0,0,1,2,22.0,3,1
28.875,76.625,2023-10-16,289,42,16,0,1,1,3,22.0,0,0
28.875,76.625,2023-10-17,290,42,17,0,1,1,3,22.0,0,0
28.875,76.625,2023-10-18,291,42,18,0,1,1,3,22.0,0,0
28.875,76.625,2023-10-19,292,42,19,0,0,1,3,22.0,0,0
28.875,76.625,2023-10-20,293,42,20,1,0,1,3,22.0,0,0
28.875,76.625,2023-10-21,294,42,21,1,0,1,3,22.0,1,1
28.875,76.625,2023-10-22,295,42,22,1,1,2,4,22.0,0,0
28.875,76.625,2023-10-23,296,43,23,1,1,1,4,22.0,0,0
28.875,76.625,2023-10-24,297,43,24,1,1,1,4,22.0,0,0
28.875,76.625,2023-10-25,298,43,25,1,0,1,4,22.0,0,0
28.875,76.625,2023-10-26,299,43,26,1,0,1,4,22.0,3,1
28.875,76.625,2023-10-27,300,43,27,1,1,2,5,22.0,0,0
28.875,76.625,2023-10-28,301,43,28,1,1,2,5,22.0,0,0
28.875,76.625,2023-10-29,302,43,29,1,1,1,5,22.0,0,0
28.875,76.625,2023-10-30,303,44,30,1,0,1,5,22.0,1,1
28.875,76.625,2023-10-31,304,44,31,1,1,2,6,22.0,0,0
28.875,76.625,2023-11-01,305,44,32,1,1,2,6,22.0,1,1
28.875,76.625,2023-11-02,306,44,33,1,2,3,7,22.0,0,0
28.875,76.625,2023-11-03,307,44,34,1,1,2,7,22.0,0,0
28.875,76.625,2023-11-04,308,44,35,1,1,2,7,22.0,0,0
28.875,76.625,2023-11-05,309,44,36,1,0,2,7,22.0,0,0
28.875,76.625,2023-11-06,310,45,37,1,0,2,7,22.0,0,0
28.875,76.625,2023-11-07,311,45,38,1,0,1,7,22.0,0,0
28.875,76.625,2023-11-08,312,45,39,1,0,1,7,22.0,0,0
28.875,76.625,2023-11-09,313,45,40,1,0,0,7,22.0,0,0
28.875,76.625,2023-11-10,314,45,41,1,0,0,7,22.0,0,0
28.875,76.625,2023-11-11,315,45,42,1,0,0,7,22.0,0,0
28.875,76.625,2023-11-12,316,45,43,1,0,0,7,22.0,2,1
28.875,76.625,2023-11-13,317,46,44,1,1,1,8,22.0,0,0
28.875,76.625,2023-11-14,318,46,45,1,1,1,8,22.0,0,0
28.875,76.625,2023-11-15,319,46,46,1,1,1,8,22.0,0,0
28.875,76.625,2023-11-16,320,46,47,0,0,1,8,22.0,1,1
28.875,76.625,2023-11-17,321,46,48,0,1,2,9,22.0,1,1
28.875,76.625,2023-11-18,322,46,49,0,2,3,10,22.0,1,1
28.875,76.625,2023-11-19,323,46,50,0,3,4,11,22.0,0,0
28.875,76.625,2023-11-20,324,47,51,0,2,3,11,22.0,1,1
28.875,76.625,2023-11-21,325,47,52,0,2,4,12,22.0,3,1
28.875,76.625,2023-11-22,326,47,53,0,2,5,13,22.0,2,1
28.875,76.625,2023-11-23,327,47,54,0,3,6,14,22.0,0,0
28.875,76.625,2023-11-24,328,47,55,0,2,5,14,22.0,0,0
28.875,76.625,2023-11-25,329,47,56,0,1,4,14,22.0,0,0
28.875,76.625,2023-11-26,330,47,57,0,0,3,14,22.0,0,0
28.875,76.625,2023-11-27,331,48,58,0,0,3,14,22.0,0,0
28.875,76.625,2023-11-28,332,48,59,0,0,2,14,22.0,0,0
28.875,76.625,2023-11-29,333,48,60,0,0,1,14,22.0,0,0
28.875,76.625,2023-11-30,334,48,61,0,0,0,14,22.0,0,0
28.875,76.875,2023-10-01,274,39,1,0,0,0,0,38.0,0,0
28.875,76.875,2023-10-02,275,40,2,0,0,0,0,38.0,0,0
28.875,76.875,2023-10-03,276,40,3,0,0,0,0,38.0,0,0
28.875,76.875,2023-10-04,277,40,4,0,0,0,0,38.0,1,1
28.875,76.875,2023-10-05,278,40,5,0,1,1,1,38.0,3,1
28.875,76.875,2023-10-06,279,40,6,0,2,2,2,38.0,0,0
28.875,76.875,2023-10-07,280,40,7,0,2,2,2,38.0,0,0
28.875,76.875,2023-10-08,281,40,8,0,1,2,2,38.0,0,0
28.875,76.875,2023-10-09,282,41,9,0,0,2,2,38.0,1,1
28.875,76.875,2023-10-10,283,41,10,0,1,3,3,38.0,1,1
28.875,76.875,2023-10-11,284,41,11,0,2,4,4,38.0,3,1
28.875,76.875,2023-10-12,285,41,12,0,3,4,5,38.0,0,0
28.875,76.875,2023-10-13,286,41,13,0,2,3,5,38.0,0,0
28.875,76.875,2023-10-14,287,41,14,0,1,3,5,38.0,1,1
28.875,76.875,2023-10-15,288,41,15,0,1,4,6,38.0,3,1
28.875,76.875,2023-10-16,289,42,16,0,2,5,7,38.0,1,1
28.875,76.875,2023-10-17,290,42,17,0,3,5,8,38.0,0,0
28.875,76.875,2023-10-18,291,42,18,0,2,4,8,38.0,0,0
28.875,76.875,2023-10-19,292,42,19,0,1,3,8,38.0,0,0
28.875,76.875,2023-10-20,293,42,20,1,0,3,8,38.0,1,1
28.875,76.875,2023-10-21,294,42,21,1,1,4,9,38.0,0,0
28.875,76.875,2023-10-22,295,42,22,1,1,3,9,38.0,0,0
28.875,76.875,2023-10-23,296,43,23,1,1,2,9,38.0,1,1
28.875,76.875,2023-10-24,297,43,24,1,1,2,10,38.0,0,0
28.875,76.875,2023-10-25,298,43,25,1,1,2,10,38.0,2,1
28.875,76.875,2023-10-26,299,43,26,1,2,3,11,38.0,1,1
28.875,76.875,2023-10-27,300,43,27,1,2,4,12,38.0,0,0
28.875,76.875,2023-10-28,301,43,28,1,2,3,12,38.0,1,1
28.875,76.875,2023-10-29,302,43,29,1,2,4,13,38.0,0,0
28.875,76.875,2023-10-30,303,44,30,1,1,4,13,38.0,0,0
28.875,76.875,2023-10-31,304,44,31,1,1,3,13,38.0,0,0
28.875,76.875,2023-11-01,305,44,32,1,0,3,13,38.0,1,1
28.875,76.875,2023-11-02,306,44,33,1,1,3,14,38.0,1,1
28.875,76.875,2023-11-03,307,44,34,1,2,3,15,38.0,0,0
28.875,76.875,2023-11-04,308,44,35,1,2,3,15,38.0,3,1
28.875,76.875,2023-11-05,309,44,36,1,2,3,16,38.0,1,1
28.875,76.875,2023-11-06,310,45,37,1,2,4,17,38.0,2,1
28.875,76.875,2023-11-07,311,45,38,1,3,5,18,38.0,0,0
28.875,76.875,2023-11-08,312,45,39,1,2,5,18,38.0,0,0
28.875,76.875,2023-11-09,313,45,40,1,1,4,18,38.0,0,0
28.875,76.875,2023-11-10,314,45,41,1,0,3,18,38.0,0,0
28.875,76.875,2023-11-11,315,45,42,1,0,3,18,38.0,0,0
28.875,76.875,2023-11-12,316,45,43,1,0,2,18,38.0,0,0
28.875,76.875,2023-11-13,317,46,44,1,0,1,18,38.0,0,0
28.875,76.875,2023-11-14,318,46,45,1,0,0,18,38.0,0,0
28.875,76.875,2023-11-15,319,46,46,1,0,0,18,38.0,0,0
28.875,76.875,2023-11-16,320,46,47,0,0,0,18,38.0,1,1
28.875,76.875,2023-11-17,321,46,48,0,1,1,19,38.0,0,0
28.875,76.875,2023-11-18,322,46,49,0,1,1,19,38.0,3,1
28.875,76.875,2023-11-19,323,46,50,0,2,2,20,38.0,0,0
28.875,76.875,2023-11-20,324,47,51,0,1,2,20,38.0,0,0
28.875,76.875,2023-11-21,325,47,52,0,1,2,20,38.0,2,1
28.875,76.875,2023-11-22,326,47,53,0,1,3,21,38.0,1,1
28.875,76.875,2023-11-23,327,47,54,0,2,4,22,38.0,1,1
28.875,76.875,2023-11-24,328,47,55,0,3,4,23,38.0,2,1
28.875,76.875,2023-11-25,329,47,56,0,3,5,24,38.0,0,0
28.875,76.875,2023-11-26,330,47,57,0,2,4,24,38.0,0,0
28.875,76.875,2023-11-27,331,48,58,0,1,4,24,38.0,0,0
28.875,76.875,2023-11-28,332,48,59,0,0,4,24,38.0,0,0
28.875,76.875,2023-11-29,333,48,60,0,0,3,24,38.0,0,0
28.875,76.875,2023-11-30,334,48,61,0,0,2,24,38.0,0,0
28.875,77.125,2023-10-01,274,39,1,0,0,0,0,35.0,1,1
28.875,77.125,2023-10-02,275,40,2,0,1,1,1,35.0,0,0
28.875,77.125,2023-10-03,276,40,3,0,1,1,1,35.0,0,0
28.875,77.125,2023-10-04,277,40,4,0,1,1,1,35.0,0,0
28.875,77.125,2023-10-05,278,40,5,0,0,1,1,35.0,2,1
28.875,77.125,2023-10-06,279,40,6,0,1,2,2,35.0,0,0
28.875,77.125,2023-10-07,280,40,7,0,1,2,2,35.0,0,0
28.875,77.125,2023-10-08,281,40,8,0,1,2,2,35.0,2,1
28.875,77.125,2023-10-09,282,41,9,0,1,2,3,35.0,0,0
28.875,77.125,2023-10-10,283,41,10,0,1,2,3,35.0,1,1
28.875,77.125,2023-10-11,284,41,11,0,2,3,4,35.0,4,1
28.875,77.125,2023-10-12,285,41,12,0,2,4,5,35.0,0,0
28.875,77.125,2023-10-13,286,41,13,0,2,3,5,35.0,0,0
28.875,77.125,2023-10-14,287,41,14,0,1,3,5,35.0,1,1
28.875,77.125,2023-10-15,288,41,15,0,1,4,6,35.0,1,1
28.875,77.125,2023-10-16,289,42,16,0,2,4,7,35.0,1,1
28.875,77.125,2023-10-17,290,42,17,0,3,5,8,35.0,0,0
28.875,77.125,2023-10-18,291,42,18,0,2,4,8,35.0,0,0
28.875,77.125,2023-10-19,292,42,19,0,1,3,8,35.0,0,0
28.875,77.125,2023-10-20,293,42,20,1,0,3,8,35.0,2,1
28.875,77.125,2023-10-21,294,42,21,1,1,4,9,35.0,0,0
28.875,77.125,2023-10-22,295,42,22,1,1,3,9,35.0,0,0
28.875,77.125,2023-10-23,296,43,23,1,1,2,9,35.0,0,0
28.875,77.125,2023-10-24,297,43,24,1,0,1,9,35.0,0,0
28.875,77.125,2023-10-25,298,43,25,1,0,1,9,35.0,2,1
28.875,77.125,2023-10-26,299,43,26,1,1,2,10,35.0,0,0
28.875,77.125,2023-10-27,300,43,27,1,1,2,10,35.0,0,0
28.875,77.125,2023-10-28,301,43,28,1,1,1,10,35.0,0,0
28.875,77.125,2023-10-29,302,43,29,1,0,1,10,35.0,2,1
28.875,77.125,2023-10-30,303,44,30,1,1,2,11,35.0,0,0
28.875,77.125,2023-10-31,304,44,31,1,1,2,11,35.0,0,0
28.875,77.125,2023-11-01,305,44,32,1,1,2,11,35.0,1,1
28.875,77.125,2023-11-02,306,44,33,1,1,2,12,35.0,0,0
28.875,77.125,2023-11-03,307,44,34,1,1,2,12,35.0,0,0
28.875,77.125,2023-11-04,308,44,35,1,1,2,12,35.0,0,0
28.875,77.125,2023-11-05,309,44,36,1,0,2,12,35.0,1,1
28.875,77.125,2023-11-06,310,45,37,1,1,2,13,35.0,3,1
28.875,77.125,2023-11-07,311,45,38,1,2,3,14,35.0,1,1
28.875,77.125,2023-11-08,312,45,39,1,3,4,15,35.0,3,1
28.875,77.125,2023-11-09,313,45,40,1,3,4,16,35.0,0,0
28.875,77.125,2023-11-10,314,45,41,1,2,4,16,35.0,0,0
28.875,77.125,2023-11-11,315,45,42,1,1,4,16,35.0,0,0
28.875,77.125,2023-11-12,316,45,43,1,0,4,16,35.0,0,0
28.875,77.125,2023-11-13,317,46,44,1,0,3,16,35.0,0,0
28.875,77.125,2023-11-14,318,46,45,1,0,2,16,35.0,0,0
28.875,77.125,2023-11-15,319,46,46,1,0,1,16,35.0,0,0
28.875,77.125,2023-11-16,320,46,47,0,0,0,16,35.0,1,1
28.875,77.125,2023-11-17,321,46,48,0,1,1,17,35.0,1,1
28.875,77.125,2023-11-18,322,46,49,0,2,2,18,35.0,0,0
28.875,77.125,2023-11-19,323,46,50,0,2,2,18,35.0,1,1
28.875,77.125,2023-11-20,324,47,51,0,2,3,19,35.0,2,1
28.875,77.125,2023-11-21,325,47,52,0,2,4,20,35.0,1,1
28.875,77.125,2023-11-22,326,47,53,0,3,5,21,35.0,0,0
28.875,77.125,2023-11-23,327,47,54,0,2,5,21,35.0,0,0
28.875,77.125,2023-11-24,328,47,55,0,1,4,21,35.0,1,1
28.875,77.125,2023-11-25,329,47,56,0,1,4,22,35.0,0,0
28.875,77.125,2023-11-26,330,47,57,0,1,4,22,35.0,0,0
28.875,77.125,2023-11-27,331,48,58,0,1,3,22,35.0,0,0
28.875,77.125,2023-11-28,332,48,59,0,0,2,22,35.0,0,0
28.875,77.125,2023-11-29,333,48,60,0,0,1,22,35.0,0,0
28.875,77.125,2023-11-30,334,48,61,0,0,1,22,35.0,0,0
28.875,77.375,2023-10-01,274,39,1,0,0,0,0,12.0,0,0
28.875,77.375,2023-10-02,275,40,2,0,0,0,0,12.0,0,0
28.875,77.375,2023-10-03,276,40,3,0,0,0,0,12.0,0,0
28.875,77.375,2023-10-04,277,40,4,0,0,0,0,12.0,0,0
28.875,77.375,2023-10-05,278,40,5,0,0,0,0,12.0,0,0
28.875,77.375,2023-10-06,279,40,6,0,0,0,0,12.0,0,0
28.875,77.375,2023-10-07,280,40,7,0,0,0,0,12.0,0,0
28.875,77.375,2023-10-08,281,40,8,0,0,0,0,12.0,0,0
28.875,77.375,2023-10-09,282,41,9,0,0,0,0,12.0,0,0
28.875,77.375,2023-10-10,283,41,10,0,0,0,0,12.0,0,0
28.875,77.375,2023-10-11,284,41,11,0,0,0,0,12.0,0,0
28.875,77.375,2023-10-12,285,41,12,0,0,0,0,12.0,0,0
28.875,77.375,2023-10-13,286,41,13,0,0,0,0,12.0,0,0
28.875,77.375,2023-10-14,287,41,14,0,0,0,0,12.0,0,0
28.875,77.375,2023-10-15,288,41,15,0,0,0,0,12.0,0,0
28.875,77.375,2023-10-16,289,42,16,0,0,0,0,12.0,0,0
28.875,77.375,2023-10-17,290,42,17,0,0,0,0,12.0,0,0
28.875,77.375,2023-10-18,291,42,18,0,0,0,0,12.0,0,0
28.875,77.375,2023-10-19,292,42,19,0,0,0,0,12.0,0,0
28.875,77.375,2023-10-20,293,42,20,1,0,0,0,12.0,1,1
28.875,77.375,2023-10-21,294,42,21,1,1,1,1,12.0,1,1
28.875,77.375,2023-10-22,295,42,22,1,2,2,2,12.0,0,0
28.875,77.375,2023-10-23,296,43,23,1,2,2,2,12.0,0,0
28.875,77.375,2023-10-24,297,43,24,1,1,2,2,12.0,0,0
28.875,77.375,2023-10-25,298,43,25,1,0,2,2,12.0,0,0
28.875,77.375,2023-10-26,299,43,26,1,0,2,2,12.0,0,0
28.875,77.375,2023-10-27,300,43,27,1,0,2,2,12.0,0,0
28.875,77.375,2023-10-28,301,43,28,1,0,1,2,12.0,0,0
28.875,77.375,2023-10-29,302,43,29,1,0,0,2,12.0,0,0
28.875,77.375,2023-10-30,303,44,30,1,0,0,2,12.0,0,0
28.875,77.375,2023-10-31,304,44,31,1,0,0,2,12.0,0,0
28.875,77.375,2023-11-01,305,44,32,1,0,0,2,12.0,0,0
28.875,77.375,2023-11-02,306,44,33,1,0,0,2,12.0,0,0
28.875,77.375,2023-11-03,307,44,34,1,0,0,2,12.0,0,0
28.875,77.375,2023-11-04,308,44,35,1,0,0,2,12.0,0,0
28.875,77.375,2023-11-05,309,44,36,1,0,0,2,12.0,0,0
28.875,77.375,2023-11-06,310,45,37,1,0,0,2,12.0,0,0
28.875,77.375,2023-11-07,311,45,38,1,0,0,2,12.0,0,0
28.875,77.375,2023-11-08,312,45,39,1,0,0,2,12.0,0,0
28.875,77.375,2023-11-09,313,45,40,1,0,0,2,12.0,0,0
28.875,77.375,2023-11-10,314,45,41,1,0,0,2,12.0,0,0
28.875,77.375,2023-11-11,315,45,42,1,0,0,2,12.0,0,0
28.875,77.375,2023-11-12,316,45,43,1,0,0,2,12.0,0,0
28.875,77.375,2023-11-13,317,46,44,1,0,0,2,12.0,0,0
28.875,77.375,2023-11-14,318,46,45,1,0,0,2,12.0,0,0
28.875,77.375,2023-11-15,319,46,46,1,0,0,2,12.0,0,0
28.875,77.375,2023-11-16,320,46,47,0,0,0,2,12.0,1,1
28.875,77.375,2023-11-17,321,46,48,0,1,1,3,12.0,3,1
28.875,77.375,2023-11-18,322,46,49,0,2,2,4,12.0,0,0
28.875,77.375,2023-11-19,323,46,50,0,2,2,4,12.0,0,0
28.875,77.375,2023-11-20,324,47,51,0,1,2,4,12.0,2,1
28.875,77.375,2023-11-21,325,47,52,0,1,3,5,12.0,2,1
28.875,77.375,2023-11-22,326,47,53,0,2,4,6,12.0,0,0
28.875,77.375,2023-11-23,327,47,54,0,2,4,6,12.0,0,0
28.875,77.375,2023-11-24,328,47,55,0,1,3,6,12.0,0,0
28.875,77.375,2023-11-25,329,47,56,0,0,2,6,12.0,0,0
28.875,77.375,2023-11-26,330,47,57,0,0,2,6,12.0,0,0
28.875,77.375,2023-11-27,331,48,58,0,0,2,6,12.0,2,1
28.875,77.375,2023-11-28,332,48,59,0,1,2,7,12.0,0,0
28.875,77.375,2023-11-29,333,48,60,0,1,1,7,12.0,0,0
28.875,77.375,2023-11-30,334,48,61,0,1,1,7,12.0,0,0
29.125,73.625,2023-10-01,274,39,1,0,0,0,0,15.0,0,0
29.125,73.625,2023-10-02,275,40,2,0,0,0,0,15.0,0,0
29.125,73.625,2023-10-03,276,40,3,0,0,0,0,15.0,0,0
29.125,73.625,2023-10-04,277,40,4,0,0,0,0,15.0,0,0
29.125,73.625,2023-10-05,278,40,5,0,0,0,0,15.0,0,0
29.125,73.625,2023-10-06,279,40,6,0,0,0,0,15.0,0,0
29.125,73.625,2023-10-07,280,40,7,0,0,0,0,15.0,0,0
29.125,73.625,2023-10-08,281,40,8,0,0,0,0,15.0,0,0
29.125,73.625,2023-10-09,282,41,9,0,0,0,0,15.0,0,0
29.125,73.625,2023-10-10,283,41,10,0,0,0,0,15.0,0,0
29.125,73.625,2023-10-11,284,41,11,0,0,0,0,15.0,0,0
29.125,73.625,2023-10-12,285,41,12,0,0,0,0,15.0,0,0
29.125,73.625,2023-10-13,286,41,13,0,0,0,0,15.0,0,0
29.125,73.625,2023-10-14,287,41,14,0,0,0,0,15.0,0,0
29.125,73.625,2023-10-15,288,41,15,0,0,0,0,15.0,0,0
29.125,73.625,2023-10-16,289,42,16,0,0,0,0,15.0,0,0
29.125,73.625,2023-10-17,290,42,17,0,0,0,0,15.0,0,0
29.125,73.625,2023-10-18,291,42,18,0,0,0,0,15.0,0,0
29.125,73.625,2023-10-19,292,42,19,0,0,0,0,15.0,0,0
29.125,73.625,2023-10-20,293,42,20,1,0,0,0,15.0,0,0
29.125,73.625,2023-10-21,294,42,21,1,0,0,0,15.0,0,0
29.125,73.625,2023-10-22,295,42,22,1,0,0,0,15.0,0,0
29.125,73.625,2023-10-23,296,43,23,1,0,0,0,15.0,0,0
29.125,73.625,2023-10-24,297,43,24,1,0,0,0,15.0,0,0
29.125,73.625,2023-10-25,298,43,25,1,0,0,0,15.0,0,0
29.125,73.625,2023-10-26,299,43,26,1,0,0,0,15.0,0,0
29.125,73.625,2023-10-27,300,43,27,1,0,0,0,15.0,0,0
29.125,73.625,2023-10-28,301,43,28,1,0,0,0,15.0,0,0
29.125,73.625,2023-10-29,302,43,29,1,0,0,0,15.0,0,0
29.125,73.625,2023-10-30,303,44,30,1,0,0,0,15.0,0,0
29.125,73.625,2023-10-31,304,44,31,1,0,0,0,15.0,0,0
29.125,73.625,2023-11-01,305,44,32,1,0,0,0,15.0,0,0
29.125,73.625,2023-11-02,306,44,33,1,0,0,0,15.0,0,0
29.125,73.625,2023-11-03,307,44,34,1,0,0,0,15.0,2,1
29.125,73.625,2023-11-04,308,44,35,1,1,1,1,15.0,0,0
29.125,73.625,2023-11-05,309,44,36,1,1,1,1,15.0,1,1
29.125,73.625,2023-11-06,310,45,37,1,2,2,2,15.0,2,1
29.125,73.625,2023-11-07,311,45,38,1,2,3,3,15.0,4,1
29.125,73.625,2023-11-08,312,45,39,1,3,4,4,15.0,0,0
29.125,73.625,2023-11-09,313,45,40,1,2,4,4,15.0,0,0
29.125,73.625,2023-11-10,314,45,41,1,1,4,4,15.0,0,0
29.125,73.625,2023-11-11,315,45,42,1,0,3,4,15.0,1,1
29.125,73.625,2023-11-12,316,45,43,1,1,4,5,15.0,0,0
29.125,73.625,2023-11-13,317,46,44,1,1,3,5,15.0,0,0
29.125,73.625,2023-11-14,318,46,45,1,1,2,5,15.0,0,0
29.125,73.625,2023-11-15,319,46,46,1,0,1,5,15.0,3,1
29.125,73.625,2023-11-16,320,46,47,0,1,2,6,15.0,0,0
29.125,73.625,2023-11-17,321,46,48,0,1,2,6,15.0,0,0
29.125,73.625,2023-11-18,322,46,49,0,1,2,6,15.0,0,0
29.125,73.625,2023-11-19,323,46,50,0,0,1,6,15.0,0,0
29.125,73.625,2023-11-20,324,47,51,0,0,1,6,15.0,1,1
29.125,73.625,2023-11-21,325,47,52,0,1,2,7,15.0,0,0
29.125,73.625,2023-11-22,326,47,53,0,1,2,7,15.0,1,1
29.125,73.625,2023-11-23,327,47,54,0,2,2,8,15.0,0,0
29.125,73.625,2023-11-24,328,47,55,0,1,2,8,15.0,0,0
29.125,73.625,2023-11-25,329,47,56,0,1,2,8,15.0,0,0
29.125,73.625,2023-11-26,330,47,57,0,0,2,8,15.0,0,0
29.125,73.625,2023-11-27,331,48,58,0,0,2,8,15.0,0,0
29.125,73.625,2023-11-28,332,48,59,0,0,1,8,15.0,0,0
29.125,73.625,2023-11-29,333,48,60,0,0,1,8,15.0,0,0
29.125,73.625,2023-11-30,334,48,61,0,0,0,8,15.0,0,0
29.125,75.625,2023-10-01,274,39,1,0,0,0,0,5.0,0,0
29.125,75.625,2023-10-02,275,40,2,0,0,0,0,5.0,0,0
29.125,75.625,2023-10-03,276,40,3,0,0,0,0,5.0,0,0
29.125,75.625,2023-10-04,277,40,4,0,0,0,0,5.0,0,0
29.125,75.625,2023-10-05,278,40,5,0,0,0,0,5.0,0,0
29.125,75.625,2023-10-06,279,40,6,0,0,0,0,5.0,0,0
29.125,75.625,2023-10-07,280,40,7,0,0,0,0,5.0,0,0
29.125,75.625,2023-10-08,281,40,8,0,0,0,0,5.0,0,0
29.125,75.625,2023-10-09,282,41,9,0,0,0,0,5.0,0,0
29.125,75.625,2023-10-10,283,41,10,0,0,0,0,5.0,0,0
29.125,75.625,2023-10-11,284,41,11,0,0,0,0,5.0,0,0
29.125,75.625,2023-10-12,285,41,12,0,0,0,0,5.0,0,0
29.125,75.625,2023-10-13,286,41,13,0,0,0,0,5.0,0,0
29.125,75.625,2023-10-14,287,41,14,0,0,0,0,5.0,0,0
29.125,75.625,2023-10-15,288,41,15,0,0,0,0,5.0,0,0
29.125,75.625,2023-10-16,289,42,16,0,0,0,0,5.0,0,0
29.125,75.625,2023-10-17,290,42,17,0,0,0,0,5.0,0,0
29.125,75.625,2023-10-18,291,42,18,0,0,0,0,5.0,0,0
29.125,75.625,2023-10-19,292,42,19,0,0,0,0,5.0,0,0
29.125,75.625,2023-10-20,293,42,20,1,0,0,0,5.0,0,0
29.125,75.625,2023-10-21,294,42,21,1,0,0,0,5.0,0,0
29.125,75.625,2023-10-22,295,42,22,1,0,0,0,5.0,0,0
29.125,75.625,2023-10-23,296,43,23,1,0,0,0,5.0,0,0
29.125,75.625,2023-10-24,297,43,24,1,0,0,0,5.0,0,0
29.125,75.625,2023-10-25,298,43,25,1,0,0,0,5.0,0,0
29.125,75.625,2023-10-26,299,43,26,1,0,0,0,5.0,0,0
29.125,75.625,2023-10-27,300,43,27,1,0,0,0,5.0,0,0
29.125,75.625,2023-10-28,301,43,28,1,0,0,0,5.0,1,1
29.125,75.625,2023-10-29,302,43,29,1,1,1,1,5.0,0,0
29.125,75.625,2023-10-30,303,44,30,1,1,1,1,5.0,0,0
29.125,75.625,2023-10-31,304,44,31,1,1,1,1,5.0,0,0
29.125,75.625,2023-11-01,305,44,32,1,0,1,1,5.0,1,1
29.125,75.625,2023-11-02,306,44,33,1,1,2,2,5.0,0,0
29.125,75.625,2023-11-03,307,44,34,1,1,2,2,5.0,0,0
29.125,75.625,2023-11-04,308,44,35,1,1,2,2,5.0,0,0
29.125,75.625,2023-11-05,309,44,36,1,0,1,2,5.0,0,0
29.125,75.625,2023-11-06,310,45,37,1,0,1,2,5.0,0,0
29.125,75.625,2023-11-07,311,45,38,1,0,1,2,5.0,0,0
29.125,75.625,2023-11-08,312,45,39,1,0,1,2,5.0,0,0
29.125,75.625,2023-11-09,313,45,40,1,0,0,2,5.0,0,0
29.125,75.625,2023-11-10,314,45,41,1,0,0,2,5.0,0,0
29.125,75.625,2023-11-11,315,45,42,1,0,0,2,5.0,0,0
29.125,75.625,2023-11-12,316,45,43,1,0,0,2,5.0,0,0
29.125,75.625,2023-11-13,317,46,44,1,0,0,2,5.0,0,0
29.125,75.625,2023-11-14,318,46,45,1,0,0,2,5.0,1,1
29.125,75.625,2023-11-15,319,46,46,1,1,1,3,5.0,0,0
29.125,75.625,2023-11-16,320,46,47,0,1,1,3,5.0,0,0
29.125,75.625,2023-11-17,321,46,48,0,1,1,3,5.0,0,0
29.125,75.625,2023-11-18,322,46,49,0,0,1,3,5.0,0,0
29.125,75.625,2023-11-19,323,46,50,0,0,1,3,5.0,0,0
29.125,75.625,2023-11-20,324,47,51,0,0,1,3,5.0,0,0
29.125,75.625,2023-11-21,325,47,52,0,0,1,3,5.0,0,0
29.125,75.625,2023-11-22,326,47,53,0,0,0,3,5.0,0,0
29.125,75.625,2023-11-23,327,47,54,0,0,0,3,5.0,2,1
29.125,75.625,2023-11-24,328,47,55,0,1,1,4,5.0,0,0
29.125,75.625,2023-11-25,329,47,56,0,1,1,4,5.0,0,0
29.125,75.625,2023-11-26,330,47,57,0,1,1,4,5.0,0,0
29.125,75.625,2023-11-27,331,48,58,0,0,1,4,5.0,0,0
29.125,75.625,2023-11-28,332,48,59,0,0,1,4,5.0,0,0
29.125,75.625,2023-11-29,333,48,60,0,0,1,4,5.0,0,0
29.125,75.625,2023-11-30,334,48,61,0,0,1,4,5.0,0,0
29.125,75.875,2023-10-01,274,39,1,0,0,0,0,12.0,0,0
29.125,75.875,2023-10-02,275,40,2,0,0,0,0,12.0,0,0
29.125,75.875,2023-10-03,276,40,3,0,0,0,0,12.0,0,0
29.125,75.875,2023-10-04,277,40,4,0,0,0,0,12.0,2,1
29.125,75.875,2023-10-05,278,40,5,0,1,1,1,12.0,0,0
29.125,75.875,2023-10-06,279,40,6,0,1,1,1,12.0,0,0
29.125,75.875,2023-10-07,280,40,7,0,1,1,1,12.0,0,0
29.125,75.875,2023-10-08,281,40,8,0,0,1,1,12.0,2,1
29.125,75.875,2023-10-09,282,41,9,0,1,2,2,12.0,0,0
29.125,75.875,2023-10-10,283,41,10,0,1,2,2,12.0,0,0
29.125,75.875,2023-10-11,284,41,11,0,1,2,2,12.0,0,0
29.125,75.875,2023-10-12,285,41,12,0,0,1,2,12.0,0,0
29.125,75.875,2023-10-13,286,41,13,0,0,1,2,12.0,0,0
29.125,75.875,2023-10-14,287,41,14,0,0,1,2,12.0,0,0
29.125,75.875,2023-10-15,288,41,15,0,0,1,2,12.0,1,1
29.125,75.875,2023-10-16,289,42,16,0,1,1,3,12.0,0,0
29.125,75.875,2023-10-17,290,42,17,0,1,1,3,12.0,0,0
29.125,75.875,2023-10-18,291,42,18,0,1,1,3,12.0,0,0
29.125,75.875,2023-10-19,292,42,19,0,0,1,3,12.0,0,0
29.125,75.875,2023-10-20,293,42,20,1,0,1,3,12.0,0,0
29.125,75.875,2023-10-21,294,42,21,1,0,1,3,12.0,0,0
29.125,75.875,2023-10-22,295,42,22,1,0,1,3,12.0,0,0
29.125,75.875,2023-10-23,296,43,23,1,0,0,3,12.0,0,0
29.125,75.875,2023-10-24,297,43,24,1,0,0,3,12.0,0,0
29.125,75.875,2023-10-25,298,43,25,1,0,0,3,12.0,0,0
29.125,75.875,2023-10-26,299,43,26,1,0,0,3,12.0,0,0
29.125,75.875,2023-10-27,300,43,27,1,0,0,3,12.0,1,1
29.125,75.875,2023-10-28,301,43,28,1,1,1,4,12.0,0,0
29.125,75.875,2023-10-29,302,43,29,1,1,1,4,12.0,0,0
29.125,75.875,2023-10-30,303,44,30,1,1,1,4,12.0,0,0
29.125,75.875,2023-10-31,304,44,31,1,0,1,4,12.0,1,1
29.125,75.875,2023-11-01,305,44,32,1,1,2,5,12.0,1,1
29.125,75.875,2023-11-02,306,44,33,1,2,3,6,12.0,0,0
29.125,75.875,2023-11-03,307,44,34,1,2,3,6,12.0,1,1
29.125,75.875,2023-11-04,308,44,35,1,2,3,7,12.0,0,0
29.125,75.875,2023-11-05,309,44,36,1,1,3,7,12.0,1,1
29.125,75.875,2023-11-06,310,45,37,1,2,4,8,12.0,1,1
29.125,75.875,2023-11-07,311,45,38,1,2,5,9,12.0,0,0
29.125,75.875,2023-11-08,312,45,39,1,2,4,9,12.0,0,0
29.125,75.875,2023-11-09,313,45,40,1,1,3,9,12.0,0,0
29.125,75.875,2023-11-10,314,45,41,1,0,3,9,12.0,0,0
29.125,75.875,2023-11-11,315,45,42,1,0,2,9,12.0,0,0
29.125,75.875,2023-11-12,316,45,43,1,0,2,9,12.0,0,0
29.125,75.875,2023-11-13,317,46,44,1,0,1,9,12.0,0,0
29.125,75.875,2023-11-14,318,46,45,1,0,0,9,12.0,0,0
29.125,75.875,2023-11-15,319,46,46,1,0,0,9,12.0,0,0
29.125,75.875,2023-11-16,320,46,47,0,0,0,9,12.0,0,0
29.125,75.875,2023-11-17,321,46,48,0,0,0,9,12.0,0,0
29.125,75.875,2023-11-18,322,46,49,0,0,0,9,12.0,0,0
29.125,75.875,2023-11-19,323,46,50,0,0,0,9,12.0,0,0
29.125,75.875,2023-11-20,324,47,51,0,0,0,9,12.0,0,0
29.125,75.875,2023-11-21,325,47,52,0,0,0,9,12.0,0,0
29.125,75.875,2023-11-22,326,47,53,0,0,0,9,12.0,1,1
29.125,75.875,2023-11-23,327,47,54,0,1,1,10,12.0,0,0
29.125,75.875,2023-11-24,328,47,55,0,1,1,10,12.0,0,0
29.125,75.875,2023-11-25,329,47,56,0,1,1,10,12.0,0,0
29.125,75.875,2023-11-26,330,47,57,0,0,1,10,12.0,0,0
29.125,75.875,2023-11-27,331,48,58,0,0,1,10,12.0,0,0
29.125,75.875,2023-11-28,332,48,59,0,0,1,10,12.0,0,0
29.125,75.875,2023-11-29,333,48,60,0,0,1,10,12.0,0,0
29.125,75.875,2023-11-30,334,48,61,0,0,0,10,12.0,0,0
29.125,76.125,2023-10-01,274,39,1,0,0,0,0,41.0,0,0
29.125,76.125,2023-10-02,275,40,2,0,0,0,0,41.0,0,0
29.125,76.125,2023-10-03,276,40,3,0,0,0,0,41.0,0,0
29.125,76.125,2023-10-04,277,40,4,0,0,0,0,41.0,0,0
29.125,76.125,2023-10-05,278,40,5,0,0,0,0,41.0,1,1
29.125,76.125,2023-10-06,279,40,6,0,1,1,1,41.0,0,0
29.125,76.125,2023-10-07,280,40,7,0,1,1,1,41.0,1,1
29.125,76.125,2023-10-08,281,40,8,0,2,2,2,41.0,1,1
29.125,76.125,2023-10-09,282,41,9,0,2,3,3,41.0,0,0
29.125,76.125,2023-10-10,283,41,10,0,2,3,3,41.0,1,1
29.125,76.125,2023-10-11,284,41,11,0,2,4,4,41.0,0,0
29.125,76.125,2023-10-12,285,41,12,0,1,4,4,41.0,0,0
29.125,76.125,2023-10-13,286,41,13,0,1,3,4,41.0,0,0
29.125,76.125,2023-10-14,287,41,14,0,0,3,4,41.0,1,1
29.125,76.125,2023-10-15,288,41,15,0,1,3,5,41.0,4,1
29.125,76.125,2023-10-16,289,42,16,0,2,3,6,41.0,0,0
29.125,76.125,2023-10-17,290,42,17,0,2,3,6,41.0,0,0
29.125,76.125,2023-10-18,291,42,18,0,1,2,6,41.0,0,0
29.125,76.125,2023-10-19,292,42,19,0,0,2,6,41.0,1,1
29.125,76.125,2023-10-20,293,42,20,1,1,3,7,41.0,2,1
29.125,76.125,2023-10-21,294,42,21,1,2,4,8,41.0,1,1
29.125,76.125,2023-10-22,295,42,22,1,3,4,9,41.0,0,0
29.125,76.125,2023-10-23,296,43,23,1,2,3,9,41.0,0,0
29.125,76.125,2023-10-24,297,43,24,1,1,3,9,41.0,0,0
29.125,76.125,2023-10-25,298,43,25,1,0,3,9,41.0,1,1
29.125,76.125,2023-10-26,299,43,26,1,1,4,10,41.0,1,1
29.125,76.125,2023-10-27,300,43,27,1,2,4,11,41.0,0,0
29.125,76.125,2023-10-28,301,43,28,1,2,3,11,41.0,0,0
29.125,76.125,2023-10-29,302,43,29,1,1,2,11,41.0,0,0
29.125,76.125,2023-10-30,303,44,30,1,0,2,11,41.0,0,0
29.125,76.125,2023-10-31,304,44,31,1,0,2,11,41.0,1,1
29.125,76.125,2023-11-01,305,44,32,1,1,3,12,41.0,0,0
29.125,76.125,2023-11-02,306,44,33,1,1,2,12,41.0,0,0
29.125,76.125,2023-11-03,307,44,34,1,1,1,12,41.0,0,0
29.125,76.125,2023-11-04,308,44,35,1,0,1,12,41.0,0,0
29.125,76.125,2023-11-05,309,44,36,1,0,1,12,41.0,3,1
29.125,76.125,2023-11-06,310,45,37,1,1,2,13,41.0,1,1
29.125,76.125,2023-11-07,311,45,38,1,2,3,14,41.0,1,1
29.125,76.125,2023-11-08,312,45,39,1,3,3,15,41.0,1,1
29.125,76.125,2023-11-09,313,45,40,1,3,4,16,41.0,1,1
29.125,76.125,2023-11-10,314,45,41,1,3,5,17,41.0,0,0
29.125,76.125,2023-11-11,315,45,42,1,2,5,17,41.0,0,0
29.125,76.125,2023-11-12,316,45,43,1,1,5,17,41.0,4,1
29.125,76.125,2023-11-13,317,46,44,1,1,5,18,41.0,0,0
29.125,76.125,2023-11-14,318,46,45,1,1,4,18,41.0,3,1
29.125,76.125,2023-11-15,319,46,46,1,2,4,19,41.0,3,1
29.125,76.125,2023-11-16,320,46,47,0,2,4,20,41.0,0,0
29.125,76.125,2023-11-17,321,46,48,0,2,3,20,41.0,2,1
29.125,76.125,2023-11-18,322,46,49,0,2,4,21,41.0,1,1
29.125,76.125,2023-11-19,323,46,50,0,2,5,22,41.0,0,0
29.125,76.125,2023-11-20,324,47,51,0,2,4,22,41.0,0,0
29.125,76.125,2023-11-21,325,47,52,0,1,4,22,41.0,0,0
29.125,76.125,2023-11-22,326,47,53,0,0,3,22,41.0,3,1
29.125,76.125,2023-11-23,327,47,54,0,1,3,23,41.0,2,1
29.125,76.125,2023-11-24,328,47,55,0,2,4,24,41.0,0,0
29.125,76.125,2023-11-25,329,47,56,0,2,3,24,41.0,0,0
29.125,76.125,2023-11-26,330,47,57,0,1,2,24,41.0,0,0
29.125,76.125,2023-11-27,331,48,58,0,0,2,24,41.0,0,0
29.125,76.125,2023-11-28,332,48,59,0,0,2,24,41.0,0,0
29.125,76.125,2023-11-29,333,48,60,0,0,2,24,41.0,0,0
29.125,76.125,2023-11-30,334,48,61,0,0,1,24,41.0,0,0
29.125,76.375,2023-10-01,274,39,1,0,0,0,0,39.0,0,0
29.125,76.375,2023-10-02,275,40,2,0,0,0,0,39.0,0,0
29.125,76.375,2023-10-03,276,40,3,0,0,0,0,39.0,0,0
29.125,76.375,2023-10-04,277,40,4,0,0,0,0,39.0,0,0
29.125,76.375,2023-10-05,278,40,5,0,0,0,0,39.0,0,0
29.125,76.375,2023-10-06,279,40,6,0,0,0,0,39.0,0,0
29.125,76.375,2023-10-07,280,40,7,0,0,0,0,39.0,0,0
29.125,76.375,2023-10-08,281,40,8,0,0,0,0,39.0,0,0
29.125,76.375,2023-10-09,282,41,9,0,0,0,0,39.0,0,0
29.125,76.375,2023-10-10,283,41,10,0,0,0,0,39.0,0,0
29.125,76.375,2023-10-11,284,41,11,0,0,0,0,39.0,0,0
29.125,76.375,2023-10-12,285,41,12,0,0,0,0,39.0,0,0
29.125,76.375,2023-10-13,286,41,13,0,0,0,0,39.0,0,0
29.125,76.375,2023-10-14,287,41,14,0,0,0,0,39.0,1,1
29.125,76.375,2023-10-15,288,41,15,0,1,1,1,39.0,1,1
29.125,76.375,2023-10-16,289,42,16,0,2,2,2,39.0,0,0
29.125,76.375,2023-10-17,290,42,17,0,2,2,2,39.0,0,0
29.125,76.375,2023-10-18,291,42,18,0,1,2,2,39.0,0,0
29.125,76.375,2023-10-19,292,42,19,0,0,2,2,39.0,0,0
29.125,76.375,2023-10-20,293,42,20,1,0,2,2,39.0,0,0
29.125,76.375,2023-10-21,294,42,21,1,0,2,2,39.0,1,1
29.125,76.375,2023-10-22,295,42,22,1,1,2,3,39.0,0,0
29.125,76.375,2023-10-23,296,43,23,1,1,1,3,39.0,0,0
29.125,76.375,2023-10-24,297,43,24,1,1,1,3,39.0,2,1
29.125,76.375,2023-10-25,298,43,25,1,1,2,4,39.0,0,0
29.125,76.375,2023-10-26,299,43,26,1,1,2,4,39.0,0,0
29.125,76.375,2023-10-27,300,43,27,1,1,2,4,39.0,1,1
29.125,76.375,2023-10-28,301,43,28,1,1,3,5,39.0,0,0
29.125,76.375,2023-10-29,302,43,29,1,1,2,5,39.0,0,0
29.125,76.375,2023-10-30,303,44,30,1,1,2,5,39.0,0,0
29.125,76.375,2023-10-31,304,44,31,1,0,2,5,39.0,1,1
29.125,76.375,2023-11-01,305,44,32,1,1,2,6,39.0,0,0
29.125,76.375,2023-11-02,306,44,33,1,1,2,6,39.0,0,0
29.125,76.375,2023-11-03,307,44,34,1,1,2,6,39.0,0,0
29.125,76.375,2023-11-04,308,44,35,1,0,1,6,39.0,0,0
29.125,76.375,2023-11-05,309,44,36,1,0,1,6,39.0,2,1
29.125,76.375,2023-11-06,310,45,37,1,1,2,7,39.0,2,1
29.125,76.375,2023-11-07,311,45,38,1,2,3,8,39.0,5,1
29.125,76.375,2023-11-08,312,45,39,1,3,3,9,39.0,0,0
29.125,76.375,2023-11-09,313,45,40,1,2,3,9,39.0,0,0
29.125,76.375,2023-11-10,314,45,41,1,1,3,9,39.0,0,0
29.125,76.375,2023-11-11,315,45,42,1,0,3,9,39.0,0,0
29.125,76.375,2023-11-12,316,45,43,1,0,3,9,39.0,1,1
29.125,76.375,2023-11-13,317,46,44,1,1,3,10,39.0,1,1
29.125,76.375,2023-11-14,318,46,45,1,2,3,11,39.0,0,0
29.125,76.375,2023-11-15,319,46,46,1,2,2,11,39.0,1,1
29.125,76.375,2023-11-16,320,46,47,0,2,3,12,39.0,3,1
29.125,76.375,2023-11-17,321,46,48,0,2,4,13,39.0,1,1
29.125,76.375,2023-11-18,322,46,49,0,3,5,14,39.0,2,1
29.125,76.375,2023-11-19,323,46,50,0,3,6,15,39.0,3,1
29.125,76.375,2023-11-20,324,47,51,0,3,6,16,39.0,0,0
29.125,76.375,2023-11-21,325,47,52,0,2,5,16,39.0,3,1
29.125,76.375,2023-11-22,326,47,53,0,2,6,17,39.0,7,1
29.125,76.375,2023-11-23,327,47,54,0,2,6,18,39.0,1,1
29.125,76.375,2023-11-24,328,47,55,0,3,6,19,39.0,0,0
29.125,76.375,2023-11-25,329,47,56,0,2,5,19,39.0,0,0
29.125,76.375,2023-11-26,330,47,57,0,1,4,19,39.0,0,0
29.125,76.375,2023-11-27,331,48,58,0,0,3,19,39.0,0,0
29.125,76.375,2023-11-28,332,48,59,0,0,3,19,39.0,0,0
29.125,76.375,2023-11-29,333,48,60,0,0,2,19,39.0,0,0
29.125,76.375,2023-11-30,334,48,61,0,0,1,19,39.0,0,0
29.125,76.625,2023-10-01,274,39,1,0,0,0,0,32.0,0,0
29.125,76.625,2023-10-02,275,40,2,0,0,0,0,32.0,0,0
29.125,76.625,2023-10-03,276,40,3,0,0,0,0,32.0,0,0
29.125,76.625,2023-10-04,277,40,4,0,0,0,0,32.0,2,1
29.125,76.625,2023-10-05,278,40,5,0,1,1,1,32.0,1,1
29.125,76.625,2023-10-06,279,40,6,0,2,2,2,32.0,1,1
29.125,76.625,2023-10-07,280,40,7,0,3,3,3,32.0,0,0
29.125,76.625,2023-10-08,281,40,8,0,2,3,3,32.0,0,0
29.125,76.625,2023-10-09,282,41,9,0,1,3,3,32.0,0,0
29.125,76.625,2023-10-10,283,41,10,0,0,3,3,32.0,0,0
29.125,76.625,2023-10-11,284,41,11,0,0,3,3,32.0,1,1
29.125,76.625,2023-10-12,285,41,12,0,1,3,4,32.0,0,0
29.125,76.625,2023-10-13,286,41,13,0,1,2,4,32.0,1,1
29.125,76.625,2023-10-14,287,41,14,0,2,2,5,32.0,0,0
29.125,76.625,2023-10-15,288,41,15,0,1,2,5,32.0,5,1
29.125,76.625,2023-10-16,289,42,16,0,2,3,6,32.0,0,0
29.125,76.625,2023-10-17,290,42,17,0,1,3,6,32.0,0,0
29.125,76.625,2023-10-18,291,42,18,0,1,3,6,32.0,0,0
29.125,76.625,2023-10-19,292,42,19,0,0,2,6,32.0,0,0
29.125,76.625,2023-10-20,293,42,20,1,0,2,6,32.0,1,1
29.125,76.625,2023-10-21,294,42,21,1,1,2,7,32.0,0,0
29.125,76.625,2023-10-22,295,42,22,1,1,2,7,32.0,0,0
29.125,76.625,2023-10-23,296,43,23,1,1,1,7,32.0,0,0
29.125,76.625,2023-10-24,297,43,24,1,0,1,7,32.0,0,0
29.125,76.625,2023-10-25,298,43,25,1,0,1,7,32.0,0,0
29.125,76.625,2023-10-26,299,43,26,1,0,1,7,32.0,4,1
29.125,76.625,2023-10-27,300,43,27,1,1,2,8,32.0,2,1
29.125,76.625,2023-10-28,301,43,28,1,2,2,9,32.0,0,0
29.125,76.625,2023-10-29,302,43,29,1,2,2,9,32.0,0,0
29.125,76.625,2023-10-30,303,44,30,1,1,2,9,32.0,0,0
29.125,76.625,2023-10-31,304,44,31,1,0,2,9,32.0,0,0
29.125,76.625,2023-11-01,305,44,32,1,0,2,9,32.0,2,1
29.125,76.625,2023-11-02,306,44,33,1,1,3,10,32.0,0,0
29.125,76.625,2023-11-03,307,44,34,1,1,2,10,32.0,0,0
29.125,76.625,2023-11-04,308,44,35,1,1,1,10,32.0,0,0
29.125,76.625,2023-11-05,309,44,36,1,0,1,10,32.0,4,1
29.125,76.625,2023-11-06,310,45,37,1,1,2,11,32.0,0,0
29.125,76.625,2023-11-07,311,45,38,1,1,2,11,32.0,0,0
29.125,76.625,2023-11-08,312,45,39,1,1,2,11,32.0,0,0
29.125,76.625,2023-11-09,313,45,40,1,0,1,11,32.0,0,0
29.125,76.625,2023-11-10,314,45,41,1,0,1,11,32.0,0,0
29.125,76.625,2023-11-11,315,45,42,1,0,1,11,32.0,0,0
29.125,76.625,2023-11-12,316,45,43,1,0,1,11,32.0,2,1
29.125,76.625,2023-11-13,317,46,44,1,1,1,12,32.0,0,0
29.125,76.625,2023-11-14,318,46,45,1,1,1,12,32.0,1,1
29.125,76.625,2023-11-15,319,46,46,1,2,2,13,32.0,1,1
29.125,76.625,2023-11-16,320,46,47,0,2,3,14,32.0,1,1
29.125,76.625,2023-11-17,321,46,48,0,3,4,15,32.0,0,0
29.125,76.625,2023-11-18,322,46,49,0,2,4,15,32.0,0,0
29.125,76.625,2023-11-19,323,46,50,0,1,4,15,32.0,0,0
29.125,76.625,2023-11-20,324,47,51,0,0,3,15,32.0,1,1
29.125,76.625,2023-11-21,325,47,52,0,1,4,16,32.0,1,1
29.125,76.625,2023-11-22,326,47,53,0,2,4,17,32.0,0,0
29.125,76.625,2023-11-23,327,47,54,0,2,3,17,32.0,0,0
29.125,76.625,2023-11-24,328,47,55,0,1,2,17,32.0,0,0
29.125,76.625,2023-11-25,329,47,56,0,0,2,17,32.0,0,0
29.125,76.625,2023-11-26,330,47,57,0,0,2,17,32.0,0,0
29.125,76.625,2023-11-27,331,48,58,0,0,2,17,32.0,1,1
29.125,76.625,2023-11-28,332,48,59,0,1,2,18,32.0,0,0
29.125,76.625,2023-11-29,333,48,60,0,1,1,18,32.0,0,0
29.125,76.625,2023-11-30,334,48,61,0,1,1,18,32.0,0,0
29.125,76.875,2023-10-01,274,39,1,0,0,0,0,19.0,2,1
29.125,76.875,2023-10-02,275,40,2,0,1,1,1,19.0,0,0
29.125,76.875,2023-10-03,276,40,3,0,1,1,1,19.0,0,0
29.125,76.875,2023-10-04,277,40,4,0,1,1,1,19.0,0,0
29.125,76.875,2023-10-05,278,40,5,0,0,1,1,19.0,0,0
29.125,76.875,2023-10-06,279,40,6,0,0,1,1,19.0,0,0
29.125,76.875,2023-10-07,280,40,7,0,0,1,1,19.0,0,0
29.125,76.875,2023-10-08,281,40,8,0,0,1,1,19.0,0,0
29.125,76.875,2023-10-09,282,41,9,0,0,0,1,19.0,1,1
29.125,76.875,2023-10-10,283,41,10,0,1,1,2,19.0,1,1
29.125,76.875,2023-10-11,284,41,11,0,2,2,3,19.0,3,1
29.125,76.875,2023-10-12,285,41,12,0,3,3,4,19.0,0,0
29.125,76.875,2023-10-13,286,41,13,0,2,3,4,19.0,0,0
29.125,76.875,2023-10-14,287,41,14,0,1,3,4,19.0,0,0
29.125,76.875,2023-10-15,288,41,15,0,0,3,4,19.0,0,0
29.125,76.875,2023-10-16,289,42,16,0,0,3,4,19.0,0,0
29.125,76.875,2023-10-17,290,42,17,0,0,2,4,19.0,1,1
29.125,76.875,2023-10-18,291,42,18,0,1,2,5,19.0,0,0
29.125,76.875,2023-10-19,292,42,19,0,1,1,5,19.0,0,0
29.125,76.875,2023-10-20,293,42,20,1,1,1,5,19.0,1,1
29.125,76.875,2023-10-21,294,42,21,1,1,2,6,19.0,1,1
29.125,76.875,2023-10-22,295,42,22,1,2,3,7,19.0,0,0
29.125,76.875,2023-10-23,296,43,23,1,2,3,7,19.0,0,0
29.125,76.875,2023-10-24,297,43,24,1,1,3,7,19.0,2,1
29.125,76.875,2023-10-25,298,43,25,1,1,3,8,19.0,2,1
29.125,76.875,2023-10-26,299,43,26,1,2,4,9,19.0,2,1
29.125,76.875,2023-10-27,300,43,27,1,3,5,10,19.0,0,0
29.125,76.875,2023-10-28,301,43,28,1,2,4,10,19.0,0,0
29.125,76.875,2023-10-29,302,43,29,1,1,3,10,19.0,0,0
29.125,76.875,2023-10-30,303,44,30,1,0,3,10,19.0,0,0
29.125,76.875,2023-10-31,304,44,31,1,0,3,10,19.0,1,1
29.125,76.875,2023-11-01,305,44,32,1,1,3,11,19.0,0,0
29.125,76.875,2023-11-02,306,44,33,1,1,2,11,19.0,0,0
29.125,76.875,2023-11-03,307,44,34,1,1,1,11,19.0,0,0
29.125,76.875,2023-11-04,308,44,35,1,0,1,11,19.0,0,0
29.125,76.875,2023-11-05,309,44,36,1,0,1,11,19.0,0,0
29.125,76.875,2023-11-06,310,45,37,1,0,1,11,19.0,0,0
29.125,76.875,2023-11-07,311,45,38,1,0,1,11,19.0,0,0
29.125,76.875,2023-11-08,312,45,39,1,0,0,11,19.0,0,0
29.125,76.875,2023-11-09,313,45,40,1,0,0,11,19.0,0,0
29.125,76.875,2023-11-10,314,45,41,1,0,0,11,19.0,0,0
29.125,76.875,2023-11-11,315,45,42,1,0,0,11,19.0,0,0
29.125,76.875,2023-11-12,316,45,43,1,0,0,11,19.0,0,0
29.125,76.875,2023-11-13,317,46,44,1,0,0,11,19.0,0,0
29.125,76.875,2023-11-14,318,46,45,1,0,0,11,19.0,0,0
29.125,76.875,2023-11-15,319,46,46,1,0,0,11,19.0,0,0
29.125,76.875,2023-11-16,320,46,47,0,0,0,11,19.0,2,1
29.125,76.875,2023-11-17,321,46,48,0,1,1,12,19.0,0,0
29.125,76.875,2023-11-18,322,46,49,0,1,1,12,19.0,0,0
29.125,76.875,2023-11-19,323,46,50,0,1,1,12,19.0,0,0
29.125,76.875,2023-11-20,324,47,51,0,0,1,12,19.0,0,0
29.125,76.875,2023-11-21,325,47,52,0,0,1,12,19.0,0,0
29.125,76.875,2023-11-22,326,47,53,0,0,1,12,19.0,0,0
29.125,76.875,2023-11-23,327,47,54,0,0,1,12,19.0,0,0
29.125,76.875,2023-11-24,328,47,55,0,0,0,12,19.0,0,0
29.125,76.875,2023-11-25,329,47,56,0,0,0,12,19.0,0,0
29.125,76.875,2023-11-26,330,47,57,0,0,0,12,19.0,0,0
29.125,76.875,2023-11-27,331,48,58,0,0,0,12,19.0,0,0
29.125,76.875,2023-11-28,332,48,59,0,0,0,12,19.0,0,0
29.125,76.875,2023-11-29,333,48,60,0,0,0,12,19.0,0,0
29.125,76.875,2023-11-30,334,48,61,0,0,0,12,19.0,0,0
29.125,77.125,2023-10-01,274,39,1,0,0,0,0,24.0,2,1
29.125,77.125,2023-10-02,275,40,2,0,1,1,1,24.0,0,0
29.125,77.125,2023-10-03,276,40,3,0,1,1,1,24.0,0,0
29.125,77.125,2023-10-04,277,40,4,0,1,1,1,24.0,2,1
29.125,77.125,2023-10-05,278,40,5,0,1,2,2,24.0,1,1
29.125,77.125,2023-10-06,279,40,6,0,2,3,3,24.0,0,0
29.125,77.125,2023-10-07,280,40,7,0,2,3,3,24.0,2,1
29.125,77.125,2023-10-08,281,40,8,0,2,4,4,24.0,1,1
29.125,77.125,2023-10-09,282,41,9,0,2,4,5,24.0,1,1
29.125,77.125,2023-10-10,283,41,10,0,3,5,6,24.0,1,1
29.125,77.125,2023-10-11,284,41,11,0,3,6,7,24.0,1,1
29.125,77.125,2023-10-12,285,41,12,0,3,6,8,24.0,2,1
29.125,77.125,2023-10-13,286,41,13,0,3,6,9,24.0,0,0
29.125,77.125,2023-10-14,287,41,14,0,2,6,9,24.0,0,0
29.125,77.125,2023-10-15,288,41,15,0,1,5,9,24.0,4,1
29.125,77.125,2023-10-16,289,42,16,0,1,5,10,24.0,0,0
29.125,77.125,2023-10-17,290,42,17,0,1,4,10,24.0,0,0
29.125,77.125,2023-10-18,291,42,18,0,1,3,10,24.0,0,0
29.125,77.125,2023-10-19,292,42,19,0,0,2,10,24.0,0,0
29.125,77.125,2023-10-20,293,42,20,1,0,1,10,24.0,0,0
29.125,77.125,2023-10-21,294,42,21,1,0,1,10,24.0,0,0
29.125,77.125,2023-10-22,295,42,22,1,0,1,10,24.0,0,0
29.125,77.125,2023-10-23,296,43,23,1,0,0,10,24.0,0,0
29.125,77.125,2023-10-24,297,43,24,1,0,0,10,24.0,1,1
29.125,77.125,2023-10-25,298,43,25,1,1,1,11,24.0,0,0
29.125,77.125,2023-10-26,299,43,26,1,1,1,11,24.0,1,1
29.125,77.125,2023-10-27,300,43,27,1,2,2,12,24.0,0,0
29.125,77.125,2023-10-28,301,43,28,1,1,2,12,24.0,0,0
29.125,77.125,2023-10-29,302,43,29,1,1,2,12,24.0,0,0
29.125,77.125,2023-10-30,303,44,30,1,0,2,12,24.0,0,0
29.125,77.125,2023-10-31,304,44,31,1,0,2,12,24.0,0,0
29.125,77.125,2023-11-01,305,44,32,1,0,1,12,24.0,1,1
29.125,77.125,2023-11-02,306,44,33,1,1,2,13,24.0,0,0
29.125,77.125,2023-11-03,307,44,34,1,1,1,13,24.0,0,0
29.125,77.125,2023-11-04,308,44,35,1,1,1,13,24.0,0,0
29.125,77.125,2023-11-05,309,44,36,1,0,1,13,24.0,0,0
29.125,77.125,2023-11-06,310,45,37,1,0,1,13,24.0,0,0
29.125,77.125,2023-11-07,311,45,38,1,0,1,13,24.0,0,0
29.125,77.125,2023-11-08,312,45,39,1,0,1,13,24.0,0,0
29.125,77.125,2023-11-09,313,45,40,1,0,0,13,24.0,0,0
29.125,77.125,2023-11-10,314,45,41,1,0,0,13,24.0,0,0
29.125,77.125,2023-11-11,315,45,42,1,0,0,13,24.0,0,0
29.125,77.125,2023-11-12,316,45,43,1,0,0,13,24.0,0,0
29.125,77.125,2023-11-13,317,46,44,1,0,0,13,24.0,0,0
29.125,77.125,2023-11-14,318,46,45,1,0,0,13,24.0,0,0
29.125,77.125,2023-11-15,319,46,46,1,0,0,13,24.0,0,0
29.125,77.125,2023-11-16,320,46,47,0,0,0,13,24.0,0,0
29.125,77.125,2023-11-17,321,46,48,0,0,0,13,24.0,0,0
29.125,77.125,2023-11-18,322,46,49,0,0,0,13,24.0,0,0
29.125,77.125,2023-11-19,323,46,50,0,0,0,13,24.0,0,0
29.125,77.125,2023-11-20,324,47,51,0,0,0,13,24.0,0,0
29.125,77.125,2023-11-21,325,47,52,0,0,0,13,24.0,1,1
29.125,77.125,2023-11-22,326,47,53,0,1,1,14,24.0,0,0
29.125,77.125,2023-11-23,327,47,54,0,1,1,14,24.0,0,0
29.125,77.125,2023-11-24,328,47,55,0,1,1,14,24.0,3,1
29.125,77.125,2023-11-25,329,47,56,0,1,2,15,24.0,0,0
29.125,77.125,2023-11-26,330,47,57,0,1,2,15,24.0,0,0
29.125,77.125,2023-11-27,331,48,58,0,1,2,15,24.0,0,0
29.125,77.125,2023-11-28,332,48,59,0,0,2,15,24.0,0,0
29.125,77.125,2023-11-29,333,48,60,0,0,1,15,24.0,0,0
29.125,77.125,2023-11-30,334,48,61,0,0,1,15,24.0,0,0
29.125,77.375,2023-10-01,274,39,1,0,0,0,0,15.0,0,0
29.125,77.375,2023-10-02,275,40,2,0,0,0,0,15.0,0,0
29.125,77.375,2023-10-03,276,40,3,0,0,0,0,15.0,0,0
29.125,77.375,2023-10-04,277,40,4,0,0,0,0,15.0,0,0
29.125,77.375,2023-10-05,278,40,5,0,0,0,0,15.0,0,0
29.125,77.375,2023-10-06,279,40,6,0,0,0,0,15.0,0,0
29.125,77.375,2023-10-07,280,40,7,0,0,0,0,15.0,0,0
29.125,77.375,2023-10-08,281,40,8,0,0,0,0,15.0,0,0
29.125,77.375,2023-10-09,282,41,9,0,0,0,0,15.0,0,0
29.125,77.375,2023-10-10,283,41,10,0,0,0,0,15.0,0,0
29.125,77.375,2023-10-11,284,41,11,0,0,0,0,15.0,0,0
29.125,77.375,2023-10-12,285,41,12,0,0,0,0,15.0,0,0
29.125,77.375,2023-10-13,286,41,13,0,0,0,0,15.0,0,0
29.125,77.375,2023-10-14,287,41,14,0,0,0,0,15.0,0,0
29.125,77.375,2023-10-15,288,41,15,0,0,0,0,15.0,0,0
29.125,77.375,2023-10-16,289,42,16,0,0,0,0,15.0,0,0
29.125,77.375,2023-10-17,290,42,17,0,0,0,0,15.0,0,0
29.125,77.375,2023-10-18,291,42,18,0,0,0,0,15.0,0,0
29.125,77.375,2023-10-19,292,42,19,0,0,0,0,15.0,0,0
29.125,77.375,2023-10-20,293,42,20,1,0,0,0,15.0,0,0
29.125,77.375,2023-10-21,294,42,21,1,0,0,0,15.0,0,0
29.125,77.375,2023-10-22,295,42,22,1,0,0,0,15.0,0,0
29.125,77.375,2023-10-23,296,43,23,1,0,0,0,15.0,0,0
29.125,77.375,2023-10-24,297,43,24,1,0,0,0,15.0,0,0
29.125,77.375,2023-10-25,298,43,25,1,0,0,0,15.0,0,0
29.125,77.375,2023-10-26,299,43,26,1,0,0,0,15.0,0,0
29.125,77.375,2023-10-27,300,43,27,1,0,0,0,15.0,1,1
29.125,77.375,2023-10-28,301,43,28,1,1,1,1,15.0,0,0
29.125,77.375,2023-10-29,302,43,29,1,1,1,1,15.0,0,0
29.125,77.375,2023-10-30,303,44,30,1,1,1,1,15.0,0,0
29.125,77.375,2023-10-31,304,44,31,1,0,1,1,15.0,1,1
29.125,77.375,2023-11-01,305,44,32,1,1,2,2,15.0,0,0
29.125,77.375,2023-11-02,306,44,33,1,1,2,2,15.0,0,0
29.125,77.375,2023-11-03,307,44,34,1,1,2,2,15.0,0,0
29.125,77.375,2023-11-04,308,44,35,1,0,1,2,15.0,0,0
29.125,77.375,2023-11-05,309,44,36,1,0,1,2,15.0,0,0
29.125,77.375,2023-11-06,310,45,37,1,0,1,2,15.0,2,1
29.125,77.375,2023-11-07,311,45,38,1,1,2,3,15.0,0,0
29.125,77.375,2023-11-08,312,45,39,1,1,1,3,15.0,0,0
29.125,77.375,2023-11-09,313,45,40,1,1,1,3,15.0,0,0
29.125,77.375,2023-11-10,314,45,41,1,0,1,3,15.0,0,0
29.125,77.375,2023-11-11,315,45,42,1,0,1,3,15.0,0,0
29.125,77.375,2023-11-12,316,45,43,1,0,1,3,15.0,0,0
29.125,77.375,2023-11-13,317,46,44,1,0,1,3,15.0,0,0
29.125,77.375,2023-11-14,318,46,45,1,0,0,3,15.0,0,0
29.125,77.375,2023-11-15,319,46,46,1,0,0,3,15.0,0,0
29.125,77.375,2023-11-16,320,46,47,0,0,0,3,15.0,0,0
29.125,77.375,2023-11-17,321,46,48,0,0,0,3,15.0,0,0
29.125,77.375,2023-11-18,322,46,49,0,0,0,3,15.0,0,0
29.125,77.375,2023-11-19,323,46,50,0,0,0,3,15.0,0,0
29.125,77.375,2023-11-20,324,47,51,0,0,0,3,15.0,4,1
29.125,77.375,2023-11-21,325,47,52,0,1,1,4,15.0,0,0
29.125,77.375,2023-11-22,326,47,53,0,1,1,4,15.0,0,0
29.125,77.375,2023-11-23,327,47,54,0,1,1,4,15.0,3,1
29.125,77.375,2023-11-24,328,47,55,0,1,2,5,15.0,4,1
29.125,77.375,2023-11-25,329,47,56,0,2,3,6,15.0,0,0
29.125,77.375,2023-11-26,330,47,57,0,2,3,6,15.0,0,0
29.125,77.375,2023-11-27,331,48,58,0,1,3,6,15.0,0,0
29.125,77.375,2023-11-28,332,48,59,0,0,2,6,15.0,0,0
29.125,77.375,2023-11-29,333,48,60,0,0,2,6,15.0,0,0
29.125,77.375,2023-11-30,334,48,61,0,0,2,6,15.0,0,0
29.375,73.625,2023-10-01,274,39,1,0,0,0,0,71.0,0,0
29.375,73.625,2023-10-02,275,40,2,0,0,0,0,71.0,0,0
29.375,73.625,2023-10-03,276,40,3,0,0,0,0,71.0,0,0
29.375,73.625,2023-10-04,277,40,4,0,0,0,0,71.0,0,0
29.375,73.625,2023-10-05,278,40,5,0,0,0,0,71.0,0,0
29.375,73.625,2023-10-06,279,40,6,0,0,0,0,71.0,0,0
29.375,73.625,2023-10-07,280,40,7,0,0,0,0,71.0,0,0
29.375,73.625,2023-10-08,281,40,8,0,0,0,0,71.0,0,0
29.375,73.625,2023-10-09,282,41,9,0,0,0,0,71.0,0,0
29.375,73.625,2023-10-10,283,41,10,0,0,0,0,71.0,0,0
29.375,73.625,2023-10-11,284,41,11,0,0,0,0,71.0,0,0
29.375,73.625,2023-10-12,285,41,12,0,0,0,0,71.0,0,0
29.375,73.625,2023-10-13,286,41,13,0,0,0,0,71.0,0,0
29.375,73.625,2023-10-14,287,41,14,0,0,0,0,71.0,0,0
29.375,73.625,2023-10-15,288,41,15,0,0,0,0,71.0,0,0
29.375,73.625,2023-10-16,289,42,16,0,0,0,0,71.0,0,0
29.375,73.625,2023-10-17,290,42,17,0,0,0,0,71.0,0,0
29.375,73.625,2023-10-18,291,42,18,0,0,0,0,71.0,0,0
29.375,73.625,2023-10-19,292,42,19,0,0,0,0,71.0,0,0
29.375,73.625,2023-10-20,293,42,20,1,0,0,0,71.0,0,0
29.375,73.625,2023-10-21,294,42,21,1,0,0,0,71.0,0,0
29.375,73.625,2023-10-22,295,42,22,1,0,0,0,71.0,0,0
29.375,73.625,2023-10-23,296,43,23,1,0,0,0,71.0,0,0
29.375,73.625,2023-10-24,297,43,24,1,0,0,0,71.0,0,0
29.375,73.625,2023-10-25,298,43,25,1,0,0,0,71.0,0,0
29.375,73.625,2023-10-26,299,43,26,1,0,0,0,71.0,42,1
29.375,73.625,2023-10-27,300,43,27,1,1,1,1,71.0,0,0
29.375,73.625,2023-10-28,301,43,28,1,1,1,1,71.0,0,0
29.375,73.625,2023-10-29,302,43,29,1,1,1,1,71.0,0,0
29.375,73.625,2023-10-30,303,44,30,1,0,1,1,71.0,0,0
29.375,73.625,2023-10-31,304,44,31,1,0,1,1,71.0,0,0
29.375,73.625,2023-11-01,305,44,32,1,0,1,1,71.0,0,0
29.375,73.625,2023-11-02,306,44,33,1,0,1,1,71.0,0,0
29.375,73.625,2023-11-03,307,44,34,1,0,0,1,71.0,3,1
29.375,73.625,2023-11-04,308,44,35,1,1,1,2,71.0,2,1
29.375,73.625,2023-11-05,309,44,36,1,2,2,3,71.0,2,1
29.375,73.625,2023-11-06,310,45,37,1,3,3,4,71.0,1,1
29.375,73.625,2023-11-07,311,45,38,1,3,4,5,71.0,0,0
29.375,73.625,2023-11-08,312,45,39,1,2,4,5,71.0,0,0
29.375,73.625,2023-11-09,313,45,40,1,1,4,5,71.0,0,0
29.375,73.625,2023-11-10,314,45,41,1,0,4,5,71.0,2,1
29.375,73.625,2023-11-11,315,45,42,1,1,4,6,71.0,2,1
29.375,73.625,2023-11-12,316,45,43,1,2,4,7,71.0,0,0
29.375,73.625,2023-11-13,317,46,44,1,2,3,7,71.0,1,1
29.375,73.625,2023-11-14,318,46,45,1,2,3,8,71.0,4,1
29.375,73.625,2023-11-15,319,46,46,1,2,4,9,71.0,6,1
29.375,73.625,2023-11-16,320,46,47,0,3,5,10,71.0,2,1
29.375,73.625,2023-11-17,321,46,48,0,3,6,11,71.0,0,0
29.375,73.625,2023-11-18,322,46,49,0,2,5,11,71.0,0,0
29.375,73.625,2023-11-19,323,46,50,0,1,4,11,71.0,0,0
29.375,73.625,2023-11-20,324,47,51,0,0,4,11,71.0,2,1
29.375,73.625,2023-11-21,325,47,52,0,1,4,12,71.0,0,0
29.375,73.625,2023-11-22,326,47,53,0,1,3,12,71.0,0,0
29.375,73.625,2023-11-23,327,47,54,0,1,2,12,71.0,2,1
29.375,73.625,2023-11-24,328,47,55,0,1,2,13,71.0,0,0
29.375,73.625,2023-11-25,329,47,56,0,1,2,13,71.0,0,0
29.375,73.625,2023-11-26,330,47,57,0,1,2,13,71.0,0,0
29.375,73.625,2023-11-27,331,48,58,0,0,2,13,71.0,0,0
29.375,73.625,2023-11-28,332,48,59,0,0,1,13,71.0,0,0
29.375,73.625,2023-11-29,333,48,60,0,0,1,13,71.0,0,0
29.375,73.625,2023-11-30,334,48,61,0,0,1,13,71.0,0,0
29.375,73.875,2023-10-01,274,39,1,0,0,0,0,71.0,0,0
29.375,73.875,2023-10-02,275,40,2,0,0,0,0,71.0,0,0
29.375,73.875,2023-10-03,276,40,3,0,0,0,0,71.0,0,0
29.375,73.875,2023-10-04,277,40,4,0,0,0,0,71.0,0,0
29.375,73.875,2023-10-05,278,40,5,0,0,0,0,71.0,0,0
29.375,73.875,2023-10-06,279,40,6,0,0,0,0,71.0,1,1
29.375,73.875,2023-10-07,280,40,7,0,1,1,1,71.0,0,0
29.375,73.875,2023-10-08,281,40,8,0,1,1,1,71.0,0,0
29.375,73.875,2023-10-09,282,41,9,0,1,1,1,71.0,0,0
29.375,73.875,2023-10-10,283,41,10,0,0,1,1,71.0,0,0
29.375,73.875,2023-10-11,284,41,11,0,0,1,1,71.0,0,0
29.375,73.875,2023-10-12,285,41,12,0,0,1,1,71.0,0,0
29.375,73.875,2023-10-13,286,41,13,0,0,1,1,71.0,0,0
29.375,73.875,2023-10-14,287,41,14,0,0,0,1,71.0,0,0
29.375,73.875,2023-10-15,288,41,15,0,0,0,1,71.0,0,0
29.375,73.875,2023-10-16,289,42,16,0,0,0,1,71.0,0,0
29.375,73.875,2023-10-17,290,42,17,0,0,0,1,71.0,0,0
29.375,73.875,2023-10-18,291,42,18,0,0,0,1,71.0,0,0
29.375,73.875,2023-10-19,292,42,19,0,0,0,1,71.0,0,0
29.375,73.875,2023-10-20,293,42,20,1,0,0,1,71.0,0,0
29.375,73.875,2023-10-21,294,42,21,1,0,0,1,71.0,0,0
29.375,73.875,2023-10-22,295,42,22,1,0,0,1,71.0,0,0
29.375,73.875,2023-10-23,296,43,23,1,0,0,1,71.0,0,0
29.375,73.875,2023-10-24,297,43,24,1,0,0,1,71.0,0,0
29.375,73.875,2023-10-25,298,43,25,1,0,0,1,71.0,0,0
29.375,73.875,2023-10-26,299,43,26,1,0,0,1,71.0,0,0
29.375,73.875,2023-10-27,300,43,27,1,0,0,1,71.0,0,0
29.375,73.875,2023-10-28,301,43,28,1,0,0,1,71.0,0,0
29.375,73.875,2023-10-29,302,43,29,1,0,0,1,71.0,0,0
29.375,73.875,2023-10-30,303,44,30,1,0,0,1,71.0,1,1
29.375,73.875,2023-10-31,304,44,31,1,1,1,2,71.0,0,0
29.375,73.875,2023-11-01,305,44,32,1,1,1,2,71.0,0,0
29.375,73.875,2023-11-02,306,44,33,1,1,1,2,71.0,0,0
29.375,73.875,2023-11-03,307,44,34,1,0,1,2,71.0,2,1
29.375,73.875,2023-11-04,308,44,35,1,1,2,3,71.0,5,1
29.375,73.875,2023-11-05,309,44,36,1,2,3,4,71.0,1,1
29.375,73.875,2023-11-06,310,45,37,1,3,4,5,71.0,3,1
29.375,73.875,2023-11-07,311,45,38,1,3,4,6,71.0,0,0
29.375,73.875,2023-11-08,312,45,39,1,2,4,6,71.0,3,1
29.375,73.875,2023-11-09,313,45,40,1,2,5,7,71.0,0,0
29.375,73.875,2023-11-10,314,45,41,1,1,5,7,71.0,2,1
29.375,73.875,2023-11-11,315,45,42,1,2,5,8,71.0,2,1
29.375,73.875,2023-11-12,316,45,43,1,2,5,9,71.0,0,0
29.375,73.875,2023-11-13,317,46,44,1,2,4,9,71.0,2,1
29.375,73.875,2023-11-14,318,46,45,1,2,4,10,71.0,3,1
29.375,73.875,2023-11-15,319,46,46,1,2,5,11,71.0,6,1
29.375,73.875,2023-11-16,320,46,47,0,3,5,12,71.0,3,1
29.375,73.875,2023-11-17,321,46,48,0,3,6,13,71.0,2,1
29.375,73.875,2023-11-18,322,46,49,0,3,6,14,71.0,0,0
29.375,73.875,2023-11-19,323,46,50,0,2,5,14,71.0,1,1
29.375,73.875,2023-11-20,324,47,51,0,2,6,15,71.0,3,1
29.375,73.875,2023-11-21,325,47,52,0,2,6,16,71.0,13,1
29.375,73.875,2023-11-22,326,47,53,0,3,6,17,71.0,9,1
29.375,73.875,2023-11-23,327,47,54,0,3,6,18,71.0,5,1
29.375,73.875,2023-11-24,328,47,55,0,3,6,19,71.0,1,1
29.375,73.875,2023-11-25,329,47,56,0,3,6,20,71.0,2,1
29.375,73.875,2023-11-26,330,47,57,0,3,7,21,71.0,0,0
29.375,73.875,2023-11-27,331,48,58,0,2,6,21,71.0,0,0
29.375,73.875,2023-11-28,332,48,59,0,1,5,21,71.0,0,0
29.375,73.875,2023-11-29,333,48,60,0,0,4,21,71.0,1,1
29.375,73.875,2023-11-30,334,48,61,0,1,4,22,71.0,0,0
29.375,74.125,2023-10-01,274,39,1,0,0,0,0,102.0,0,0
29.375,74.125,2023-10-02,275,40,2,0,0,0,0,102.0,0,0
29.375,74.125,2023-10-03,276,40,3,0,0,0,0,102.0,0,0
29.375,74.125,2023-10-04,277,40,4,0,0,0,0,102.0,1,1
29.375,74.125,2023-10-05,278,40,5,0,1,1,1,102.0,0,0
29.375,74.125,2023-10-06,279,40,6,0,1,1,1,102.0,0,0
29.375,74.125,2023-10-07,280,40,7,0,1,1,1,102.0,0,0
29.375,74.125,2023-10-08,281,40,8,0,0,1,1,102.0,0,0
29.375,74.125,2023-10-09,282,41,9,0,0,1,1,102.0,0,0
29.375,74.125,2023-10-10,283,41,10,0,0,1,1,102.0,0,0
29.375,74.125,2023-10-11,284,41,11,0,0,1,1,102.0,0,0
29.375,74.125,2023-10-12,285,41,12,0,0,0,1,102.0,0,0
29.375,74.125,2023-10-13,286,41,13,0,0,0,1,102.0,0,0
29.375,74.125,2023-10-14,287,41,14,0,0,0,1,102.0,0,0
29.375,74.125,2023-10-15,288,41,15,0,0,0,1,102.0,0,0
29.375,74.125,2023-10-16,289,42,16,0,0,0,1,102.0,0,0
29.375,74.125,2023-10-17,290,42,17,0,0,0,1,102.0,0,0
29.375,74.125,2023-10-18,291,42,18,0,0,0,1,102.0,0,0
29.375,74.125,2023-10-19,292,42,19,0,0,0,1,102.0,0,0
29.375,74.125,2023-10-20,293,42,20,1,0,0,1,102.0,0,0
29.375,74.125,2023-10-21,294,42,21,1,0,0,1,102.0,0,0
29.375,74.125,2023-10-22,295,42,22,1,0,0,1,102.0,0,0
29.375,74.125,2023-10-23,296,43,23,1,0,0,1,102.0,0,0
29.375,74.125,2023-10-24,297,43,24,1,0,0,1,102.0,0,0
29.375,74.125,2023-10-25,298,43,25,1,0,0,1,102.0,0,0
29.375,74.125,2023-10-26,299,43,26,1,0,0,1,102.0,0,0
29.375,74.125,2023-10-27,300,43,27,1,0,0,1,102.0,0,0
29.375,74.125,2023-10-28,301,43,28,1,0,0,1,102.0,0,0
29.375,74.125,2023-10-29,302,43,29,1,0,0,1,102.0,0,0
29.375,74.125,2023-10-30,303,44,30,1,0,0,1,102.0,0,0
29.375,74.125,2023-10-31,304,44,31,1,0,0,1,102.0,0,0
29.375,74.125,2023-11-01,305,44,32,1,0,0,1,102.0,0,0
29.375,74.125,2023-11-02,306,44,33,1,0,0,1,102.0,0,0
29.375,74.125,2023-11-03,307,44,34,1,0,0,1,102.0,3,1
29.375,74.125,2023-11-04,308,44,35,1,1,1,2,102.0,2,1
29.375,74.125,2023-11-05,309,44,36,1,2,2,3,102.0,5,1
29.375,74.125,2023-11-06,310,45,37,1,3,3,4,102.0,3,1
29.375,74.125,2023-11-07,311,45,38,1,3,4,5,102.0,0,0
29.375,74.125,2023-11-08,312,45,39,1,2,4,5,102.0,1,1
29.375,74.125,2023-11-09,313,45,40,1,2,5,6,102.0,1,1
29.375,74.125,2023-11-10,314,45,41,1,2,6,7,102.0,5,1
29.375,74.125,2023-11-11,315,45,42,1,3,6,8,102.0,6,1
29.375,74.125,2023-11-12,316,45,43,1,3,6,9,102.0,6,1
29.375,74.125,2023-11-13,317,46,44,1,3,6,10,102.0,9,1
29.375,74.125,2023-11-14,318,46,45,1,3,6,11,102.0,4,1
29.375,74.125,2023-11-15,319,46,46,1,3,7,12,102.0,10,1
29.375,74.125,2023-11-16,320,46,47,0,3,7,13,102.0,3,1
29.375,74.125,2023-11-17,321,46,48,0,3,7,14,102.0,11,1
29.375,74.125,2023-11-18,322,46,49,0,3,7,15,102.0,2,1
29.375,74.125,2023-11-19,323,46,50,0,3,7,16,102.0,7,1
29.375,74.125,2023-11-20,324,47,51,0,3,7,17,102.0,2,1
29.375,74.125,2023-11-21,325,47,52,0,3,7,18,102.0,10,1
29.375,74.125,2023-11-22,326,47,53,0,3,7,19,102.0,7,1
29.375,74.125,2023-11-23,327,47,54,0,3,7,20,102.0,3,1
29.375,74.125,2023-11-24,328,47,55,0,3,7,21,102.0,0,0
29.375,74.125,2023-11-25,329,47,56,0,2,6,21,102.0,1,1
29.375,74.125,2023-11-26,330,47,57,0,2,6,22,102.0,0,0
29.375,74.125,2023-11-27,331,48,58,0,1,5,22,102.0,0,0
29.375,74.125,2023-11-28,332,48,59,0,1,4,22,102.0,0,0
29.375,74.125,2023-11-29,333,48,60,0,0,3,22,102.0,0,0
29.375,74.125,2023-11-30,334,48,61,0,0,2,22,102.0,0,0
29.375,74.375,2023-10-01,274,39,1,0,0,0,0,14.0,0,0
29.375,74.375,2023-10-02,275,40,2,0,0,0,0,14.0,0,0
29.375,74.375,2023-10-03,276,40,3,0,0,0,0,14.0,0,0
29.375,74.375,2023-10-04,277,40,4,0,0,0,0,14.0,1,1
29.375,74.375,2023-10-05,278,40,5,0,1,1,1,14.0,0,0
29.375,74.375,2023-10-06,279,40,6,0,1,1,1,14.0,1,1
29.375,74.375,2023-10-07,280,40,7,0,2,2,2,14.0,0,0
29.375,74.375,2023-10-08,281,40,8,0,1,2,2,14.0,0,0
29.375,74.375,2023-10-09,282,41,9,0,1,2,2,14.0,0,0
29.375,74.375,2023-10-10,283,41,10,0,0,2,2,14.0,0,0
29.375,74.375,2023-10-11,284,41,11,0,0,2,2,14.0,0,0
29.375,74.375,2023-10-12,285,41,12,0,0,1,2,14.0,4,1
29.375,74.375,2023-10-13,286,41,13,0,1,2,3,14.0,0,0
29.375,74.375,2023-10-14,287,41,14,0,1,1,3,14.0,0,0
29.375,74.375,2023-10-15,288,41,15,0,1,1,3,14.0,0,0
29.375,74.375,2023-10-16,289,42,16,0,0,1,3,14.0,0,0
29.375,74.375,2023-10-17,290,42,17,0,0,1,3,14.0,0,0
29.375,74.375,2023-10-18,291,42,18,0,0,1,3,14.0,0,0
29.375,74.375,2023-10-19,292,42,19,0,0,1,3,14.0,0,0
29.375,74.375,2023-10-20,293,42,20,1,0,0,3,14.0,1,1
29.375,74.375,2023-10-21,294,42,21,1,1,1,4,14.0,0,0
29.375,74.375,2023-10-22,295,42,22,1,1,1,4,14.0,0,0
29.375,74.375,2023-10-23,296,43,23,1,1,1,4,14.0,0,0
29.375,74.375,2023-10-24,297,43,24,1,0,1,4,14.0,0,0
29.375,74.375,2023-10-25,298,43,25,1,0,1,4,14.0,0,0
29.375,74.375,2023-10-26,299,43,26,1,0,1,4,14.0,0,0
29.375,74.375,2023-10-27,300,43,27,1,0,1,4,14.0,0,0
29.375,74.375,2023-10-28,301,43,28,1,0,0,4,14.0,0,0
29.375,74.375,2023-10-29,302,43,29,1,0,0,4,14.0,2,1
29.375,74.375,2023-10-30,303,44,30,1,1,1,5,14.0,0,0
29.375,74.375,2023-10-31,304,44,31,1,1,1,5,14.0,1,1
29.375,74.375,2023-11-01,305,44,32,1,2,2,6,14.0,1,1
29.375,74.375,2023-11-02,306,44,33,1,2,3,7,14.0,0,0
29.375,74.375,2023-11-03,307,44,34,1,2,3,7,14.0,0,0
29.375,74.375,2023-11-04,308,44,35,1,1,3,7,14.0,0,0
29.375,74.375,2023-11-05,309,44,36,1,0,3,7,14.0,1,1
29.375,74.375,2023-11-06,310,45,37,1,1,3,8,14.0,1,1
29.375,74.375,2023-11-07,311,45,38,1,2,4,9,14.0,0,0
29.375,74.375,2023-11-08,312,45,39,1,2,3,9,14.0,0,0
29.375,74.375,2023-11-09,313,45,40,1,1,2,9,14.0,0,0
29.375,74.375,2023-11-10,314,45,41,1,0,2,9,14.0,0,0
29.375,74.375,2023-11-11,315,45,42,1,0,2,9,14.0,0,0
29.375,74.375,2023-11-12,316,45,43,1,0,2,9,14.0,0,0
29.375,74.375,2023-11-13,317,46,44,1,0,1,9,14.0,0,0
29.375,74.375,2023-11-14,318,46,45,1,0,0,9,14.0,0,0
29.375,74.375,2023-11-15,319,46,46,1,0,0,9,14.0,1,1
29.375,74.375,2023-11-16,320,46,47,0,1,1,10,14.0,0,0
29.375,74.375,2023-11-17,321,46,48,0,1,1,10,14.0,0,0
29.375,74.375,2023-11-18,322,46,49,0,1,1,10,14.0,0,0
29.375,74.375,2023-11-19,323,46,50,0,0,1,10,14.0,0,0
29.375,74.375,2023-11-20,324,47,51,0,0,1,10,14.0,0,0
29.375,74.375,2023-11-21,325,47,52,0,0,1,10,14.0,0,0
29.375,74.375,2023-11-22,326,47,53,0,0,1,10,14.0,0,0
29.375,74.375,2023-11-23,327,47,54,0,0,0,10,14.0,0,0
29.375,74.375,2023-11-24,328,47,55,0,0,0,10,14.0,0,0
29.375,74.375,2023-11-25,329,47,56,0,0,0,10,14.0,0,0
29.375,74.375,2023-11-26,330,47,57,0,0,0,10,14.0,0,0
29.375,74.375,2023-11-27,331,48,58,0,0,0,10,14.0,0,0
29.375,74.375,2023-11-28,332,48,59,0,0,0,10,14.0,0,0
29.375,74.375,2023-11-29,333,48,60,0,0,0,10,14.0,0,0
29.375,74.375,2023-11-30,334,48,61,0,0,0,10,14.0,0,0
29.375,74.625,2023-10-01,274,39,1,0,0,0,0,15.0,0,0
29.375,74.625,2023-10-02,275,40,2,0,0,0,0,15.0,0,0
29.375,74.625,2023-10-03,276,40,3,0,0,0,0,15.0,0,0
29.375,74.625,2023-10-04,277,40,4,0,0,0,0,15.0,0,0
29.375,74.625,2023-10-05,278,40,5,0,0,0,0,15.0,0,0
29.375,74.625,2023-10-06,279,40,6,0,0,0,0,15.0,0,0
29.375,74.625,2023-10-07,280,40,7,0,0,0,0,15.0,0,0
29.375,74.625,2023-10-08,281,40,8,0,0,0,0,15.0,0,0
29.375,74.625,2023-10-09,282,41,9,0,0,0,0,15.0,0,0
29.375,74.625,2023-10-10,283,41,10,0,0,0,0,15.0,0,0
29.375,74.625,2023-10-11,284,41,11,0,0,0,0,15.0,0,0
29.375,74.625,2023-10-12,285,41,12,0,0,0,0,15.0,0,0
29.375,74.625,2023-10-13,286,41,13,0,0,0,0,15.0,0,0
29.375,74.625,2023-10-14,287,41,14,0,0,0,0,15.0,0,0
29.375,74.625,2023-10-15,288,41,15,0,0,0,0,15.0,0,0
29.375,74.625,2023-10-16,289,42,16,0,0,0,0,15.0,0,0
29.375,74.625,2023-10-17,290,42,17,0,0,0,0,15.0,0,0
29.375,74.625,2023-10-18,291,42,18,0,0,0,0,15.0,0,0
29.375,74.625,2023-10-19,292,42,19,0,0,0,0,15.0,0,0
29.375,74.625,2023-10-20,293,42,20,1,0,0,0,15.0,0,0
29.375,74.625,2023-10-21,294,42,21,1,0,0,0,15.0,0,0
29.375,74.625,2023-10-22,295,42,22,1,0,0,0,15.0,0,0
29.375,74.625,2023-10-23,296,43,23,1,0,0,0,15.0,0,0
29.375,74.625,2023-10-24,297,43,24,1,0,0,0,15.0,0,0
29.375,74.625,2023-10-25,298,43,25,1,0,0,0,15.0,3,1
29.375,74.625,2023-10-26,299,43,26,1,1,1,1,15.0,1,1
29.375,74.625,2023-10-27,300,43,27,1,2,2,2,15.0,0,0
29.375,74.625,2023-10-28,301,43,28,1,2,2,2,15.0,0,0
29.375,74.625,2023-10-29,302,43,29,1,1,2,2,15.0,3,1
29.375,74.625,2023-10-30,303,44,30,1,1,3,3,15.0,0,0
29.375,74.625,2023-10-31,304,44,31,1,1,3,3,15.0,0,0
29.375,74.625,2023-11-01,305,44,32,1,1,3,3,15.0,0,0
29.375,74.625,2023-11-02,306,44,33,1,0,2,3,15.0,0,0
29.375,74.625,2023-11-03,307,44,34,1,0,1,3,15.0,0,0
29.375,74.625,2023-11-04,308,44,35,1,0,1,3,15.0,0,0
29.375,74.625,2023-11-05,309,44,36,1,0,1,3,15.0,1,1
29.375,74.625,2023-11-06,310,45,37,1,1,1,4,15.0,0,0
29.375,74.625,2023-11-07,311,45,38,1,1,1,4,15.0,0,0
29.375,74.625,2023-11-08,312,45,39,1,1,1,4,15.0,0,0
29.375,74.625,2023-11-09,313,45,40,1,0,1,4,15.0,0,0
29.375,74.625,2023-11-10,314,45,41,1,0,1,4,15.0,1,1
29.375,74.625,2023-11-11,315,45,42,1,1,2,5,15.0,0,0
29.375,74.625,2023-11-12,316,45,43,1,1,2,5,15.0,1,1
29.375,74.625,2023-11-13,317,46,44,1,2,2,6,15.0,0,0
29.375,74.625,2023-11-14,318,46,45,1,1,2,6,15.0,0,0
29.375,74.625,2023-11-15,319,46,46,1,1,2,6,15.0,0,0
29.375,74.625,2023-11-16,320,46,47,0,0,2,6,15.0,2,1
29.375,74.625,2023-11-17,321,46,48,0,1,3,7,15.0,1,1
29.375,74.625,2023-11-18,322,46,49,0,2,3,8,15.0,0,0
29.375,74.625,2023-11-19,323,46,50,0,2,3,8,15.0,0,0
29.375,74.625,2023-11-20,324,47,51,0,1,2,8,15.0,2,1
29.375,74.625,2023-11-21,325,47,52,0,1,3,9,15.0,0,0
29.375,74.625,2023-11-22,326,47,53,0,1,3,9,15.0,0,0
29.375,74.625,2023-11-23,327,47,54,0,1,3,9,15.0,0,0
29.375,74.625,2023-11-24,328,47,55,0,0,2,9,15.0,0,0
29.375,74.625,2023-11-25,329,47,56,0,0,1,9,15.0,0,0
29.375,74.625,2023-11-26,330,47,57,0,0,1,9,15.0,0,0
29.375,74.625,2023-11-27,331,48,58,0,0,1,9,15.0,0,0
29.375,74.625,2023-11-28,332,48,59,0,0,0,9,15.0,0,0
29.375,74.625,2023-11-29,333,48,60,0,0,0,9,15.0,0,0
29.375,74.625,2023-11-30,334,48,61,0,0,0,9,15.0,0,0
29.375,74.875,2023-10-01,274,39,1,0,0,0,0,27.0,0,0
29.375,74.875,2023-10-02,275,40,2,0,0,0,0,27.0,0,0
29.375,74.875,2023-10-03,276,40,3,0,0,0,0,27.0,0,0
29.375,74.875,2023-10-04,277,40,4,0,0,0,0,27.0,0,0
29.375,74.875,2023-10-05,278,40,5,0,0,0,0,27.0,1,1
29.375,74.875,2023-10-06,279,40,6,0,1,1,1,27.0,0,0
29.375,74.875,2023-10-07,280,40,7,0,1,1,1,27.0,0,0
29.375,74.875,2023-10-08,281,40,8,0,1,1,1,27.0,0,0
29.375,74.875,2023-10-09,282,41,9,0,0,1,1,27.0,0,0
29.375,74.875,2023-10-10,283,41,10,0,0,1,1,27.0,0,0
29.375,74.875,2023-10-11,284,41,11,0,0,1,1,27.0,0,0
29.375,74.875,2023-10-12,285,41,12,0,0,1,1,27.0,0,0
29.375,74.875,2023-10-13,286,41,13,0,0,0,1,27.0,1,1
29.375,74.875,2023-10-14,287,41,14,0,1,1,2,27.0,0,0
29.375,74.875,2023-10-15,288,41,15,0,1,1,2,27.0,1,1
29.375,74.875,2023-10-16,289,42,16,0,2,2,3,27.0,0,0
29.375,74.875,2023-10-17,290,42,17,0,1,2,3,27.0,0,0
29.375,74.875,2023-10-18,291,42,18,0,1,2,3,27.0,0,0
29.375,74.875,2023-10-19,292,42,19,0,0,2,3,27.0,0,0
29.375,74.875,2023-10-20,293,42,20,1,0,2,3,27.0,1,1
29.375,74.875,2023-10-21,294,42,21,1,1,2,4,27.0,0,0
29.375,74.875,2023-10-22,295,42,22,1,1,2,4,27.0,0,0
29.375,74.875,2023-10-23,296,43,23,1,1,1,4,27.0,0,0
29.375,74.875,2023-10-24,297,43,24,1,0,1,4,27.0,0,0
29.375,74.875,2023-10-25,298,43,25,1,0,1,4,27.0,0,0
29.375,74.875,2023-10-26,299,43,26,1,0,1,4,27.0,0,0
29.375,74.875,2023-10-27,300,43,27,1,0,1,4,27.0,0,0
29.375,74.875,2023-10-28,301,43,28,1,0,0,4,27.0,1,1
29.375,74.875,2023-10-29,302,43,29,1,1,1,5,27.0,0,0
29.375,74.875,2023-10-30,303,44,30,1,1,1,5,27.0,0,0
29.375,74.875,2023-10-31,304,44,31,1,1,1,5,27.0,0,0
29.375,74.875,2023-11-01,305,44,32,1,0,1,5,27.0,0,0
29.375,74.875,2023-11-02,306,44,33,1,0,1,5,27.0,0,0
29.375,74.875,2023-11-03,307,44,34,1,0,1,5,27.0,0,0
29.375,74.875,2023-11-04,308,44,35,1,0,1,5,27.0,0,0
29.375,74.875,2023-11-05,309,44,36,1,0,0,5,27.0,1,1
29.375,74.875,2023-11-06,310,45,37,1,1,1,6,27.0,1,1
29.375,74.875,2023-11-07,311,45,38,1,2,2,7,27.0,0,0
29.375,74.875,2023-11-08,312,45,39,1,2,2,7,27.0,0,0
29.375,74.875,2023-11-09,313,45,40,1,1,2,7,27.0,0,0
29.375,74.875,2023-11-10,314,45,41,1,0,2,7,27.0,0,0
29.375,74.875,2023-11-11,315,45,42,1,0,2,7,27.0,0,0
29.375,74.875,2023-11-12,316,45,43,1,0,2,7,27.0,2,1
29.375,74.875,2023-11-13,317,46,44,1,1,2,8,27.0,3,1
29.375,74.875,2023-11-14,318,46,45,1,2,2,9,27.0,0,0
29.375,74.875,2023-11-15,319,46,46,1,2,2,9,27.0,0,0
29.375,74.875,2023-11-16,320,46,47,0,1,2,9,27.0,2,1
29.375,74.875,2023-11-17,321,46,48,0,1,3,10,27.0,0,0
29.375,74.875,2023-11-18,322,46,49,0,1,3,10,27.0,0,0
29.375,74.875,2023-11-19,323,46,50,0,1,3,10,27.0,3,1
29.375,74.875,2023-11-20,324,47,51,0,1,3,11,27.0,2,1
29.375,74.875,2023-11-21,325,47,52,0,2,3,12,27.0,3,1
29.375,74.875,2023-11-22,326,47,53,0,3,4,13,27.0,3,1
29.375,74.875,2023-11-23,327,47,54,0,3,5,14,27.0,1,1
29.375,74.875,2023-11-24,328,47,55,0,3,5,15,27.0,1,1
29.375,74.875,2023-11-25,329,47,56,0,3,6,16,27.0,0,0
29.375,74.875,2023-11-26,330,47,57,0,2,6,16,27.0,0,0
29.375,74.875,2023-11-27,331,48,58,0,1,5,16,27.0,0,0
29.375,74.875,2023-11-28,332,48,59,0,0,4,16,27.0,0,0
29.375,74.875,2023-11-29,333,48,60,0,0,3,16,27.0,0,0
29.375,74.875,2023-11-30,334,48,61,0,0,2,16,27.0,0,0
29.375,75.125,2023-10-01,274,39,1,0,0,0,0,8.0,0,0
29.375,75.125,2023-10-02,275,40,2,0,0,0,0,8.0,0,0
29.375,75.125,2023-10-03,276,40,3,0,0,0,0,8.0,0,0
29.375,75.125,2023-10-04,277,40,4,0,0,0,0,8.0,0,0
29.375,75.125,2023-10-05,278,40,5,0,0,0,0,8.0,0,0
29.375,75.125,2023-10-06,279,40,6,0,0,0,0,8.0,1,1
29.375,75.125,2023-10-07,280,40,7,0,1,1,1,8.0,0,0
29.375,75.125,2023-10-08,281,40,8,0,1,1,1,8.0,0,0
29.375,75.125,2023-10-09,282,41,9,0,1,1,1,8.0,0,0
29.375,75.125,2023-10-10,283,41,10,0,0,1,1,8.0,0,0
29.375,75.125,2023-10-11,284,41,11,0,0,1,1,8.0,0,0
29.375,75.125,2023-10-12,285,41,12,0,0,1,1,8.0,0,0
29.375,75.125,2023-10-13,286,41,13,0,0,1,1,8.0,0,0
29.375,75.125,2023-10-14,287,41,14,0,0,0,1,8.0,0,0
29.375,75.125,2023-10-15,288,41,15,0,0,0,1,8.0,0,0
29.375,75.125,2023-10-16,289,42,16,0,0,0,1,8.0,0,0
29.375,75.125,2023-10-17,290,42,17,0,0,0,1,8.0,0,0
29.375,75.125,2023-10-18,291,42,18,0,0,0,1,8.0,0,0
29.375,75.125,2023-10-19,292,42,19,0,0,0,1,8.0,0,0
29.375,75.125,2023-10-20,293,42,20,1,0,0,1,8.0,0,0
29.375,75.125,2023-10-21,294,42,21,1,0,0,1,8.0,0,0
29.375,75.125,2023-10-22,295,42,22,1,0,0,1,8.0,0,0
29.375,75.125,2023-10-23,296,43,23,1,0,0,1,8.0,0,0
29.375,75.125,2023-10-24,297,43,24,1,0,0,1,8.0,1,1
29.375,75.125,2023-10-25,298,43,25,1,1,1,2,8.0,0,0
29.375,75.125,2023-10-26,299,43,26,1,1,1,2,8.0,1,1
29.375,75.125,2023-10-27,300,43,27,1,2,2,3,8.0,1,1
29.375,75.125,2023-10-28,301,43,28,1,2,3,4,8.0,0,0
29.375,75.125,2023-10-29,302,43,29,1,2,3,4,8.0,0,0
29.375,75.125,2023-10-30,303,44,30,1,1,3,4,8.0,1,1
29.375,75.125,2023-10-31,304,44,31,1,1,4,5,8.0,1,1
29.375,75.125,2023-11-01,305,44,32,1,2,4,6,8.0,0,0
29.375,75.125,2023-11-02,306,44,33,1,2,4,6,8.0,0,0
29.375,75.125,2023-11-03,307,44,34,1,1,3,6,8.0,0,0
29.375,75.125,2023-11-04,308,44,35,1,0,2,6,8.0,0,0
29.375,75.125,2023-11-05,309,44,36,1,0,2,6,8.0,0,0
29.375,75.125,2023-11-06,310,45,37,1,0,2,6,8.0,0,0
29.375,75.125,2023-11-07,311,45,38,1,0,1,6,8.0,0,0
29.375,75.125,2023-11-08,312,45,39,1,0,0,6,8.0,0,0
29.375,75.125,2023-11-09,313,45,40,1,0,0,6,8.0,0,0
29.375,75.125,2023-11-10,314,45,41,1,0,0,6,8.0,0,0
29.375,75.125,2023-11-11,315,45,42,1,0,0,6,8.0,0,0
29.375,75.125,2023-11-12,316,45,43,1,0,0,6,8.0,1,1
29.375,75.125,2023-11-13,317,46,44,1,1,1,7,8.0,0,0
29.375,75.125,2023-11-14,318,46,45,1,1,1,7,8.0,0,0
29.375,75.125,2023-11-15,319,46,46,1,1,1,7,8.0,0,0
29.375,75.125,2023-11-16,320,46,47,0,0,1,7,8.0,1,1
29.375,75.125,2023-11-17,321,46,48,0,1,2,8,8.0,0,0
29.375,75.125,2023-11-18,322,46,49,0,1,2,8,8.0,0,0
29.375,75.125,2023-11-19,323,46,50,0,1,2,8,8.0,0,0
29.375,75.125,2023-11-20,324,47,51,0,0,1,8,8.0,0,0
29.375,75.125,2023-11-21,325,47,52,0,0,1,8,8.0,0,0
29.375,75.125,2023-11-22,326,47,53,0,0,1,8,8.0,0,0
29.375,75.125,2023-11-23,327,47,54,0,0,1,8,8.0,0,0
29.375,75.125,2023-11-24,328,47,55,0,0,0,8,8.0,0,0
29.375,75.125,2023-11-25,329,47,56,0,0,0,8,8.0,0,0
29.375,75.125,2023-11-26,330,47,57,0,0,0,8,8.0,0,0
29.375,75.125,2023-11-27,331,48,58,0,0,0,8,8.0,0,0
29.375,75.125,2023-11-28,332,48,59,0,0,0,8,8.0,0,0
29.375,75.125,2023-11-29,333,48,60,0,0,0,8,8.0,0,0
29.375,75.125,2023-11-30,334,48,61,0,0,0,8,8.0,0,0
29.375,75.375,2023-10-01,274,39,1,0,0,0,0,27.0,0,0
29.375,75.375,2023-10-02,275,40,2,0,0,0,0,27.0,0,0
29.375,75.375,2023-10-03,276,40,3,0,0,0,0,27.0,1,1
29.375,75.375,2023-10-04,277,40,4,0,1,1,1,27.0,0,0
29.375,75.375,2023-10-05,278,40,5,0,1,1,1,27.0,0,0
29.375,75.375,2023-10-06,279,40,6,0,1,1,1,27.0,0,0
29.375,75.375,2023-10-07,280,40,7,0,0,1,1,27.0,0,0
29.375,75.375,2023-10-08,281,40,8,0,0,1,1,27.0,0,0
29.375,75.375,2023-10-09,282,41,9,0,0,1,1,27.0,0,0
29.375,75.375,2023-10-10,283,41,10,0,0,1,1,27.0,1,1
29.375,75.375,2023-10-11,284,41,11,0,1,1,2,27.0,0,0
29.375,75.375,2023-10-12,285,41,12,0,1,1,2,27.0,0,0
29.375,75.375,2023-10-13,286,41,13,0,1,1,2,27.0,1,1
29.375,75.375,2023-10-14,287,41,14,0,1,2,3,27.0,1,1
29.375,75.375,2023-10-15,288,41,15,0,2,3,4,27.0,3,1
29.375,75.375,2023-10-16,289,42,16,0,3,4,5,27.0,0,0
29.375,75.375,2023-10-17,290,42,17,0,2,4,5,27.0,0,0
29.375,75.375,2023-10-18,291,42,18,0,1,3,5,27.0,1,1
29.375,75.375,2023-10-19,292,42,19,0,1,4,6,27.0,0,0
29.375,75.375,2023-10-20,293,42,20,1,1,4,6,27.0,0,0
29.375,75.375,2023-10-21,294,42,21,1,1,3,6,27.0,1,1
29.375,75.375,2023-10-22,295,42,22,1,1,3,7,27.0,0,0
29.375,75.375,2023-10-23,296,43,23,1,1,2,7,27.0,0,0
29.375,75.375,2023-10-24,297,43,24,1,1,2,7,27.0,0,0
29.375,75.375,2023-10-25,298,43,25,1,0,2,7,27.0,1,1
29.375,75.375,2023-10-26,299,43,26,1,1,2,8,27.0,2,1
29.375,75.375,2023-10-27,300,43,27,1,2,3,9,27.0,1,1
29.375,75.375,2023-10-28,301,43,28,1,3,4,10,27.0,0,0
29.375,75.375,2023-10-29,302,43,29,1,2,3,10,27.0,0,0
29.375,75.375,2023-10-30,303,44,30,1,1,3,10,27.0,1,1
29.375,75.375,2023-10-31,304,44,31,1,1,4,11,27.0,2,1
29.375,75.375,2023-11-01,305,44,32,1,2,5,12,27.0,0,0
29.375,75.375,2023-11-02,306,44,33,1,2,4,12,27.0,0,0
29.375,75.375,2023-11-03,307,44,34,1,1,3,12,27.0,0,0
29.375,75.375,2023-11-04,308,44,35,1,0,2,12,27.0,0,0
29.375,75.375,2023-11-05,309,44,36,1,0,2,12,27.0,5,1
29.375,75.375,2023-11-06,310,45,37,1,1,3,13,27.0,0,0
29.375,75.375,2023-11-07,311,45,38,1,1,2,13,27.0,0,0
29.375,75.375,2023-11-08,312,45,39,1,1,1,13,27.0,0,0
29.375,75.375,2023-11-09,313,45,40,1,0,1,13,27.0,0,0
29.375,75.375,2023-11-10,314,45,41,1,0,1,13,27.0,1,1
29.375,75.375,2023-11-11,315,45,42,1,1,2,14,27.0,1,1
29.375,75.375,2023-11-12,316,45,43,1,2,3,15,27.0,1,1
29.375,75.375,2023-11-13,317,46,44,1,3,3,16,27.0,1,1
29.375,75.375,2023-11-14,318,46,45,1,3,4,17,27.0,0,0
29.375,75.375,2023-11-15,319,46,46,1,2,4,17,27.0,0,0
29.375,75.375,2023-11-16,320,46,47,0,1,4,17,27.0,1,1
29.375,75.375,2023-11-17,321,46,48,0,1,5,18,27.0,0,0
29.375,75.375,2023-11-18,322,46,49,0,1,4,18,27.0,0,0
29.375,75.375,2023-11-19,323,46,50,0,1,3,18,27.0,0,0
29.375,75.375,2023-11-20,324,47,51,0,0,2,18,27.0,0,0
29.375,75.375,2023-11-21,325,47,52,0,0,1,18,27.0,0,0
29.375,75.375,2023-11-22,326,47,53,0,0,1,18,27.0,1,1
29.375,75.375,2023-11-23,327,47,54,0,1,2,19,27.0,0,0
29.375,75.375,2023-11-24,328,47,55,0,1,1,19,27.0,0,0
29.375,75.375,2023-11-25,329,47,56,0,1,1,19,27.0,0,0
29.375,75.375,2023-11-26,330,47,57,0,0,1,19,27.0,0,0
29.375,75.375,2023-11-27,331,48,58,0,0,1,19,27.0,0,0
29.375,75.375,2023-11-28,332,48,59,0,0,1,19,27.0,0,0
29.375,75.375,2023-11-29,333,48,60,0,0,1,19,27.0,0,0
29.375,75.375,2023-11-30,334,48,61,0,0,0,19,27.0,0,0
29.375,75.625,2023-10-01,274,39,1,0,0,0,0,63.0,0,0
29.375,75.625,2023-10-02,275,40,2,0,0,0,0,63.0,2,1
29.375,75.625,2023-10-03,276,40,3,0,1,1,1,63.0,0,0
29.375,75.625,2023-10-04,277,40,4,0,1,1,1,63.0,1,1
29.375,75.625,2023-10-05,278,40,5,0,2,2,2,63.0,1,1
29.375,75.625,2023-10-06,279,40,6,0,2,3,3,63.0,0,0
29.375,75.625,2023-10-07,280,40,7,0,2,3,3,63.0,0,0
29.375,75.625,2023-10-08,281,40,8,0,1,3,3,63.0,0,0
29.375,75.625,2023-10-09,282,41,9,0,0,3,3,63.0,2,1
29.375,75.625,2023-10-10,283,41,10,0,1,3,4,63.0,4,1
29.375,75.625,2023-10-11,284,41,11,0,2,4,5,63.0,3,1
29.375,75.625,2023-10-12,285,41,12,0,3,4,6,63.0,5,1
29.375,75.625,2023-10-13,286,41,13,0,3,4,7,63.0,3,1
29.375,75.625,2023-10-14,287,41,14,0,3,5,8,63.0,3,1
29.375,75.625,2023-10-15,288,41,15,0,3,6,9,63.0,5,1
29.375,75.625,2023-10-16,289,42,16,0,3,7,10,63.0,0,0
29.375,75.625,2023-10-17,290,42,17,0,2,6,10,63.0,0,0
29.375,75.625,2023-10-18,291,42,18,0,1,5,10,63.0,1,1
29.375,75.625,2023-10-19,292,42,19,0,1,5,11,63.0,1,1
29.375,75.625,2023-10-20,293,42,20,1,2,5,12,63.0,0,0
29.375,75.625,2023-10-21,294,42,21,1,2,4,12,63.0,5,1
29.375,75.625,2023-10-22,295,42,22,1,2,4,13,63.0,0,0
29.375,75.625,2023-10-23,296,43,23,1,1,3,13,63.0,1,1
29.375,75.625,2023-10-24,297,43,24,1,2,4,14,63.0,2,1
29.375,75.625,2023-10-25,298,43,25,1,2,5,15,63.0,1,1
29.375,75.625,2023-10-26,299,43,26,1,3,5,16,63.0,4,1
29.375,75.625,2023-10-27,300,43,27,1,3,5,17,63.0,1,1
29.375,75.625,2023-10-28,301,43,28,1,3,6,18,63.0,1,1
29.375,75.625,2023-10-29,302,43,29,1,3,6,19,63.0,2,1
29.375,75.625,2023-10-30,303,44,30,1,3,7,20,63.0,1,1
29.375,75.625,2023-10-31,304,44,31,1,3,7,21,63.0,6,1
29.375,75.625,2023-11-01,305,44,32,1,3,7,22,63.0,2,1
29.375,75.625,2023-11-02,306,44,33,1,3,7,23,63.0,0,0
29.375,75.625,2023-11-03,307,44,34,1,2,6,23,63.0,0,0
29.375,75.625,2023-11-04,308,44,35,1,1,5,23,63.0,0,0
29.375,75.625,2023-11-05,309,44,36,1,0,4,23,63.0,0,0
29.375,75.625,2023-11-06,310,45,37,1,0,3,23,63.0,2,1
29.375,75.625,2023-11-07,311,45,38,1,1,3,24,63.0,0,0
29.375,75.625,2023-11-08,312,45,39,1,1,2,24,63.0,0,0
29.375,75.625,2023-11-09,313,45,40,1,1,1,24,63.0,0,0
29.375,75.625,2023-11-10,314,45,41,1,0,1,24,63.0,0,0
29.375,75.625,2023-11-11,315,45,42,1,0,1,24,63.0,0,0
29.375,75.625,2023-11-12,316,45,43,1,0,1,24,63.0,0,0
29.375,75.625,2023-11-13,317,46,44,1,0,1,24,63.0,0,0
29.375,75.625,2023-11-14,318,46,45,1,0,0,24,63.0,0,0
29.375,75.625,2023-11-15,319,46,46,1,0,0,24,63.0,2,1
29.375,75.625,2023-11-16,320,46,47,0,1,1,25,63.0,1,1
29.375,75.625,2023-11-17,321,46,48,0,2,2,26,63.0,1,1
29.375,75.625,2023-11-18,322,46,49,0,3,3,27,63.0,0,0
29.375,75.625,2023-11-19,323,46,50,0,2,3,27,63.0,0,0
29.375,75.625,2023-11-20,324,47,51,0,1,3,27,63.0,0,0
29.375,75.625,2023-11-21,325,47,52,0,0,3,27,63.0,0,0
29.375,75.625,2023-11-22,326,47,53,0,0,3,27,63.0,0,0
29.375,75.625,2023-11-23,327,47,54,0,0,2,27,63.0,0,0
29.375,75.625,2023-11-24,328,47,55,0,0,1,27,63.0,0,0
29.375,75.625,2023-11-25,329,47,56,0,0,0,27,63.0,0,0
29.375,75.625,2023-11-26,330,47,57,0,0,0,27,63.0,0,0
29.375,75.625,2023-11-27,331,48,58,0,0,0,27,63.0,0,0
29.375,75.625,2023-11-28,332,48,59,0,0,0,27,63.0,0,0
29.375,75.625,2023-11-29,333,48,60,0,0,0,27,63.0,0,0
29.375,75.625,2023-11-30,334,48,61,0,0,0,27,63.0,0,0
29.375,75.875,2023-10-01,274,39,1,0,0,0,0,71.0,0,0
29.375,75.875,2023-10-02,275,40,2,0,0,0,0,71.0,0,0
29.375,75.875,2023-10-03,276,40,3,0,0,0,0,71.0,1,1
29.375,75.875,2023-10-04,277,40,4,0,1,1,1,71.0,2,1
29.375,75.875,2023-10-05,278,40,5,0,2,2,2,71.0,2,1
29.375,75.875,2023-10-06,279,40,6,0,3,3,3,71.0,0,0
29.375,75.875,2023-10-07,280,40,7,0,2,3,3,71.0,0,0
29.375,75.875,2023-10-08,281,40,8,0,1,3,3,71.0,2,1
29.375,75.875,2023-10-09,282,41,9,0,1,4,4,71.0,1,1
29.375,75.875,2023-10-10,283,41,10,0,2,5,5,71.0,6,1
29.375,75.875,2023-10-11,284,41,11,0,3,5,6,71.0,1,1
29.375,75.875,2023-10-12,285,41,12,0,3,5,7,71.0,0,0
29.375,75.875,2023-10-13,286,41,13,0,2,4,7,71.0,1,1
29.375,75.875,2023-10-14,287,41,14,0,2,5,8,71.0,8,1
29.375,75.875,2023-10-15,288,41,15,0,2,6,9,71.0,2,1
29.375,75.875,2023-10-16,289,42,16,0,3,6,10,71.0,0,0
29.375,75.875,2023-10-17,290,42,17,0,2,5,10,71.0,0,0
29.375,75.875,2023-10-18,291,42,18,0,1,4,10,71.0,0,0
29.375,75.875,2023-10-19,292,42,19,0,0,3,10,71.0,2,1
29.375,75.875,2023-10-20,293,42,20,1,1,4,11,71.0,6,1
29.375,75.875,2023-10-21,294,42,21,1,2,4,12,71.0,5,1
29.375,75.875,2023-10-22,295,42,22,1,3,4,13,71.0,1,1
29.375,75.875,2023-10-23,296,43,23,1,3,4,14,71.0,1,1
29.375,75.875,2023-10-24,297,43,24,1,3,5,15,71.0,3,1
29.375,75.875,2023-10-25,298,43,25,1,3,6,16,71.0,6,1
29.375,75.875,2023-10-26,299,43,26,1,3,7,17,71.0,5,1
29.375,75.875,2023-10-27,300,43,27,1,3,7,18,71.0,5,1
29.375,75.875,2023-10-28,301,43,28,1,3,7,19,71.0,1,1
29.375,75.875,2023-10-29,302,43,29,1,3,7,20,71.0,1,1
29.375,75.875,2023-10-30,303,44,30,1,3,7,21,71.0,1,1
29.375,75.875,2023-10-31,304,44,31,1,3,7,22,71.0,1,1
29.375,75.875,2023-11-01,305,44,32,1,3,7,23,71.0,0,0
29.375,75.875,2023-11-02,306,44,33,1,2,6,23,71.0,0,0
29.375,75.875,2023-11-03,307,44,34,1,1,5,23,71.0,0,0
29.375,75.875,2023-11-04,308,44,35,1,0,4,23,71.0,0,0
29.375,75.875,2023-11-05,309,44,36,1,0,3,23,71.0,3,1
29.375,75.875,2023-11-06,310,45,37,1,1,3,24,71.0,1,1
29.375,75.875,2023-11-07,311,45,38,1,2,3,25,71.0,0,0
29.375,75.875,2023-11-08,312,45,39,1,2,2,25,71.0,0,0
29.375,75.875,2023-11-09,313,45,40,1,1,2,25,71.0,0,0
29.375,75.875,2023-11-10,314,45,41,1,0,2,25,71.0,0,0
29.375,75.875,2023-11-11,315,45,42,1,0,2,25,71.0,0,0
29.375,75.875,2023-11-12,316,45,43,1,0,2,25,71.0,1,1
29.375,75.875,2023-11-13,317,46,44,1,1,2,26,71.0,0,0
29.375,75.875,2023-11-14,318,46,45,1,1,1,26,71.0,0,0
29.375,75.875,2023-11-15,319,46,46,1,1,1,26,71.0,0,0
29.375,75.875,2023-11-16,320,46,47,0,0,1,26,71.0,0,0
29.375,75.875,2023-11-17,321,46,48,0,0,1,26,71.0,0,0
29.375,75.875,2023-11-18,322,46,49,0,0,1,26,71.0,0,0
29.375,75.875,2023-11-19,323,46,50,0,0,1,26,71.0,2,1
29.375,75.875,2023-11-20,324,47,51,0,1,1,27,71.0,0,0
29.375,75.875,2023-11-21,325,47,52,0,1,1,27,71.0,0,0
29.375,75.875,2023-11-22,326,47,53,0,1,1,27,71.0,0,0
29.375,75.875,2023-11-23,327,47,54,0,0,1,27,71.0,0,0
29.375,75.875,2023-11-24,328,47,55,0,0,1,27,71.0,0,0
29.375,75.875,2023-11-25,329,47,56,0,0,1,27,71.0,0,0
29.375,75.875,2023-11-26,330,47,57,0,0,1,27,71.0,0,0
29.375,75.875,2023-11-27,331,48,58,0,0,0,27,71.0,0,0
29.375,75.875,2023-11-28,332,48,59,0,0,0,27,71.0,0,0
29.375,75.875,2023-11-29,333,48,60,0,0,0,27,71.0,0,0
29.375,75.875,2023-11-30,334,48,61,0,0,0,27,71.0,0,0
29.375,76.125,2023-10-01,274,39,1,0,0,0,0,77.0,2,1
29.375,76.125,2023-10-02,275,40,2,0,1,1,1,77.0,1,1
29.375,76.125,2023-10-03,276,40,3,0,2,2,2,77.0,0,0
29.375,76.125,2023-10-04,277,40,4,0,2,2,2,77.0,1,1
29.375,76.125,2023-10-05,278,40,5,0,2,3,3,77.0,0,0
29.375,76.125,2023-10-06,279,40,6,0,1,3,3,77.0,0,0
29.375,76.125,2023-10-07,280,40,7,0,1,3,3,77.0,1,1
29.375,76.125,2023-10-08,281,40,8,0,1,4,4,77.0,0,0
29.375,76.125,2023-10-09,282,41,9,0,1,3,4,77.0,0,0
29.375,76.125,2023-10-10,283,41,10,0,1,2,4,77.0,2,1
29.375,76.125,2023-10-11,284,41,11,0,1,3,5,77.0,1,1
29.375,76.125,2023-10-12,285,41,12,0,2,3,6,77.0,3,1
29.375,76.125,2023-10-13,286,41,13,0,3,4,7,77.0,0,0
29.375,76.125,2023-10-14,287,41,14,0,2,4,7,77.0,4,1
29.375,76.125,2023-10-15,288,41,15,0,2,4,8,77.0,3,1
29.375,76.125,2023-10-16,289,42,16,0,2,5,9,77.0,0,0
29.375,76.125,2023-10-17,290,42,17,0,2,5,9,77.0,0,0
29.375,76.125,2023-10-18,291,42,18,0,1,4,9,77.0,0,0
29.375,76.125,2023-10-19,292,42,19,0,0,3,9,77.0,2,1
29.375,76.125,2023-10-20,293,42,20,1,1,3,10,77.0,2,1
29.375,76.125,2023-10-21,294,42,21,1,2,4,11,77.0,4,1
29.375,76.125,2023-10-22,295,42,22,1,3,4,12,77.0,1,1
29.375,76.125,2023-10-23,296,43,23,1,3,4,13,77.0,1,1
29.375,76.125,2023-10-24,297,43,24,1,3,5,14,77.0,6,1
29.375,76.125,2023-10-25,298,43,25,1,3,6,15,77.0,2,1
29.375,76.125,2023-10-26,299,43,26,1,3,7,16,77.0,6,1
29.375,76.125,2023-10-27,300,43,27,1,3,7,17,77.0,5,1
29.375,76.125,2023-10-28,301,43,28,1,3,7,18,77.0,0,0
29.375,76.125,2023-10-29,302,43,29,1,2,6,18,77.0,2,1
29.375,76.125,2023-10-30,303,44,30,1,2,6,19,77.0,1,1
29.375,76.125,2023-10-31,304,44,31,1,2,6,20,77.0,4,1
29.375,76.125,2023-11-01,305,44,32,1,3,6,21,77.0,2,1
29.375,76.125,2023-11-02,306,44,33,1,3,6,22,77.0,0,0
29.375,76.125,2023-11-03,307,44,34,1,2,5,22,77.0,0,0
29.375,76.125,2023-11-04,308,44,35,1,1,4,22,77.0,0,0
29.375,76.125,2023-11-05,309,44,36,1,0,4,22,77.0,2,1
29.375,76.125,2023-11-06,310,45,37,1,1,4,23,77.0,3,1
29.375,76.125,2023-11-07,311,45,38,1,2,4,24,77.0,2,1
29.375,76.125,2023-11-08,312,45,39,1,3,4,25,77.0,0,0
29.375,76.125,2023-11-09,313,45,40,1,2,3,25,77.0,1,1
29.375,76.125,2023-11-10,314,45,41,1,2,4,26,77.0,0,0
29.375,76.125,2023-11-11,315,45,42,1,1,4,26,77.0,0,0
29.375,76.125,2023-11-12,316,45,43,1,1,4,26,77.0,1,1
29.375,76.125,2023-11-13,317,46,44,1,1,4,27,77.0,0,0
29.375,76.125,2023-11-14,318,46,45,1,1,3,27,77.0,0,0
29.375,76.125,2023-11-15,319,46,46,1,1,2,27,77.0,0,0
29.375,76.125,2023-11-16,320,46,47,0,0,2,27,77.0,2,1
29.375,76.125,2023-11-17,321,46,48,0,1,2,28,77.0,1,1
29.375,76.125,2023-11-18,322,46,49,0,2,3,29,77.0,0,0
29.375,76.125,2023-11-19,323,46,50,0,2,3,29,77.0,1,1
29.375,76.125,2023-11-20,324,47,51,0,2,3,30,77.0,0,0
29.375,76.125,2023-11-21,325,47,52,0,1,3,30,77.0,6,1
29.375,76.125,2023-11-22,326,47,53,0,2,4,31,77.0,1,1
29.375,76.125,2023-11-23,327,47,54,0,2,5,32,77.0,1,1
29.375,76.125,2023-11-24,328,47,55,0,3,5,33,77.0,0,0
29.375,76.125,2023-11-25,329,47,56,0,2,4,33,77.0,0,0
29.375,76.125,2023-11-26,330,47,57,0,1,4,33,77.0,0,0
29.375,76.125,2023-11-27,331,48,58,0,0,3,33,77.0,0,0
29.375,76.125,2023-11-28,332,48,59,0,0,3,33,77.0,0,0
29.375,76.125,2023-11-29,333,48,60,0,0,2,33,77.0,0,0
29.375,76.125,2023-11-30,334,48,61,0,0,1,33,77.0,0,0
29.375,76.375,2023-10-01,274,39,1,0,0,0,0,62.0,0,0
29.375,76.375,2023-10-02,275,40,2,0,0,0,0,62.0,0,0
29.375,76.375,2023-10-03,276,40,3,0,0,0,0,62.0,0,0
29.375,76.375,2023-10-04,277,40,4,0,0,0,0,62.0,0,0
29.375,76.375,2023-10-05,278,40,5,0,0,0,0,62.0,0,0
29.375,76.375,2023-10-06,279,40,6,0,0,0,0,62.0,0,0
29.375,76.375,2023-10-07,280,40,7,0,0,0,0,62.0,0,0
29.375,76.375,2023-10-08,281,40,8,0,0,0,0,62.0,1,1
29.375,76.375,2023-10-09,282,41,9,0,1,1,1,62.0,2,1
29.375,76.375,2023-10-10,283,41,10,0,2,2,2,62.0,5,1
29.375,76.375,2023-10-11,284,41,11,0,3,3,3,62.0,2,1
29.375,76.375,2023-10-12,285,41,12,0,3,4,4,62.0,0,0
29.375,76.375,2023-10-13,286,41,13,0,2,4,4,62.0,0,0
29.375,76.375,2023-10-14,287,41,14,0,1,4,4,62.0,0,0
29.375,76.375,2023-10-15,288,41,15,0,0,4,4,62.0,0,0
29.375,76.375,2023-10-16,289,42,16,0,0,3,4,62.0,0,0
29.375,76.375,2023-10-17,290,42,17,0,0,2,4,62.0,0,0
29.375,76.375,2023-10-18,291,42,18,0,0,1,4,62.0,0,0
29.375,76.375,2023-10-19,292,42,19,0,0,0,4,62.0,0,0
29.375,76.375,2023-10-20,293,42,20,1,0,0,4,62.0,4,1
29.375,76.375,2023-10-21,294,42,21,1,1,1,5,62.0,1,1
29.375,76.375,2023-10-22,295,42,22,1,2,2,6,62.0,0,0
29.375,76.375,2023-10-23,296,43,23,1,2,2,6,62.0,0,0
29.375,76.375,2023-10-24,297,43,24,1,1,2,6,62.0,1,1
29.375,76.375,2023-10-25,298,43,25,1,1,3,7,62.0,0,0
29.375,76.375,2023-10-26,299,43,26,1,1,3,7,62.0,2,1
29.375,76.375,2023-10-27,300,43,27,1,2,4,8,62.0,4,1
29.375,76.375,2023-10-28,301,43,28,1,2,4,9,62.0,0,0
29.375,76.375,2023-10-29,302,43,29,1,2,3,9,62.0,0,0
29.375,76.375,2023-10-30,303,44,30,1,1,3,9,62.0,0,0
29.375,76.375,2023-10-31,304,44,31,1,0,3,9,62.0,2,1
29.375,76.375,2023-11-01,305,44,32,1,1,3,10,62.0,2,1
29.375,76.375,2023-11-02,306,44,33,1,2,4,11,62.0,0,0
29.375,76.375,2023-11-03,307,44,34,1,2,3,11,62.0,0,0
29.375,76.375,2023-11-04,308,44,35,1,1,2,11,62.0,2,1
29.375,76.375,2023-11-05,309,44,36,1,1,3,12,62.0,8,1
29.375,76.375,2023-11-06,310,45,37,1,2,4,13,62.0,6,1
29.375,76.375,2023-11-07,311,45,38,1,3,5,14,62.0,3,1
29.375,76.375,2023-11-08,312,45,39,1,3,5,15,62.0,0,0
29.375,76.375,2023-11-09,313,45,40,1,2,4,15,62.0,1,1
29.375,76.375,2023-11-10,314,45,41,1,2,5,16,62.0,0,0
29.375,76.375,2023-11-11,315,45,42,1,1,5,16,62.0,0,0
29.375,76.375,2023-11-12,316,45,43,1,1,4,16,62.0,5,1
29.375,76.375,2023-11-13,317,46,44,1,1,4,17,62.0,0,0
29.375,76.375,2023-11-14,318,46,45,1,1,3,17,62.0,2,1
29.375,76.375,2023-11-15,319,46,46,1,2,3,18,62.0,0,0
29.375,76.375,2023-11-16,320,46,47,0,1,3,18,62.0,1,1
29.375,76.375,2023-11-17,321,46,48,0,2,3,19,62.0,0,0
29.375,76.375,2023-11-18,322,46,49,0,1,3,19,62.0,0,0
29.375,76.375,2023-11-19,323,46,50,0,1,3,19,62.0,0,0
29.375,76.375,2023-11-20,324,47,51,0,0,2,19,62.0,0,0
29.375,76.375,2023-11-21,325,47,52,0,0,2,19,62.0,1,1
29.375,76.375,2023-11-22,326,47,53,0,1,2,20,62.0,3,1
29.375,76.375,2023-11-23,327,47,54,0,2,3,21,62.0,0,0
29.375,76.375,2023-11-24,328,47,55,0,2,2,21,62.0,4,1
29.375,76.375,2023-11-25,329,47,56,0,2,3,22,62.0,0,0
29.375,76.375,2023-11-26,330,47,57,0,1,3,22,62.0,0,0
29.375,76.375,2023-11-27,331,48,58,0,1,3,22,62.0,0,0
29.375,76.375,2023-11-28,332,48,59,0,0,3,22,62.0,0,0
29.375,76.375,2023-11-29,333,48,60,0,0,2,22,62.0,0,0
29.375,76.375,2023-11-30,334,48,61,0,0,1,22,62.0,0,0
29.375,76.625,2023-10-01,274,39,1,0,0,0,0,60.0,0,0
29.375,76.625,2023-10-02,275,40,2,0,0,0,0,60.0,0,0
29.375,76.625,2023-10-03,276,40,3,0,0,0,0,60.0,0,0
29.375,76.625,2023-10-04,277,40,4,0,0,0,0,60.0,1,1
29.375,76.625,2023-10-05,278,40,5,0,1,1,1,60.0,3,1
29.375,76.625,2023-10-06,279,40,6,0,2,2,2,60.0,0,0
29.375,76.625,2023-10-07,280,40,7,0,2,2,2,60.0,0,0
29.375,76.625,2023-10-08,281,40,8,0,1,2,2,60.0,1,1
29.375,76.625,2023-10-09,282,41,9,0,1,3,3,60.0,1,1
29.375,76.625,2023-10-10,283,41,10,0,2,4,4,60.0,0,0
29.375,76.625,2023-10-11,284,41,11,0,2,4,4,60.0,2,1
29.375,76.625,2023-10-12,285,41,12,0,2,4,5,60.0,0,0
29.375,76.625,2023-10-13,286,41,13,0,1,3,5,60.0,2,1
29.375,76.625,2023-10-14,287,41,14,0,2,4,6,60.0,1,1
29.375,76.625,2023-10-15,288,41,15,0,2,5,7,60.0,3,1
29.375,76.625,2023-10-16,289,42,16,0,3,5,8,60.0,0,0
29.375,76.625,2023-10-17,290,42,17,0,2,4,8,60.0,0,0
29.375,76.625,2023-10-18,291,42,18,0,1,4,8,60.0,0,0
29.375,76.625,2023-10-19,292,42,19,0,0,3,8,60.0,0,0
29.375,76.625,2023-10-20,293,42,20,1,0,3,8,60.0,1,1
29.375,76.625,2023-10-21,294,42,21,1,1,3,9,60.0,1,1
29.375,76.625,2023-10-22,295,42,22,1,2,3,10,60.0,2,1
29.375,76.625,2023-10-23,296,43,23,1,3,3,11,60.0,2,1
29.375,76.625,2023-10-24,297,43,24,1,3,4,12,60.0,1,1
29.375,76.625,2023-10-25,298,43,25,1,3,5,13,60.0,3,1
29.375,76.625,2023-10-26,299,43,26,1,3,6,14,60.0,1,1
29.375,76.625,2023-10-27,300,43,27,1,3,7,15,60.0,0,0
29.375,76.625,2023-10-28,301,43,28,1,2,6,15,60.0,0,0
29.375,76.625,2023-10-29,302,43,29,1,1,5,15,60.0,0,0
29.375,76.625,2023-10-30,303,44,30,1,0,4,15,60.0,1,1
29.375,76.625,2023-10-31,304,44,31,1,1,4,16,60.0,2,1
29.375,76.625,2023-11-01,305,44,32,1,2,4,17,60.0,1,1
29.375,76.625,2023-11-02,306,44,33,1,3,4,18,60.0,0,0
29.375,76.625,2023-11-03,307,44,34,1,2,3,18,60.0,1,1
29.375,76.625,2023-11-04,308,44,35,1,2,4,19,60.0,0,0
29.375,76.625,2023-11-05,309,44,36,1,1,4,19,60.0,5,1
29.375,76.625,2023-11-06,310,45,37,1,2,5,20,60.0,3,1
29.375,76.625,2023-11-07,311,45,38,1,2,5,21,60.0,1,1
29.375,76.625,2023-11-08,312,45,39,1,3,5,22,60.0,2,1
29.375,76.625,2023-11-09,313,45,40,1,3,5,23,60.0,0,0
29.375,76.625,2023-11-10,314,45,41,1,2,5,23,60.0,0,0
29.375,76.625,2023-11-11,315,45,42,1,1,4,23,60.0,0,0
29.375,76.625,2023-11-12,316,45,43,1,0,4,23,60.0,10,1
29.375,76.625,2023-11-13,317,46,44,1,1,4,24,60.0,0,0
29.375,76.625,2023-11-14,318,46,45,1,1,3,24,60.0,1,1
29.375,76.625,2023-11-15,319,46,46,1,2,3,25,60.0,0,0
29.375,76.625,2023-11-16,320,46,47,0,1,2,25,60.0,3,1
29.375,76.625,2023-11-17,321,46,48,0,2,3,26,60.0,0,0
29.375,76.625,2023-11-18,322,46,49,0,1,3,26,60.0,1,1
29.375,76.625,2023-11-19,323,46,50,0,2,4,27,60.0,0,0
29.375,76.625,2023-11-20,324,47,51,0,1,3,27,60.0,0,0
29.375,76.625,2023-11-21,325,47,52,0,1,3,27,60.0,0,0
29.375,76.625,2023-11-22,326,47,53,0,0,2,27,60.0,3,1
29.375,76.625,2023-11-23,327,47,54,0,1,3,28,60.0,0,0
29.375,76.625,2023-11-24,328,47,55,0,1,2,28,60.0,1,1
29.375,76.625,2023-11-25,329,47,56,0,2,3,29,60.0,0,0
29.375,76.625,2023-11-26,330,47,57,0,1,2,29,60.0,0,0
29.375,76.625,2023-11-27,331,48,58,0,1,2,29,60.0,0,0
29.375,76.625,2023-11-28,332,48,59,0,0,2,29,60.0,0,0
29.375,76.625,2023-11-29,333,48,60,0,0,2,29,60.0,0,0
29.375,76.625,2023-11-30,334,48,61,0,0,1,29,60.0,0,0
29.375,76.875,2023-10-01,274,39,1,0,0,0,0,46.0,1,1
29.375,76.875,2023-10-02,275,40,2,0,1,1,1,46.0,0,0
29.375,76.875,2023-10-03,276,40,3,0,1,1,1,46.0,0,0
29.375,76.875,2023-10-04,277,40,4,0,1,1,1,46.0,1,1
29.375,76.875,2023-10-05,278,40,5,0,1,2,2,46.0,3,1
29.375,76.875,2023-10-06,279,40,6,0,2,3,3,46.0,0,0
29.375,76.875,2023-10-07,280,40,7,0,2,3,3,46.0,1,1
29.375,76.875,2023-10-08,281,40,8,0,2,4,4,46.0,1,1
29.375,76.875,2023-10-09,282,41,9,0,2,4,5,46.0,2,1
29.375,76.875,2023-10-10,283,41,10,0,3,5,6,46.0,1,1
29.375,76.875,2023-10-11,284,41,11,0,3,6,7,46.0,3,1
29.375,76.875,2023-10-12,285,41,12,0,3,6,8,46.0,0,0
29.375,76.875,2023-10-13,286,41,13,0,2,5,8,46.0,0,0
29.375,76.875,2023-10-14,287,41,14,0,1,5,8,46.0,0,0
29.375,76.875,2023-10-15,288,41,15,0,0,4,8,46.0,1,1
29.375,76.875,2023-10-16,289,42,16,0,1,4,9,46.0,0,0
29.375,76.875,2023-10-17,290,42,17,0,1,3,9,46.0,0,0
29.375,76.875,2023-10-18,291,42,18,0,1,2,9,46.0,0,0
29.375,76.875,2023-10-19,292,42,19,0,0,1,9,46.0,0,0
29.375,76.875,2023-10-20,293,42,20,1,0,1,9,46.0,1,1
29.375,76.875,2023-10-21,294,42,21,1,1,2,10,46.0,1,1
29.375,76.875,2023-10-22,295,42,22,1,2,3,11,46.0,1,1
29.375,76.875,2023-10-23,296,43,23,1,3,3,12,46.0,1,1
29.375,76.875,2023-10-24,297,43,24,1,3,4,13,46.0,1,1
29.375,76.875,2023-10-25,298,43,25,1,3,5,14,46.0,1,1
29.375,76.875,2023-10-26,299,43,26,1,3,6,15,46.0,2,1
29.375,76.875,2023-10-27,300,43,27,1,3,7,16,46.0,1,1
29.375,76.875,2023-10-28,301,43,28,1,3,7,17,46.0,0,0
29.375,76.875,2023-10-29,302,43,29,1,2,6,17,46.0,0,0
29.375,76.875,2023-10-30,303,44,30,1,1,5,17,46.0,1,1
29.375,76.875,2023-10-31,304,44,31,1,1,5,18,46.0,0,0
29.375,76.875,2023-11-01,305,44,32,1,1,4,18,46.0,0,0
29.375,76.875,2023-11-02,306,44,33,1,1,3,18,46.0,1,1
29.375,76.875,2023-11-03,307,44,34,1,1,3,19,46.0,0,0
29.375,76.875,2023-11-04,308,44,35,1,1,2,19,46.0,0,0
29.375,76.875,2023-11-05,309,44,36,1,1,2,19,46.0,0,0
29.375,76.875,2023-11-06,310,45,37,1,0,2,19,46.0,0,0
29.375,76.875,2023-11-07,311,45,38,1,0,1,19,46.0,2,1
29.375,76.875,2023-11-08,312,45,39,1,1,2,20,46.0,1,1
29.375,76.875,2023-11-09,313,45,40,1,2,3,21,46.0,0,0
29.375,76.875,2023-11-10,314,45,41,1,2,2,21,46.0,1,1
29.375,76.875,2023-11-11,315,45,42,1,2,3,22,46.0,0,0
29.375,76.875,2023-11-12,316,45,43,1,1,3,22,46.0,0,0
29.375,76.875,2023-11-13,317,46,44,1,1,3,22,46.0,0,0
29.375,76.875,2023-11-14,318,46,45,1,0,3,22,46.0,0,0
29.375,76.875,2023-11-15,319,46,46,1,0,2,22,46.0,0,0
29.375,76.875,2023-11-16,320,46,47,0,0,1,22,46.0,0,0
29.375,76.875,2023-11-17,321,46,48,0,0,1,22,46.0,0,0
29.375,76.875,2023-11-18,322,46,49,0,0,0,22,46.0,1,1
29.375,76.875,2023-11-19,323,46,50,0,1,1,23,46.0,5,1
29.375,76.875,2023-11-20,324,47,51,0,2,2,24,46.0,4,1
29.375,76.875,2023-11-21,325,47,52,0,3,3,25,46.0,2,1
29.375,76.875,2023-11-22,326,47,53,0,3,4,26,46.0,1,1
29.375,76.875,2023-11-23,327,47,54,0,3,5,27,46.0,1,1
29.375,76.875,2023-11-24,328,47,55,0,3,6,28,46.0,2,1
29.375,76.875,2023-11-25,329,47,56,0,3,7,29,46.0,0,0
29.375,76.875,2023-11-26,330,47,57,0,2,6,29,46.0,0,0
29.375,76.875,2023-11-27,331,48,58,0,1,5,29,46.0,0,0
29.375,76.875,2023-11-28,332,48,59,0,0,4,29,46.0,0,0
29.375,76.875,2023-11-29,333,48,60,0,0,3,29,46.0,1,1
29.375,76.875,2023-11-30,334,48,61,0,1,3,30,46.0,0,0
29.375,77.375,2023-10-01,274,39,1,0,0,0,0,13.0,0,0
29.375,77.375,2023-10-02,275,40,2,0,0,0,0,13.0,0,0
29.375,77.375,2023-10-03,276,40,3,0,0,0,0,13.0,0,0
29.375,77.375,2023-10-04,277,40,4,0,0,0,0,13.0,0,0
29.375,77.375,2023-10-05,278,40,5,0,0,0,0,13.0,0,0
29.375,77.375,2023-10-06,279,40,6,0,0,0,0,13.0,0,0
29.375,77.375,2023-10-07,280,40,7,0,0,0,0,13.0,0,0
29.375,77.375,2023-10-08,281,40,8,0,0,0,0,13.0,0,0
29.375,77.375,2023-10-09,282,41,9,0,0,0,0,13.0,0,0
29.375,77.375,2023-10-10,283,41,10,0,0,0,0,13.0,0,0
29.375,77.375,2023-10-11,284,41,11,0,0,0,0,13.0,0,0
29.375,77.375,2023-10-12,285,41,12,0,0,0,0,13.0,0,0
29.375,77.375,2023-10-13,286,41,13,0,0,0,0,13.0,0,0
29.375,77.375,2023-10-14,287,41,14,0,0,0,0,13.0,0,0
29.375,77.375,2023-10-15,288,41,15,0,0,0,0,13.0,0,0
29.375,77.375,2023-10-16,289,42,16,0,0,0,0,13.0,0,0
29.375,77.375,2023-10-17,290,42,17,0,0,0,0,13.0,0,0
29.375,77.375,2023-10-18,291,42,18,0,0,0,0,13.0,0,0
29.375,77.375,2023-10-19,292,42,19,0,0,0,0,13.0,0,0
29.375,77.375,2023-10-20,293,42,20,1,0,0,0,13.0,0,0
29.375,77.375,2023-10-21,294,42,21,1,0,0,0,13.0,0,0
29.375,77.375,2023-10-22,295,42,22,1,0,0,0,13.0,0,0
29.375,77.375,2023-10-23,296,43,23,1,0,0,0,13.0,0,0
29.375,77.375,2023-10-24,297,43,24,1,0,0,0,13.0,0,0
29.375,77.375,2023-10-25,298,43,25,1,0,0,0,13.0,0,0
29.375,77.375,2023-10-26,299,43,26,1,0,0,0,13.0,0,0
29.375,77.375,2023-10-27,300,43,27,1,0,0,0,13.0,0,0
29.375,77.375,2023-10-28,301,43,28,1,0,0,0,13.0,0,0
29.375,77.375,2023-10-29,302,43,29,1,0,0,0,13.0,0,0
29.375,77.375,2023-10-30,303,44,30,1,0,0,0,13.0,0,0
29.375,77.375,2023-10-31,304,44,31,1,0,0,0,13.0,0,0
29.375,77.375,2023-11-01,305,44,32,1,0,0,0,13.0,0,0
29.375,77.375,2023-11-02,306,44,33,1,0,0,0,13.0,0,0
29.375,77.375,2023-11-03,307,44,34,1,0,0,0,13.0,0,0
29.375,77.375,2023-11-04,308,44,35,1,0,0,0,13.0,0,0
29.375,77.375,2023-11-05,309,44,36,1,0,0,0,13.0,0,0
29.375,77.375,2023-11-06,310,45,37,1,0,0,0,13.0,0,0
29.375,77.375,2023-11-07,311,45,38,1,0,0,0,13.0,0,0
29.375,77.375,2023-11-08,312,45,39,1,0,0,0,13.0,1,1
29.375,77.375,2023-11-09,313,45,40,1,1,1,1,13.0,0,0
29.375,77.375,2023-11-10,314,45,41,1,1,1,1,13.0,0,0
29.375,77.375,2023-11-11,315,45,42,1,1,1,1,13.0,0,0
29.375,77.375,2023-11-12,316,45,43,1,0,1,1,13.0,1,1
29.375,77.375,2023-11-13,317,46,44,1,1,2,2,13.0,1,1
29.375,77.375,2023-11-14,318,46,45,1,2,3,3,13.0,0,0
29.375,77.375,2023-11-15,319,46,46,1,2,3,3,13.0,0,0
29.375,77.375,2023-11-16,320,46,47,0,1,2,3,13.0,1,1
29.375,77.375,2023-11-17,321,46,48,0,1,3,4,13.0,1,1
29.375,77.375,2023-11-18,322,46,49,0,2,4,5,13.0,0,0
29.375,77.375,2023-11-19,323,46,50,0,2,4,5,13.0,1,1
29.375,77.375,2023-11-20,324,47,51,0,2,4,6,13.0,0,0
29.375,77.375,2023-11-21,325,47,52,0,1,3,6,13.0,1,1
29.375,77.375,2023-11-22,326,47,53,0,2,4,7,13.0,1,1
29.375,77.375,2023-11-23,327,47,54,0,2,5,8,13.0,1,1
29.375,77.375,2023-11-24,328,47,55,0,3,5,9,13.0,4,1
29.375,77.375,2023-11-25,329,47,56,0,3,5,10,13.0,0,0
29.375,77.375,2023-11-26,330,47,57,0,2,5,10,13.0,0,0
29.375,77.375,2023-11-27,331,48,58,0,1,4,10,13.0,0,0
29.375,77.375,2023-11-28,332,48,59,0,0,4,10,13.0,0,0
29.375,77.375,2023-11-29,333,48,60,0,0,3,10,13.0,0,0
29.375,77.375,2023-11-30,334,48,61,0,0,2,10,13.0,0,0
29.625,74.125,2023-10-01,274,39,1,0,0,0,0,63.0,0,0
29.625,74.125,2023-10-02,275,40,2,0,0,0,0,63.0,0,0
29.625,74.125,2023-10-03,276,40,3,0,0,0,0,63.0,0,0
29.625,74.125,2023-10-04,277,40,4,0,0,0,0,63.0,0,0
29.625,74.125,2023-10-05,278,40,5,0,0,0,0,63.0,0,0
29.625,74.125,2023-10-06,279,40,6,0,0,0,0,63.0,0,0
29.625,74.125,2023-10-07,280,40,7,0,0,0,0,63.0,2,1
29.625,74.125,2023-10-08,281,40,8,0,1,1,1,63.0,0,0
29.625,74.125,2023-10-09,282,41,9,0,1,1,1,63.0,0,0
29.625,74.125,2023-10-10,283,41,10,0,1,1,1,63.0,0,0
29.625,74.125,2023-10-11,284,41,11,0,0,1,1,63.0,0,0
29.625,74.125,2023-10-12,285,41,12,0,0,1,1,63.0,0,0
29.625,74.125,2023-10-13,286,41,13,0,0,1,1,63.0,0,0
29.625,74.125,2023-10-14,287,41,14,0,0,1,1,63.0,0,0
29.625,74.125,2023-10-15,288,41,15,0,0,0,1,63.0,0,0
29.625,74.125,2023-10-16,289,42,16,0,0,0,1,63.0,0,0
29.625,74.125,2023-10-17,290,42,17,0,0,0,1,63.0,0,0
29.625,74.125,2023-10-18,291,42,18,0,0,0,1,63.0,0,0
29.625,74.125,2023-10-19,292,42,19,0,0,0,1,63.0,0,0
29.625,74.125,2023-10-20,293,42,20,1,0,0,1,63.0,0,0
29.625,74.125,2023-10-21,294,42,21,1,0,0,1,63.0,0,0
29.625,74.125,2023-10-22,295,42,22,1,0,0,1,63.0,0,0
29.625,74.125,2023-10-23,296,43,23,1,0,0,1,63.0,0,0
29.625,74.125,2023-10-24,297,43,24,1,0,0,1,63.0,0,0
29.625,74.125,2023-10-25,298,43,25,1,0,0,1,63.0,0,0
29.625,74.125,2023-10-26,299,43,26,1,0,0,1,63.0,0,0
29.625,74.125,2023-10-27,300,43,27,1,0,0,1,63.0,0,0
29.625,74.125,2023-10-28,301,43,28,1,0,0,1,63.0,0,0
29.625,74.125,2023-10-29,302,43,29,1,0,0,1,63.0,0,0
29.625,74.125,2023-10-30,303,44,30,1,0,0,1,63.0,0,0
29.625,74.125,2023-10-31,304,44,31,1,0,0,1,63.0,1,1
29.625,74.125,2023-11-01,305,44,32,1,1,1,2,63.0,1,1
29.625,74.125,2023-11-02,306,44,33,1,2,2,3,63.0,0,0
29.625,74.125,2023-11-03,307,44,34,1,2,2,3,63.0,0,0
29.625,74.125,2023-11-04,308,44,35,1,1,2,3,63.0,2,1
29.625,74.125,2023-11-05,309,44,36,1,1,3,4,63.0,0,0
29.625,74.125,2023-11-06,310,45,37,1,1,3,4,63.0,3,1
29.625,74.125,2023-11-07,311,45,38,1,2,4,5,63.0,0,0
29.625,74.125,2023-11-08,312,45,39,1,1,3,5,63.0,7,1
29.625,74.125,2023-11-09,313,45,40,1,2,3,6,63.0,1,1
29.625,74.125,2023-11-10,314,45,41,1,2,4,7,63.0,0,0
29.625,74.125,2023-11-11,315,45,42,1,2,4,7,63.0,0,0
29.625,74.125,2023-11-12,316,45,43,1,1,3,7,63.0,2,1
29.625,74.125,2023-11-13,317,46,44,1,1,4,8,63.0,5,1
29.625,74.125,2023-11-14,318,46,45,1,2,4,9,63.0,3,1
29.625,74.125,2023-11-15,319,46,46,1,3,5,10,63.0,7,1
29.625,74.125,2023-11-16,320,46,47,0,3,5,11,63.0,4,1
29.625,74.125,2023-11-17,321,46,48,0,3,5,12,63.0,4,1
29.625,74.125,2023-11-18,322,46,49,0,3,6,13,63.0,9,1
29.625,74.125,2023-11-19,323,46,50,0,3,7,14,63.0,2,1
29.625,74.125,2023-11-20,324,47,51,0,3,7,15,63.0,1,1
29.625,74.125,2023-11-21,325,47,52,0,3,7,16,63.0,6,1
29.625,74.125,2023-11-22,326,47,53,0,3,7,17,63.0,3,1
29.625,74.125,2023-11-23,327,47,54,0,3,7,18,63.0,0,0
29.625,74.125,2023-11-24,328,47,55,0,2,6,18,63.0,0,0
29.625,74.125,2023-11-25,329,47,56,0,1,5,18,63.0,0,0
29.625,74.125,2023-11-26,330,47,57,0,0,4,18,63.0,0,0
29.625,74.125,2023-11-27,331,48,58,0,0,3,18,63.0,0,0
29.625,74.125,2023-11-28,332,48,59,0,0,2,18,63.0,0,0
29.625,74.125,2023-11-29,333,48,60,0,0,1,18,63.0,0,0
29.625,74.125,2023-11-30,334,48,61,0,0,0,18,63.0,0,0
29.625,74.375,2023-10-01,274,39,1,0,0,0,0,217.0,0,0
29.625,74.375,2023-10-02,275,40,2,0,0,0,0,217.0,0,0
29.625,74.375,2023-10-03,276,40,3,0,0,0,0,217.0,1,1
29.625,74.375,2023-10-04,277,40,4,0,1,1,1,217.0,2,1
29.625,74.375,2023-10-05,278,40,5,0,2,2,2,217.0,0,0
29.625,74.375,2023-10-06,279,40,6,0,2,2,2,217.0,0,0
29.625,74.375,2023-10-07,280,40,7,0,1,2,2,217.0,1,1
29.625,74.375,2023-10-08,281,40,8,0,1,3,3,217.0,1,1
29.625,74.375,2023-10-09,282,41,9,0,2,4,4,217.0,2,1
29.625,74.375,2023-10-10,283,41,10,0,3,5,5,217.0,1,1
29.625,74.375,2023-10-11,284,41,11,0,3,5,6,217.0,1,1
29.625,74.375,2023-10-12,285,41,12,0,3,5,7,217.0,0,0
29.625,74.375,2023-10-13,286,41,13,0,2,5,7,217.0,3,1
29.625,74.375,2023-10-14,287,41,14,0,2,6,8,217.0,5,1
29.625,74.375,2023-10-15,288,41,15,0,2,6,9,217.0,1,1
29.625,74.375,2023-10-16,289,42,16,0,3,6,10,217.0,0,0
29.625,74.375,2023-10-17,290,42,17,0,2,5,10,217.0,0,0
29.625,74.375,2023-10-18,291,42,18,0,1,4,10,217.0,1,1
29.625,74.375,2023-10-19,292,42,19,0,1,4,11,217.0,0,0
29.625,74.375,2023-10-20,293,42,20,1,1,4,11,217.0,1,1
29.625,74.375,2023-10-21,294,42,21,1,2,4,12,217.0,1,1
29.625,74.375,2023-10-22,295,42,22,1,2,4,13,217.0,0,0
29.625,74.375,2023-10-23,296,43,23,1,2,3,13,217.0,3,1
29.625,74.375,2023-10-24,297,43,24,1,2,4,14,217.0,0,0
29.625,74.375,2023-10-25,298,43,25,1,1,4,14,217.0,2,1
29.625,74.375,2023-10-26,299,43,26,1,2,4,15,217.0,6,1
29.625,74.375,2023-10-27,300,43,27,1,2,5,16,217.0,1,1
29.625,74.375,2023-10-28,301,43,28,1,3,5,17,217.0,0,0
29.625,74.375,2023-10-29,302,43,29,1,2,4,17,217.0,7,1
29.625,74.375,2023-10-30,303,44,30,1,2,5,18,217.0,2,1
29.625,74.375,2023-10-31,304,44,31,1,2,5,19,217.0,3,1
29.625,74.375,2023-11-01,305,44,32,1,3,6,20,217.0,4,1
29.625,74.375,2023-11-02,306,44,33,1,3,6,21,217.0,0,0
29.625,74.375,2023-11-03,307,44,34,1,2,5,21,217.0,0,0
29.625,74.375,2023-11-04,308,44,35,1,1,4,21,217.0,8,1
29.625,74.375,2023-11-05,309,44,36,1,1,5,22,217.0,9,1
29.625,74.375,2023-11-06,310,45,37,1,2,5,23,217.0,9,1
29.625,74.375,2023-11-07,311,45,38,1,3,5,24,217.0,9,1
29.625,74.375,2023-11-08,312,45,39,1,3,5,25,217.0,4,1
29.625,74.375,2023-11-09,313,45,40,1,3,5,26,217.0,1,1
29.625,74.375,2023-11-10,314,45,41,1,3,6,27,217.0,0,0
29.625,74.375,2023-11-11,315,45,42,1,2,6,27,217.0,1,1
29.625,74.375,2023-11-12,316,45,43,1,2,6,28,217.0,6,1
29.625,74.375,2023-11-13,317,46,44,1,2,6,29,217.0,18,1
29.625,74.375,2023-11-14,318,46,45,1,3,6,30,217.0,18,1
29.625,74.375,2023-11-15,319,46,46,1,3,6,31,217.0,12,1
29.625,74.375,2023-11-16,320,46,47,0,3,6,32,217.0,4,1
29.625,74.375,2023-11-17,321,46,48,0,3,6,33,217.0,9,1
29.625,74.375,2023-11-18,322,46,49,0,3,7,34,217.0,0,0
29.625,74.375,2023-11-19,323,46,50,0,2,6,34,217.0,17,1
29.625,74.375,2023-11-20,324,47,51,0,2,6,35,217.0,2,1
29.625,74.375,2023-11-21,325,47,52,0,2,6,36,217.0,18,1
29.625,74.375,2023-11-22,326,47,53,0,3,6,37,217.0,12,1
29.625,74.375,2023-11-23,327,47,54,0,3,6,38,217.0,3,1
29.625,74.375,2023-11-24,328,47,55,0,3,6,39,217.0,0,0
29.625,74.375,2023-11-25,329,47,56,0,2,5,39,217.0,4,1
29.625,74.375,2023-11-26,330,47,57,0,2,6,40,217.0,0,0
29.625,74.375,2023-11-27,331,48,58,0,1,5,40,217.0,0,0
29.625,74.375,2023-11-28,332,48,59,0,1,4,40,217.0,2,1
29.625,74.375,2023-11-29,333,48,60,0,1,4,41,217.0,0,0
29.625,74.375,2023-11-30,334,48,61,0,1,3,41,217.0,2,1
29.625,74.625,2023-10-01,274,39,1,0,0,0,0,139.0,0,0
29.625,74.625,2023-10-02,275,40,2,0,0,0,0,139.0,0,0
29.625,74.625,2023-10-03,276,40,3,0,0,0,0,139.0,0,0
29.625,74.625,2023-10-04,277,40,4,0,0,0,0,139.0,1,1
29.625,74.625,2023-10-05,278,40,5,0,1,1,1,139.0,0,0
29.625,74.625,2023-10-06,279,40,6,0,1,1,1,139.0,0,0
29.625,74.625,2023-10-07,280,40,7,0,1,1,1,139.0,1,1
29.625,74.625,2023-10-08,281,40,8,0,1,2,2,139.0,2,1
29.625,74.625,2023-10-09,282,41,9,0,2,3,3,139.0,1,1
29.625,74.625,2023-10-10,283,41,10,0,3,4,4,139.0,0,0
29.625,74.625,2023-10-11,284,41,11,0,2,4,4,139.0,0,0
29.625,74.625,2023-10-12,285,41,12,0,1,3,4,139.0,0,0
29.625,74.625,2023-10-13,286,41,13,0,0,3,4,139.0,3,1
29.625,74.625,2023-10-14,287,41,14,0,1,4,5,139.0,0,0
29.625,74.625,2023-10-15,288,41,15,0,1,3,5,139.0,1,1
29.625,74.625,2023-10-16,289,42,16,0,2,3,6,139.0,0,0
29.625,74.625,2023-10-17,290,42,17,0,1,2,6,139.0,0,0
29.625,74.625,2023-10-18,291,42,18,0,1,2,6,139.0,0,0
29.625,74.625,2023-10-19,292,42,19,0,0,2,6,139.0,0,0
29.625,74.625,2023-10-20,293,42,20,1,0,2,6,139.0,0,0
29.625,74.625,2023-10-21,294,42,21,1,0,1,6,139.0,2,1
29.625,74.625,2023-10-22,295,42,22,1,1,2,7,139.0,0,0
29.625,74.625,2023-10-23,296,43,23,1,1,1,7,139.0,0,0
29.625,74.625,2023-10-24,297,43,24,1,1,1,7,139.0,0,0
29.625,74.625,2023-10-25,298,43,25,1,0,1,7,139.0,5,1
29.625,74.625,2023-10-26,299,43,26,1,1,2,8,139.0,3,1
29.625,74.625,2023-10-27,300,43,27,1,2,3,9,139.0,2,1
29.625,74.625,2023-10-28,301,43,28,1,3,4,10,139.0,0,0
29.625,74.625,2023-10-29,302,43,29,1,2,3,10,139.0,2,1
29.625,74.625,2023-10-30,303,44,30,1,2,4,11,139.0,1,1
29.625,74.625,2023-10-31,304,44,31,1,2,5,12,139.0,2,1
29.625,74.625,2023-11-01,305,44,32,1,3,6,13,139.0,3,1
29.625,74.625,2023-11-02,306,44,33,1,3,6,14,139.0,0,0
29.625,74.625,2023-11-03,307,44,34,1,2,5,14,139.0,0,0
29.625,74.625,2023-11-04,308,44,35,1,1,4,14,139.0,2,1
29.625,74.625,2023-11-05,309,44,36,1,1,5,15,139.0,9,1
29.625,74.625,2023-11-06,310,45,37,1,2,5,16,139.0,3,1
29.625,74.625,2023-11-07,311,45,38,1,3,5,17,139.0,3,1
29.625,74.625,2023-11-08,312,45,39,1,3,5,18,139.0,1,1
29.625,74.625,2023-11-09,313,45,40,1,3,5,19,139.0,0,0
29.625,74.625,2023-11-10,314,45,41,1,2,5,19,139.0,0,0
29.625,74.625,2023-11-11,315,45,42,1,1,5,19,139.0,0,0
29.625,74.625,2023-11-12,316,45,43,1,0,4,19,139.0,10,1
29.625,74.625,2023-11-13,317,46,44,1,1,4,20,139.0,2,1
29.625,74.625,2023-11-14,318,46,45,1,2,4,21,139.0,19,1
29.625,74.625,2023-11-15,319,46,46,1,3,4,22,139.0,10,1
29.625,74.625,2023-11-16,320,46,47,0,3,4,23,139.0,2,1
29.625,74.625,2023-11-17,321,46,48,0,3,5,24,139.0,5,1
29.625,74.625,2023-11-18,322,46,49,0,3,6,25,139.0,0,0
29.625,74.625,2023-11-19,323,46,50,0,2,6,25,139.0,15,1
29.625,74.625,2023-11-20,324,47,51,0,2,6,26,139.0,10,1
29.625,74.625,2023-11-21,325,47,52,0,2,6,27,139.0,8,1
29.625,74.625,2023-11-22,326,47,53,0,3,6,28,139.0,6,1
29.625,74.625,2023-11-23,327,47,54,0,3,6,29,139.0,5,1
29.625,74.625,2023-11-24,328,47,55,0,3,6,30,139.0,0,0
29.625,74.625,2023-11-25,329,47,56,0,2,5,30,139.0,0,0
29.625,74.625,2023-11-26,330,47,57,0,1,5,30,139.0,0,0
29.625,74.625,2023-11-27,331,48,58,0,0,4,30,139.0,0,0
29.625,74.625,2023-11-28,332,48,59,0,0,3,30,139.0,0,0
29.625,74.625,2023-11-29,333,48,60,0,0,2,30,139.0,0,0
29.625,74.625,2023-11-30,334,48,61,0,0,1,30,139.0,0,0
29.625,74.875,2023-10-01,274,39,1,0,0,0,0,45.0,0,0
29.625,74.875,2023-10-02,275,40,2,0,0,0,0,45.0,0,0
29.625,74.875,2023-10-03,276,40,3,0,0,0,0,45.0,0,0
29.625,74.875,2023-10-04,277,40,4,0,0,0,0,45.0,0,0
29.625,74.875,2023-10-05,278,40,5,0,0,0,0,45.0,1,1
29.625,74.875,2023-10-06,279,40,6,0,1,1,1,45.0,0,0
29.625,74.875,2023-10-07,280,40,7,0,1,1,1,45.0,0,0
29.625,74.875,2023-10-08,281,40,8,0,1,1,1,45.0,0,0
29.625,74.875,2023-10-09,282,41,9,0,0,1,1,45.0,0,0
29.625,74.875,2023-10-10,283,41,10,0,0,1,1,45.0,0,0
29.625,74.875,2023-10-11,284,41,11,0,0,1,1,45.0,0,0
29.625,74.875,2023-10-12,285,41,12,0,0,1,1,45.0,0,0
29.625,74.875,2023-10-13,286,41,13,0,0,0,1,45.0,0,0
29.625,74.875,2023-10-14,287,41,14,0,0,0,1,45.0,0,0
29.625,74.875,2023-10-15,288,41,15,0,0,0,1,45.0,1,1
29.625,74.875,2023-10-16,289,42,16,0,1,1,2,45.0,0,0
29.625,74.875,2023-10-17,290,42,17,0,1,1,2,45.0,0,0
29.625,74.875,2023-10-18,291,42,18,0,1,1,2,45.0,0,0
29.625,74.875,2023-10-19,292,42,19,0,0,1,2,45.0,0,0
29.625,74.875,2023-10-20,293,42,20,1,0,1,2,45.0,0,0
29.625,74.875,2023-10-21,294,42,21,1,0,1,2,45.0,1,1
29.625,74.875,2023-10-22,295,42,22,1,1,2,3,45.0,0,0
29.625,74.875,2023-10-23,296,43,23,1,1,1,3,45.0,0,0
29.625,74.875,2023-10-24,297,43,24,1,1,1,3,45.0,0,0
29.625,74.875,2023-10-25,298,43,25,1,0,1,3,45.0,0,0
29.625,74.875,2023-10-26,299,43,26,1,0,1,3,45.0,2,1
29.625,74.875,2023-10-27,300,43,27,1,1,2,4,45.0,1,1
29.625,74.875,2023-10-28,301,43,28,1,2,3,5,45.0,2,1
29.625,74.875,2023-10-29,302,43,29,1,3,3,6,45.0,2,1
29.625,74.875,2023-10-30,303,44,30,1,3,4,7,45.0,2,1
29.625,74.875,2023-10-31,304,44,31,1,3,5,8,45.0,0,0
29.625,74.875,2023-11-01,305,44,32,1,2,5,8,45.0,0,0
29.625,74.875,2023-11-02,306,44,33,1,1,5,8,45.0,0,0
29.625,74.875,2023-11-03,307,44,34,1,0,4,8,45.0,0,0
29.625,74.875,2023-11-04,308,44,35,1,0,3,8,45.0,0,0
29.625,74.875,2023-11-05,309,44,36,1,0,2,8,45.0,4,1
29.625,74.875,2023-11-06,310,45,37,1,1,2,9,45.0,1,1
29.625,74.875,2023-11-07,311,45,38,1,2,2,10,45.0,1,1
29.625,74.875,2023-11-08,312,45,39,1,3,3,11,45.0,0,0
29.625,74.875,2023-11-09,313,45,40,1,2,3,11,45.0,0,0
29.625,74.875,2023-11-10,314,45,41,1,1,3,11,45.0,0,0
29.625,74.875,2023-11-11,315,45,42,1,0,3,11,45.0,1,1
29.625,74.875,2023-11-12,316,45,43,1,1,4,12,45.0,8,1
29.625,74.875,2023-11-13,317,46,44,1,2,4,13,45.0,1,1
29.625,74.875,2023-11-14,318,46,45,1,3,4,14,45.0,1,1
29.625,74.875,2023-11-15,319,46,46,1,3,4,15,45.0,2,1
29.625,74.875,2023-11-16,320,46,47,0,3,5,16,45.0,0,0
29.625,74.875,2023-11-17,321,46,48,0,2,5,16,45.0,0,0
29.625,74.875,2023-11-18,322,46,49,0,1,5,16,45.0,1,1
29.625,74.875,2023-11-19,323,46,50,0,1,5,17,45.0,3,1
29.625,74.875,2023-11-20,324,47,51,0,2,5,18,45.0,1,1
29.625,74.875,2023-11-21,325,47,52,0,3,5,19,45.0,5,1
29.625,74.875,2023-11-22,326,47,53,0,3,5,20,45.0,1,1
29.625,74.875,2023-11-23,327,47,54,0,3,5,21,45.0,2,1
29.625,74.875,2023-11-24,328,47,55,0,3,6,22,45.0,1,1
29.625,74.875,2023-11-25,329,47,56,0,3,7,23,45.0,0,0
29.625,74.875,2023-11-26,330,47,57,0,2,6,23,45.0,0,0
29.625,74.875,2023-11-27,331,48,58,0,1,5,23,45.0,0,0
29.625,74.875,2023-11-28,332,48,59,0,0,4,23,45.0,0,0
29.625,74.875,2023-11-29,333,48,60,0,0,3,23,45.0,0,0
29.625,74.875,2023-11-30,334,48,61,0,0,2,23,45.0,0,0
29.625,75.125,2023-10-01,274,39,1,0,0,0,0,99.0,0,0
29.625,75.125,2023-10-02,275,40,2,0,0,0,0,99.0,0,0
29.625,75.125,2023-10-03,276,40,3,0,0,0,0,99.0,0,0
29.625,75.125,2023-10-04,277,40,4,0,0,0,0,99.0,0,0
29.625,75.125,2023-10-05,278,40,5,0,0,0,0,99.0,1,1
29.625,75.125,2023-10-06,279,40,6,0,1,1,1,99.0,0,0
29.625,75.125,2023-10-07,280,40,7,0,1,1,1,99.0,0,0
29.625,75.125,2023-10-08,281,40,8,0,1,1,1,99.0,0,0
29.625,75.125,2023-10-09,282,41,9,0,0,1,1,99.0,0,0
29.625,75.125,2023-10-10,283,41,10,0,0,1,1,99.0,0,0
29.625,75.125,2023-10-11,284,41,11,0,0,1,1,99.0,1,1
29.625,75.125,2023-10-12,285,41,12,0,1,2,2,99.0,0,0
29.625,75.125,2023-10-13,286,41,13,0,1,1,2,99.0,0,0
29.625,75.125,2023-10-14,287,41,14,0,1,1,2,99.0,4,1
29.625,75.125,2023-10-15,288,41,15,0,1,2,3,99.0,2,1
29.625,75.125,2023-10-16,289,42,16,0,2,3,4,99.0,0,0
29.625,75.125,2023-10-17,290,42,17,0,2,3,4,99.0,1,1
29.625,75.125,2023-10-18,291,42,18,0,2,4,5,99.0,0,0
29.625,75.125,2023-10-19,292,42,19,0,1,3,5,99.0,1,1
29.625,75.125,2023-10-20,293,42,20,1,2,4,6,99.0,5,1
29.625,75.125,2023-10-21,294,42,21,1,2,5,7,99.0,2,1
29.625,75.125,2023-10-22,295,42,22,1,3,5,8,99.0,2,1
29.625,75.125,2023-10-23,296,43,23,1,3,5,9,99.0,2,1
29.625,75.125,2023-10-24,297,43,24,1,3,6,10,99.0,3,1
29.625,75.125,2023-10-25,298,43,25,1,3,6,11,99.0,1,1
29.625,75.125,2023-10-26,299,43,26,1,3,7,12,99.0,2,1
29.625,75.125,2023-10-27,300,43,27,1,3,7,13,99.0,2,1
29.625,75.125,2023-10-28,301,43,28,1,3,7,14,99.0,5,1
29.625,75.125,2023-10-29,302,43,29,1,3,7,15,99.0,3,1
29.625,75.125,2023-10-30,303,44,30,1,3,7,16,99.0,4,1
29.625,75.125,2023-10-31,304,44,31,1,3,7,17,99.0,7,1
29.625,75.125,2023-11-01,305,44,32,1,3,7,18,99.0,1,1
29.625,75.125,2023-11-02,306,44,33,1,3,7,19,99.0,0,0
29.625,75.125,2023-11-03,307,44,34,1,2,6,19,99.0,0,0
29.625,75.125,2023-11-04,308,44,35,1,1,5,19,99.0,2,1
29.625,75.125,2023-11-05,309,44,36,1,1,5,20,99.0,8,1
29.625,75.125,2023-11-06,310,45,37,1,2,5,21,99.0,6,1
29.625,75.125,2023-11-07,311,45,38,1,3,5,22,99.0,0,0
29.625,75.125,2023-11-08,312,45,39,1,2,4,22,99.0,0,0
29.625,75.125,2023-11-09,313,45,40,1,1,3,22,99.0,0,0
29.625,75.125,2023-11-10,314,45,41,1,0,3,22,99.0,0,0
29.625,75.125,2023-11-11,315,45,42,1,0,3,22,99.0,4,1
29.625,75.125,2023-11-12,316,45,43,1,1,3,23,99.0,8,1
29.625,75.125,2023-11-13,317,46,44,1,2,3,24,99.0,0,0
29.625,75.125,2023-11-14,318,46,45,1,2,2,24,99.0,1,1
29.625,75.125,2023-11-15,319,46,46,1,2,3,25,99.0,7,1
29.625,75.125,2023-11-16,320,46,47,0,2,4,26,99.0,4,1
29.625,75.125,2023-11-17,321,46,48,0,3,5,27,99.0,1,1
29.625,75.125,2023-11-18,322,46,49,0,3,6,28,99.0,1,1
29.625,75.125,2023-11-19,323,46,50,0,3,6,29,99.0,1,1
29.625,75.125,2023-11-20,324,47,51,0,3,6,30,99.0,1,1
29.625,75.125,2023-11-21,325,47,52,0,3,7,31,99.0,1,1
29.625,75.125,2023-11-22,326,47,53,0,3,7,32,99.0,2,1
29.625,75.125,2023-11-23,327,47,54,0,3,7,33,99.0,2,1
29.625,75.125,2023-11-24,328,47,55,0,3,7,34,99.0,0,0
29.625,75.125,2023-11-25,329,47,56,0,2,6,34,99.0,0,0
29.625,75.125,2023-11-26,330,47,57,0,1,5,34,99.0,0,0
29.625,75.125,2023-11-27,331,48,58,0,0,4,34,99.0,0,0
29.625,75.125,2023-11-28,332,48,59,0,0,3,34,99.0,1,1
29.625,75.125,2023-11-29,333,48,60,0,1,3,35,99.0,0,0
29.625,75.125,2023-11-30,334,48,61,0,1,2,35,99.0,0,0
29.625,75.375,2023-10-01,274,39,1,0,0,0,0,199.0,0,0
29.625,75.375,2023-10-02,275,40,2,0,0,0,0,199.0,0,0
29.625,75.375,2023-10-03,276,40,3,0,0,0,0,199.0,0,0
29.625,75.375,2023-10-04,277,40,4,0,0,0,0,199.0,1,1
29.625,75.375,2023-10-05,278,40,5,0,1,1,1,199.0,2,1
29.625,75.375,2023-10-06,279,40,6,0,2,2,2,199.0,0,0
29.625,75.375,2023-10-07,280,40,7,0,2,2,2,199.0,0,0
29.625,75.375,2023-10-08,281,40,8,0,1,2,2,199.0,0,0
29.625,75.375,2023-10-09,282,41,9,0,0,2,2,199.0,3,1
29.625,75.375,2023-10-10,283,41,10,0,1,3,3,199.0,4,1
29.625,75.375,2023-10-11,284,41,11,0,2,4,4,199.0,1,1
29.625,75.375,2023-10-12,285,41,12,0,3,4,5,199.0,1,1
29.625,75.375,2023-10-13,286,41,13,0,3,4,6,199.0,3,1
29.625,75.375,2023-10-14,287,41,14,0,3,5,7,199.0,1,1
29.625,75.375,2023-10-15,288,41,15,0,3,6,8,199.0,6,1
29.625,75.375,2023-10-16,289,42,16,0,3,7,9,199.0,0,0
29.625,75.375,2023-10-17,290,42,17,0,2,6,9,199.0,0,0
29.625,75.375,2023-10-18,291,42,18,0,1,5,9,199.0,2,1
29.625,75.375,2023-10-19,292,42,19,0,1,5,10,199.0,4,1
29.625,75.375,2023-10-20,293,42,20,1,2,5,11,199.0,1,1
29.625,75.375,2023-10-21,294,42,21,1,3,5,12,199.0,3,1
29.625,75.375,2023-10-22,295,42,22,1,3,5,13,199.0,2,1
29.625,75.375,2023-10-23,296,43,23,1,3,5,14,199.0,2,1
29.625,75.375,2023-10-24,297,43,24,1,3,6,15,199.0,3,1
29.625,75.375,2023-10-25,298,43,25,1,3,7,16,199.0,3,1
29.625,75.375,2023-10-26,299,43,26,1,3,7,17,199.0,7,1
29.625,75.375,2023-10-27,300,43,27,1,3,7,18,199.0,1,1
29.625,75.375,2023-10-28,301,43,28,1,3,7,19,199.0,13,1
29.625,75.375,2023-10-29,302,43,29,1,3,7,20,199.0,3,1
29.625,75.375,2023-10-30,303,44,30,1,3,7,21,199.0,8,1
29.625,75.375,2023-10-31,304,44,31,1,3,7,22,199.0,6,1
29.625,75.375,2023-11-01,305,44,32,1,3,7,23,199.0,8,1
29.625,75.375,2023-11-02,306,44,33,1,3,7,24,199.0,0,0
29.625,75.375,2023-11-03,307,44,34,1,2,6,24,199.0,1,1
29.625,75.375,2023-11-04,308,44,35,1,2,6,25,199.0,5,1
29.625,75.375,2023-11-05,309,44,36,1,2,6,26,199.0,15,1
29.625,75.375,2023-11-06,310,45,37,1,3,6,27,199.0,13,1
29.625,75.375,2023-11-07,311,45,38,1,3,6,28,199.0,2,1
29.625,75.375,2023-11-08,312,45,39,1,3,6,29,199.0,6,1
29.625,75.375,2023-11-09,313,45,40,1,3,6,30,199.0,3,1
29.625,75.375,2023-11-10,314,45,41,1,3,7,31,199.0,0,0
29.625,75.375,2023-11-11,315,45,42,1,2,6,31,199.0,5,1
29.625,75.375,2023-11-12,316,45,43,1,2,6,32,199.0,11,1
29.625,75.375,2023-11-13,317,46,44,1,2,6,33,199.0,13,1
29.625,75.375,2023-11-14,318,46,45,1,3,6,34,199.0,1,1
29.625,75.375,2023-11-15,319,46,46,1,3,6,35,199.0,5,1
29.625,75.375,2023-11-16,320,46,47,0,3,6,36,199.0,5,1
29.625,75.375,2023-11-17,321,46,48,0,3,6,37,199.0,7,1
29.625,75.375,2023-11-18,322,46,49,0,3,7,38,199.0,0,0
29.625,75.375,2023-11-19,323,46,50,0,2,6,38,199.0,5,1
29.625,75.375,2023-11-20,324,47,51,0,2,6,39,199.0,4,1
29.625,75.375,2023-11-21,325,47,52,0,2,6,40,199.0,6,1
29.625,75.375,2023-11-22,326,47,53,0,3,6,41,199.0,0,0
29.625,75.375,2023-11-23,327,47,54,0,2,5,41,199.0,1,1
29.625,75.375,2023-11-24,328,47,55,0,2,5,42,199.0,1,1
29.625,75.375,2023-11-25,329,47,56,0,2,5,43,199.0,0,0
29.625,75.375,2023-11-26,330,47,57,0,2,5,43,199.0,2,1
29.625,75.375,2023-11-27,331,48,58,0,2,5,44,199.0,0,0
29.625,75.375,2023-11-28,332,48,59,0,1,4,44,199.0,0,0
29.625,75.375,2023-11-29,333,48,60,0,1,3,44,199.0,0,0
29.625,75.375,2023-11-30,334,48,61,0,0,3,44,199.0,0,0
29.625,75.625,2023-10-01,274,39,1,0,0,0,0,174.0,0,0
29.625,75.625,2023-10-02,275,40,2,0,0,0,0,174.0,1,1
29.625,75.625,2023-10-03,276,40,3,0,1,1,1,174.0,0,0
29.625,75.625,2023-10-04,277,40,4,0,1,1,1,174.0,0,0
29.625,75.625,2023-10-05,278,40,5,0,1,1,1,174.0,0,0
29.625,75.625,2023-10-06,279,40,6,0,0,1,1,174.0,0,0
29.625,75.625,2023-10-07,280,40,7,0,0,1,1,174.0,0,0
29.625,75.625,2023-10-08,281,40,8,0,0,1,1,174.0,0,0
29.625,75.625,2023-10-09,282,41,9,0,0,1,1,174.0,0,0
29.625,75.625,2023-10-10,283,41,10,0,0,0,1,174.0,0,0
29.625,75.625,2023-10-11,284,41,11,0,0,0,1,174.0,3,1
29.625,75.625,2023-10-12,285,41,12,0,1,1,2,174.0,0,0
29.625,75.625,2023-10-13,286,41,13,0,1,1,2,174.0,0,0
29.625,75.625,2023-10-14,287,41,14,0,1,1,2,174.0,1,1
29.625,75.625,2023-10-15,288,41,15,0,1,2,3,174.0,8,1
29.625,75.625,2023-10-16,289,42,16,0,2,3,4,174.0,0,0
29.625,75.625,2023-10-17,290,42,17,0,2,3,4,174.0,0,0
29.625,75.625,2023-10-18,291,42,18,0,1,3,4,174.0,1,1
29.625,75.625,2023-10-19,292,42,19,0,1,3,5,174.0,3,1
29.625,75.625,2023-10-20,293,42,20,1,2,4,6,174.0,2,1
29.625,75.625,2023-10-21,294,42,21,1,3,5,7,174.0,6,1
29.625,75.625,2023-10-22,295,42,22,1,3,5,8,174.0,0,0
29.625,75.625,2023-10-23,296,43,23,1,2,4,8,174.0,3,1
29.625,75.625,2023-10-24,297,43,24,1,2,5,9,174.0,4,1
29.625,75.625,2023-10-25,298,43,25,1,2,6,10,174.0,0,0
29.625,75.625,2023-10-26,299,43,26,1,2,5,10,174.0,1,1
29.625,75.625,2023-10-27,300,43,27,1,2,5,11,174.0,2,1
29.625,75.625,2023-10-28,301,43,28,1,2,5,12,174.0,0,0
29.625,75.625,2023-10-29,302,43,29,1,2,4,12,174.0,1,1
29.625,75.625,2023-10-30,303,44,30,1,2,5,13,174.0,5,1
29.625,75.625,2023-10-31,304,44,31,1,2,5,14,174.0,2,1
29.625,75.625,2023-11-01,305,44,32,1,3,5,15,174.0,7,1
29.625,75.625,2023-11-02,306,44,33,1,3,6,16,174.0,0,0
29.625,75.625,2023-11-03,307,44,34,1,2,5,16,174.0,0,0
29.625,75.625,2023-11-04,308,44,35,1,1,4,16,174.0,4,1
29.625,75.625,2023-11-05,309,44,36,1,1,5,17,174.0,17,1
29.625,75.625,2023-11-06,310,45,37,1,2,5,18,174.0,7,1
29.625,75.625,2023-11-07,311,45,38,1,3,5,19,174.0,4,1
29.625,75.625,2023-11-08,312,45,39,1,3,5,20,174.0,3,1
29.625,75.625,2023-11-09,313,45,40,1,3,5,21,174.0,3,1
29.625,75.625,2023-11-10,314,45,41,1,3,6,22,174.0,0,0
29.625,75.625,2023-11-11,315,45,42,1,2,6,22,174.0,4,1
29.625,75.625,2023-11-12,316,45,43,1,2,6,23,174.0,18,1
29.625,75.625,2023-11-13,317,46,44,1,2,6,24,174.0,4,1
29.625,75.625,2023-11-14,318,46,45,1,3,6,25,174.0,1,1
29.625,75.625,2023-11-15,319,46,46,1,3,6,26,174.0,13,1
29.625,75.625,2023-11-16,320,46,47,0,3,6,27,174.0,5,1
29.625,75.625,2023-11-17,321,46,48,0,3,6,28,174.0,4,1
29.625,75.625,2023-11-18,322,46,49,0,3,7,29,174.0,0,0
29.625,75.625,2023-11-19,323,46,50,0,2,6,29,174.0,3,1
29.625,75.625,2023-11-20,324,47,51,0,2,6,30,174.0,5,1
29.625,75.625,2023-11-21,325,47,52,0,2,6,31,174.0,13,1
29.625,75.625,2023-11-22,326,47,53,0,3,6,32,174.0,8,1
29.625,75.625,2023-11-23,327,47,54,0,3,6,33,174.0,4,1
29.625,75.625,2023-11-24,328,47,55,0,3,6,34,174.0,2,1
29.625,75.625,2023-11-25,329,47,56,0,3,6,35,174.0,0,0
29.625,75.625,2023-11-26,330,47,57,0,2,6,35,174.0,0,0
29.625,75.625,2023-11-27,331,48,58,0,1,5,35,174.0,0,0
29.625,75.625,2023-11-28,332,48,59,0,0,4,35,174.0,0,0
29.625,75.625,2023-11-29,333,48,60,0,0,3,35,174.0,0,0
29.625,75.625,2023-11-30,334,48,61,0,0,2,35,174.0,2,1
29.625,75.875,2023-10-01,274,39,1,0,0,0,0,275.0,0,0
29.625,75.875,2023-10-02,275,40,2,0,0,0,0,275.0,1,1
29.625,75.875,2023-10-03,276,40,3,0,1,1,1,275.0,0,0
29.625,75.875,2023-10-04,277,40,4,0,1,1,1,275.0,4,1
29.625,75.875,2023-10-05,278,40,5,0,2,2,2,275.0,4,1
29.625,75.875,2023-10-06,279,40,6,0,2,3,3,275.0,2,1
29.625,75.875,2023-10-07,280,40,7,0,3,4,4,275.0,0,0
29.625,75.875,2023-10-08,281,40,8,0,2,4,4,275.0,7,1
29.625,75.875,2023-10-09,282,41,9,0,2,5,5,275.0,4,1
29.625,75.875,2023-10-10,283,41,10,0,2,5,6,275.0,8,1
29.625,75.875,2023-10-11,284,41,11,0,3,6,7,275.0,7,1
29.625,75.875,2023-10-12,285,41,12,0,3,6,8,275.0,4,1
29.625,75.875,2023-10-13,286,41,13,0,3,6,9,275.0,3,1
29.625,75.875,2023-10-14,287,41,14,0,3,6,10,275.0,4,1
29.625,75.875,2023-10-15,288,41,15,0,3,7,11,275.0,19,1
29.625,75.875,2023-10-16,289,42,16,0,3,7,12,275.0,0,0
29.625,75.875,2023-10-17,290,42,17,0,2,6,12,275.0,0,0
29.625,75.875,2023-10-18,291,42,18,0,1,5,12,275.0,1,1
29.625,75.875,2023-10-19,292,42,19,0,1,5,13,275.0,4,1
29.625,75.875,2023-10-20,293,42,20,1,2,5,14,275.0,8,1
29.625,75.875,2023-10-21,294,42,21,1,3,5,15,275.0,10,1
29.625,75.875,2023-10-22,295,42,22,1,3,5,16,275.0,1,1
29.625,75.875,2023-10-23,296,43,23,1,3,5,17,275.0,2,1
29.625,75.875,2023-10-24,297,43,24,1,3,6,18,275.0,12,1
29.625,75.875,2023-10-25,298,43,25,1,3,7,19,275.0,10,1
29.625,75.875,2023-10-26,299,43,26,1,3,7,20,275.0,8,1
29.625,75.875,2023-10-27,300,43,27,1,3,7,21,275.0,1,1
29.625,75.875,2023-10-28,301,43,28,1,3,7,22,275.0,3,1
29.625,75.875,2023-10-29,302,43,29,1,3,7,23,275.0,17,1
29.625,75.875,2023-10-30,303,44,30,1,3,7,24,275.0,14,1
29.625,75.875,2023-10-31,304,44,31,1,3,7,25,275.0,7,1
29.625,75.875,2023-11-01,305,44,32,1,3,7,26,275.0,9,1
29.625,75.875,2023-11-02,306,44,33,1,3,7,27,275.0,1,1
29.625,75.875,2023-11-03,307,44,34,1,3,7,28,275.0,0,0
29.625,75.875,2023-11-04,308,44,35,1,2,6,28,275.0,10,1
29.625,75.875,2023-11-05,309,44,36,1,2,6,29,275.0,21,1
29.625,75.875,2023-11-06,310,45,37,1,2,6,30,275.0,10,1
29.625,75.875,2023-11-07,311,45,38,1,3,6,31,275.0,4,1
29.625,75.875,2023-11-08,312,45,39,1,3,6,32,275.0,3,1
29.625,75.875,2023-11-09,313,45,40,1,3,6,33,275.0,5,1
29.625,75.875,2023-11-10,314,45,41,1,3,6,34,275.0,0,0
29.625,75.875,2023-11-11,315,45,42,1,2,6,34,275.0,0,0
29.625,75.875,2023-11-12,316,45,43,1,1,5,34,275.0,19,1
29.625,75.875,2023-11-13,317,46,44,1,1,5,35,275.0,1,1
29.625,75.875,2023-11-14,318,46,45,1,2,5,36,275.0,0,0
29.625,75.875,2023-11-15,319,46,46,1,2,4,36,275.0,4,1
29.625,75.875,2023-11-16,320,46,47,0,2,4,37,275.0,3,1
29.625,75.875,2023-11-17,321,46,48,0,2,4,38,275.0,5,1
29.625,75.875,2023-11-18,322,46,49,0,3,5,39,275.0,1,1
29.625,75.875,2023-11-19,323,46,50,0,3,6,40,275.0,1,1
29.625,75.875,2023-11-20,324,47,51,0,3,6,41,275.0,1,1
29.625,75.875,2023-11-21,325,47,52,0,3,6,42,275.0,5,1
29.625,75.875,2023-11-22,326,47,53,0,3,7,43,275.0,3,1
29.625,75.875,2023-11-23,327,47,54,0,3,7,44,275.0,2,1
29.625,75.875,2023-11-24,328,47,55,0,3,7,45,275.0,1,1
29.625,75.875,2023-11-25,329,47,56,0,3,7,46,275.0,1,1
29.625,75.875,2023-11-26,330,47,57,0,3,7,47,275.0,0,0
29.625,75.875,2023-11-27,331,48,58,0,2,6,47,275.0,0,0
29.625,75.875,2023-11-28,332,48,59,0,1,5,47,275.0,0,0
29.625,75.875,2023-11-29,333,48,60,0,0,4,47,275.0,0,0
29.625,75.875,2023-11-30,334,48,61,0,0,3,47,275.0,0,0
29.625,76.125,2023-10-01,274,39,1,0,0,0,0,141.0,0,0
29.625,76.125,2023-10-02,275,40,2,0,0,0,0,141.0,0,0
29.625,76.125,2023-10-03,276,40,3,0,0,0,0,141.0,0,0
29.625,76.125,2023-10-04,277,40,4,0,0,0,0,141.0,2,1
29.625,76.125,2023-10-05,278,40,5,0,1,1,1,141.0,2,1
29.625,76.125,2023-10-06,279,40,6,0,2,2,2,141.0,2,1
29.625,76.125,2023-10-07,280,40,7,0,3,3,3,141.0,1,1
29.625,76.125,2023-10-08,281,40,8,0,3,4,4,141.0,5,1
29.625,76.125,2023-10-09,282,41,9,0,3,5,5,141.0,3,1
29.625,76.125,2023-10-10,283,41,10,0,3,6,6,141.0,4,1
29.625,76.125,2023-10-11,284,41,11,0,3,7,7,141.0,2,1
29.625,76.125,2023-10-12,285,41,12,0,3,7,8,141.0,1,1
29.625,76.125,2023-10-13,286,41,13,0,3,7,9,141.0,0,0
29.625,76.125,2023-10-14,287,41,14,0,2,6,9,141.0,3,1
29.625,76.125,2023-10-15,288,41,15,0,2,6,10,141.0,2,1
29.625,76.125,2023-10-16,289,42,16,0,2,6,11,141.0,0,0
29.625,76.125,2023-10-17,290,42,17,0,2,5,11,141.0,0,0
29.625,76.125,2023-10-18,291,42,18,0,1,4,11,141.0,2,1
29.625,76.125,2023-10-19,292,42,19,0,1,4,12,141.0,4,1
29.625,76.125,2023-10-20,293,42,20,1,2,4,13,141.0,5,1
29.625,76.125,2023-10-21,294,42,21,1,3,5,14,141.0,4,1
29.625,76.125,2023-10-22,295,42,22,1,3,5,15,141.0,3,1
29.625,76.125,2023-10-23,296,43,23,1,3,5,16,141.0,1,1
29.625,76.125,2023-10-24,297,43,24,1,3,6,17,141.0,3,1
29.625,76.125,2023-10-25,298,43,25,1,3,7,18,141.0,0,0
29.625,76.125,2023-10-26,299,43,26,1,2,6,18,141.0,1,1
29.625,76.125,2023-10-27,300,43,27,1,2,6,19,141.0,1,1
29.625,76.125,2023-10-28,301,43,28,1,2,6,20,141.0,0,0
29.625,76.125,2023-10-29,302,43,29,1,2,5,20,141.0,3,1
29.625,76.125,2023-10-30,303,44,30,1,2,5,21,141.0,5,1
29.625,76.125,2023-10-31,304,44,31,1,2,5,22,141.0,10,1
29.625,76.125,2023-11-01,305,44,32,1,3,5,23,141.0,4,1
29.625,76.125,2023-11-02,306,44,33,1,3,6,24,141.0,0,0
29.625,76.125,2023-11-03,307,44,34,1,2,5,24,141.0,0,0
29.625,76.125,2023-11-04,308,44,35,1,1,4,24,141.0,3,1
29.625,76.125,2023-11-05,309,44,36,1,1,5,25,141.0,10,1
29.625,76.125,2023-11-06,310,45,37,1,2,5,26,141.0,4,1
29.625,76.125,2023-11-07,311,45,38,1,3,5,27,141.0,3,1
29.625,76.125,2023-11-08,312,45,39,1,3,5,28,141.0,2,1
29.625,76.125,2023-11-09,313,45,40,1,3,5,29,141.0,5,1
29.625,76.125,2023-11-10,314,45,41,1,3,6,30,141.0,0,0
29.625,76.125,2023-11-11,315,45,42,1,2,6,30,141.0,5,1
29.625,76.125,2023-11-12,316,45,43,1,2,6,31,141.0,8,1
29.625,76.125,2023-11-13,317,46,44,1,2,6,32,141.0,0,0
29.625,76.125,2023-11-14,318,46,45,1,2,5,32,141.0,7,1
29.625,76.125,2023-11-15,319,46,46,1,2,5,33,141.0,6,1
29.625,76.125,2023-11-16,320,46,47,0,2,5,34,141.0,5,1
29.625,76.125,2023-11-17,321,46,48,0,3,5,35,141.0,3,1
29.625,76.125,2023-11-18,322,46,49,0,3,6,36,141.0,1,1
29.625,76.125,2023-11-19,323,46,50,0,3,6,37,141.0,1,1
29.625,76.125,2023-11-20,324,47,51,0,3,6,38,141.0,2,1
29.625,76.125,2023-11-21,325,47,52,0,3,7,39,141.0,1,1
29.625,76.125,2023-11-22,326,47,53,0,3,7,40,141.0,1,1
29.625,76.125,2023-11-23,327,47,54,0,3,7,41,141.0,1,1
29.625,76.125,2023-11-24,328,47,55,0,3,7,42,141.0,0,0
29.625,76.125,2023-11-25,329,47,56,0,2,6,42,141.0,0,0
29.625,76.125,2023-11-26,330,47,57,0,1,5,42,141.0,0,0
29.625,76.125,2023-11-27,331,48,58,0,0,4,42,141.0,0,0
29.625,76.125,2023-11-28,332,48,59,0,0,3,42,141.0,0,0
29.625,76.125,2023-11-29,333,48,60,0,0,2,42,141.0,0,0
29.625,76.125,2023-11-30,334,48,61,0,0,1,42,141.0,0,0
29.625,76.375,2023-10-01,274,39,1,0,0,0,0,68.0,0,0
29.625,76.375,2023-10-02,275,40,2,0,0,0,0,68.0,1,1
29.625,76.375,2023-10-03,276,40,3,0,1,1,1,68.0,0,0
29.625,76.375,2023-10-04,277,40,4,0,1,1,1,68.0,1,1
29.625,76.375,2023-10-05,278,40,5,0,2,2,2,68.0,0,0
29.625,76.375,2023-10-06,279,40,6,0,1,2,2,68.0,2,1
29.625,76.375,2023-10-07,280,40,7,0,2,3,3,68.0,0,0
29.625,76.375,2023-10-08,281,40,8,0,1,3,3,68.0,0,0
29.625,76.375,2023-10-09,282,41,9,0,1,3,3,68.0,0,0
29.625,76.375,2023-10-10,283,41,10,0,0,2,3,68.0,5,1
29.625,76.375,2023-10-11,284,41,11,0,1,3,4,68.0,2,1
29.625,76.375,2023-10-12,285,41,12,0,2,3,5,68.0,1,1
29.625,76.375,2023-10-13,286,41,13,0,3,4,6,68.0,1,1
29.625,76.375,2023-10-14,287,41,14,0,3,4,7,68.0,5,1
29.625,76.375,2023-10-15,288,41,15,0,3,5,8,68.0,5,1
29.625,76.375,2023-10-16,289,42,16,0,3,6,9,68.0,0,0
29.625,76.375,2023-10-17,290,42,17,0,2,6,9,68.0,0,0
29.625,76.375,2023-10-18,291,42,18,0,1,5,9,68.0,0,0
29.625,76.375,2023-10-19,292,42,19,0,0,4,9,68.0,0,0
29.625,76.375,2023-10-20,293,42,20,1,0,3,9,68.0,0,0
29.625,76.375,2023-10-21,294,42,21,1,0,2,9,68.0,0,0
29.625,76.375,2023-10-22,295,42,22,1,0,1,9,68.0,0,0
29.625,76.375,2023-10-23,296,43,23,1,0,0,9,68.0,0,0
29.625,76.375,2023-10-24,297,43,24,1,0,0,9,68.0,4,1
29.625,76.375,2023-10-25,298,43,25,1,1,1,10,68.0,2,1
29.625,76.375,2023-10-26,299,43,26,1,2,2,11,68.0,3,1
29.625,76.375,2023-10-27,300,43,27,1,3,3,12,68.0,1,1
29.625,76.375,2023-10-28,301,43,28,1,3,4,13,68.0,0,0
29.625,76.375,2023-10-29,302,43,29,1,2,4,13,68.0,1,1
29.625,76.375,2023-10-30,303,44,30,1,2,5,14,68.0,1,1
29.625,76.375,2023-10-31,304,44,31,1,2,6,15,68.0,2,1
29.625,76.375,2023-11-01,305,44,32,1,3,6,16,68.0,3,1
29.625,76.375,2023-11-02,306,44,33,1,3,6,17,68.0,0,0
29.625,76.375,2023-11-03,307,44,34,1,2,5,17,68.0,0,0
29.625,76.375,2023-11-04,308,44,35,1,1,4,17,68.0,2,1
29.625,76.375,2023-11-05,309,44,36,1,1,5,18,68.0,2,1
29.625,76.375,2023-11-06,310,45,37,1,2,5,19,68.0,1,1
29.625,76.375,2023-11-07,311,45,38,1,3,5,20,68.0,0,0
29.625,76.375,2023-11-08,312,45,39,1,2,4,20,68.0,2,1
29.625,76.375,2023-11-09,313,45,40,1,2,4,21,68.0,0,0
29.625,76.375,2023-11-10,314,45,41,1,1,4,21,68.0,0,0
29.625,76.375,2023-11-11,315,45,42,1,1,4,21,68.0,2,1
29.625,76.375,2023-11-12,316,45,43,1,1,4,22,68.0,8,1
29.625,76.375,2023-11-13,317,46,44,1,2,4,23,68.0,0,0
29.625,76.375,2023-11-14,318,46,45,1,2,3,23,68.0,2,1
29.625,76.375,2023-11-15,319,46,46,1,2,4,24,68.0,1,1
29.625,76.375,2023-11-16,320,46,47,0,2,4,25,68.0,2,1
29.625,76.375,2023-11-17,321,46,48,0,3,5,26,68.0,3,1
29.625,76.375,2023-11-18,322,46,49,0,3,6,27,68.0,0,0
29.625,76.375,2023-11-19,323,46,50,0,2,5,27,68.0,0,0
29.625,76.375,2023-11-20,324,47,51,0,1,4,27,68.0,0,0
29.625,76.375,2023-11-21,325,47,52,0,0,4,27,68.0,1,1
29.625,76.375,2023-11-22,326,47,53,0,1,4,28,68.0,2,1
29.625,76.375,2023-11-23,327,47,54,0,2,4,29,68.0,0,0
29.625,76.375,2023-11-24,328,47,55,0,2,3,29,68.0,0,0
29.625,76.375,2023-11-25,329,47,56,0,1,2,29,68.0,0,0
29.625,76.375,2023-11-26,330,47,57,0,0,2,29,68.0,0,0
29.625,76.375,2023-11-27,331,48,58,0,0,2,29,68.0,0,0
29.625,76.375,2023-11-28,332,48,59,0,0,2,29,68.0,0,0
29.625,76.375,2023-11-29,333,48,60,0,0,1,29,68.0,0,0
29.625,76.375,2023-11-30,334,48,61,0,0,0,29,68.0,0,0
29.625,76.625,2023-10-01,274,39,1,0,0,0,0,52.0,2,1
29.625,76.625,2023-10-02,275,40,2,0,1,1,1,52.0,0,0
29.625,76.625,2023-10-03,276,40,3,0,1,1,1,52.0,1,1
29.625,76.625,2023-10-04,277,40,4,0,2,2,2,52.0,0,0
29.625,76.625,2023-10-05,278,40,5,0,1,2,2,52.0,2,1
29.625,76.625,2023-10-06,279,40,6,0,2,3,3,52.0,0,0
29.625,76.625,2023-10-07,280,40,7,0,1,3,3,52.0,0,0
29.625,76.625,2023-10-08,281,40,8,0,1,3,3,52.0,1,1
29.625,76.625,2023-10-09,282,41,9,0,1,3,4,52.0,0,0
29.625,76.625,2023-10-10,283,41,10,0,1,3,4,52.0,0,0
29.625,76.625,2023-10-11,284,41,11,0,1,2,4,52.0,0,0
29.625,76.625,2023-10-12,285,41,12,0,0,2,4,52.0,0,0
29.625,76.625,2023-10-13,286,41,13,0,0,1,4,52.0,1,1
29.625,76.625,2023-10-14,287,41,14,0,1,2,5,52.0,0,0
29.625,76.625,2023-10-15,288,41,15,0,1,2,5,52.0,3,1
29.625,76.625,2023-10-16,289,42,16,0,2,2,6,52.0,0,0
29.625,76.625,2023-10-17,290,42,17,0,1,2,6,52.0,0,0
29.625,76.625,2023-10-18,291,42,18,0,1,2,6,52.0,0,0
29.625,76.625,2023-10-19,292,42,19,0,0,2,6,52.0,2,1
29.625,76.625,2023-10-20,293,42,20,1,1,3,7,52.0,2,1
29.625,76.625,2023-10-21,294,42,21,1,2,3,8,52.0,9,1
29.625,76.625,2023-10-22,295,42,22,1,3,4,9,52.0,0,0
29.625,76.625,2023-10-23,296,43,23,1,2,3,9,52.0,0,0
29.625,76.625,2023-10-24,297,43,24,1,1,3,9,52.0,0,0
29.625,76.625,2023-10-25,298,43,25,1,0,3,9,52.0,0,0
29.625,76.625,2023-10-26,299,43,26,1,0,3,9,52.0,0,0
29.625,76.625,2023-10-27,300,43,27,1,0,2,9,52.0,1,1
29.625,76.625,2023-10-28,301,43,28,1,1,2,10,52.0,0,0
29.625,76.625,2023-10-29,302,43,29,1,1,1,10,52.0,0,0
29.625,76.625,2023-10-30,303,44,30,1,1,1,10,52.0,1,1
29.625,76.625,2023-10-31,304,44,31,1,1,2,11,52.0,3,1
29.625,76.625,2023-11-01,305,44,32,1,2,3,12,52.0,4,1
29.625,76.625,2023-11-02,306,44,33,1,3,4,13,52.0,0,0
29.625,76.625,2023-11-03,307,44,34,1,2,4,13,52.0,0,0
29.625,76.625,2023-11-04,308,44,35,1,1,3,13,52.0,0,0
29.625,76.625,2023-11-05,309,44,36,1,0,3,13,52.0,1,1
29.625,76.625,2023-11-06,310,45,37,1,1,4,14,52.0,3,1
29.625,76.625,2023-11-07,311,45,38,1,2,4,15,52.0,0,0
29.625,76.625,2023-11-08,312,45,39,1,2,3,15,52.0,0,0
29.625,76.625,2023-11-09,313,45,40,1,1,2,15,52.0,0,0
29.625,76.625,2023-11-10,314,45,41,1,0,2,15,52.0,0,0
29.625,76.625,2023-11-11,315,45,42,1,0,2,15,52.0,1,1
29.625,76.625,2023-11-12,316,45,43,1,1,3,16,52.0,3,1
29.625,76.625,2023-11-13,317,46,44,1,2,3,17,52.0,0,0
29.625,76.625,2023-11-14,318,46,45,1,2,2,17,52.0,0,0
29.625,76.625,2023-11-15,319,46,46,1,1,2,17,52.0,3,1
29.625,76.625,2023-11-16,320,46,47,0,1,3,18,52.0,5,1
29.625,76.625,2023-11-17,321,46,48,0,2,4,19,52.0,2,1
29.625,76.625,2023-11-18,322,46,49,0,3,5,20,52.0,0,0
29.625,76.625,2023-11-19,323,46,50,0,2,4,20,52.0,0,0
29.625,76.625,2023-11-20,324,47,51,0,1,3,20,52.0,0,0
29.625,76.625,2023-11-21,325,47,52,0,0,3,20,52.0,2,1
29.625,76.625,2023-11-22,326,47,53,0,1,4,21,52.0,0,0
29.625,76.625,2023-11-23,327,47,54,0,1,3,21,52.0,0,0
29.625,76.625,2023-11-24,328,47,55,0,1,2,21,52.0,0,0
29.625,76.625,2023-11-25,329,47,56,0,0,1,21,52.0,0,0
29.625,76.625,2023-11-26,330,47,57,0,0,1,21,52.0,0,0
29.625,76.625,2023-11-27,331,48,58,0,0,1,21,52.0,0,0
29.625,76.625,2023-11-28,332,48,59,0,0,1,21,52.0,0,0
29.625,76.625,2023-11-29,333,48,60,0,0,0,21,52.0,0,0
29.625,76.625,2023-11-30,334,48,61,0,0,0,21,52.0,0,0
29.625,76.875,2023-10-01,274,39,1,0,0,0,0,33.0,0,0
29.625,76.875,2023-10-02,275,40,2,0,0,0,0,33.0,0,0
29.625,76.875,2023-10-03,276,40,3,0,0,0,0,33.0,0,0
29.625,76.875,2023-10-04,277,40,4,0,0,0,0,33.0,0,0
29.625,76.875,2023-10-05,278,40,5,0,0,0,0,33.0,0,0
29.625,76.875,2023-10-06,279,40,6,0,0,0,0,33.0,2,1
29.625,76.875,2023-10-07,280,40,7,0,1,1,1,33.0,0,0
29.625,76.875,2023-10-08,281,40,8,0,1,1,1,33.0,0,0
29.625,76.875,2023-10-09,282,41,9,0,1,1,1,33.0,0,0
29.625,76.875,2023-10-10,283,41,10,0,0,1,1,33.0,0,0
29.625,76.875,2023-10-11,284,41,11,0,0,1,1,33.0,1,1
29.625,76.875,2023-10-12,285,41,12,0,1,2,2,33.0,0,0
29.625,76.875,2023-10-13,286,41,13,0,1,2,2,33.0,0,0
29.625,76.875,2023-10-14,287,41,14,0,1,1,2,33.0,0,0
29.625,76.875,2023-10-15,288,41,15,0,0,1,2,33.0,5,1
29.625,76.875,2023-10-16,289,42,16,0,1,2,3,33.0,0,0
29.625,76.875,2023-10-17,290,42,17,0,1,2,3,33.0,0,0
29.625,76.875,2023-10-18,291,42,18,0,1,2,3,33.0,0,0
29.625,76.875,2023-10-19,292,42,19,0,0,1,3,33.0,0,0
29.625,76.875,2023-10-20,293,42,20,1,0,1,3,33.0,0,0
29.625,76.875,2023-10-21,294,42,21,1,0,1,3,33.0,0,0
29.625,76.875,2023-10-22,295,42,22,1,0,1,3,33.0,0,0
29.625,76.875,2023-10-23,296,43,23,1,0,0,3,33.0,0,0
29.625,76.875,2023-10-24,297,43,24,1,0,0,3,33.0,0,0
29.625,76.875,2023-10-25,298,43,25,1,0,0,3,33.0,2,1
29.625,76.875,2023-10-26,299,43,26,1,1,1,4,33.0,0,0
29.625,76.875,2023-10-27,300,43,27,1,1,1,4,33.0,0,0
29.625,76.875,2023-10-28,301,43,28,1,1,1,4,33.0,0,0
29.625,76.875,2023-10-29,302,43,29,1,0,1,4,33.0,3,1
29.625,76.875,2023-10-30,303,44,30,1,1,2,5,33.0,4,1
29.625,76.875,2023-10-31,304,44,31,1,2,3,6,33.0,7,1
29.625,76.875,2023-11-01,305,44,32,1,3,4,7,33.0,1,1
29.625,76.875,2023-11-02,306,44,33,1,3,4,8,33.0,0,0
29.625,76.875,2023-11-03,307,44,34,1,2,4,8,33.0,0,0
29.625,76.875,2023-11-04,308,44,35,1,1,4,8,33.0,0,0
29.625,76.875,2023-11-05,309,44,36,1,0,4,8,33.0,3,1
29.625,76.875,2023-11-06,310,45,37,1,1,4,9,33.0,0,0
29.625,76.875,2023-11-07,311,45,38,1,1,3,9,33.0,0,0
29.625,76.875,2023-11-08,312,45,39,1,1,2,9,33.0,0,0
29.625,76.875,2023-11-09,313,45,40,1,0,1,9,33.0,1,1
29.625,76.875,2023-11-10,314,45,41,1,1,2,10,33.0,0,0
29.625,76.875,2023-11-11,315,45,42,1,1,2,10,33.0,2,1
29.625,76.875,2023-11-12,316,45,43,1,2,3,11,33.0,2,1
29.625,76.875,2023-11-13,317,46,44,1,2,3,12,33.0,0,0
29.625,76.875,2023-11-14,318,46,45,1,2,3,12,33.0,0,0
29.625,76.875,2023-11-15,319,46,46,1,1,3,12,33.0,0,0
29.625,76.875,2023-11-16,320,46,47,0,0,3,12,33.0,0,0
29.625,76.875,2023-11-17,321,46,48,0,0,2,12,33.0,0,0
29.625,76.875,2023-11-18,322,46,49,0,0,2,12,33.0,0,0
29.625,76.875,2023-11-19,323,46,50,0,0,1,12,33.0,0,0
29.625,76.875,2023-11-20,324,47,51,0,0,0,12,33.0,0,0
29.625,76.875,2023-11-21,325,47,52,0,0,0,12,33.0,0,0
29.625,76.875,2023-11-22,326,47,53,0,0,0,12,33.0,0,0
29.625,76.875,2023-11-23,327,47,54,0,0,0,12,33.0,0,0
29.625,76.875,2023-11-24,328,47,55,0,0,0,12,33.0,0,0
29.625,76.875,2023-11-25,329,47,56,0,0,0,12,33.0,0,0
29.625,76.875,2023-11-26,330,47,57,0,0,0,12,33.0,0,0
29.625,76.875,2023-11-27,331,48,58,0,0,0,12,33.0,0,0
29.625,76.875,2023-11-28,332,48,59,0,0,0,12,33.0,0,0
29.625,76.875,2023-11-29,333,48,60,0,0,0,12,33.0,0,0
29.625,76.875,2023-11-30,334,48,61,0,0,0,12,33.0,0,0
29.625,77.125,2023-10-01,274,39,1,0,0,0,0,23.0,0,0
29.625,77.125,2023-10-02,275,40,2,0,0,0,0,23.0,1,1
29.625,77.125,2023-10-03,276,40,3,0,1,1,1,23.0,0,0
29.625,77.125,2023-10-04,277,40,4,0,1,1,1,23.0,0,0
29.625,77.125,2023-10-05,278,40,5,0,1,1,1,23.0,0,0
29.625,77.125,2023-10-06,279,40,6,0,0,1,1,23.0,0,0
29.625,77.125,2023-10-07,280,40,7,0,0,1,1,23.0,0,0
29.625,77.125,2023-10-08,281,40,8,0,0,1,1,23.0,2,1
29.625,77.125,2023-10-09,282,41,9,0,1,2,2,23.0,0,0
29.625,77.125,2023-10-10,283,41,10,0,1,1,2,23.0,1,1
29.625,77.125,2023-10-11,284,41,11,0,2,2,3,23.0,0,0
29.625,77.125,2023-10-12,285,41,12,0,1,2,3,23.0,0,0
29.625,77.125,2023-10-13,286,41,13,0,1,2,3,23.0,0,0
29.625,77.125,2023-10-14,287,41,14,0,0,2,3,23.0,0,0
29.625,77.125,2023-10-15,288,41,15,0,0,2,3,23.0,0,0
29.625,77.125,2023-10-16,289,42,16,0,0,1,3,23.0,0,0
29.625,77.125,2023-10-17,290,42,17,0,0,1,3,23.0,0,0
29.625,77.125,2023-10-18,291,42,18,0,0,0,3,23.0,0,0
29.625,77.125,2023-10-19,292,42,19,0,0,0,3,23.0,0,0
29.625,77.125,2023-10-20,293,42,20,1,0,0,3,23.0,0,0
29.625,77.125,2023-10-21,294,42,21,1,0,0,3,23.0,0,0
29.625,77.125,2023-10-22,295,42,22,1,0,0,3,23.0,0,0
29.625,77.125,2023-10-23,296,43,23,1,0,0,3,23.0,1,1
29.625,77.125,2023-10-24,297,43,24,1,1,1,4,23.0,1,1
29.625,77.125,2023-10-25,298,43,25,1,2,2,5,23.0,1,1
29.625,77.125,2023-10-26,299,43,26,1,3,3,6,23.0,1,1
29.625,77.125,2023-10-27,300,43,27,1,3,4,7,23.0,0,0
29.625,77.125,2023-10-28,301,43,28,1,2,4,7,23.0,0,0
29.625,77.125,2023-10-29,302,43,29,1,1,4,7,23.0,0,0
29.625,77.125,2023-10-30,303,44,30,1,0,4,7,23.0,0,0
29.625,77.125,2023-10-31,304,44,31,1,0,3,7,23.0,0,0
29.625,77.125,2023-11-01,305,44,32,1,0,2,7,23.0,5,1
29.625,77.125,2023-11-02,306,44,33,1,1,2,8,23.0,0,0
29.625,77.125,2023-11-03,307,44,34,1,1,1,8,23.0,0,0
29.625,77.125,2023-11-04,308,44,35,1,1,1,8,23.0,0,0
29.625,77.125,2023-11-05,309,44,36,1,0,1,8,23.0,0,0
29.625,77.125,2023-11-06,310,45,37,1,0,1,8,23.0,1,1
29.625,77.125,2023-11-07,311,45,38,1,1,2,9,23.0,0,0
29.625,77.125,2023-11-08,312,45,39,1,1,2,9,23.0,0,0
29.625,77.125,2023-11-09,313,45,40,1,1,1,9,23.0,0,0
29.625,77.125,2023-11-10,314,45,41,1,0,1,9,23.0,0,0
29.625,77.125,2023-11-11,315,45,42,1,0,1,9,23.0,1,1
29.625,77.125,2023-11-12,316,45,43,1,1,2,10,23.0,3,1
29.625,77.125,2023-11-13,317,46,44,1,2,3,11,23.0,0,0
29.625,77.125,2023-11-14,318,46,45,1,2,2,11,23.0,0,0
29.625,77.125,2023-11-15,319,46,46,1,1,2,11,23.0,0,0
29.625,77.125,2023-11-16,320,46,47,0,0,2,11,23.0,1,1
29.625,77.125,2023-11-17,321,46,48,0,1,3,12,23.0,0,0
29.625,77.125,2023-11-18,322,46,49,0,1,3,12,23.0,0,0
29.625,77.125,2023-11-19,323,46,50,0,1,2,12,23.0,1,1
29.625,77.125,2023-11-20,324,47,51,0,1,2,13,23.0,1,1
29.625,77.125,2023-11-21,325,47,52,0,2,3,14,23.0,0,0
29.625,77.125,2023-11-22,326,47,53,0,2,3,14,23.0,0,0
29.625,77.125,2023-11-23,327,47,54,0,1,3,14,23.0,0,0
29.625,77.125,2023-11-24,328,47,55,0,0,2,14,23.0,2,1
29.625,77.125,2023-11-25,329,47,56,0,1,3,15,23.0,0,0
29.625,77.125,2023-11-26,330,47,57,0,1,3,15,23.0,0,0
29.625,77.125,2023-11-27,331,48,58,0,1,2,15,23.0,0,0
29.625,77.125,2023-11-28,332,48,59,0,0,1,15,23.0,0,0
29.625,77.125,2023-11-29,333,48,60,0,0,1,15,23.0,0,0
29.625,77.125,2023-11-30,334,48,61,0,0,1,15,23.0,0,0
29.625,77.375,2023-10-01,274,39,1,0,0,0,0,22.0,0,0
29.625,77.375,2023-10-02,275,40,2,0,0,0,0,22.0,0,0
29.625,77.375,2023-10-03,276,40,3,0,0,0,0,22.0,0,0
29.625,77.375,2023-10-04,277,40,4,0,0,0,0,22.0,0,0
29.625,77.375,2023-10-05,278,40,5,0,0,0,0,22.0,1,1
29.625,77.375,2023-10-06,279,40,6,0,1,1,1,22.0,0,0
29.625,77.375,2023-10-07,280,40,7,0,1,1,1,22.0,0,0
29.625,77.375,2023-10-08,281,40,8,0,1,1,1,22.0,0,0
29.625,77.375,2023-10-09,282,41,9,0,0,1,1,22.0,0,0
29.625,77.375,2023-10-10,283,41,10,0,0,1,1,22.0,1,1
29.625,77.375,2023-10-11,284,41,11,0,1,2,2,22.0,1,1
29.625,77.375,2023-10-12,285,41,12,0,2,3,3,22.0,1,1
29.625,77.375,2023-10-13,286,41,13,0,3,3,4,22.0,0,0
29.625,77.375,2023-10-14,287,41,14,0,2,3,4,22.0,1,1
29.625,77.375,2023-10-15,288,41,15,0,2,4,5,22.0,0,0
29.625,77.375,2023-10-16,289,42,16,0,1,4,5,22.0,0,0
29.625,77.375,2023-10-17,290,42,17,0,1,4,5,22.0,0,0
29.625,77.375,2023-10-18,291,42,18,0,0,3,5,22.0,0,0
29.625,77.375,2023-10-19,292,42,19,0,0,2,5,22.0,0,0
29.625,77.375,2023-10-20,293,42,20,1,0,1,5,22.0,0,0
29.625,77.375,2023-10-21,294,42,21,1,0,1,5,22.0,2,1
29.625,77.375,2023-10-22,295,42,22,1,1,1,6,22.0,0,0
29.625,77.375,2023-10-23,296,43,23,1,1,1,6,22.0,0,0
29.625,77.375,2023-10-24,297,43,24,1,1,1,6,22.0,0,0
29.625,77.375,2023-10-25,298,43,25,1,0,1,6,22.0,0,0
29.625,77.375,2023-10-26,299,43,26,1,0,1,6,22.0,3,1
29.625,77.375,2023-10-27,300,43,27,1,1,2,7,22.0,0,0
29.625,77.375,2023-10-28,301,43,28,1,1,2,7,22.0,0,0
29.625,77.375,2023-10-29,302,43,29,1,1,1,7,22.0,0,0
29.625,77.375,2023-10-30,303,44,30,1,0,1,7,22.0,0,0
29.625,77.375,2023-10-31,304,44,31,1,0,1,7,22.0,0,0
29.625,77.375,2023-11-01,305,44,32,1,0,1,7,22.0,0,0
29.625,77.375,2023-11-02,306,44,33,1,0,1,7,22.0,0,0
29.625,77.375,2023-11-03,307,44,34,1,0,0,7,22.0,1,1
29.625,77.375,2023-11-04,308,44,35,1,1,1,8,22.0,0,0
29.625,77.375,2023-11-05,309,44,36,1,1,1,8,22.0,0,0
29.625,77.375,2023-11-06,310,45,37,1,1,1,8,22.0,1,1
29.625,77.375,2023-11-07,311,45,38,1,1,2,9,22.0,0,0
29.625,77.375,2023-11-08,312,45,39,1,1,2,9,22.0,0,0
29.625,77.375,2023-11-09,313,45,40,1,1,2,9,22.0,0,0
29.625,77.375,2023-11-10,314,45,41,1,0,2,9,22.0,0,0
29.625,77.375,2023-11-11,315,45,42,1,0,1,9,22.0,0,0
29.625,77.375,2023-11-12,316,45,43,1,0,1,9,22.0,3,1
29.625,77.375,2023-11-13,317,46,44,1,1,2,10,22.0,0,0
29.625,77.375,2023-11-14,318,46,45,1,1,1,10,22.0,0,0
29.625,77.375,2023-11-15,319,46,46,1,1,1,10,22.0,0,0
29.625,77.375,2023-11-16,320,46,47,0,0,1,10,22.0,0,0
29.625,77.375,2023-11-17,321,46,48,0,0,1,10,22.0,0,0
29.625,77.375,2023-11-18,322,46,49,0,0,1,10,22.0,2,1
29.625,77.375,2023-11-19,323,46,50,0,1,2,11,22.0,0,0
29.625,77.375,2023-11-20,324,47,51,0,1,1,11,22.0,0,0
29.625,77.375,2023-11-21,325,47,52,0,1,1,11,22.0,0,0
29.625,77.375,2023-11-22,326,47,53,0,0,1,11,22.0,1,1
29.625,77.375,2023-11-23,327,47,54,0,1,2,12,22.0,1,1
29.625,77.375,2023-11-24,328,47,55,0,2,3,13,22.0,2,1
29.625,77.375,2023-11-25,329,47,56,0,3,4,14,22.0,0,0
29.625,77.375,2023-11-26,330,47,57,0,2,3,14,22.0,1,1
29.625,77.375,2023-11-27,331,48,58,0,2,4,15,22.0,0,0
29.625,77.375,2023-11-28,332,48,59,0,1,4,15,22.0,0,0
29.625,77.375,2023-11-29,333,48,60,0,1,4,15,22.0,0,0
29.625,77.375,2023-11-30,334,48,61,0,0,3,15,22.0,0,0
29.875,74.125,2023-10-01,274,39,1,0,0,0,0,7.0,1,1
29.875,74.125,2023-10-02,275,40,2,0,1,1,1,7.0,0,0
29.875,74.125,2023-10-03,276,40,3,0,1,1,1,7.0,2,1
29.875,74.125,2023-10-04,277,40,4,0,2,2,2,7.0,1,1
29.875,74.125,2023-10-05,278,40,5,0,2,3,3,7.0,0,0
29.875,74.125,2023-10-06,279,40,6,0,2,3,3,7.0,0,0
29.875,74.125,2023-10-07,280,40,7,0,1,3,3,7.0,0,0
29.875,74.125,2023-10-08,281,40,8,0,0,3,3,7.0,0,0
29.875,74.125,2023-10-09,282,41,9,0,0,2,3,7.0,1,1
29.875,74.125,2023-10-10,283,41,10,0,1,3,4,7.0,1,1
29.875,74.125,2023-10-11,284,41,11,0,2,3,5,7.0,0,0
29.875,74.125,2023-10-12,285,41,12,0,2,2,5,7.0,0,0
29.875,74.125,2023-10-13,286,41,13,0,1,2,5,7.0,0,0
29.875,74.125,2023-10-14,287,41,14,0,0,2,5,7.0,0,0
29.875,74.125,2023-10-15,288,41,15,0,0,2,5,7.0,1,1
29.875,74.125,2023-10-16,289,42,16,0,1,3,6,7.0,0,0
29.875,74.125,2023-10-17,290,42,17,0,1,2,6,7.0,0,0
29.875,74.125,2023-10-18,291,42,18,0,1,1,6,7.0,0,0
29.875,74.125,2023-10-19,292,42,19,0,0,1,6,7.0,0,0
29.875,74.125,2023-10-20,293,42,20,1,0,1,6,7.0,0,0
29.875,74.125,2023-10-21,294,42,21,1,0,1,6,7.0,0,0
29.875,74.125,2023-10-22,295,42,22,1,0,1,6,7.0,0,0
29.875,74.125,2023-10-23,296,43,23,1,0,0,6,7.0,0,0
29.875,74.125,2023-10-24,297,43,24,1,0,0,6,7.0,0,0
29.875,74.125,2023-10-25,298,43,25,1,0,0,6,7.0,0,0
29.875,74.125,2023-10-26,299,43,26,1,0,0,6,7.0,0,0
29.875,74.125,2023-10-27,300,43,27,1,0,0,6,7.0,0,0
29.875,74.125,2023-10-28,301,43,28,1,0,0,6,7.0,0,0
29.875,74.125,2023-10-29,302,43,29,1,0,0,6,7.0,0,0
29.875,74.125,2023-10-30,303,44,30,1,0,0,6,7.0,0,0
29.875,74.125,2023-10-31,304,44,31,1,0,0,6,7.0,0,0
29.875,74.125,2023-11-01,305,44,32,1,0,0,6,7.0,0,0
29.875,74.125,2023-11-02,306,44,33,1,0,0,6,7.0,0,0
29.875,74.125,2023-11-03,307,44,34,1,0,0,6,7.0,0,0
29.875,74.125,2023-11-04,308,44,35,1,0,0,6,7.0,0,0
29.875,74.125,2023-11-05,309,44,36,1,0,0,6,7.0,0,0
29.875,74.125,2023-11-06,310,45,37,1,0,0,6,7.0,0,0
29.875,74.125,2023-11-07,311,45,38,1,0,0,6,7.0,0,0
29.875,74.125,2023-11-08,312,45,39,1,0,0,6,7.0,0,0
29.875,74.125,2023-11-09,313,45,40,1,0,0,6,7.0,0,0
29.875,74.125,2023-11-10,314,45,41,1,0,0,6,7.0,0,0
29.875,74.125,2023-11-11,315,45,42,1,0,0,6,7.0,0,0
29.875,74.125,2023-11-12,316,45,43,1,0,0,6,7.0,0,0
29.875,74.125,2023-11-13,317,46,44,1,0,0,6,7.0,0,0
29.875,74.125,2023-11-14,318,46,45,1,0,0,6,7.0,0,0
29.875,74.125,2023-11-15,319,46,46,1,0,0,6,7.0,0,0
29.875,74.125,2023-11-16,320,46,47,0,0,0,6,7.0,0,0
29.875,74.125,2023-11-17,321,46,48,0,0,0,6,7.0,0,0
29.875,74.125,2023-11-18,322,46,49,0,0,0,6,7.0,0,0
29.875,74.125,2023-11-19,323,46,50,0,0,0,6,7.0,0,0
29.875,74.125,2023-11-20,324,47,51,0,0,0,6,7.0,0,0
29.875,74.125,2023-11-21,325,47,52,0,0,0,6,7.0,0,0
29.875,74.125,2023-11-22,326,47,53,0,0,0,6,7.0,0,0
29.875,74.125,2023-11-23,327,47,54,0,0,0,6,7.0,0,0
29.875,74.125,2023-11-24,328,47,55,0,0,0,6,7.0,0,0
29.875,74.125,2023-11-25,329,47,56,0,0,0,6,7.0,0,0
29.875,74.125,2023-11-26,330,47,57,0,0,0,6,7.0,0,0
29.875,74.125,2023-11-27,331,48,58,0,0,0,6,7.0,0,0
29.875,74.125,2023-11-28,332,48,59,0,0,0,6,7.0,0,0
29.875,74.125,2023-11-29,333,48,60,0,0,0,6,7.0,0,0
29.875,74.125,2023-11-30,334,48,61,0,0,0,6,7.0,0,0
29.875,74.375,2023-10-01,274,39,1,0,0,0,0,23.0,0,0
29.875,74.375,2023-10-02,275,40,2,0,0,0,0,23.0,0,0
29.875,74.375,2023-10-03,276,40,3,0,0,0,0,23.0,0,0
29.875,74.375,2023-10-04,277,40,4,0,0,0,0,23.0,1,1
29.875,74.375,2023-10-05,278,40,5,0,1,1,1,23.0,1,1
29.875,74.375,2023-10-06,279,40,6,0,2,2,2,23.0,0,0
29.875,74.375,2023-10-07,280,40,7,0,2,2,2,23.0,0,0
29.875,74.375,2023-10-08,281,40,8,0,1,2,2,23.0,0,0
29.875,74.375,2023-10-09,282,41,9,0,0,2,2,23.0,0,0
29.875,74.375,2023-10-10,283,41,10,0,0,2,2,23.0,0,0
29.875,74.375,2023-10-11,284,41,11,0,0,2,2,23.0,0,0
29.875,74.375,2023-10-12,285,41,12,0,0,1,2,23.0,1,1
29.875,74.375,2023-10-13,286,41,13,0,1,1,3,23.0,0,0
29.875,74.375,2023-10-14,287,41,14,0,1,1,3,23.0,0,0
29.875,74.375,2023-10-15,288,41,15,0,1,1,3,23.0,1,1
29.875,74.375,2023-10-16,289,42,16,0,1,2,4,23.0,0,0
29.875,74.375,2023-10-17,290,42,17,0,1,2,4,23.0,0,0
29.875,74.375,2023-10-18,291,42,18,0,1,2,4,23.0,0,0
29.875,74.375,2023-10-19,292,42,19,0,0,2,4,23.0,0,0
29.875,74.375,2023-10-20,293,42,20,1,0,1,4,23.0,0,0
29.875,74.375,2023-10-21,294,42,21,1,0,1,4,23.0,1,1
29.875,74.375,2023-10-22,295,42,22,1,1,2,5,23.0,0,0
29.875,74.375,2023-10-23,296,43,23,1,1,1,5,23.0,0,0
29.875,74.375,2023-10-24,297,43,24,1,1,1,5,23.0,0,0
29.875,74.375,2023-10-25,298,43,25,1,0,1,5,23.0,0,0
29.875,74.375,2023-10-26,299,43,26,1,0,1,5,23.0,0,0
29.875,74.375,2023-10-27,300,43,27,1,0,1,5,23.0,1,1
29.875,74.375,2023-10-28,301,43,28,1,1,2,6,23.0,0,0
29.875,74.375,2023-10-29,302,43,29,1,1,1,6,23.0,0,0
29.875,74.375,2023-10-30,303,44,30,1,1,1,6,23.0,0,0
29.875,74.375,2023-10-31,304,44,31,1,0,1,6,23.0,0,0
29.875,74.375,2023-11-01,305,44,32,1,0,1,6,23.0,0,0
29.875,74.375,2023-11-02,306,44,33,1,0,1,6,23.0,0,0
29.875,74.375,2023-11-03,307,44,34,1,0,1,6,23.0,0,0
29.875,74.375,2023-11-04,308,44,35,1,0,0,6,23.0,0,0
29.875,74.375,2023-11-05,309,44,36,1,0,0,6,23.0,0,0
29.875,74.375,2023-11-06,310,45,37,1,0,0,6,23.0,0,0
29.875,74.375,2023-11-07,311,45,38,1,0,0,6,23.0,1,1
29.875,74.375,2023-11-08,312,45,39,1,1,1,7,23.0,0,0
29.875,74.375,2023-11-09,313,45,40,1,1,1,7,23.0,0,0
29.875,74.375,2023-11-10,314,45,41,1,1,1,7,23.0,0,0
29.875,74.375,2023-11-11,315,45,42,1,0,1,7,23.0,0,0
29.875,74.375,2023-11-12,316,45,43,1,0,1,7,23.0,1,1
29.875,74.375,2023-11-13,317,46,44,1,1,2,8,23.0,4,1
29.875,74.375,2023-11-14,318,46,45,1,2,3,9,23.0,1,1
29.875,74.375,2023-11-15,319,46,46,1,3,3,10,23.0,2,1
29.875,74.375,2023-11-16,320,46,47,0,3,4,11,23.0,2,1
29.875,74.375,2023-11-17,321,46,48,0,3,5,12,23.0,0,0
29.875,74.375,2023-11-18,322,46,49,0,2,5,12,23.0,0,0
29.875,74.375,2023-11-19,323,46,50,0,1,5,12,23.0,1,1
29.875,74.375,2023-11-20,324,47,51,0,1,5,13,23.0,0,0
29.875,74.375,2023-11-21,325,47,52,0,1,4,13,23.0,1,1
29.875,74.375,2023-11-22,326,47,53,0,2,4,14,23.0,0,0
29.875,74.375,2023-11-23,327,47,54,0,1,3,14,23.0,4,1
29.875,74.375,2023-11-24,328,47,55,0,2,3,15,23.0,0,0
29.875,74.375,2023-11-25,329,47,56,0,1,3,15,23.0,0,0
29.875,74.375,2023-11-26,330,47,57,0,1,3,15,23.0,0,0
29.875,74.375,2023-11-27,331,48,58,0,0,2,15,23.0,0,0
29.875,74.375,2023-11-28,332,48,59,0,0,2,15,23.0,0,0
29.875,74.375,2023-11-29,333,48,60,0,0,1,15,23.0,0,0
29.875,74.375,2023-11-30,334,48,61,0,0,1,15,23.0,0,0
29.875,74.625,2023-10-01,274,39,1,0,0,0,0,73.0,0,0
29.875,74.625,2023-10-02,275,40,2,0,0,0,0,73.0,0,0
29.875,74.625,2023-10-03,276,40,3,0,0,0,0,73.0,0,0
29.875,74.625,2023-10-04,277,40,4,0,0,0,0,73.0,0,0
29.875,74.625,2023-10-05,278,40,5,0,0,0,0,73.0,0,0
29.875,74.625,2023-10-06,279,40,6,0,0,0,0,73.0,0,0
29.875,74.625,2023-10-07,280,40,7,0,0,0,0,73.0,0,0
29.875,74.625,2023-10-08,281,40,8,0,0,0,0,73.0,0,0
29.875,74.625,2023-10-09,282,41,9,0,0,0,0,73.0,0,0
29.875,74.625,2023-10-10,283,41,10,0,0,0,0,73.0,1,1
29.875,74.625,2023-10-11,284,41,11,0,1,1,1,73.0,0,0
29.875,74.625,2023-10-12,285,41,12,0,1,1,1,73.0,0,0
29.875,74.625,2023-10-13,286,41,13,0,1,1,1,73.0,0,0
29.875,74.625,2023-10-14,287,41,14,0,0,1,1,73.0,0,0
29.875,74.625,2023-10-15,288,41,15,0,0,1,1,73.0,0,0
29.875,74.625,2023-10-16,289,42,16,0,0,1,1,73.0,0,0
29.875,74.625,2023-10-17,290,42,17,0,0,1,1,73.0,0,0
29.875,74.625,2023-10-18,291,42,18,0,0,0,1,73.0,0,0
29.875,74.625,2023-10-19,292,42,19,0,0,0,1,73.0,0,0
29.875,74.625,2023-10-20,293,42,20,1,0,0,1,73.0,0,0
29.875,74.625,2023-10-21,294,42,21,1,0,0,1,73.0,0,0
29.875,74.625,2023-10-22,295,42,22,1,0,0,1,73.0,0,0
29.875,74.625,2023-10-23,296,43,23,1,0,0,1,73.0,0,0
29.875,74.625,2023-10-24,297,43,24,1,0,0,1,73.0,0,0
29.875,74.625,2023-10-25,298,43,25,1,0,0,1,73.0,0,0
29.875,74.625,2023-10-26,299,43,26,1,0,0,1,73.0,0,0
29.875,74.625,2023-10-27,300,43,27,1,0,0,1,73.0,0,0
29.875,74.625,2023-10-28,301,43,28,1,0,0,1,73.0,0,0
29.875,74.625,2023-10-29,302,43,29,1,0,0,1,73.0,1,1
29.875,74.625,2023-10-30,303,44,30,1,1,1,2,73.0,0,0
29.875,74.625,2023-10-31,304,44,31,1,1,1,2,73.0,0,0
29.875,74.625,2023-11-01,305,44,32,1,1,1,2,73.0,0,0
29.875,74.625,2023-11-02,306,44,33,1,0,1,2,73.0,0,0
29.875,74.625,2023-11-03,307,44,34,1,0,1,2,73.0,1,1
29.875,74.625,2023-11-04,308,44,35,1,1,2,3,73.0,4,1
29.875,74.625,2023-11-05,309,44,36,1,2,3,4,73.0,1,1
29.875,74.625,2023-11-06,310,45,37,1,3,3,5,73.0,2,1
29.875,74.625,2023-11-07,311,45,38,1,3,4,6,73.0,7,1
29.875,74.625,2023-11-08,312,45,39,1,3,5,7,73.0,5,1
29.875,74.625,2023-11-09,313,45,40,1,3,6,8,73.0,0,0
29.875,74.625,2023-11-10,314,45,41,1,2,6,8,73.0,0,0
29.875,74.625,2023-11-11,315,45,42,1,1,5,8,73.0,6,1
29.875,74.625,2023-11-12,316,45,43,1,1,5,9,73.0,7,1
29.875,74.625,2023-11-13,317,46,44,1,2,5,10,73.0,4,1
29.875,74.625,2023-11-14,318,46,45,1,3,5,11,73.0,4,1
29.875,74.625,2023-11-15,319,46,46,1,3,5,12,73.0,1,1
29.875,74.625,2023-11-16,320,46,47,0,3,5,13,73.0,7,1
29.875,74.625,2023-11-17,321,46,48,0,3,6,14,73.0,4,1
29.875,74.625,2023-11-18,322,46,49,0,3,7,15,73.0,0,0
29.875,74.625,2023-11-19,323,46,50,0,2,6,15,73.0,6,1
29.875,74.625,2023-11-20,324,47,51,0,2,6,16,73.0,0,0
29.875,74.625,2023-11-21,325,47,52,0,1,5,16,73.0,3,1
29.875,74.625,2023-11-22,326,47,53,0,2,5,17,73.0,7,1
29.875,74.625,2023-11-23,327,47,54,0,2,5,18,73.0,1,1
29.875,74.625,2023-11-24,328,47,55,0,3,5,19,73.0,0,0
29.875,74.625,2023-11-25,329,47,56,0,2,4,19,73.0,0,0
29.875,74.625,2023-11-26,330,47,57,0,1,4,19,73.0,1,1
29.875,74.625,2023-11-27,331,48,58,0,1,4,20,73.0,0,0
29.875,74.625,2023-11-28,332,48,59,0,1,4,20,73.0,0,0
29.875,74.625,2023-11-29,333,48,60,0,1,3,20,73.0,0,0
29.875,74.625,2023-11-30,334,48,61,0,0,2,20,73.0,0,0
29.875,74.875,2023-10-01,274,39,1,0,0,0,0,107.0,0,0
29.875,74.875,2023-10-02,275,40,2,0,0,0,0,107.0,0,0
29.875,74.875,2023-10-03,276,40,3,0,0,0,0,107.0,0,0
29.875,74.875,2023-10-04,277,40,4,0,0,0,0,107.0,0,0
29.875,74.875,2023-10-05,278,40,5,0,0,0,0,107.0,0,0
29.875,74.875,2023-10-06,279,40,6,0,0,0,0,107.0,0,0
29.875,74.875,2023-10-07,280,40,7,0,0,0,0,107.0,0,0
29.875,74.875,2023-10-08,281,40,8,0,0,0,0,107.0,0,0
29.875,74.875,2023-10-09,282,41,9,0,0,0,0,107.0,0,0
29.875,74.875,2023-10-10,283,41,10,0,0,0,0,107.0,0,0
29.875,74.875,2023-10-11,284,41,11,0,0,0,0,107.0,0,0
29.875,74.875,2023-10-12,285,41,12,0,0,0,0,107.0,0,0
29.875,74.875,2023-10-13,286,41,13,0,0,0,0,107.0,0,0
29.875,74.875,2023-10-14,287,41,14,0,0,0,0,107.0,0,0
29.875,74.875,2023-10-15,288,41,15,0,0,0,0,107.0,1,1
29.875,74.875,2023-10-16,289,42,16,0,1,1,1,107.0,0,0
29.875,74.875,2023-10-17,290,42,17,0,1,1,1,107.0,0,0
29.875,74.875,2023-10-18,291,42,18,0,1,1,1,107.0,0,0
29.875,74.875,2023-10-19,292,42,19,0,0,1,1,107.0,0,0
29.875,74.875,2023-10-20,293,42,20,1,0,1,1,107.0,0,0
29.875,74.875,2023-10-21,294,42,21,1,0,1,1,107.0,0,0
29.875,74.875,2023-10-22,295,42,22,1,0,1,1,107.0,0,0
29.875,74.875,2023-10-23,296,43,23,1,0,0,1,107.0,0,0
29.875,74.875,2023-10-24,297,43,24,1,0,0,1,107.0,1,1
29.875,74.875,2023-10-25,298,43,25,1,1,1,2,107.0,1,1
29.875,74.875,2023-10-26,299,43,26,1,2,2,3,107.0,4,1
29.875,74.875,2023-10-27,300,43,27,1,3,3,4,107.0,6,1
29.875,74.875,2023-10-28,301,43,28,1,3,4,5,107.0,0,0
29.875,74.875,2023-10-29,302,43,29,1,2,4,5,107.0,5,1
29.875,74.875,2023-10-30,303,44,30,1,2,5,6,107.0,5,1
29.875,74.875,2023-10-31,304,44,31,1,2,6,7,107.0,2,1
29.875,74.875,2023-11-01,305,44,32,1,3,6,8,107.0,3,1
29.875,74.875,2023-11-02,306,44,33,1,3,6,9,107.0,0,0
29.875,74.875,2023-11-03,307,44,34,1,2,5,9,107.0,1,1
29.875,74.875,2023-11-04,308,44,35,1,2,5,10,107.0,2,1
29.875,74.875,2023-11-05,309,44,36,1,2,6,11,107.0,12,1
29.875,74.875,2023-11-06,310,45,37,1,3,6,12,107.0,17,1
29.875,74.875,2023-11-07,311,45,38,1,3,6,13,107.0,5,1
29.875,74.875,2023-11-08,312,45,39,1,3,6,14,107.0,2,1
29.875,74.875,2023-11-09,313,45,40,1,3,6,15,107.0,1,1
29.875,74.875,2023-11-10,314,45,41,1,3,7,16,107.0,0,0
29.875,74.875,2023-11-11,315,45,42,1,2,6,16,107.0,3,1
29.875,74.875,2023-11-12,316,45,43,1,2,6,17,107.0,4,1
29.875,74.875,2023-11-13,317,46,44,1,2,6,18,107.0,3,1
29.875,74.875,2023-11-14,318,46,45,1,3,6,19,107.0,4,1
29.875,74.875,2023-11-15,319,46,46,1,3,6,20,107.0,7,1
29.875,74.875,2023-11-16,320,46,47,0,3,6,21,107.0,4,1
29.875,74.875,2023-11-17,321,46,48,0,3,6,22,107.0,1,1
29.875,74.875,2023-11-18,322,46,49,0,3,7,23,107.0,1,1
29.875,74.875,2023-11-19,323,46,50,0,3,7,24,107.0,1,1
29.875,74.875,2023-11-20,324,47,51,0,3,7,25,107.0,0,0
29.875,74.875,2023-11-21,325,47,52,0,2,6,25,107.0,3,1
29.875,74.875,2023-11-22,326,47,53,0,2,6,26,107.0,4,1
29.875,74.875,2023-11-23,327,47,54,0,2,6,27,107.0,2,1
29.875,74.875,2023-11-24,328,47,55,0,3,6,28,107.0,0,0
29.875,74.875,2023-11-25,329,47,56,0,2,5,28,107.0,1,1
29.875,74.875,2023-11-26,330,47,57,0,2,5,29,107.0,0,0
29.875,74.875,2023-11-27,331,48,58,0,1,4,29,107.0,0,0
29.875,74.875,2023-11-28,332,48,59,0,1,4,29,107.0,1,1
29.875,74.875,2023-11-29,333,48,60,0,1,4,30,107.0,0,0
29.875,74.875,2023-11-30,334,48,61,0,1,3,30,107.0,0,0
29.875,75.125,2023-10-01,274,39,1,0,0,0,0,310.0,0,0
29.875,75.125,2023-10-02,275,40,2,0,0,0,0,310.0,0,0
29.875,75.125,2023-10-03,276,40,3,0,0,0,0,310.0,0,0
29.875,75.125,2023-10-04,277,40,4,0,0,0,0,310.0,0,0
29.875,75.125,2023-10-05,278,40,5,0,0,0,0,310.0,2,1
29.875,75.125,2023-10-06,279,40,6,0,1,1,1,310.0,0,0
29.875,75.125,2023-10-07,280,40,7,0,1,1,1,310.0,0,0
29.875,75.125,2023-10-08,281,40,8,0,1,1,1,310.0,0,0
29.875,75.125,2023-10-09,282,41,9,0,0,1,1,310.0,0,0
29.875,75.125,2023-10-10,283,41,10,0,0,1,1,310.0,0,0
29.875,75.125,2023-10-11,284,41,11,0,0,1,1,310.0,1,1
29.875,75.125,2023-10-12,285,41,12,0,1,2,2,310.0,2,1
29.875,75.125,2023-10-13,286,41,13,0,2,2,3,310.0,2,1
29.875,75.125,2023-10-14,287,41,14,0,3,3,4,310.0,1,1
29.875,75.125,2023-10-15,288,41,15,0,3,4,5,310.0,4,1
29.875,75.125,2023-10-16,289,42,16,0,3,5,6,310.0,0,0
29.875,75.125,2023-10-17,290,42,17,0,2,5,6,310.0,0,0
29.875,75.125,2023-10-18,291,42,18,0,1,5,6,310.0,0,0
29.875,75.125,2023-10-19,292,42,19,0,0,4,6,310.0,0,0
29.875,75.125,2023-10-20,293,42,20,1,0,3,6,310.0,4,1
29.875,75.125,2023-10-21,294,42,21,1,1,3,7,310.0,2,1
29.875,75.125,2023-10-22,295,42,22,1,2,3,8,310.0,1,1
29.875,75.125,2023-10-23,296,43,23,1,3,3,9,310.0,1,1
29.875,75.125,2023-10-24,297,43,24,1,3,4,10,310.0,3,1
29.875,75.125,2023-10-25,298,43,25,1,3,5,11,310.0,6,1
29.875,75.125,2023-10-26,299,43,26,1,3,6,12,310.0,10,1
29.875,75.125,2023-10-27,300,43,27,1,3,7,13,310.0,3,1
29.875,75.125,2023-10-28,301,43,28,1,3,7,14,310.0,1,1
29.875,75.125,2023-10-29,302,43,29,1,3,7,15,310.0,13,1
29.875,75.125,2023-10-30,303,44,30,1,3,7,16,310.0,9,1
29.875,75.125,2023-10-31,304,44,31,1,3,7,17,310.0,23,1
29.875,75.125,2023-11-01,305,44,32,1,3,7,18,310.0,14,1
29.875,75.125,2023-11-02,306,44,33,1,3,7,19,310.0,0,0
29.875,75.125,2023-11-03,307,44,34,1,2,6,19,310.0,12,1
29.875,75.125,2023-11-04,308,44,35,1,2,6,20,310.0,20,1
29.875,75.125,2023-11-05,309,44,36,1,2,6,21,310.0,37,1
29.875,75.125,2023-11-06,310,45,37,1,3,6,22,310.0,16,1
29.875,75.125,2023-11-07,311,45,38,1,3,6,23,310.0,11,1
29.875,75.125,2023-11-08,312,45,39,1,3,6,24,310.0,7,1
29.875,75.125,2023-11-09,313,45,40,1,3,6,25,310.0,7,1
29.875,75.125,2023-11-10,314,45,41,1,3,7,26,310.0,0,0
29.875,75.125,2023-11-11,315,45,42,1,2,6,26,310.0,6,1
29.875,75.125,2023-11-12,316,45,43,1,2,6,27,310.0,11,1
29.875,75.125,2023-11-13,317,46,44,1,2,6,28,310.0,29,1
29.875,75.125,2023-11-14,318,46,45,1,3,6,29,310.0,10,1
29.875,75.125,2023-11-15,319,46,46,1,3,6,30,310.0,19,1
29.875,75.125,2023-11-16,320,46,47,0,3,6,31,310.0,15,1
29.875,75.125,2023-11-17,321,46,48,0,3,6,32,310.0,1,1
29.875,75.125,2023-11-18,322,46,49,0,3,7,33,310.0,1,1
29.875,75.125,2023-11-19,323,46,50,0,3,7,34,310.0,0,0
29.875,75.125,2023-11-20,324,47,51,0,2,6,34,310.0,1,1
29.875,75.125,2023-11-21,325,47,52,0,2,6,35,310.0,1,1
29.875,75.125,2023-11-22,326,47,53,0,2,6,36,310.0,1,1
29.875,75.125,2023-11-23,327,47,54,0,3,6,37,310.0,2,1
29.875,75.125,2023-11-24,328,47,55,0,3,6,38,310.0,1,1
29.875,75.125,2023-11-25,329,47,56,0,3,6,39,310.0,0,0
29.875,75.125,2023-11-26,330,47,57,0,2,5,39,310.0,0,0
29.875,75.125,2023-11-27,331,48,58,0,1,5,39,310.0,0,0
29.875,75.125,2023-11-28,332,48,59,0,0,4,39,310.0,0,0
29.875,75.125,2023-11-29,333,48,60,0,0,3,39,310.0,0,0
29.875,75.125,2023-11-30,334,48,61,0,0,2,39,310.0,0,0
29.875,75.375,2023-10-01,274,39,1,0,0,0,0,508.0,0,0
29.875,75.375,2023-10-02,275,40,2,0,0,0,0,508.0,0,0
29.875,75.375,2023-10-03,276,40,3,0,0,0,0,508.0,0,0
29.875,75.375,2023-10-04,277,40,4,0,0,0,0,508.0,0,0
29.875,75.375,2023-10-05,278,40,5,0,0,0,0,508.0,6,1
29.875,75.375,2023-10-06,279,40,6,0,1,1,1,508.0,0,0
29.875,75.375,2023-10-07,280,40,7,0,1,1,1,508.0,0,0
29.875,75.375,2023-10-08,281,40,8,0,1,1,1,508.0,0,0
29.875,75.375,2023-10-09,282,41,9,0,0,1,1,508.0,0,0
29.875,75.375,2023-10-10,283,41,10,0,0,1,1,508.0,0,0
29.875,75.375,2023-10-11,284,41,11,0,0,1,1,508.0,1,1
29.875,75.375,2023-10-12,285,41,12,0,1,2,2,508.0,0,0
29.875,75.375,2023-10-13,286,41,13,0,1,1,2,508.0,0,0
29.875,75.375,2023-10-14,287,41,14,0,1,1,2,508.0,0,0
29.875,75.375,2023-10-15,288,41,15,0,0,1,2,508.0,1,1
29.875,75.375,2023-10-16,289,42,16,0,1,2,3,508.0,0,0
29.875,75.375,2023-10-17,290,42,17,0,1,2,3,508.0,0,0
29.875,75.375,2023-10-18,291,42,18,0,1,2,3,508.0,1,1
29.875,75.375,2023-10-19,292,42,19,0,1,2,4,508.0,0,0
29.875,75.375,2023-10-20,293,42,20,1,1,2,4,508.0,2,1
29.875,75.375,2023-10-21,294,42,21,1,2,3,5,508.0,2,1
29.875,75.375,2023-10-22,295,42,22,1,2,4,6,508.0,2,1
29.875,75.375,2023-10-23,296,43,23,1,3,4,7,508.0,0,0
29.875,75.375,2023-10-24,297,43,24,1,2,4,7,508.0,5,1
29.875,75.375,2023-10-25,298,43,25,1,2,5,8,508.0,19,1
29.875,75.375,2023-10-26,299,43,26,1,2,5,9,508.0,13,1
29.875,75.375,2023-10-27,300,43,27,1,3,6,10,508.0,8,1
29.875,75.375,2023-10-28,301,43,28,1,3,6,11,508.0,2,1
29.875,75.375,2023-10-29,302,43,29,1,3,6,12,508.0,19,1
29.875,75.375,2023-10-30,303,44,30,1,3,6,13,508.0,23,1
29.875,75.375,2023-10-31,304,44,31,1,3,7,14,508.0,33,1
29.875,75.375,2023-11-01,305,44,32,1,3,7,15,508.0,30,1
29.875,75.375,2023-11-02,306,44,33,1,3,7,16,508.0,0,0
29.875,75.375,2023-11-03,307,44,34,1,2,6,16,508.0,7,1
29.875,75.375,2023-11-04,308,44,35,1,2,6,17,508.0,45,1
29.875,75.375,2023-11-05,309,44,36,1,2,6,18,508.0,72,1
29.875,75.375,2023-11-06,310,45,37,1,3,6,19,508.0,47,1
29.875,75.375,2023-11-07,311,45,38,1,3,6,20,508.0,47,1
29.875,75.375,2023-11-08,312,45,39,1,3,6,21,508.0,11,1
29.875,75.375,2023-11-09,313,45,40,1,3,6,22,508.0,14,1
29.875,75.375,2023-11-10,314,45,41,1,3,7,23,508.0,0,0
29.875,75.375,2023-11-11,315,45,42,1,2,6,23,508.0,13,1
29.875,75.375,2023-11-12,316,45,43,1,2,6,24,508.0,14,1
29.875,75.375,2023-11-13,317,46,44,1,2,6,25,508.0,27,1
29.875,75.375,2023-11-14,318,46,45,1,3,6,26,508.0,10,1
29.875,75.375,2023-11-15,319,46,46,1,3,6,27,508.0,6,1
29.875,75.375,2023-11-16,320,46,47,0,3,6,28,508.0,11,1
29.875,75.375,2023-11-17,321,46,48,0,3,6,29,508.0,0,0
29.875,75.375,2023-11-18,322,46,49,0,2,6,29,508.0,1,1
29.875,75.375,2023-11-19,323,46,50,0,2,6,30,508.0,3,1
29.875,75.375,2023-11-20,324,47,51,0,2,6,31,508.0,2,1
29.875,75.375,2023-11-21,325,47,52,0,3,6,32,508.0,7,1
29.875,75.375,2023-11-22,326,47,53,0,3,6,33,508.0,1,1
29.875,75.375,2023-11-23,327,47,54,0,3,6,34,508.0,2,1
29.875,75.375,2023-11-24,328,47,55,0,3,6,35,508.0,0,0
29.875,75.375,2023-11-25,329,47,56,0,2,6,35,508.0,0,0
29.875,75.375,2023-11-26,330,47,57,0,1,5,35,508.0,0,0
29.875,75.375,2023-11-27,331,48,58,0,0,4,35,508.0,0,0
29.875,75.375,2023-11-28,332,48,59,0,0,3,35,508.0,0,0
29.875,75.375,2023-11-29,333,48,60,0,0,2,35,508.0,0,0
29.875,75.375,2023-11-30,334,48,61,0,0,1,35,508.0,1,1
29.875,75.625,2023-10-01,274,39,1,0,0,0,0,925.0,0,0
29.875,75.625,2023-10-02,275,40,2,0,0,0,0,925.0,0,0
29.875,75.625,2023-10-03,276,40,3,0,0,0,0,925.0,0,0
29.875,75.625,2023-10-04,277,40,4,0,0,0,0,925.0,0,0
29.875,75.625,2023-10-05,278,40,5,0,0,0,0,925.0,0,0
29.875,75.625,2023-10-06,279,40,6,0,0,0,0,925.0,3,1
29.875,75.625,2023-10-07,280,40,7,0,1,1,1,925.0,0,0
29.875,75.625,2023-10-08,281,40,8,0,1,1,1,925.0,0,0
29.875,75.625,2023-10-09,282,41,9,0,1,1,1,925.0,0,0
29.875,75.625,2023-10-10,283,41,10,0,0,1,1,925.0,0,0
29.875,75.625,2023-10-11,284,41,11,0,0,1,1,925.0,0,0
29.875,75.625,2023-10-12,285,41,12,0,0,1,1,925.0,2,1
29.875,75.625,2023-10-13,286,41,13,0,1,2,2,925.0,0,0
29.875,75.625,2023-10-14,287,41,14,0,1,1,2,925.0,3,1
29.875,75.625,2023-10-15,288,41,15,0,2,2,3,925.0,4,1
29.875,75.625,2023-10-16,289,42,16,0,2,3,4,925.0,0,0
29.875,75.625,2023-10-17,290,42,17,0,2,3,4,925.0,0,0
29.875,75.625,2023-10-18,291,42,18,0,1,3,4,925.0,1,1
29.875,75.625,2023-10-19,292,42,19,0,1,4,5,925.0,1,1
29.875,75.625,2023-10-20,293,42,20,1,2,4,6,925.0,1,1
29.875,75.625,2023-10-21,294,42,21,1,3,5,7,925.0,5,1
29.875,75.625,2023-10-22,295,42,22,1,3,5,8,925.0,1,1
29.875,75.625,2023-10-23,296,43,23,1,3,5,9,925.0,1,1
29.875,75.625,2023-10-24,297,43,24,1,3,6,10,925.0,9,1
29.875,75.625,2023-10-25,298,43,25,1,3,7,11,925.0,7,1
29.875,75.625,2023-10-26,299,43,26,1,3,7,12,925.0,10,1
29.875,75.625,2023-10-27,300,43,27,1,3,7,13,925.0,6,1
29.875,75.625,2023-10-28,301,43,28,1,3,7,14,925.0,4,1
29.875,75.625,2023-10-29,302,43,29,1,3,7,15,925.0,36,1
29.875,75.625,2023-10-30,303,44,30,1,3,7,16,925.0,40,1
29.875,75.625,2023-10-31,304,44,31,1,3,7,17,925.0,65,1
29.875,75.625,2023-11-01,305,44,32,1,3,7,18,925.0,74,1
29.875,75.625,2023-11-02,306,44,33,1,3,7,19,925.0,0,0
29.875,75.625,2023-11-03,307,44,34,1,2,6,19,925.0,19,1
29.875,75.625,2023-11-04,308,44,35,1,2,6,20,925.0,48,1
29.875,75.625,2023-11-05,309,44,36,1,2,6,21,925.0,139,1
29.875,75.625,2023-11-06,310,45,37,1,3,6,22,925.0,97,1
29.875,75.625,2023-11-07,311,45,38,1,3,6,23,925.0,68,1
29.875,75.625,2023-11-08,312,45,39,1,3,6,24,925.0,44,1
29.875,75.625,2023-11-09,313,45,40,1,3,6,25,925.0,79,1
29.875,75.625,2023-11-10,314,45,41,1,3,7,26,925.0,0,0
29.875,75.625,2023-11-11,315,45,42,1,2,6,26,925.0,14,1
29.875,75.625,2023-11-12,316,45,43,1,2,6,27,925.0,14,1
29.875,75.625,2023-11-13,317,46,44,1,2,6,28,925.0,32,1
29.875,75.625,2023-11-14,318,46,45,1,3,6,29,925.0,21,1
29.875,75.625,2023-11-15,319,46,46,1,3,6,30,925.0,36,1
29.875,75.625,2023-11-16,320,46,47,0,3,6,31,925.0,19,1
29.875,75.625,2023-11-17,321,46,48,0,3,6,32,925.0,8,1
29.875,75.625,2023-11-18,322,46,49,0,3,7,33,925.0,4,1
29.875,75.625,2023-11-19,323,46,50,0,3,7,34,925.0,2,1
29.875,75.625,2023-11-20,324,47,51,0,3,7,35,925.0,1,1
29.875,75.625,2023-11-21,325,47,52,0,3,7,36,925.0,3,1
29.875,75.625,2023-11-22,326,47,53,0,3,7,37,925.0,0,0
29.875,75.625,2023-11-23,327,47,54,0,2,6,37,925.0,1,1
29.875,75.625,2023-11-24,328,47,55,0,2,6,38,925.0,2,1
29.875,75.625,2023-11-25,329,47,56,0,2,6,39,925.0,1,1
29.875,75.625,2023-11-26,330,47,57,0,3,6,40,925.0,0,0
29.875,75.625,2023-11-27,331,48,58,0,2,5,40,925.0,0,0
29.875,75.625,2023-11-28,332,48,59,0,1,4,40,925.0,0,0
29.875,75.625,2023-11-29,333,48,60,0,0,3,40,925.0,0,0
29.875,75.625,2023-11-30,334,48,61,0,0,3,40,925.0,0,0
29.875,75.875,2023-10-01,274,39,1,0,0,0,0,974.0,0,0
29.875,75.875,2023-10-02,275,40,2,0,0,0,0,974.0,0,0
29.875,75.875,2023-10-03,276,40,3,0,0,0,0,974.0,0,0
29.875,75.875,2023-10-04,277,40,4,0,0,0,0,974.0,1,1
29.875,75.875,2023-10-05,278,40,5,0,1,1,1,974.0,2,1
29.875,75.875,2023-10-06,279,40,6,0,2,2,2,974.0,0,0
29.875,75.875,2023-10-07,280,40,7,0,2,2,2,974.0,0,0
29.875,75.875,2023-10-08,281,40,8,0,1,2,2,974.0,1,1
29.875,75.875,2023-10-09,282,41,9,0,1,3,3,974.0,2,1
29.875,75.875,2023-10-10,283,41,10,0,2,4,4,974.0,1,1
29.875,75.875,2023-10-11,284,41,11,0,3,5,5,974.0,5,1
29.875,75.875,2023-10-12,285,41,12,0,3,5,6,974.0,0,0
29.875,75.875,2023-10-13,286,41,13,0,2,4,6,974.0,1,1
29.875,75.875,2023-10-14,287,41,14,0,2,5,7,974.0,3,1
29.875,75.875,2023-10-15,288,41,15,0,2,6,8,974.0,5,1
29.875,75.875,2023-10-16,289,42,16,0,3,6,9,974.0,0,0
29.875,75.875,2023-10-17,290,42,17,0,2,5,9,974.0,0,0
29.875,75.875,2023-10-18,291,42,18,0,1,4,9,974.0,0,0
29.875,75.875,2023-10-19,292,42,19,0,0,3,9,974.0,0,0
29.875,75.875,2023-10-20,293,42,20,1,0,3,9,974.0,2,1
29.875,75.875,2023-10-21,294,42,21,1,1,3,10,974.0,2,1
29.875,75.875,2023-10-22,295,42,22,1,2,3,11,974.0,0,0
29.875,75.875,2023-10-23,296,43,23,1,2,2,11,974.0,4,1
29.875,75.875,2023-10-24,297,43,24,1,2,3,12,974.0,3,1
29.875,75.875,2023-10-25,298,43,25,1,2,4,13,974.0,11,1
29.875,75.875,2023-10-26,299,43,26,1,3,5,14,974.0,20,1
29.875,75.875,2023-10-27,300,43,27,1,3,6,15,974.0,24,1
29.875,75.875,2023-10-28,301,43,28,1,3,6,16,974.0,3,1
29.875,75.875,2023-10-29,302,43,29,1,3,6,17,974.0,39,1
29.875,75.875,2023-10-30,303,44,30,1,3,7,18,974.0,41,1
29.875,75.875,2023-10-31,304,44,31,1,3,7,19,974.0,67,1
29.875,75.875,2023-11-01,305,44,32,1,3,7,20,974.0,62,1
29.875,75.875,2023-11-02,306,44,33,1,3,7,21,974.0,0,0
29.875,75.875,2023-11-03,307,44,34,1,2,6,21,974.0,21,1
29.875,75.875,2023-11-04,308,44,35,1,2,6,22,974.0,57,1
29.875,75.875,2023-11-05,309,44,36,1,2,6,23,974.0,121,1
29.875,75.875,2023-11-06,310,45,37,1,3,6,24,974.0,78,1
29.875,75.875,2023-11-07,311,45,38,1,3,6,25,974.0,73,1
29.875,75.875,2023-11-08,312,45,39,1,3,6,26,974.0,51,1
29.875,75.875,2023-11-09,313,45,40,1,3,6,27,974.0,61,1
29.875,75.875,2023-11-10,314,45,41,1,3,7,28,974.0,0,0
29.875,75.875,2023-11-11,315,45,42,1,2,6,28,974.0,0,0
29.875,75.875,2023-11-12,316,45,43,1,1,5,28,974.0,27,1
29.875,75.875,2023-11-13,317,46,44,1,1,5,29,974.0,38,1
29.875,75.875,2023-11-14,318,46,45,1,2,5,30,974.0,15,1
29.875,75.875,2023-11-15,319,46,46,1,3,5,31,974.0,43,1
29.875,75.875,2023-11-16,320,46,47,0,3,5,32,974.0,32,1
29.875,75.875,2023-11-17,321,46,48,0,3,5,33,974.0,16,1
29.875,75.875,2023-11-18,322,46,49,0,3,6,34,974.0,4,1
29.875,75.875,2023-11-19,323,46,50,0,3,7,35,974.0,8,1
29.875,75.875,2023-11-20,324,47,51,0,3,7,36,974.0,6,1
29.875,75.875,2023-11-21,325,47,52,0,3,7,37,974.0,12,1
29.875,75.875,2023-11-22,326,47,53,0,3,7,38,974.0,5,1
29.875,75.875,2023-11-23,327,47,54,0,3,7,39,974.0,7,1
29.875,75.875,2023-11-24,328,47,55,0,3,7,40,974.0,0,0
29.875,75.875,2023-11-25,329,47,56,0,2,6,40,974.0,0,0
29.875,75.875,2023-11-26,330,47,57,0,1,5,40,974.0,0,0
29.875,75.875,2023-11-27,331,48,58,0,0,4,40,974.0,0,0
29.875,75.875,2023-11-28,332,48,59,0,0,3,40,974.0,0,0
29.875,75.875,2023-11-29,333,48,60,0,0,2,40,974.0,0,0
29.875,75.875,2023-11-30,334,48,61,0,0,1,40,974.0,0,0
29.875,76.125,2023-10-01,274,39,1,0,0,0,0,472.0,0,0
29.875,76.125,2023-10-02,275,40,2,0,0,0,0,472.0,0,0
29.875,76.125,2023-10-03,276,40,3,0,0,0,0,472.0,0,0
29.875,76.125,2023-10-04,277,40,4,0,0,0,0,472.0,2,1
29.875,76.125,2023-10-05,278,40,5,0,1,1,1,472.0,3,1
29.875,76.125,2023-10-06,279,40,6,0,2,2,2,472.0,5,1
29.875,76.125,2023-10-07,280,40,7,0,3,3,3,472.0,3,1
29.875,76.125,2023-10-08,281,40,8,0,3,4,4,472.0,4,1
29.875,76.125,2023-10-09,282,41,9,0,3,5,5,472.0,5,1
29.875,76.125,2023-10-10,283,41,10,0,3,6,6,472.0,4,1
29.875,76.125,2023-10-11,284,41,11,0,3,7,7,472.0,2,1
29.875,76.125,2023-10-12,285,41,12,0,3,7,8,472.0,0,0
29.875,76.125,2023-10-13,286,41,13,0,2,6,8,472.0,3,1
29.875,76.125,2023-10-14,287,41,14,0,2,6,9,472.0,6,1
29.875,76.125,2023-10-15,288,41,15,0,2,6,10,472.0,13,1
29.875,76.125,2023-10-16,289,42,16,0,3,6,11,472.0,0,0
29.875,76.125,2023-10-17,290,42,17,0,2,5,11,472.0,0,0
29.875,76.125,2023-10-18,291,42,18,0,1,4,11,472.0,3,1
29.875,76.125,2023-10-19,292,42,19,0,1,4,12,472.0,1,1
29.875,76.125,2023-10-20,293,42,20,1,2,5,13,472.0,10,1
29.875,76.125,2023-10-21,294,42,21,1,3,5,14,472.0,11,1
29.875,76.125,2023-10-22,295,42,22,1,3,5,15,472.0,3,1
29.875,76.125,2023-10-23,296,43,23,1,3,5,16,472.0,2,1
29.875,76.125,2023-10-24,297,43,24,1,3,6,17,472.0,13,1
29.875,76.125,2023-10-25,298,43,25,1,3,7,18,472.0,13,1
29.875,76.125,2023-10-26,299,43,26,1,3,7,19,472.0,17,1
29.875,76.125,2023-10-27,300,43,27,1,3,7,20,472.0,9,1
29.875,76.125,2023-10-28,301,43,28,1,3,7,21,472.0,2,1
29.875,76.125,2023-10-29,302,43,29,1,3,7,22,472.0,6,1
29.875,76.125,2023-10-30,303,44,30,1,3,7,23,472.0,12,1
29.875,76.125,2023-10-31,304,44,31,1,3,7,24,472.0,16,1
29.875,76.125,2023-11-01,305,44,32,1,3,7,25,472.0,21,1
29.875,76.125,2023-11-02,306,44,33,1,3,7,26,472.0,0,0
29.875,76.125,2023-11-03,307,44,34,1,2,6,26,472.0,6,1
29.875,76.125,2023-11-04,308,44,35,1,2,6,27,472.0,19,1
29.875,76.125,2023-11-05,309,44,36,1,2,6,28,472.0,64,1
29.875,76.125,2023-11-06,310,45,37,1,3,6,29,472.0,29,1
29.875,76.125,2023-11-07,311,45,38,1,3,6,30,472.0,21,1
29.875,76.125,2023-11-08,312,45,39,1,3,6,31,472.0,22,1
29.875,76.125,2023-11-09,313,45,40,1,3,6,32,472.0,14,1
29.875,76.125,2023-11-10,314,45,41,1,3,7,33,472.0,0,0
29.875,76.125,2023-11-11,315,45,42,1,2,6,33,472.0,1,1
29.875,76.125,2023-11-12,316,45,43,1,2,6,34,472.0,13,1
29.875,76.125,2023-11-13,317,46,44,1,2,6,35,472.0,4,1
29.875,76.125,2023-11-14,318,46,45,1,3,6,36,472.0,13,1
29.875,76.125,2023-11-15,319,46,46,1,3,6,37,472.0,17,1
29.875,76.125,2023-11-16,320,46,47,0,3,6,38,472.0,16,1
29.875,76.125,2023-11-17,321,46,48,0,3,6,39,472.0,9,1
29.875,76.125,2023-11-18,322,46,49,0,3,7,40,472.0,2,1
29.875,76.125,2023-11-19,323,46,50,0,3,7,41,472.0,5,1
29.875,76.125,2023-11-20,324,47,51,0,3,7,42,472.0,3,1
29.875,76.125,2023-11-21,325,47,52,0,3,7,43,472.0,7,1
29.875,76.125,2023-11-22,326,47,53,0,3,7,44,472.0,9,1
29.875,76.125,2023-11-23,327,47,54,0,3,7,45,472.0,5,1
29.875,76.125,2023-11-24,328,47,55,0,3,7,46,472.0,2,1
29.875,76.125,2023-11-25,329,47,56,0,3,7,47,472.0,1,1
29.875,76.125,2023-11-26,330,47,57,0,3,7,48,472.0,1,1
29.875,76.125,2023-11-27,331,48,58,0,3,7,49,472.0,0,0
29.875,76.125,2023-11-28,332,48,59,0,2,6,49,472.0,0,0
29.875,76.125,2023-11-29,333,48,60,0,1,5,49,472.0,0,0
29.875,76.125,2023-11-30,334,48,61,0,0,4,49,472.0,0,0
29.875,76.375,2023-10-01,274,39,1,0,0,0,0,76.0,0,0
29.875,76.375,2023-10-02,275,40,2,0,0,0,0,76.0,0,0
29.875,76.375,2023-10-03,276,40,3,0,0,0,0,76.0,0,0
29.875,76.375,2023-10-04,277,40,4,0,0,0,0,76.0,0,0
29.875,76.375,2023-10-05,278,40,5,0,0,0,0,76.0,0,0
29.875,76.375,2023-10-06,279,40,6,0,0,0,0,76.0,0,0
29.875,76.375,2023-10-07,280,40,7,0,0,0,0,76.0,2,1
29.875,76.375,2023-10-08,281,40,8,0,1,1,1,76.0,0,0
29.875,76.375,2023-10-09,282,41,9,0,1,1,1,76.0,2,1
29.875,76.375,2023-10-10,283,41,10,0,2,2,2,76.0,1,1
29.875,76.375,2023-10-11,284,41,11,0,2,3,3,76.0,1,1
29.875,76.375,2023-10-12,285,41,12,0,3,4,4,76.0,0,0
29.875,76.375,2023-10-13,286,41,13,0,2,4,4,76.0,0,0
29.875,76.375,2023-10-14,287,41,14,0,1,4,4,76.0,4,1
29.875,76.375,2023-10-15,288,41,15,0,1,4,5,76.0,6,1
29.875,76.375,2023-10-16,289,42,16,0,2,5,6,76.0,0,0
29.875,76.375,2023-10-17,290,42,17,0,2,4,6,76.0,0,0
29.875,76.375,2023-10-18,291,42,18,0,1,3,6,76.0,0,0
29.875,76.375,2023-10-19,292,42,19,0,0,2,6,76.0,0,0
29.875,76.375,2023-10-20,293,42,20,1,0,2,6,76.0,2,1
29.875,76.375,2023-10-21,294,42,21,1,1,3,7,76.0,11,1
29.875,76.375,2023-10-22,295,42,22,1,2,3,8,76.0,8,1
29.875,76.375,2023-10-23,296,43,23,1,3,3,9,76.0,3,1
29.875,76.375,2023-10-24,297,43,24,1,3,4,10,76.0,6,1
29.875,76.375,2023-10-25,298,43,25,1,3,5,11,76.0,4,1
29.875,76.375,2023-10-26,299,43,26,1,3,6,12,76.0,3,1
29.875,76.375,2023-10-27,300,43,27,1,3,7,13,76.0,6,1
29.875,76.375,2023-10-28,301,43,28,1,3,7,14,76.0,1,1
29.875,76.375,2023-10-29,302,43,29,1,3,7,15,76.0,3,1
29.875,76.375,2023-10-30,303,44,30,1,3,7,16,76.0,2,1
29.875,76.375,2023-10-31,304,44,31,1,3,7,17,76.0,1,1
29.875,76.375,2023-11-01,305,44,32,1,3,7,18,76.0,0,0
29.875,76.375,2023-11-02,306,44,33,1,2,6,18,76.0,0,0
29.875,76.375,2023-11-03,307,44,34,1,1,5,18,76.0,0,0
29.875,76.375,2023-11-04,308,44,35,1,0,4,18,76.0,2,1
29.875,76.375,2023-11-05,309,44,36,1,1,4,19,76.0,5,1
29.875,76.375,2023-11-06,310,45,37,1,2,4,20,76.0,0,0
29.875,76.375,2023-11-07,311,45,38,1,2,3,20,76.0,0,0
29.875,76.375,2023-11-08,312,45,39,1,1,2,20,76.0,0,0
29.875,76.375,2023-11-09,313,45,40,1,0,2,20,76.0,0,0
29.875,76.375,2023-11-10,314,45,41,1,0,2,20,76.0,0,0
29.875,76.375,2023-11-11,315,45,42,1,0,2,20,76.0,0,0
29.875,76.375,2023-11-12,316,45,43,1,0,1,20,76.0,1,1
29.875,76.375,2023-11-13,317,46,44,1,1,1,21,76.0,0,0
29.875,76.375,2023-11-14,318,46,45,1,1,1,21,76.0,0,0
29.875,76.375,2023-11-15,319,46,46,1,1,1,21,76.0,2,1
29.875,76.375,2023-11-16,320,46,47,0,1,2,22,76.0,0,0
29.875,76.375,2023-11-17,321,46,48,0,1,2,22,76.0,0,0
29.875,76.375,2023-11-18,322,46,49,0,1,2,22,76.0,0,0
29.875,76.375,2023-11-19,323,46,50,0,0,2,22,76.0,0,0
29.875,76.375,2023-11-20,324,47,51,0,0,1,22,76.0,0,0
29.875,76.375,2023-11-21,325,47,52,0,0,1,22,76.0,0,0
29.875,76.375,2023-11-22,326,47,53,0,0,1,22,76.0,0,0
29.875,76.375,2023-11-23,327,47,54,0,0,0,22,76.0,0,0
29.875,76.375,2023-11-24,328,47,55,0,0,0,22,76.0,0,0
29.875,76.375,2023-11-25,329,47,56,0,0,0,22,76.0,0,0
29.875,76.375,2023-11-26,330,47,57,0,0,0,22,76.0,0,0
29.875,76.375,2023-11-27,331,48,58,0,0,0,22,76.0,0,0
29.875,76.375,2023-11-28,332,48,59,0,0,0,22,76.0,0,0
29.875,76.375,2023-11-29,333,48,60,0,0,0,22,76.0,0,0
29.875,76.375,2023-11-30,334,48,61,0,0,0,22,76.0,0,0
29.875,76.625,2023-10-01,274,39,1,0,0,0,0,56.0,0,0
29.875,76.625,2023-10-02,275,40,2,0,0,0,0,56.0,2,1
29.875,76.625,2023-10-03,276,40,3,0,1,1,1,56.0,1,1
29.875,76.625,2023-10-04,277,40,4,0,2,2,2,56.0,1,1
29.875,76.625,2023-10-05,278,40,5,0,3,3,3,56.0,0,0
29.875,76.625,2023-10-06,279,40,6,0,2,3,3,56.0,0,0
29.875,76.625,2023-10-07,280,40,7,0,1,3,3,56.0,1,1
29.875,76.625,2023-10-08,281,40,8,0,1,4,4,56.0,0,0
29.875,76.625,2023-10-09,282,41,9,0,1,4,4,56.0,1,1
29.875,76.625,2023-10-10,283,41,10,0,2,4,5,56.0,0,0
29.875,76.625,2023-10-11,284,41,11,0,1,3,5,56.0,0,0
29.875,76.625,2023-10-12,285,41,12,0,1,2,5,56.0,0,0
29.875,76.625,2023-10-13,286,41,13,0,0,2,5,56.0,0,0
29.875,76.625,2023-10-14,287,41,14,0,0,2,5,56.0,0,0
29.875,76.625,2023-10-15,288,41,15,0,0,1,5,56.0,7,1
29.875,76.625,2023-10-16,289,42,16,0,1,2,6,56.0,0,0
29.875,76.625,2023-10-17,290,42,17,0,1,1,6,56.0,0,0
29.875,76.625,2023-10-18,291,42,18,0,1,1,6,56.0,0,0
29.875,76.625,2023-10-19,292,42,19,0,0,1,6,56.0,2,1
29.875,76.625,2023-10-20,293,42,20,1,1,2,7,56.0,7,1
29.875,76.625,2023-10-21,294,42,21,1,2,3,8,56.0,4,1
29.875,76.625,2023-10-22,295,42,22,1,3,4,9,56.0,5,1
29.875,76.625,2023-10-23,296,43,23,1,3,4,10,56.0,2,1
29.875,76.625,2023-10-24,297,43,24,1,3,5,11,56.0,7,1
29.875,76.625,2023-10-25,298,43,25,1,3,6,12,56.0,4,1
29.875,76.625,2023-10-26,299,43,26,1,3,7,13,56.0,4,1
29.875,76.625,2023-10-27,300,43,27,1,3,7,14,56.0,0,0
29.875,76.625,2023-10-28,301,43,28,1,2,6,14,56.0,0,0
29.875,76.625,2023-10-29,302,43,29,1,1,5,14,56.0,3,1
29.875,76.625,2023-10-30,303,44,30,1,1,5,15,56.0,0,0
29.875,76.625,2023-10-31,304,44,31,1,1,4,15,56.0,1,1
29.875,76.625,2023-11-01,305,44,32,1,2,4,16,56.0,0,0
29.875,76.625,2023-11-02,306,44,33,1,1,3,16,56.0,0,0
29.875,76.625,2023-11-03,307,44,34,1,1,2,16,56.0,0,0
29.875,76.625,2023-11-04,308,44,35,1,0,2,16,56.0,0,0
29.875,76.625,2023-11-05,309,44,36,1,0,2,16,56.0,1,1
29.875,76.625,2023-11-06,310,45,37,1,1,2,17,56.0,0,0
29.875,76.625,2023-11-07,311,45,38,1,1,2,17,56.0,0,0
29.875,76.625,2023-11-08,312,45,39,1,1,1,17,56.0,0,0
29.875,76.625,2023-11-09,313,45,40,1,0,1,17,56.0,0,0
29.875,76.625,2023-11-10,314,45,41,1,0,1,17,56.0,0,0
29.875,76.625,2023-11-11,315,45,42,1,0,1,17,56.0,0,0
29.875,76.625,2023-11-12,316,45,43,1,0,1,17,56.0,1,1
29.875,76.625,2023-11-13,317,46,44,1,1,1,18,56.0,2,1
29.875,76.625,2023-11-14,318,46,45,1,2,2,19,56.0,0,0
29.875,76.625,2023-11-15,319,46,46,1,2,2,19,56.0,0,0
29.875,76.625,2023-11-16,320,46,47,0,1,2,19,56.0,0,0
29.875,76.625,2023-11-17,321,46,48,0,0,2,19,56.0,0,0
29.875,76.625,2023-11-18,322,46,49,0,0,2,19,56.0,0,0
29.875,76.625,2023-11-19,323,46,50,0,0,2,19,56.0,0,0
29.875,76.625,2023-11-20,324,47,51,0,0,1,19,56.0,0,0
29.875,76.625,2023-11-21,325,47,52,0,0,0,19,56.0,0,0
29.875,76.625,2023-11-22,326,47,53,0,0,0,19,56.0,0,0
29.875,76.625,2023-11-23,327,47,54,0,0,0,19,56.0,0,0
29.875,76.625,2023-11-24,328,47,55,0,0,0,19,56.0,0,0
29.875,76.625,2023-11-25,329,47,56,0,0,0,19,56.0,0,0
29.875,76.625,2023-11-26,330,47,57,0,0,0,19,56.0,0,0
29.875,76.625,2023-11-27,331,48,58,0,0,0,19,56.0,0,0
29.875,76.625,2023-11-28,332,48,59,0,0,0,19,56.0,0,0
29.875,76.625,2023-11-29,333,48,60,0,0,0,19,56.0,0,0
29.875,76.625,2023-11-30,334,48,61,0,0,0,19,56.0,0,0
29.875,76.875,2023-10-01,274,39,1,0,0,0,0,25.0,0,0
29.875,76.875,2023-10-02,275,40,2,0,0,0,0,25.0,2,1
29.875,76.875,2023-10-03,276,40,3,0,1,1,1,25.0,0,0
29.875,76.875,2023-10-04,277,40,4,0,1,1,1,25.0,0,0
29.875,76.875,2023-10-05,278,40,5,0,1,1,1,25.0,3,1
29.875,76.875,2023-10-06,279,40,6,0,1,2,2,25.0,0,0
29.875,76.875,2023-10-07,280,40,7,0,1,2,2,25.0,1,1
29.875,76.875,2023-10-08,281,40,8,0,2,3,3,25.0,0,0
29.875,76.875,2023-10-09,282,41,9,0,1,3,3,25.0,0,0
29.875,76.875,2023-10-10,283,41,10,0,1,2,3,25.0,0,0
29.875,76.875,2023-10-11,284,41,11,0,0,2,3,25.0,0,0
29.875,76.875,2023-10-12,285,41,12,0,0,2,3,25.0,0,0
29.875,76.875,2023-10-13,286,41,13,0,0,1,3,25.0,0,0
29.875,76.875,2023-10-14,287,41,14,0,0,1,3,25.0,2,1
29.875,76.875,2023-10-15,288,41,15,0,1,1,4,25.0,3,1
29.875,76.875,2023-10-16,289,42,16,0,2,2,5,25.0,0,0
29.875,76.875,2023-10-17,290,42,17,0,2,2,5,25.0,0,0
29.875,76.875,2023-10-18,291,42,18,0,1,2,5,25.0,0,0
29.875,76.875,2023-10-19,292,42,19,0,0,2,5,25.0,0,0
29.875,76.875,2023-10-20,293,42,20,1,0,2,5,25.0,0,0
29.875,76.875,2023-10-21,294,42,21,1,0,2,5,25.0,1,1
29.875,76.875,2023-10-22,295,42,22,1,1,2,6,25.0,0,0
29.875,76.875,2023-10-23,296,43,23,1,1,1,6,25.0,0,0
29.875,76.875,2023-10-24,297,43,24,1,1,1,6,25.0,0,0
29.875,76.875,2023-10-25,298,43,25,1,0,1,6,25.0,3,1
29.875,76.875,2023-10-26,299,43,26,1,1,2,7,25.0,0,0
29.875,76.875,2023-10-27,300,43,27,1,1,2,7,25.0,2,1
29.875,76.875,2023-10-28,301,43,28,1,2,3,8,25.0,1,1
29.875,76.875,2023-10-29,302,43,29,1,2,3,9,25.0,1,1
29.875,76.875,2023-10-30,303,44,30,1,3,4,10,25.0,1,1
29.875,76.875,2023-10-31,304,44,31,1,3,5,11,25.0,1,1
29.875,76.875,2023-11-01,305,44,32,1,3,6,12,25.0,0,0
29.875,76.875,2023-11-02,306,44,33,1,2,5,12,25.0,0,0
29.875,76.875,2023-11-03,307,44,34,1,1,5,12,25.0,2,1
29.875,76.875,2023-11-04,308,44,35,1,1,5,13,25.0,0,0
29.875,76.875,2023-11-05,309,44,36,1,1,4,13,25.0,0,0
29.875,76.875,2023-11-06,310,45,37,1,1,3,13,25.0,0,0
29.875,76.875,2023-11-07,311,45,38,1,0,2,13,25.0,0,0
29.875,76.875,2023-11-08,312,45,39,1,0,1,13,25.0,0,0
29.875,76.875,2023-11-09,313,45,40,1,0,1,13,25.0,0,0
29.875,76.875,2023-11-10,314,45,41,1,0,1,13,25.0,0,0
29.875,76.875,2023-11-11,315,45,42,1,0,0,13,25.0,0,0
29.875,76.875,2023-11-12,316,45,43,1,0,0,13,25.0,0,0
29.875,76.875,2023-11-13,317,46,44,1,0,0,13,25.0,0,0
29.875,76.875,2023-11-14,318,46,45,1,0,0,13,25.0,0,0
29.875,76.875,2023-11-15,319,46,46,1,0,0,13,25.0,0,0
29.875,76.875,2023-11-16,320,46,47,0,0,0,13,25.0,1,1
29.875,76.875,2023-11-17,321,46,48,0,1,1,14,25.0,0,0
29.875,76.875,2023-11-18,322,46,49,0,1,1,14,25.0,0,0
29.875,76.875,2023-11-19,323,46,50,0,1,1,14,25.0,0,0
29.875,76.875,2023-11-20,324,47,51,0,0,1,14,25.0,0,0
29.875,76.875,2023-11-21,325,47,52,0,0,1,14,25.0,0,0
29.875,76.875,2023-11-22,326,47,53,0,0,1,14,25.0,1,1
29.875,76.875,2023-11-23,327,47,54,0,1,2,15,25.0,0,0
29.875,76.875,2023-11-24,328,47,55,0,1,1,15,25.0,0,0
29.875,76.875,2023-11-25,329,47,56,0,1,1,15,25.0,0,0
29.875,76.875,2023-11-26,330,47,57,0,0,1,15,25.0,0,0
29.875,76.875,2023-11-27,331,48,58,0,0,1,15,25.0,0,0
29.875,76.875,2023-11-28,332,48,59,0,0,1,15,25.0,0,0
29.875,76.875,2023-11-29,333,48,60,0,0,1,15,25.0,0,0
29.875,76.875,2023-11-30,334,48,61,0,0,0,15,25.0,0,0
29.875,77.125,2023-10-01,274,39,1,0,0,0,0,16.0,0,0
29.875,77.125,2023-10-02,275,40,2,0,0,0,0,16.0,2,1
29.875,77.125,2023-10-03,276,40,3,0,1,1,1,16.0,1,1
29.875,77.125,2023-10-04,277,40,4,0,2,2,2,16.0,0,0
29.875,77.125,2023-10-05,278,40,5,0,2,2,2,16.0,0,0
29.875,77.125,2023-10-06,279,40,6,0,1,2,2,16.0,0,0
29.875,77.125,2023-10-07,280,40,7,0,0,2,2,16.0,0,0
29.875,77.125,2023-10-08,281,40,8,0,0,2,2,16.0,0,0
29.875,77.125,2023-10-09,282,41,9,0,0,2,2,16.0,0,0
29.875,77.125,2023-10-10,283,41,10,0,0,1,2,16.0,0,0
29.875,77.125,2023-10-11,284,41,11,0,0,0,2,16.0,0,0
29.875,77.125,2023-10-12,285,41,12,0,0,0,2,16.0,0,0
29.875,77.125,2023-10-13,286,41,13,0,0,0,2,16.0,0,0
29.875,77.125,2023-10-14,287,41,14,0,0,0,2,16.0,2,1
29.875,77.125,2023-10-15,288,41,15,0,1,1,3,16.0,1,1
29.875,77.125,2023-10-16,289,42,16,0,2,2,4,16.0,0,0
29.875,77.125,2023-10-17,290,42,17,0,2,2,4,16.0,0,0
29.875,77.125,2023-10-18,291,42,18,0,1,2,4,16.0,0,0
29.875,77.125,2023-10-19,292,42,19,0,0,2,4,16.0,0,0
29.875,77.125,2023-10-20,293,42,20,1,0,2,4,16.0,1,1
29.875,77.125,2023-10-21,294,42,21,1,1,3,5,16.0,1,1
29.875,77.125,2023-10-22,295,42,22,1,2,3,6,16.0,0,0
29.875,77.125,2023-10-23,296,43,23,1,2,2,6,16.0,0,0
29.875,77.125,2023-10-24,297,43,24,1,1,2,6,16.0,0,0
29.875,77.125,2023-10-25,298,43,25,1,0,2,6,16.0,0,0
29.875,77.125,2023-10-26,299,43,26,1,0,2,6,16.0,2,1
29.875,77.125,2023-10-27,300,43,27,1,1,3,7,16.0,1,1
29.875,77.125,2023-10-28,301,43,28,1,2,3,8,16.0,0,0
29.875,77.125,2023-10-29,302,43,29,1,2,2,8,16.0,0,0
29.875,77.125,2023-10-30,303,44,30,1,1,2,8,16.0,1,1
29.875,77.125,2023-10-31,304,44,31,1,1,3,9,16.0,1,1
29.875,77.125,2023-11-01,305,44,32,1,2,4,10,16.0,0,0
29.875,77.125,2023-11-02,306,44,33,1,2,4,10,16.0,0,0
29.875,77.125,2023-11-03,307,44,34,1,1,3,10,16.0,0,0
29.875,77.125,2023-11-04,308,44,35,1,0,2,10,16.0,0,0
29.875,77.125,2023-11-05,309,44,36,1,0,2,10,16.0,1,1
29.875,77.125,2023-11-06,310,45,37,1,1,3,11,16.0,0,0
29.875,77.125,2023-11-07,311,45,38,1,1,2,11,16.0,0,0
29.875,77.125,2023-11-08,312,45,39,1,1,1,11,16.0,0,0
29.875,77.125,2023-11-09,313,45,40,1,0,1,11,16.0,0,0
29.875,77.125,2023-11-10,314,45,41,1,0,1,11,16.0,0,0
29.875,77.125,2023-11-11,315,45,42,1,0,1,11,16.0,0,0
29.875,77.125,2023-11-12,316,45,43,1,0,1,11,16.0,0,0
29.875,77.125,2023-11-13,317,46,44,1,0,0,11,16.0,0,0
29.875,77.125,2023-11-14,318,46,45,1,0,0,11,16.0,0,0
29.875,77.125,2023-11-15,319,46,46,1,0,0,11,16.0,0,0
29.875,77.125,2023-11-16,320,46,47,0,0,0,11,16.0,0,0
29.875,77.125,2023-11-17,321,46,48,0,0,0,11,16.0,0,0
29.875,77.125,2023-11-18,322,46,49,0,0,0,11,16.0,0,0
29.875,77.125,2023-11-19,323,46,50,0,0,0,11,16.0,1,1
29.875,77.125,2023-11-20,324,47,51,0,1,1,12,16.0,0,0
29.875,77.125,2023-11-21,325,47,52,0,1,1,12,16.0,0,0
29.875,77.125,2023-11-22,326,47,53,0,1,1,12,16.0,0,0
29.875,77.125,2023-11-23,327,47,54,0,0,1,12,16.0,0,0
29.875,77.125,2023-11-24,328,47,55,0,0,1,12,16.0,0,0
29.875,77.125,2023-11-25,329,47,56,0,0,1,12,16.0,1,1
29.875,77.125,2023-11-26,330,47,57,0,1,2,13,16.0,0,0
29.875,77.125,2023-11-27,331,48,58,0,1,1,13,16.0,0,0
29.875,77.125,2023-11-28,332,48,59,0,1,1,13,16.0,0,0
29.875,77.125,2023-11-29,333,48,60,0,0,1,13,16.0,0,0
29.875,77.125,2023-11-30,334,48,61,0,0,1,13,16.0,0,0
29.875,77.375,2023-10-01,274,39,1,0,0,0,0,9.0,0,0
29.875,77.375,2023-10-02,275,40,2,0,0,0,0,9.0,0,0
29.875,77.375,2023-10-03,276,40,3,0,0,0,0,9.0,0,0
29.875,77.375,2023-10-04,277,40,4,0,0,0,0,9.0,0,0
29.875,77.375,2023-10-05,278,40,5,0,0,0,0,9.0,0,0
29.875,77.375,2023-10-06,279,40,6,0,0,0,0,9.0,0,0
29.875,77.375,2023-10-07,280,40,7,0,0,0,0,9.0,0,0
29.875,77.375,2023-10-08,281,40,8,0,0,0,0,9.0,0,0
29.875,77.375,2023-10-09,282,41,9,0,0,0,0,9.0,0,0
29.875,77.375,2023-10-10,283,41,10,0,0,0,0,9.0,0,0
29.875,77.375,2023-10-11,284,41,11,0,0,0,0,9.0,0,0
29.875,77.375,2023-10-12,285,41,12,0,0,0,0,9.0,0,0
29.875,77.375,2023-10-13,286,41,13,0,0,0,0,9.0,0,0
29.875,77.375,2023-10-14,287,41,14,0,0,0,0,9.0,0,0
29.875,77.375,2023-10-15,288,41,15,0,0,0,0,9.0,0,0
29.875,77.375,2023-10-16,289,42,16,0,0,0,0,9.0,0,0
29.875,77.375,2023-10-17,290,42,17,0,0,0,0,9.0,0,0
29.875,77.375,2023-10-18,291,42,18,0,0,0,0,9.0,0,0
29.875,77.375,2023-10-19,292,42,19,0,0,0,0,9.0,0,0
29.875,77.375,2023-10-20,293,42,20,1,0,0,0,9.0,0,0
29.875,77.375,2023-10-21,294,42,21,1,0,0,0,9.0,0,0
29.875,77.375,2023-10-22,295,42,22,1,0,0,0,9.0,0,0
29.875,77.375,2023-10-23,296,43,23,1,0,0,0,9.0,0,0
29.875,77.375,2023-10-24,297,43,24,1,0,0,0,9.0,2,1
29.875,77.375,2023-10-25,298,43,25,1,1,1,1,9.0,0,0
29.875,77.375,2023-10-26,299,43,26,1,1,1,1,9.0,0,0
29.875,77.375,2023-10-27,300,43,27,1,1,1,1,9.0,1,1
29.875,77.375,2023-10-28,301,43,28,1,1,2,2,9.0,0,0
29.875,77.375,2023-10-29,302,43,29,1,1,2,2,9.0,0,0
29.875,77.375,2023-10-30,303,44,30,1,1,2,2,9.0,0,0
29.875,77.375,2023-10-31,304,44,31,1,0,2,2,9.0,0,0
29.875,77.375,2023-11-01,305,44,32,1,0,1,2,9.0,0,0
29.875,77.375,2023-11-02,306,44,33,1,0,1,2,9.0,0,0
29.875,77.375,2023-11-03,307,44,34,1,0,1,2,9.0,0,0
29.875,77.375,2023-11-04,308,44,35,1,0,0,2,9.0,0,0
29.875,77.375,2023-11-05,309,44,36,1,0,0,2,9.0,0,0
29.875,77.375,2023-11-06,310,45,37,1,0,0,2,9.0,0,0
29.875,77.375,2023-11-07,311,45,38,1,0,0,2,9.0,0,0
29.875,77.375,2023-11-08,312,45,39,1,0,0,2,9.0,0,0
29.875,77.375,2023-11-09,313,45,40,1,0,0,2,9.0,0,0
29.875,77.375,2023-11-10,314,45,41,1,0,0,2,9.0,0,0
29.875,77.375,2023-11-11,315,45,42,1,0,0,2,9.0,1,1
29.875,77.375,2023-11-12,316,45,43,1,1,1,3,9.0,2,1
29.875,77.375,2023-11-13,317,46,44,1,2,2,4,9.0,1,1
29.875,77.375,2023-11-14,318,46,45,1,3,3,5,9.0,0,0
29.875,77.375,2023-11-15,319,46,46,1,2,3,5,9.0,0,0
29.875,77.375,2023-11-16,320,46,47,0,1,3,5,9.0,0,0
29.875,77.375,2023-11-17,321,46,48,0,0,3,5,9.0,0,0
29.875,77.375,2023-11-18,322,46,49,0,0,3,5,9.0,0,0
29.875,77.375,2023-11-19,323,46,50,0,0,2,5,9.0,1,1
29.875,77.375,2023-11-20,324,47,51,0,1,2,6,9.0,0,0
29.875,77.375,2023-11-21,325,47,52,0,1,1,6,9.0,0,0
29.875,77.375,2023-11-22,326,47,53,0,1,1,6,9.0,0,0
29.875,77.375,2023-11-23,327,47,54,0,0,1,6,9.0,0,0
29.875,77.375,2023-11-24,328,47,55,0,0,1,6,9.0,0,0
29.875,77.375,2023-11-25,329,47,56,0,0,1,6,9.0,0,0
29.875,77.375,2023-11-26,330,47,57,0,0,1,6,9.0,1,1
29.875,77.375,2023-11-27,331,48,58,0,1,1,7,9.0,0,0
29.875,77.375,2023-11-28,332,48,59,0,1,1,7,9.0,0,0
29.875,77.375,2023-11-29,333,48,60,0,1,1,7,9.0,0,0
29.875,77.375,2023-11-30,334,48,61,0,0,1,7,9.0,0,0
30.125,73.875,2023-10-01,274,39,1,0,0,0,0,12.0,0,0
30.125,73.875,2023-10-02,275,40,2,0,0,0,0,12.0,0,0
30.125,73.875,2023-10-03,276,40,3,0,0,0,0,12.0,0,0
30.125,73.875,2023-10-04,277,40,4,0,0,0,0,12.0,0,0
30.125,73.875,2023-10-05,278,40,5,0,0,0,0,12.0,0,0
30.125,73.875,2023-10-06,279,40,6,0,0,0,0,12.0,0,0
30.125,73.875,2023-10-07,280,40,7,0,0,0,0,12.0,0,0
30.125,73.875,2023-10-08,281,40,8,0,0,0,0,12.0,0,0
30.125,73.875,2023-10-09,282,41,9,0,0,0,0,12.0,1,1
30.125,73.875,2023-10-10,283,41,10,0,1,1,1,12.0,0,0
30.125,73.875,2023-10-11,284,41,11,0,1,1,1,12.0,0,0
30.125,73.875,2023-10-12,285,41,12,0,1,1,1,12.0,0,0
30.125,73.875,2023-10-13,286,41,13,0,0,1,1,12.0,0,0
30.125,73.875,2023-10-14,287,41,14,0,0,1,1,12.0,0,0
30.125,73.875,2023-10-15,288,41,15,0,0,1,1,12.0,0,0
30.125,73.875,2023-10-16,289,42,16,0,0,1,1,12.0,0,0
30.125,73.875,2023-10-17,290,42,17,0,0,0,1,12.0,0,0
30.125,73.875,2023-10-18,291,42,18,0,0,0,1,12.0,0,0
30.125,73.875,2023-10-19,292,42,19,0,0,0,1,12.0,0,0
30.125,73.875,2023-10-20,293,42,20,1,0,0,1,12.0,0,0
30.125,73.875,2023-10-21,294,42,21,1,0,0,1,12.0,0,0
30.125,73.875,2023-10-22,295,42,22,1,0,0,1,12.0,0,0
30.125,73.875,2023-10-23,296,43,23,1,0,0,1,12.0,0,0
30.125,73.875,2023-10-24,297,43,24,1,0,0,1,12.0,0,0
30.125,73.875,2023-10-25,298,43,25,1,0,0,1,12.0,0,0
30.125,73.875,2023-10-26,299,43,26,1,0,0,1,12.0,0,0
30.125,73.875,2023-10-27,300,43,27,1,0,0,1,12.0,0,0
30.125,73.875,2023-10-28,301,43,28,1,0,0,1,12.0,0,0
30.125,73.875,2023-10-29,302,43,29,1,0,0,1,12.0,1,1
30.125,73.875,2023-10-30,303,44,30,1,1,1,2,12.0,0,0
30.125,73.875,2023-10-31,304,44,31,1,1,1,2,12.0,1,1
30.125,73.875,2023-11-01,305,44,32,1,2,2,3,12.0,2,1
30.125,73.875,2023-11-02,306,44,33,1,2,3,4,12.0,0,0
30.125,73.875,2023-11-03,307,44,34,1,2,3,4,12.0,0,0
30.125,73.875,2023-11-04,308,44,35,1,1,3,4,12.0,0,0
30.125,73.875,2023-11-05,309,44,36,1,0,3,4,12.0,1,1
30.125,73.875,2023-11-06,310,45,37,1,1,3,5,12.0,0,0
30.125,73.875,2023-11-07,311,45,38,1,1,3,5,12.0,0,0
30.125,73.875,2023-11-08,312,45,39,1,1,2,5,12.0,0,0
30.125,73.875,2023-11-09,313,45,40,1,0,1,5,12.0,0,0
30.125,73.875,2023-11-10,314,45,41,1,0,1,5,12.0,0,0
30.125,73.875,2023-11-11,315,45,42,1,0,1,5,12.0,0,0
30.125,73.875,2023-11-12,316,45,43,1,0,1,5,12.0,1,1
30.125,73.875,2023-11-13,317,46,44,1,1,1,6,12.0,1,1
30.125,73.875,2023-11-14,318,46,45,1,2,2,7,12.0,0,0
30.125,73.875,2023-11-15,319,46,46,1,2,2,7,12.0,0,0
30.125,73.875,2023-11-16,320,46,47,0,1,2,7,12.0,0,0
30.125,73.875,2023-11-17,321,46,48,0,0,2,7,12.0,0,0
30.125,73.875,2023-11-18,322,46,49,0,0,2,7,12.0,0,0
30.125,73.875,2023-11-19,323,46,50,0,0,2,7,12.0,1,1
30.125,73.875,2023-11-20,324,47,51,0,1,2,8,12.0,0,0
30.125,73.875,2023-11-21,325,47,52,0,1,1,8,12.0,2,1
30.125,73.875,2023-11-22,326,47,53,0,2,2,9,12.0,0,0
30.125,73.875,2023-11-23,327,47,54,0,1,2,9,12.0,1,1
30.125,73.875,2023-11-24,328,47,55,0,2,3,10,12.0,0,0
30.125,73.875,2023-11-25,329,47,56,0,1,3,10,12.0,0,0
30.125,73.875,2023-11-26,330,47,57,0,1,3,10,12.0,0,0
30.125,73.875,2023-11-27,331,48,58,0,0,2,10,12.0,0,0
30.125,73.875,2023-11-28,332,48,59,0,0,2,10,12.0,0,0
30.125,73.875,2023-11-29,333,48,60,0,0,1,10,12.0,0,0
30.125,73.875,2023-11-30,334,48,61,0,0,1,10,12.0,0,0
30.125,74.125,2023-10-01,274,39,1,0,0,0,0,107.0,0,0
30.125,74.125,2023-10-02,275,40,2,0,0,0,0,107.0,0,0
30.125,74.125,2023-10-03,276,40,3,0,0,0,0,107.0,0,0
30.125,74.125,2023-10-04,277,40,4,0,0,0,0,107.0,0,0
30.125,74.125,2023-10-05,278,40,5,0,0,0,0,107.0,0,0
30.125,74.125,2023-10-06,279,40,6,0,0,0,0,107.0,0,0
30.125,74.125,2023-10-07,280,40,7,0,0,0,0,107.0,0,0
30.125,74.125,2023-10-08,281,40,8,0,0,0,0,107.0,0,0
30.125,74.125,2023-10-09,282,41,9,0,0,0,0,107.0,0,0
30.125,74.125,2023-10-10,283,41,10,0,0,0,0,107.0,0,0
30.125,74.125,2023-10-11,284,41,11,0,0,0,0,107.0,0,0
30.125,74.125,2023-10-12,285,41,12,0,0,0,0,107.0,0,0
30.125,74.125,2023-10-13,286,41,13,0,0,0,0,107.0,0,0
30.125,74.125,2023-10-14,287,41,14,0,0,0,0,107.0,0,0
30.125,74.125,2023-10-15,288,41,15,0,0,0,0,107.0,0,0
30.125,74.125,2023-10-16,289,42,16,0,0,0,0,107.0,0,0
30.125,74.125,2023-10-17,290,42,17,0,0,0,0,107.0,0,0
30.125,74.125,2023-10-18,291,42,18,0,0,0,0,107.0,0,0
30.125,74.125,2023-10-19,292,42,19,0,0,0,0,107.0,0,0
30.125,74.125,2023-10-20,293,42,20,1,0,0,0,107.0,0,0
30.125,74.125,2023-10-21,294,42,21,1,0,0,0,107.0,0,0
30.125,74.125,2023-10-22,295,42,22,1,0,0,0,107.0,0,0
30.125,74.125,2023-10-23,296,43,23,1,0,0,0,107.0,1,1
30.125,74.125,2023-10-24,297,43,24,1,1,1,1,107.0,0,0
30.125,74.125,2023-10-25,298,43,25,1,1,1,1,107.0,0,0
30.125,74.125,2023-10-26,299,43,26,1,1,1,1,107.0,0,0
30.125,74.125,2023-10-27,300,43,27,1,0,1,1,107.0,0,0
30.125,74.125,2023-10-28,301,43,28,1,0,1,1,107.0,0,0
30.125,74.125,2023-10-29,302,43,29,1,0,1,1,107.0,3,1
30.125,74.125,2023-10-30,303,44,30,1,1,2,2,107.0,3,1
30.125,74.125,2023-10-31,304,44,31,1,2,2,3,107.0,3,1
30.125,74.125,2023-11-01,305,44,32,1,3,3,4,107.0,3,1
30.125,74.125,2023-11-02,306,44,33,1,3,4,5,107.0,0,0
30.125,74.125,2023-11-03,307,44,34,1,2,4,5,107.0,0,0
30.125,74.125,2023-11-04,308,44,35,1,1,4,5,107.0,5,1
30.125,74.125,2023-11-05,309,44,36,1,1,5,6,107.0,10,1
30.125,74.125,2023-11-06,310,45,37,1,2,5,7,107.0,2,1
30.125,74.125,2023-11-07,311,45,38,1,3,5,8,107.0,6,1
30.125,74.125,2023-11-08,312,45,39,1,3,5,9,107.0,2,1
30.125,74.125,2023-11-09,313,45,40,1,3,5,10,107.0,1,1
30.125,74.125,2023-11-10,314,45,41,1,3,6,11,107.0,0,0
30.125,74.125,2023-11-11,315,45,42,1,2,6,11,107.0,2,1
30.125,74.125,2023-11-12,316,45,43,1,2,6,12,107.0,14,1
30.125,74.125,2023-11-13,317,46,44,1,2,6,13,107.0,7,1
30.125,74.125,2023-11-14,318,46,45,1,3,6,14,107.0,3,1
30.125,74.125,2023-11-15,319,46,46,1,3,6,15,107.0,3,1
30.125,74.125,2023-11-16,320,46,47,0,3,6,16,107.0,5,1
30.125,74.125,2023-11-17,321,46,48,0,3,6,17,107.0,2,1
30.125,74.125,2023-11-18,322,46,49,0,3,7,18,107.0,4,1
30.125,74.125,2023-11-19,323,46,50,0,3,7,19,107.0,3,1
30.125,74.125,2023-11-20,324,47,51,0,3,7,20,107.0,4,1
30.125,74.125,2023-11-21,325,47,52,0,3,7,21,107.0,7,1
30.125,74.125,2023-11-22,326,47,53,0,3,7,22,107.0,1,1
30.125,74.125,2023-11-23,327,47,54,0,3,7,23,107.0,4,1
30.125,74.125,2023-11-24,328,47,55,0,3,7,24,107.0,2,1
30.125,74.125,2023-11-25,329,47,56,0,3,7,25,107.0,2,1
30.125,74.125,2023-11-26,330,47,57,0,3,7,26,107.0,2,1
30.125,74.125,2023-11-27,331,48,58,0,3,7,27,107.0,0,0
30.125,74.125,2023-11-28,332,48,59,0,2,6,27,107.0,0,0
30.125,74.125,2023-11-29,333,48,60,0,1,5,27,107.0,0,0
30.125,74.125,2023-11-30,334,48,61,0,0,4,27,107.0,3,1
30.125,74.375,2023-10-01,274,39,1,0,0,0,0,231.0,0,0
30.125,74.375,2023-10-02,275,40,2,0,0,0,0,231.0,0,0
30.125,74.375,2023-10-03,276,40,3,0,0,0,0,231.0,0,0
30.125,74.375,2023-10-04,277,40,4,0,0,0,0,231.0,0,0
30.125,74.375,2023-10-05,278,40,5,0,0,0,0,231.0,0,0
30.125,74.375,2023-10-06,279,40,6,0,0,0,0,231.0,0,0
30.125,74.375,2023-10-07,280,40,7,0,0,0,0,231.0,0,0
30.125,74.375,2023-10-08,281,40,8,0,0,0,0,231.0,1,1
30.125,74.375,2023-10-09,282,41,9,0,1,1,1,231.0,0,0
30.125,74.375,2023-10-10,283,41,10,0,1,1,1,231.0,0,0
30.125,74.375,2023-10-11,284,41,11,0,1,1,1,231.0,0,0
30.125,74.375,2023-10-12,285,41,12,0,0,1,1,231.0,0,0
30.125,74.375,2023-10-13,286,41,13,0,0,1,1,231.0,0,0
30.125,74.375,2023-10-14,287,41,14,0,0,1,1,231.0,0,0
30.125,74.375,2023-10-15,288,41,15,0,0,1,1,231.0,0,0
30.125,74.375,2023-10-16,289,42,16,0,0,0,1,231.0,0,0
30.125,74.375,2023-10-17,290,42,17,0,0,0,1,231.0,0,0
30.125,74.375,2023-10-18,291,42,18,0,0,0,1,231.0,0,0
30.125,74.375,2023-10-19,292,42,19,0,0,0,1,231.0,0,0
30.125,74.375,2023-10-20,293,42,20,1,0,0,1,231.0,0,0
30.125,74.375,2023-10-21,294,42,21,1,0,0,1,231.0,0,0
30.125,74.375,2023-10-22,295,42,22,1,0,0,1,231.0,0,0
30.125,74.375,2023-10-23,296,43,23,1,0,0,1,231.0,0,0
30.125,74.375,2023-10-24,297,43,24,1,0,0,1,231.0,1,1
30.125,74.375,2023-10-25,298,43,25,1,1,1,2,231.0,0,0
30.125,74.375,2023-10-26,299,43,26,1,1,1,2,231.0,2,1
30.125,74.375,2023-10-27,300,43,27,1,2,2,3,231.0,1,1
30.125,74.375,2023-10-28,301,43,28,1,2,3,4,231.0,0,0
30.125,74.375,2023-10-29,302,43,29,1,2,3,4,231.0,1,1
30.125,74.375,2023-10-30,303,44,30,1,2,4,5,231.0,0,0
30.125,74.375,2023-10-31,304,44,31,1,1,4,5,231.0,4,1
30.125,74.375,2023-11-01,305,44,32,1,2,4,6,231.0,3,1
30.125,74.375,2023-11-02,306,44,33,1,2,5,7,231.0,0,0
30.125,74.375,2023-11-03,307,44,34,1,2,4,7,231.0,8,1
30.125,74.375,2023-11-04,308,44,35,1,2,4,8,231.0,8,1
30.125,74.375,2023-11-05,309,44,36,1,2,5,9,231.0,17,1
30.125,74.375,2023-11-06,310,45,37,1,3,5,10,231.0,8,1
30.125,74.375,2023-11-07,311,45,38,1,3,6,11,231.0,13,1
30.125,74.375,2023-11-08,312,45,39,1,3,6,12,231.0,2,1
30.125,74.375,2023-11-09,313,45,40,1,3,6,13,231.0,3,1
30.125,74.375,2023-11-10,314,45,41,1,3,7,14,231.0,1,1
30.125,74.375,2023-11-11,315,45,42,1,3,7,15,231.0,5,1
30.125,74.375,2023-11-12,316,45,43,1,3,7,16,231.0,21,1
30.125,74.375,2023-11-13,317,46,44,1,3,7,17,231.0,34,1
30.125,74.375,2023-11-14,318,46,45,1,3,7,18,231.0,29,1
30.125,74.375,2023-11-15,319,46,46,1,3,7,19,231.0,20,1
30.125,74.375,2023-11-16,320,46,47,0,3,7,20,231.0,15,1
30.125,74.375,2023-11-17,321,46,48,0,3,7,21,231.0,3,1
30.125,74.375,2023-11-18,322,46,49,0,3,7,22,231.0,5,1
30.125,74.375,2023-11-19,323,46,50,0,3,7,23,231.0,10,1
30.125,74.375,2023-11-20,324,47,51,0,3,7,24,231.0,7,1
30.125,74.375,2023-11-21,325,47,52,0,3,7,25,231.0,4,1
30.125,74.375,2023-11-22,326,47,53,0,3,7,26,231.0,1,1
30.125,74.375,2023-11-23,327,47,54,0,3,7,27,231.0,1,1
30.125,74.375,2023-11-24,328,47,55,0,3,7,28,231.0,0,0
30.125,74.375,2023-11-25,329,47,56,0,2,6,28,231.0,0,0
30.125,74.375,2023-11-26,330,47,57,0,1,5,28,231.0,3,1
30.125,74.375,2023-11-27,331,48,58,0,1,5,29,231.0,0,0
30.125,74.375,2023-11-28,332,48,59,0,1,4,29,231.0,0,0
30.125,74.375,2023-11-29,333,48,60,0,1,3,29,231.0,0,0
30.125,74.375,2023-11-30,334,48,61,0,0,2,29,231.0,0,0
30.125,74.625,2023-10-01,274,39,1,0,0,0,0,348.0,0,0
30.125,74.625,2023-10-02,275,40,2,0,0,0,0,348.0,0,0
30.125,74.625,2023-10-03,276,40,3,0,0,0,0,348.0,0,0
30.125,74.625,2023-10-04,277,40,4,0,0,0,0,348.0,0,0
30.125,74.625,2023-10-05,278,40,5,0,0,0,0,348.0,0,0
30.125,74.625,2023-10-06,279,40,6,0,0,0,0,348.0,0,0
30.125,74.625,2023-10-07,280,40,7,0,0,0,0,348.0,0,0
30.125,74.625,2023-10-08,281,40,8,0,0,0,0,348.0,0,0
30.125,74.625,2023-10-09,282,41,9,0,0,0,0,348.0,0,0
30.125,74.625,2023-10-10,283,41,10,0,0,0,0,348.0,0,0
30.125,74.625,2023-10-11,284,41,11,0,0,0,0,348.0,0,0
30.125,74.625,2023-10-12,285,41,12,0,0,0,0,348.0,0,0
30.125,74.625,2023-10-13,286,41,13,0,0,0,0,348.0,0,0
30.125,74.625,2023-10-14,287,41,14,0,0,0,0,348.0,0,0
30.125,74.625,2023-10-15,288,41,15,0,0,0,0,348.0,0,0
30.125,74.625,2023-10-16,289,42,16,0,0,0,0,348.0,0,0
30.125,74.625,2023-10-17,290,42,17,0,0,0,0,348.0,0,0
30.125,74.625,2023-10-18,291,42,18,0,0,0,0,348.0,0,0
30.125,74.625,2023-10-19,292,42,19,0,0,0,0,348.0,0,0
30.125,74.625,2023-10-20,293,42,20,1,0,0,0,348.0,0,0
30.125,74.625,2023-10-21,294,42,21,1,0,0,0,348.0,0,0
30.125,74.625,2023-10-22,295,42,22,1,0,0,0,348.0,0,0
30.125,74.625,2023-10-23,296,43,23,1,0,0,0,348.0,0,0
30.125,74.625,2023-10-24,297,43,24,1,0,0,0,348.0,0,0
30.125,74.625,2023-10-25,298,43,25,1,0,0,0,348.0,0,0
30.125,74.625,2023-10-26,299,43,26,1,0,0,0,348.0,3,1
30.125,74.625,2023-10-27,300,43,27,1,1,1,1,348.0,2,1
30.125,74.625,2023-10-28,301,43,28,1,2,2,2,348.0,0,0
30.125,74.625,2023-10-29,302,43,29,1,2,2,2,348.0,4,1
30.125,74.625,2023-10-30,303,44,30,1,2,3,3,348.0,1,1
30.125,74.625,2023-10-31,304,44,31,1,2,4,4,348.0,5,1
30.125,74.625,2023-11-01,305,44,32,1,3,5,5,348.0,14,1
30.125,74.625,2023-11-02,306,44,33,1,3,6,6,348.0,0,0
30.125,74.625,2023-11-03,307,44,34,1,2,5,6,348.0,10,1
30.125,74.625,2023-11-04,308,44,35,1,2,5,7,348.0,8,1
30.125,74.625,2023-11-05,309,44,36,1,2,6,8,348.0,31,1
30.125,74.625,2023-11-06,310,45,37,1,3,6,9,348.0,21,1
30.125,74.625,2023-11-07,311,45,38,1,3,6,10,348.0,15,1
30.125,74.625,2023-11-08,312,45,39,1,3,6,11,348.0,7,1
30.125,74.625,2023-11-09,313,45,40,1,3,6,12,348.0,8,1
30.125,74.625,2023-11-10,314,45,41,1,3,7,13,348.0,0,0
30.125,74.625,2023-11-11,315,45,42,1,2,6,13,348.0,1,1
30.125,74.625,2023-11-12,316,45,43,1,2,6,14,348.0,22,1
30.125,74.625,2023-11-13,317,46,44,1,2,6,15,348.0,38,1
30.125,74.625,2023-11-14,318,46,45,1,3,6,16,348.0,45,1
30.125,74.625,2023-11-15,319,46,46,1,3,6,17,348.0,16,1
30.125,74.625,2023-11-16,320,46,47,0,3,6,18,348.0,22,1
30.125,74.625,2023-11-17,321,46,48,0,3,6,19,348.0,23,1
30.125,74.625,2023-11-18,322,46,49,0,3,7,20,348.0,4,1
30.125,74.625,2023-11-19,323,46,50,0,3,7,21,348.0,11,1
30.125,74.625,2023-11-20,324,47,51,0,3,7,22,348.0,11,1
30.125,74.625,2023-11-21,325,47,52,0,3,7,23,348.0,16,1
30.125,74.625,2023-11-22,326,47,53,0,3,7,24,348.0,6,1
30.125,74.625,2023-11-23,327,47,54,0,3,7,25,348.0,2,1
30.125,74.625,2023-11-24,328,47,55,0,3,7,26,348.0,0,0
30.125,74.625,2023-11-25,329,47,56,0,2,6,26,348.0,0,0
30.125,74.625,2023-11-26,330,47,57,0,1,5,26,348.0,2,1
30.125,74.625,2023-11-27,331,48,58,0,1,5,27,348.0,0,0
30.125,74.625,2023-11-28,332,48,59,0,1,4,27,348.0,0,0
30.125,74.625,2023-11-29,333,48,60,0,1,3,27,348.0,0,0
30.125,74.625,2023-11-30,334,48,61,0,0,2,27,348.0,0,0
30.125,74.875,2023-10-01,274,39,1,0,0,0,0,286.0,0,0
30.125,74.875,2023-10-02,275,40,2,0,0,0,0,286.0,0,0
30.125,74.875,2023-10-03,276,40,3,0,0,0,0,286.0,0,0
30.125,74.875,2023-10-04,277,40,4,0,0,0,0,286.0,1,1
30.125,74.875,2023-10-05,278,40,5,0,1,1,1,286.0,0,0
30.125,74.875,2023-10-06,279,40,6,0,1,1,1,286.0,0,0
30.125,74.875,2023-10-07,280,40,7,0,1,1,1,286.0,0,0
30.125,74.875,2023-10-08,281,40,8,0,0,1,1,286.0,0,0
30.125,74.875,2023-10-09,282,41,9,0,0,1,1,286.0,0,0
30.125,74.875,2023-10-10,283,41,10,0,0,1,1,286.0,0,0
30.125,74.875,2023-10-11,284,41,11,0,0,1,1,286.0,0,0
30.125,74.875,2023-10-12,285,41,12,0,0,0,1,286.0,0,0
30.125,74.875,2023-10-13,286,41,13,0,0,0,1,286.0,0,0
30.125,74.875,2023-10-14,287,41,14,0,0,0,1,286.0,0,0
30.125,74.875,2023-10-15,288,41,15,0,0,0,1,286.0,0,0
30.125,74.875,2023-10-16,289,42,16,0,0,0,1,286.0,0,0
30.125,74.875,2023-10-17,290,42,17,0,0,0,1,286.0,0,0
30.125,74.875,2023-10-18,291,42,18,0,0,0,1,286.0,0,0
30.125,74.875,2023-10-19,292,42,19,0,0,0,1,286.0,0,0
30.125,74.875,2023-10-20,293,42,20,1,0,0,1,286.0,0,0
30.125,74.875,2023-10-21,294,42,21,1,0,0,1,286.0,0,0
30.125,74.875,2023-10-22,295,42,22,1,0,0,1,286.0,0,0
30.125,74.875,2023-10-23,296,43,23,1,0,0,1,286.0,0,0
30.125,74.875,2023-10-24,297,43,24,1,0,0,1,286.0,0,0
30.125,74.875,2023-10-25,298,43,25,1,0,0,1,286.0,0,0
30.125,74.875,2023-10-26,299,43,26,1,0,0,1,286.0,2,1
30.125,74.875,2023-10-27,300,43,27,1,1,1,2,286.0,3,1
30.125,74.875,2023-10-28,301,43,28,1,2,2,3,286.0,0,0
30.125,74.875,2023-10-29,302,43,29,1,2,2,3,286.0,2,1
30.125,74.875,2023-10-30,303,44,30,1,2,3,4,286.0,3,1
30.125,74.875,2023-10-31,304,44,31,1,2,4,5,286.0,7,1
30.125,74.875,2023-11-01,305,44,32,1,3,5,6,286.0,4,1
30.125,74.875,2023-11-02,306,44,33,1,3,6,7,286.0,0,0
30.125,74.875,2023-11-03,307,44,34,1,2,5,7,286.0,7,1
30.125,74.875,2023-11-04,308,44,35,1,2,5,8,286.0,11,1
30.125,74.875,2023-11-05,309,44,36,1,2,6,9,286.0,17,1
30.125,74.875,2023-11-06,310,45,37,1,3,6,10,286.0,13,1
30.125,74.875,2023-11-07,311,45,38,1,3,6,11,286.0,14,1
30.125,74.875,2023-11-08,312,45,39,1,3,6,12,286.0,10,1
30.125,74.875,2023-11-09,313,45,40,1,3,6,13,286.0,2,1
30.125,74.875,2023-11-10,314,45,41,1,3,7,14,286.0,0,0
30.125,74.875,2023-11-11,315,45,42,1,2,6,14,286.0,1,1
30.125,74.875,2023-11-12,316,45,43,1,2,6,15,286.0,30,1
30.125,74.875,2023-11-13,317,46,44,1,2,6,16,286.0,38,1
30.125,74.875,2023-11-14,318,46,45,1,3,6,17,286.0,24,1
30.125,74.875,2023-11-15,319,46,46,1,3,6,18,286.0,23,1
30.125,74.875,2023-11-16,320,46,47,0,3,6,19,286.0,22,1
30.125,74.875,2023-11-17,321,46,48,0,3,6,20,286.0,6,1
30.125,74.875,2023-11-18,322,46,49,0,3,7,21,286.0,9,1
30.125,74.875,2023-11-19,323,46,50,0,3,7,22,286.0,9,1
30.125,74.875,2023-11-20,324,47,51,0,3,7,23,286.0,4,1
30.125,74.875,2023-11-21,325,47,52,0,3,7,24,286.0,12,1
30.125,74.875,2023-11-22,326,47,53,0,3,7,25,286.0,7,1
30.125,74.875,2023-11-23,327,47,54,0,3,7,26,286.0,1,1
30.125,74.875,2023-11-24,328,47,55,0,3,7,27,286.0,0,0
30.125,74.875,2023-11-25,329,47,56,0,2,6,27,286.0,1,1
30.125,74.875,2023-11-26,330,47,57,0,2,6,28,286.0,3,1
30.125,74.875,2023-11-27,331,48,58,0,2,6,29,286.0,0,0
30.125,74.875,2023-11-28,332,48,59,0,2,5,29,286.0,0,0
30.125,74.875,2023-11-29,333,48,60,0,1,4,29,286.0,0,0
30.125,74.875,2023-11-30,334,48,61,0,0,3,29,286.0,0,0
30.125,75.125,2023-10-01,274,39,1,0,0,0,0,651.0,0,0
30.125,75.125,2023-10-02,275,40,2,0,0,0,0,651.0,0,0
30.125,75.125,2023-10-03,276,40,3,0,0,0,0,651.0,0,0
30.125,75.125,2023-10-04,277,40,4,0,0,0,0,651.0,0,0
30.125,75.125,2023-10-05,278,40,5,0,0,0,0,651.0,0,0
30.125,75.125,2023-10-06,279,40,6,0,0,0,0,651.0,0,0
30.125,75.125,2023-10-07,280,40,7,0,0,0,0,651.0,0,0
30.125,75.125,2023-10-08,281,40,8,0,0,0,0,651.0,0,0
30.125,75.125,2023-10-09,282,41,9,0,0,0,0,651.0,0,0
30.125,75.125,2023-10-10,283,41,10,0,0,0,0,651.0,0,0
30.125,75.125,2023-10-11,284,41,11,0,0,0,0,651.0,0,0
30.125,75.125,2023-10-12,285,41,12,0,0,0,0,651.0,2,1
30.125,75.125,2023-10-13,286,41,13,0,1,1,1,651.0,0,0
30.125,75.125,2023-10-14,287,41,14,0,1,1,1,651.0,0,0
30.125,75.125,2023-10-15,288,41,15,0,1,1,1,651.0,0,0
30.125,75.125,2023-10-16,289,42,16,0,0,1,1,651.0,0,0
30.125,75.125,2023-10-17,290,42,17,0,0,1,1,651.0,0,0
30.125,75.125,2023-10-18,291,42,18,0,0,1,1,651.0,0,0
30.125,75.125,2023-10-19,292,42,19,0,0,1,1,651.0,0,0
30.125,75.125,2023-10-20,293,42,20,1,0,0,1,651.0,0,0
30.125,75.125,2023-10-21,294,42,21,1,0,0,1,651.0,0,0
30.125,75.125,2023-10-22,295,42,22,1,0,0,1,651.0,1,1
30.125,75.125,2023-10-23,296,43,23,1,1,1,2,651.0,0,0
30.125,75.125,2023-10-24,297,43,24,1,1,1,2,651.0,2,1
30.125,75.125,2023-10-25,298,43,25,1,2,2,3,651.0,0,0
30.125,75.125,2023-10-26,299,43,26,1,1,2,3,651.0,3,1
30.125,75.125,2023-10-27,300,43,27,1,2,3,4,651.0,4,1
30.125,75.125,2023-10-28,301,43,28,1,2,4,5,651.0,3,1
30.125,75.125,2023-10-29,302,43,29,1,3,5,6,651.0,8,1
30.125,75.125,2023-10-30,303,44,30,1,3,5,7,651.0,7,1
30.125,75.125,2023-10-31,304,44,31,1,3,6,8,651.0,28,1
30.125,75.125,2023-11-01,305,44,32,1,3,6,9,651.0,19,1
30.125,75.125,2023-11-02,306,44,33,1,3,7,10,651.0,0,0
30.125,75.125,2023-11-03,307,44,34,1,2,6,10,651.0,17,1
30.125,75.125,2023-11-04,308,44,35,1,2,6,11,651.0,25,1
30.125,75.125,2023-11-05,309,44,36,1,2,6,12,651.0,66,1
30.125,75.125,2023-11-06,310,45,37,1,3,6,13,651.0,32,1
30.125,75.125,2023-11-07,311,45,38,1,3,6,14,651.0,31,1
30.125,75.125,2023-11-08,312,45,39,1,3,6,15,651.0,32,1
30.125,75.125,2023-11-09,313,45,40,1,3,6,16,651.0,10,1
30.125,75.125,2023-11-10,314,45,41,1,3,7,17,651.0,0,0
30.125,75.125,2023-11-11,315,45,42,1,2,6,17,651.0,0,0
30.125,75.125,2023-11-12,316,45,43,1,1,5,17,651.0,10,1
30.125,75.125,2023-11-13,317,46,44,1,1,5,18,651.0,82,1
30.125,75.125,2023-11-14,318,46,45,1,2,5,19,651.0,60,1
30.125,75.125,2023-11-15,319,46,46,1,3,5,20,651.0,82,1
30.125,75.125,2023-11-16,320,46,47,0,3,5,21,651.0,47,1
30.125,75.125,2023-11-17,321,46,48,0,3,5,22,651.0,30,1
30.125,75.125,2023-11-18,322,46,49,0,3,6,23,651.0,10,1
30.125,75.125,2023-11-19,323,46,50,0,3,7,24,651.0,9,1
30.125,75.125,2023-11-20,324,47,51,0,3,7,25,651.0,7,1
30.125,75.125,2023-11-21,325,47,52,0,3,7,26,651.0,11,1
30.125,75.125,2023-11-22,326,47,53,0,3,7,27,651.0,11,1
30.125,75.125,2023-11-23,327,47,54,0,3,7,28,651.0,1,1
30.125,75.125,2023-11-24,328,47,55,0,3,7,29,651.0,0,0
30.125,75.125,2023-11-25,329,47,56,0,2,6,29,651.0,0,0
30.125,75.125,2023-11-26,330,47,57,0,1,5,29,651.0,0,0
30.125,75.125,2023-11-27,331,48,58,0,0,4,29,651.0,0,0
30.125,75.125,2023-11-28,332,48,59,0,0,3,29,651.0,1,1
30.125,75.125,2023-11-29,333,48,60,0,1,3,30,651.0,0,0
30.125,75.125,2023-11-30,334,48,61,0,1,2,30,651.0,0,0
30.125,75.375,2023-10-01,274,39,1,0,0,0,0,718.0,0,0
30.125,75.375,2023-10-02,275,40,2,0,0,0,0,718.0,0,0
30.125,75.375,2023-10-03,276,40,3,0,0,0,0,718.0,0,0
30.125,75.375,2023-10-04,277,40,4,0,0,0,0,718.0,0,0
30.125,75.375,2023-10-05,278,40,5,0,0,0,0,718.0,0,0
30.125,75.375,2023-10-06,279,40,6,0,0,0,0,718.0,0,0
30.125,75.375,2023-10-07,280,40,7,0,0,0,0,718.0,0,0
30.125,75.375,2023-10-08,281,40,8,0,0,0,0,718.0,0,0
30.125,75.375,2023-10-09,282,41,9,0,0,0,0,718.0,0,0
30.125,75.375,2023-10-10,283,41,10,0,0,0,0,718.0,0,0
30.125,75.375,2023-10-11,284,41,11,0,0,0,0,718.0,0,0
30.125,75.375,2023-10-12,285,41,12,0,0,0,0,718.0,0,0
30.125,75.375,2023-10-13,286,41,13,0,0,0,0,718.0,0,0
30.125,75.375,2023-10-14,287,41,14,0,0,0,0,718.0,0,0
30.125,75.375,2023-10-15,288,41,15,0,0,0,0,718.0,0,0
30.125,75.375,2023-10-16,289,42,16,0,0,0,0,718.0,0,0
30.125,75.375,2023-10-17,290,42,17,0,0,0,0,718.0,0,0
30.125,75.375,2023-10-18,291,42,18,0,0,0,0,718.0,0,0
30.125,75.375,2023-10-19,292,42,19,0,0,0,0,718.0,1,1
30.125,75.375,2023-10-20,293,42,20,1,1,1,1,718.0,0,0
30.125,75.375,2023-10-21,294,42,21,1,1,1,1,718.0,0,0
30.125,75.375,2023-10-22,295,42,22,1,1,1,1,718.0,0,0
30.125,75.375,2023-10-23,296,43,23,1,0,1,1,718.0,0,0
30.125,75.375,2023-10-24,297,43,24,1,0,1,1,718.0,1,1
30.125,75.375,2023-10-25,298,43,25,1,1,2,2,718.0,1,1
30.125,75.375,2023-10-26,299,43,26,1,2,3,3,718.0,4,1
30.125,75.375,2023-10-27,300,43,27,1,3,3,4,718.0,2,1
30.125,75.375,2023-10-28,301,43,28,1,3,4,5,718.0,6,1
30.125,75.375,2023-10-29,302,43,29,1,3,5,6,718.0,6,1
30.125,75.375,2023-10-30,303,44,30,1,3,6,7,718.0,16,1
30.125,75.375,2023-10-31,304,44,31,1,3,7,8,718.0,25,1
30.125,75.375,2023-11-01,305,44,32,1,3,7,9,718.0,19,1
30.125,75.375,2023-11-02,306,44,33,1,3,7,10,718.0,0,0
30.125,75.375,2023-11-03,307,44,34,1,2,6,10,718.0,24,1
30.125,75.375,2023-11-04,308,44,35,1,2,6,11,718.0,51,1
30.125,75.375,2023-11-05,309,44,36,1,2,6,12,718.0,93,1
30.125,75.375,2023-11-06,310,45,37,1,3,6,13,718.0,69,1
30.125,75.375,2023-11-07,311,45,38,1,3,6,14,718.0,51,1
30.125,75.375,2023-11-08,312,45,39,1,3,6,15,718.0,40,1
30.125,75.375,2023-11-09,313,45,40,1,3,6,16,718.0,7,1
30.125,75.375,2023-11-10,314,45,41,1,3,7,17,718.0,0,0
30.125,75.375,2023-11-11,315,45,42,1,2,6,17,718.0,0,0
30.125,75.375,2023-11-12,316,45,43,1,1,5,17,718.0,13,1
30.125,75.375,2023-11-13,317,46,44,1,1,5,18,718.0,48,1
30.125,75.375,2023-11-14,318,46,45,1,2,5,19,718.0,79,1
30.125,75.375,2023-11-15,319,46,46,1,3,5,20,718.0,53,1
30.125,75.375,2023-11-16,320,46,47,0,3,5,21,718.0,28,1
30.125,75.375,2023-11-17,321,46,48,0,3,5,22,718.0,27,1
30.125,75.375,2023-11-18,322,46,49,0,3,6,23,718.0,10,1
30.125,75.375,2023-11-19,323,46,50,0,3,7,24,718.0,13,1
30.125,75.375,2023-11-20,324,47,51,0,3,7,25,718.0,5,1
30.125,75.375,2023-11-21,325,47,52,0,3,7,26,718.0,8,1
30.125,75.375,2023-11-22,326,47,53,0,3,7,27,718.0,12,1
30.125,75.375,2023-11-23,327,47,54,0,3,7,28,718.0,1,1
30.125,75.375,2023-11-24,328,47,55,0,3,7,29,718.0,4,1
30.125,75.375,2023-11-25,329,47,56,0,3,7,30,718.0,0,0
30.125,75.375,2023-11-26,330,47,57,0,2,6,30,718.0,0,0
30.125,75.375,2023-11-27,331,48,58,0,1,5,30,718.0,0,0
30.125,75.375,2023-11-28,332,48,59,0,0,4,30,718.0,0,0
30.125,75.375,2023-11-29,333,48,60,0,0,3,30,718.0,0,0
30.125,75.375,2023-11-30,334,48,61,0,0,2,30,718.0,1,1
30.125,75.625,2023-10-01,274,39,1,0,0,0,0,1079.0,0,0
30.125,75.625,2023-10-02,275,40,2,0,0,0,0,1079.0,1,1
30.125,75.625,2023-10-03,276,40,3,0,1,1,1,1079.0,1,1
30.125,75.625,2023-10-04,277,40,4,0,2,2,2,1079.0,1,1
30.125,75.625,2023-10-05,278,40,5,0,3,3,3,1079.0,1,1
30.125,75.625,2023-10-06,279,40,6,0,3,4,4,1079.0,0,0
30.125,75.625,2023-10-07,280,40,7,0,2,4,4,1079.0,0,0
30.125,75.625,2023-10-08,281,40,8,0,1,4,4,1079.0,2,1
30.125,75.625,2023-10-09,282,41,9,0,1,5,5,1079.0,0,0
30.125,75.625,2023-10-10,283,41,10,0,1,4,5,1079.0,1,1
30.125,75.625,2023-10-11,284,41,11,0,2,4,6,1079.0,1,1
30.125,75.625,2023-10-12,285,41,12,0,2,4,7,1079.0,2,1
30.125,75.625,2023-10-13,286,41,13,0,3,4,8,1079.0,0,0
30.125,75.625,2023-10-14,287,41,14,0,2,4,8,1079.0,4,1
30.125,75.625,2023-10-15,288,41,15,0,2,5,9,1079.0,3,1
30.125,75.625,2023-10-16,289,42,16,0,2,5,10,1079.0,0,0
30.125,75.625,2023-10-17,290,42,17,0,2,5,10,1079.0,0,0
30.125,75.625,2023-10-18,291,42,18,0,1,4,10,1079.0,0,0
30.125,75.625,2023-10-19,292,42,19,0,0,3,10,1079.0,1,1
30.125,75.625,2023-10-20,293,42,20,1,1,3,11,1079.0,1,1
30.125,75.625,2023-10-21,294,42,21,1,2,4,12,1079.0,2,1
30.125,75.625,2023-10-22,295,42,22,1,3,4,13,1079.0,0,0
30.125,75.625,2023-10-23,296,43,23,1,2,3,13,1079.0,3,1
30.125,75.625,2023-10-24,297,43,24,1,2,4,14,1079.0,4,1
30.125,75.625,2023-10-25,298,43,25,1,2,5,15,1079.0,5,1
30.125,75.625,2023-10-26,299,43,26,1,3,6,16,1079.0,19,1
30.125,75.625,2023-10-27,300,43,27,1,3,6,17,1079.0,15,1
30.125,75.625,2023-10-28,301,43,28,1,3,6,18,1079.0,9,1
30.125,75.625,2023-10-29,302,43,29,1,3,6,19,1079.0,22,1
30.125,75.625,2023-10-30,303,44,30,1,3,7,20,1079.0,36,1
30.125,75.625,2023-10-31,304,44,31,1,3,7,21,1079.0,37,1
30.125,75.625,2023-11-01,305,44,32,1,3,7,22,1079.0,50,1
30.125,75.625,2023-11-02,306,44,33,1,3,7,23,1079.0,0,0
30.125,75.625,2023-11-03,307,44,34,1,2,6,23,1079.0,58,1
30.125,75.625,2023-11-04,308,44,35,1,2,6,24,1079.0,46,1
30.125,75.625,2023-11-05,309,44,36,1,2,6,25,1079.0,137,1
30.125,75.625,2023-11-06,310,45,37,1,3,6,26,1079.0,89,1
30.125,75.625,2023-11-07,311,45,38,1,3,6,27,1079.0,104,1
30.125,75.625,2023-11-08,312,45,39,1,3,6,28,1079.0,71,1
30.125,75.625,2023-11-09,313,45,40,1,3,6,29,1079.0,28,1
30.125,75.625,2023-11-10,314,45,41,1,3,7,30,1079.0,1,1
30.125,75.625,2023-11-11,315,45,42,1,3,7,31,1079.0,2,1
30.125,75.625,2023-11-12,316,45,43,1,3,7,32,1079.0,38,1
30.125,75.625,2023-11-13,317,46,44,1,3,7,33,1079.0,41,1
30.125,75.625,2023-11-14,318,46,45,1,3,7,34,1079.0,63,1
30.125,75.625,2023-11-15,319,46,46,1,3,7,35,1079.0,53,1
30.125,75.625,2023-11-16,320,46,47,0,3,7,36,1079.0,40,1
30.125,75.625,2023-11-17,321,46,48,0,3,7,37,1079.0,25,1
30.125,75.625,2023-11-18,322,46,49,0,3,7,38,1079.0,12,1
30.125,75.625,2023-11-19,323,46,50,0,3,7,39,1079.0,19,1
30.125,75.625,2023-11-20,324,47,51,0,3,7,40,1079.0,3,1
30.125,75.625,2023-11-21,325,47,52,0,3,7,41,1079.0,12,1
30.125,75.625,2023-11-22,326,47,53,0,3,7,42,1079.0,7,1
30.125,75.625,2023-11-23,327,47,54,0,3,7,43,1079.0,3,1
30.125,75.625,2023-11-24,328,47,55,0,3,7,44,1079.0,6,1
30.125,75.625,2023-11-25,329,47,56,0,3,7,45,1079.0,0,0
30.125,75.625,2023-11-26,330,47,57,0,2,6,45,1079.0,0,0
30.125,75.625,2023-11-27,331,48,58,0,1,5,45,1079.0,0,0
30.125,75.625,2023-11-28,332,48,59,0,0,4,45,1079.0,0,0
30.125,75.625,2023-11-29,333,48,60,0,0,3,45,1079.0,0,0
30.125,75.625,2023-11-30,334,48,61,0,0,2,45,1079.0,0,0
30.125,75.875,2023-10-01,274,39,1,0,0,0,0,1329.0,0,0
30.125,75.875,2023-10-02,275,40,2,0,0,0,0,1329.0,0,0
30.125,75.875,2023-10-03,276,40,3,0,0,0,0,1329.0,0,0
30.125,75.875,2023-10-04,277,40,4,0,0,0,0,1329.0,0,0
30.125,75.875,2023-10-05,278,40,5,0,0,0,0,1329.0,0,0
30.125,75.875,2023-10-06,279,40,6,0,0,0,0,1329.0,0,0
30.125,75.875,2023-10-07,280,40,7,0,0,0,0,1329.0,0,0
30.125,75.875,2023-10-08,281,40,8,0,0,0,0,1329.0,1,1
30.125,75.875,2023-10-09,282,41,9,0,1,1,1,1329.0,0,0
30.125,75.875,2023-10-10,283,41,10,0,1,1,1,1329.0,0,0
30.125,75.875,2023-10-11,284,41,11,0,1,1,1,1329.0,2,1
30.125,75.875,2023-10-12,285,41,12,0,1,2,2,1329.0,0,0
30.125,75.875,2023-10-13,286,41,13,0,1,2,2,1329.0,2,1
30.125,75.875,2023-10-14,287,41,14,0,2,3,3,1329.0,2,1
30.125,75.875,2023-10-15,288,41,15,0,2,4,4,1329.0,6,1
30.125,75.875,2023-10-16,289,42,16,0,3,4,5,1329.0,0,0
30.125,75.875,2023-10-17,290,42,17,0,2,4,5,1329.0,0,0
30.125,75.875,2023-10-18,291,42,18,0,1,4,5,1329.0,0,0
30.125,75.875,2023-10-19,292,42,19,0,0,3,5,1329.0,0,0
30.125,75.875,2023-10-20,293,42,20,1,0,3,5,1329.0,6,1
30.125,75.875,2023-10-21,294,42,21,1,1,3,6,1329.0,2,1
30.125,75.875,2023-10-22,295,42,22,1,2,3,7,1329.0,1,1
30.125,75.875,2023-10-23,296,43,23,1,3,3,8,1329.0,5,1
30.125,75.875,2023-10-24,297,43,24,1,3,4,9,1329.0,14,1
30.125,75.875,2023-10-25,298,43,25,1,3,5,10,1329.0,4,1
30.125,75.875,2023-10-26,299,43,26,1,3,6,11,1329.0,17,1
30.125,75.875,2023-10-27,300,43,27,1,3,7,12,1329.0,16,1
30.125,75.875,2023-10-28,301,43,28,1,3,7,13,1329.0,6,1
30.125,75.875,2023-10-29,302,43,29,1,3,7,14,1329.0,38,1
30.125,75.875,2023-10-30,303,44,30,1,3,7,15,1329.0,64,1
30.125,75.875,2023-10-31,304,44,31,1,3,7,16,1329.0,63,1
30.125,75.875,2023-11-01,305,44,32,1,3,7,17,1329.0,96,1
30.125,75.875,2023-11-02,306,44,33,1,3,7,18,1329.0,0,0
30.125,75.875,2023-11-03,307,44,34,1,2,6,18,1329.0,91,1
30.125,75.875,2023-11-04,308,44,35,1,2,6,19,1329.0,76,1
30.125,75.875,2023-11-05,309,44,36,1,2,6,20,1329.0,147,1
30.125,75.875,2023-11-06,310,45,37,1,3,6,21,1329.0,178,1
30.125,75.875,2023-11-07,311,45,38,1,3,6,22,1329.0,83,1
30.125,75.875,2023-11-08,312,45,39,1,3,6,23,1329.0,107,1
30.125,75.875,2023-11-09,313,45,40,1,3,6,24,1329.0,29,1
30.125,75.875,2023-11-10,314,45,41,1,3,7,25,1329.0,0,0
30.125,75.875,2023-11-11,315,45,42,1,2,6,25,1329.0,26,1
30.125,75.875,2023-11-12,316,45,43,1,2,6,26,1329.0,122,1
30.125,75.875,2023-11-13,317,46,44,1,2,6,27,1329.0,32,1
30.125,75.875,2023-11-14,318,46,45,1,3,6,28,1329.0,22,1
30.125,75.875,2023-11-15,319,46,46,1,3,6,29,1329.0,29,1
30.125,75.875,2023-11-16,320,46,47,0,3,6,30,1329.0,24,1
30.125,75.875,2023-11-17,321,46,48,0,3,6,31,1329.0,12,1
30.125,75.875,2023-11-18,322,46,49,0,3,7,32,1329.0,3,1
30.125,75.875,2023-11-19,323,46,50,0,3,7,33,1329.0,0,0
30.125,75.875,2023-11-20,324,47,51,0,2,6,33,1329.0,0,0
30.125,75.875,2023-11-21,325,47,52,0,1,5,33,1329.0,0,0
30.125,75.875,2023-11-22,326,47,53,0,0,4,33,1329.0,1,1
30.125,75.875,2023-11-23,327,47,54,0,1,4,34,1329.0,0,0
30.125,75.875,2023-11-24,328,47,55,0,1,3,34,1329.0,0,0
30.125,75.875,2023-11-25,329,47,56,0,1,2,34,1329.0,1,1
30.125,75.875,2023-11-26,330,47,57,0,1,2,35,1329.0,1,1
30.125,75.875,2023-11-27,331,48,58,0,2,3,36,1329.0,0,0
30.125,75.875,2023-11-28,332,48,59,0,2,3,36,1329.0,0,0
30.125,75.875,2023-11-29,333,48,60,0,1,3,36,1329.0,0,0
30.125,75.875,2023-11-30,334,48,61,0,0,2,36,1329.0,0,0
30.125,76.125,2023-10-01,274,39,1,0,0,0,0,686.0,2,1
30.125,76.125,2023-10-02,275,40,2,0,1,1,1,686.0,0,0
30.125,76.125,2023-10-03,276,40,3,0,1,1,1,686.0,0,0
30.125,76.125,2023-10-04,277,40,4,0,1,1,1,686.0,1,1
30.125,76.125,2023-10-05,278,40,5,0,1,2,2,686.0,5,1
30.125,76.125,2023-10-06,279,40,6,0,2,3,3,686.0,0,0
30.125,76.125,2023-10-07,280,40,7,0,2,3,3,686.0,0,0
30.125,76.125,2023-10-08,281,40,8,0,1,3,3,686.0,4,1
30.125,76.125,2023-10-09,282,41,9,0,1,3,4,686.0,3,1
30.125,76.125,2023-10-10,283,41,10,0,2,4,5,686.0,1,1
30.125,76.125,2023-10-11,284,41,11,0,3,5,6,686.0,3,1
30.125,76.125,2023-10-12,285,41,12,0,3,5,7,686.0,0,0
30.125,76.125,2023-10-13,286,41,13,0,2,4,7,686.0,3,1
30.125,76.125,2023-10-14,287,41,14,0,2,5,8,686.0,3,1
30.125,76.125,2023-10-15,288,41,15,0,2,6,9,686.0,10,1
30.125,76.125,2023-10-16,289,42,16,0,3,6,10,686.0,0,0
30.125,76.125,2023-10-17,290,42,17,0,2,5,10,686.0,0,0
30.125,76.125,2023-10-18,291,42,18,0,1,4,10,686.0,0,0
30.125,76.125,2023-10-19,292,42,19,0,0,3,10,686.0,0,0
30.125,76.125,2023-10-20,293,42,20,1,0,3,10,686.0,4,1
30.125,76.125,2023-10-21,294,42,21,1,1,3,11,686.0,1,1
30.125,76.125,2023-10-22,295,42,22,1,2,3,12,686.0,1,1
30.125,76.125,2023-10-23,296,43,23,1,3,3,13,686.0,2,1
30.125,76.125,2023-10-24,297,43,24,1,3,4,14,686.0,8,1
30.125,76.125,2023-10-25,298,43,25,1,3,5,15,686.0,2,1
30.125,76.125,2023-10-26,299,43,26,1,3,6,16,686.0,17,1
30.125,76.125,2023-10-27,300,43,27,1,3,7,17,686.0,10,1
30.125,76.125,2023-10-28,301,43,28,1,3,7,18,686.0,1,1
30.125,76.125,2023-10-29,302,43,29,1,3,7,19,686.0,35,1
30.125,76.125,2023-10-30,303,44,30,1,3,7,20,686.0,30,1
30.125,76.125,2023-10-31,304,44,31,1,3,7,21,686.0,38,1
30.125,76.125,2023-11-01,305,44,32,1,3,7,22,686.0,38,1
30.125,76.125,2023-11-02,306,44,33,1,3,7,23,686.0,0,0
30.125,76.125,2023-11-03,307,44,34,1,2,6,23,686.0,41,1
30.125,76.125,2023-11-04,308,44,35,1,2,6,24,686.0,27,1
30.125,76.125,2023-11-05,309,44,36,1,2,6,25,686.0,59,1
30.125,76.125,2023-11-06,310,45,37,1,3,6,26,686.0,51,1
30.125,76.125,2023-11-07,311,45,38,1,3,6,27,686.0,60,1
30.125,76.125,2023-11-08,312,45,39,1,3,6,28,686.0,45,1
30.125,76.125,2023-11-09,313,45,40,1,3,6,29,686.0,2,1
30.125,76.125,2023-11-10,314,45,41,1,3,7,30,686.0,0,0
30.125,76.125,2023-11-11,315,45,42,1,2,6,30,686.0,16,1
30.125,76.125,2023-11-12,316,45,43,1,2,6,31,686.0,58,1
30.125,76.125,2023-11-13,317,46,44,1,2,6,32,686.0,22,1
30.125,76.125,2023-11-14,318,46,45,1,3,6,33,686.0,24,1
30.125,76.125,2023-11-15,319,46,46,1,3,6,34,686.0,17,1
30.125,76.125,2023-11-16,320,46,47,0,3,6,35,686.0,15,1
30.125,76.125,2023-11-17,321,46,48,0,3,6,36,686.0,9,1
30.125,76.125,2023-11-18,322,46,49,0,3,7,37,686.0,7,1
30.125,76.125,2023-11-19,323,46,50,0,3,7,38,686.0,2,1
30.125,76.125,2023-11-20,324,47,51,0,3,7,39,686.0,0,0
30.125,76.125,2023-11-21,325,47,52,0,2,6,39,686.0,8,1
30.125,76.125,2023-11-22,326,47,53,0,2,6,40,686.0,1,1
30.125,76.125,2023-11-23,327,47,54,0,2,6,41,686.0,0,0
30.125,76.125,2023-11-24,328,47,55,0,2,5,41,686.0,0,0
30.125,76.125,2023-11-25,329,47,56,0,1,4,41,686.0,0,0
30.125,76.125,2023-11-26,330,47,57,0,0,3,41,686.0,0,0
30.125,76.125,2023-11-27,331,48,58,0,0,2,41,686.0,0,0
30.125,76.125,2023-11-28,332,48,59,0,0,2,41,686.0,0,0
30.125,76.125,2023-11-29,333,48,60,0,0,1,41,686.0,0,0
30.125,76.125,2023-11-30,334,48,61,0,0,0,41,686.0,0,0
30.125,76.375,2023-10-01,274,39,1,0,0,0,0,244.0,2,1
30.125,76.375,2023-10-02,275,40,2,0,1,1,1,244.0,1,1
30.125,76.375,2023-10-03,276,40,3,0,2,2,2,244.0,0,0
30.125,76.375,2023-10-04,277,40,4,0,2,2,2,244.0,1,1
30.125,76.375,2023-10-05,278,40,5,0,2,3,3,244.0,0,0
30.125,76.375,2023-10-06,279,40,6,0,1,3,3,244.0,1,1
30.125,76.375,2023-10-07,280,40,7,0,2,4,4,244.0,0,0
30.125,76.375,2023-10-08,281,40,8,0,1,4,4,244.0,0,0
30.125,76.375,2023-10-09,282,41,9,0,1,3,4,244.0,1,1
30.125,76.375,2023-10-10,283,41,10,0,1,3,5,244.0,0,0
30.125,76.375,2023-10-11,284,41,11,0,1,3,5,244.0,0,0
30.125,76.375,2023-10-12,285,41,12,0,1,2,5,244.0,1,1
30.125,76.375,2023-10-13,286,41,13,0,1,3,6,244.0,0,0
30.125,76.375,2023-10-14,287,41,14,0,1,2,6,244.0,1,1
30.125,76.375,2023-10-15,288,41,15,0,2,3,7,244.0,9,1
30.125,76.375,2023-10-16,289,42,16,0,2,4,8,244.0,0,0
30.125,76.375,2023-10-17,290,42,17,0,2,3,8,244.0,0,0
30.125,76.375,2023-10-18,291,42,18,0,1,3,8,244.0,0,0
30.125,76.375,2023-10-19,292,42,19,0,0,3,8,244.0,1,1
30.125,76.375,2023-10-20,293,42,20,1,1,3,9,244.0,9,1
30.125,76.375,2023-10-21,294,42,21,1,2,4,10,244.0,6,1
30.125,76.375,2023-10-22,295,42,22,1,3,4,11,244.0,4,1
30.125,76.375,2023-10-23,296,43,23,1,3,4,12,244.0,8,1
30.125,76.375,2023-10-24,297,43,24,1,3,5,13,244.0,5,1
30.125,76.375,2023-10-25,298,43,25,1,3,6,14,244.0,4,1
30.125,76.375,2023-10-26,299,43,26,1,3,7,15,244.0,18,1
30.125,76.375,2023-10-27,300,43,27,1,3,7,16,244.0,19,1
30.125,76.375,2023-10-28,301,43,28,1,3,7,17,244.0,1,1
30.125,76.375,2023-10-29,302,43,29,1,3,7,18,244.0,10,1
30.125,76.375,2023-10-30,303,44,30,1,3,7,19,244.0,11,1
30.125,76.375,2023-10-31,304,44,31,1,3,7,20,244.0,19,1
30.125,76.375,2023-11-01,305,44,32,1,3,7,21,244.0,14,1
30.125,76.375,2023-11-02,306,44,33,1,3,7,22,244.0,0,0
30.125,76.375,2023-11-03,307,44,34,1,2,6,22,244.0,5,1
30.125,76.375,2023-11-04,308,44,35,1,2,6,23,244.0,8,1
30.125,76.375,2023-11-05,309,44,36,1,2,6,24,244.0,24,1
30.125,76.375,2023-11-06,310,45,37,1,3,6,25,244.0,4,1
30.125,76.375,2023-11-07,311,45,38,1,3,6,26,244.0,10,1
30.125,76.375,2023-11-08,312,45,39,1,3,6,27,244.0,5,1
30.125,76.375,2023-11-09,313,45,40,1,3,6,28,244.0,10,1
30.125,76.375,2023-11-10,314,45,41,1,3,7,29,244.0,0,0
30.125,76.375,2023-11-11,315,45,42,1,2,6,29,244.0,0,0
30.125,76.375,2023-11-12,316,45,43,1,1,5,29,244.0,5,1
30.125,76.375,2023-11-13,317,46,44,1,1,5,30,244.0,9,1
30.125,76.375,2023-11-14,318,46,45,1,2,5,31,244.0,2,1
30.125,76.375,2023-11-15,319,46,46,1,3,5,32,244.0,7,1
30.125,76.375,2023-11-16,320,46,47,0,3,5,33,244.0,3,1
30.125,76.375,2023-11-17,321,46,48,0,3,5,34,244.0,2,1
30.125,76.375,2023-11-18,322,46,49,0,3,6,35,244.0,2,1
30.125,76.375,2023-11-19,323,46,50,0,3,7,36,244.0,1,1
30.125,76.375,2023-11-20,324,47,51,0,3,7,37,244.0,0,0
30.125,76.375,2023-11-21,325,47,52,0,2,6,37,244.0,0,0
30.125,76.375,2023-11-22,326,47,53,0,1,5,37,244.0,1,1
30.125,76.375,2023-11-23,327,47,54,0,1,5,38,244.0,0,0
30.125,76.375,2023-11-24,328,47,55,0,1,4,38,244.0,0,0
30.125,76.375,2023-11-25,329,47,56,0,1,3,38,244.0,0,0
30.125,76.375,2023-11-26,330,47,57,0,0,2,38,244.0,0,0
30.125,76.375,2023-11-27,331,48,58,0,0,1,38,244.0,0,0
30.125,76.375,2023-11-28,332,48,59,0,0,1,38,244.0,0,0
30.125,76.375,2023-11-29,333,48,60,0,0,1,38,244.0,0,0
30.125,76.375,2023-11-30,334,48,61,0,0,0,38,244.0,0,0
30.125,76.625,2023-10-01,274,39,1,0,0,0,0,135.0,0,0
30.125,76.625,2023-10-02,275,40,2,0,0,0,0,135.0,2,1
30.125,76.625,2023-10-03,276,40,3,0,1,1,1,135.0,0,0
30.125,76.625,2023-10-04,277,40,4,0,1,1,1,135.0,1,1
30.125,76.625,2023-10-05,278,40,5,0,2,2,2,135.0,2,1
30.125,76.625,2023-10-06,279,40,6,0,2,3,3,135.0,0,0
30.125,76.625,2023-10-07,280,40,7,0,2,3,3,135.0,0,0
30.125,76.625,2023-10-08,281,40,8,0,1,3,3,135.0,2,1
30.125,76.625,2023-10-09,282,41,9,0,1,4,4,135.0,2,1
30.125,76.625,2023-10-10,283,41,10,0,2,4,5,135.0,1,1
30.125,76.625,2023-10-11,284,41,11,0,3,5,6,135.0,0,0
30.125,76.625,2023-10-12,285,41,12,0,2,4,6,135.0,0,0
30.125,76.625,2023-10-13,286,41,13,0,1,3,6,135.0,0,0
30.125,76.625,2023-10-14,287,41,14,0,0,3,6,135.0,1,1
30.125,76.625,2023-10-15,288,41,15,0,1,4,7,135.0,6,1
30.125,76.625,2023-10-16,289,42,16,0,2,4,8,135.0,0,0
30.125,76.625,2023-10-17,290,42,17,0,2,3,8,135.0,0,0
30.125,76.625,2023-10-18,291,42,18,0,1,2,8,135.0,0,0
30.125,76.625,2023-10-19,292,42,19,0,0,2,8,135.0,3,1
30.125,76.625,2023-10-20,293,42,20,1,1,3,9,135.0,1,1
30.125,76.625,2023-10-21,294,42,21,1,2,4,10,135.0,3,1
30.125,76.625,2023-10-22,295,42,22,1,3,4,11,135.0,0,0
30.125,76.625,2023-10-23,296,43,23,1,2,3,11,135.0,4,1
30.125,76.625,2023-10-24,297,43,24,1,2,4,12,135.0,5,1
30.125,76.625,2023-10-25,298,43,25,1,2,5,13,135.0,9,1
30.125,76.625,2023-10-26,299,43,26,1,3,6,14,135.0,20,1
30.125,76.625,2023-10-27,300,43,27,1,3,6,15,135.0,15,1
30.125,76.625,2023-10-28,301,43,28,1,3,6,16,135.0,0,0
30.125,76.625,2023-10-29,302,43,29,1,2,5,16,135.0,4,1
30.125,76.625,2023-10-30,303,44,30,1,2,6,17,135.0,6,1
30.125,76.625,2023-10-31,304,44,31,1,2,6,18,135.0,6,1
30.125,76.625,2023-11-01,305,44,32,1,3,6,19,135.0,19,1
30.125,76.625,2023-11-02,306,44,33,1,3,6,20,135.0,0,0
30.125,76.625,2023-11-03,307,44,34,1,2,5,20,135.0,2,1
30.125,76.625,2023-11-04,308,44,35,1,2,5,21,135.0,2,1
30.125,76.625,2023-11-05,309,44,36,1,2,6,22,135.0,10,1
30.125,76.625,2023-11-06,310,45,37,1,3,6,23,135.0,2,1
30.125,76.625,2023-11-07,311,45,38,1,3,6,24,135.0,0,0
30.125,76.625,2023-11-08,312,45,39,1,2,5,24,135.0,1,1
30.125,76.625,2023-11-09,313,45,40,1,2,5,25,135.0,2,1
30.125,76.625,2023-11-10,314,45,41,1,2,6,26,135.0,0,0
30.125,76.625,2023-11-11,315,45,42,1,2,5,26,135.0,0,0
30.125,76.625,2023-11-12,316,45,43,1,1,4,26,135.0,0,0
30.125,76.625,2023-11-13,317,46,44,1,0,3,26,135.0,0,0
30.125,76.625,2023-11-14,318,46,45,1,0,2,26,135.0,1,1
30.125,76.625,2023-11-15,319,46,46,1,1,3,27,135.0,0,0
30.125,76.625,2023-11-16,320,46,47,0,1,2,27,135.0,1,1
30.125,76.625,2023-11-17,321,46,48,0,2,2,28,135.0,0,0
30.125,76.625,2023-11-18,322,46,49,0,1,2,28,135.0,0,0
30.125,76.625,2023-11-19,323,46,50,0,1,2,28,135.0,0,0
30.125,76.625,2023-11-20,324,47,51,0,0,2,28,135.0,1,1
30.125,76.625,2023-11-21,325,47,52,0,1,3,29,135.0,1,1
30.125,76.625,2023-11-22,326,47,53,0,2,3,30,135.0,0,0
30.125,76.625,2023-11-23,327,47,54,0,2,3,30,135.0,0,0
30.125,76.625,2023-11-24,328,47,55,0,1,2,30,135.0,0,0
30.125,76.625,2023-11-25,329,47,56,0,0,2,30,135.0,0,0
30.125,76.625,2023-11-26,330,47,57,0,0,2,30,135.0,0,0
30.125,76.625,2023-11-27,331,48,58,0,0,2,30,135.0,0,0
30.125,76.625,2023-11-28,332,48,59,0,0,1,30,135.0,0,0
30.125,76.625,2023-11-29,333,48,60,0,0,0,30,135.0,0,0
30.125,76.625,2023-11-30,334,48,61,0,0,0,30,135.0,0,0
30.125,76.875,2023-10-01,274,39,1,0,0,0,0,62.0,3,1
30.125,76.875,2023-10-02,275,40,2,0,1,1,1,62.0,1,1
30.125,76.875,2023-10-03,276,40,3,0,2,2,2,62.0,2,1
30.125,76.875,2023-10-04,277,40,4,0,3,3,3,62.0,7,1
30.125,76.875,2023-10-05,278,40,5,0,3,4,4,62.0,3,1
30.125,76.875,2023-10-06,279,40,6,0,3,5,5,62.0,1,1
30.125,76.875,2023-10-07,280,40,7,0,3,6,6,62.0,0,0
30.125,76.875,2023-10-08,281,40,8,0,2,6,6,62.0,2,1
30.125,76.875,2023-10-09,282,41,9,0,2,6,7,62.0,0,0
30.125,76.875,2023-10-10,283,41,10,0,1,5,7,62.0,0,0
30.125,76.875,2023-10-11,284,41,11,0,1,4,7,62.0,0,0
30.125,76.875,2023-10-12,285,41,12,0,0,3,7,62.0,5,1
30.125,76.875,2023-10-13,286,41,13,0,1,3,8,62.0,2,1
30.125,76.875,2023-10-14,287,41,14,0,2,3,9,62.0,3,1
30.125,76.875,2023-10-15,288,41,15,0,3,4,10,62.0,5,1
30.125,76.875,2023-10-16,289,42,16,0,3,4,11,62.0,0,0
30.125,76.875,2023-10-17,290,42,17,0,2,4,11,62.0,0,0
30.125,76.875,2023-10-18,291,42,18,0,1,4,11,62.0,0,0
30.125,76.875,2023-10-19,292,42,19,0,0,4,11,62.0,0,0
30.125,76.875,2023-10-20,293,42,20,1,0,3,11,62.0,3,1
30.125,76.875,2023-10-21,294,42,21,1,1,3,12,62.0,0,0
30.125,76.875,2023-10-22,295,42,22,1,1,2,12,62.0,0,0
30.125,76.875,2023-10-23,296,43,23,1,1,1,12,62.0,0,0
30.125,76.875,2023-10-24,297,43,24,1,0,1,12,62.0,4,1
30.125,76.875,2023-10-25,298,43,25,1,1,2,13,62.0,4,1
30.125,76.875,2023-10-26,299,43,26,1,2,3,14,62.0,3,1
30.125,76.875,2023-10-27,300,43,27,1,3,4,15,62.0,3,1
30.125,76.875,2023-10-28,301,43,28,1,3,4,16,62.0,0,0
30.125,76.875,2023-10-29,302,43,29,1,2,4,16,62.0,4,1
30.125,76.875,2023-10-30,303,44,30,1,2,5,17,62.0,0,0
30.125,76.875,2023-10-31,304,44,31,1,1,5,17,62.0,0,0
30.125,76.875,2023-11-01,305,44,32,1,1,4,17,62.0,4,1
30.125,76.875,2023-11-02,306,44,33,1,1,4,18,62.0,0,0
30.125,76.875,2023-11-03,307,44,34,1,1,3,18,62.0,0,0
30.125,76.875,2023-11-04,308,44,35,1,1,2,18,62.0,0,0
30.125,76.875,2023-11-05,309,44,36,1,0,2,18,62.0,0,0
30.125,76.875,2023-11-06,310,45,37,1,0,1,18,62.0,1,1
30.125,76.875,2023-11-07,311,45,38,1,1,2,19,62.0,0,0
30.125,76.875,2023-11-08,312,45,39,1,1,2,19,62.0,0,0
30.125,76.875,2023-11-09,313,45,40,1,1,1,19,62.0,0,0
30.125,76.875,2023-11-10,314,45,41,1,0,1,19,62.0,0,0
30.125,76.875,2023-11-11,315,45,42,1,0,1,19,62.0,1,1
30.125,76.875,2023-11-12,316,45,43,1,1,2,20,62.0,0,0
30.125,76.875,2023-11-13,317,46,44,1,1,2,20,62.0,0,0
30.125,76.875,2023-11-14,318,46,45,1,1,1,20,62.0,0,0
30.125,76.875,2023-11-15,319,46,46,1,0,1,20,62.0,0,0
30.125,76.875,2023-11-16,320,46,47,0,0,1,20,62.0,0,0
30.125,76.875,2023-11-17,321,46,48,0,0,1,20,62.0,0,0
30.125,76.875,2023-11-18,322,46,49,0,0,1,20,62.0,0,0
30.125,76.875,2023-11-19,323,46,50,0,0,0,20,62.0,0,0
30.125,76.875,2023-11-20,324,47,51,0,0,0,20,62.0,0,0
30.125,76.875,2023-11-21,325,47,52,0,0,0,20,62.0,1,1
30.125,76.875,2023-11-22,326,47,53,0,1,1,21,62.0,0,0
30.125,76.875,2023-11-23,327,47,54,0,1,1,21,62.0,0,0
30.125,76.875,2023-11-24,328,47,55,0,1,1,21,62.0,0,0
30.125,76.875,2023-11-25,329,47,56,0,0,1,21,62.0,0,0
30.125,76.875,2023-11-26,330,47,57,0,0,1,21,62.0,0,0
30.125,76.875,2023-11-27,331,48,58,0,0,1,21,62.0,0,0
30.125,76.875,2023-11-28,332,48,59,0,0,1,21,62.0,0,0
30.125,76.875,2023-11-29,333,48,60,0,0,0,21,62.0,0,0
30.125,76.875,2023-11-30,334,48,61,0,0,0,21,62.0,0,0
30.125,77.125,2023-10-01,274,39,1,0,0,0,0,70.0,1,1
30.125,77.125,2023-10-02,275,40,2,0,1,1,1,70.0,2,1
30.125,77.125,2023-10-03,276,40,3,0,2,2,2,70.0,0,0
30.125,77.125,2023-10-04,277,40,4,0,2,2,2,70.0,3,1
30.125,77.125,2023-10-05,278,40,5,0,2,3,3,70.0,1,1
30.125,77.125,2023-10-06,279,40,6,0,2,4,4,70.0,2,1
30.125,77.125,2023-10-07,280,40,7,0,3,5,5,70.0,2,1
30.125,77.125,2023-10-08,281,40,8,0,3,6,6,70.0,1,1
30.125,77.125,2023-10-09,282,41,9,0,3,6,7,70.0,0,0
30.125,77.125,2023-10-10,283,41,10,0,2,5,7,70.0,0,0
30.125,77.125,2023-10-11,284,41,11,0,1,5,7,70.0,0,0
30.125,77.125,2023-10-12,285,41,12,0,0,4,7,70.0,6,1
30.125,77.125,2023-10-13,286,41,13,0,1,4,8,70.0,2,1
30.125,77.125,2023-10-14,287,41,14,0,2,4,9,70.0,3,1
30.125,77.125,2023-10-15,288,41,15,0,3,4,10,70.0,2,1
30.125,77.125,2023-10-16,289,42,16,0,3,4,11,70.0,0,0
30.125,77.125,2023-10-17,290,42,17,0,2,4,11,70.0,0,0
30.125,77.125,2023-10-18,291,42,18,0,1,4,11,70.0,0,0
30.125,77.125,2023-10-19,292,42,19,0,0,4,11,70.0,0,0
30.125,77.125,2023-10-20,293,42,20,1,0,3,11,70.0,2,1
30.125,77.125,2023-10-21,294,42,21,1,1,3,12,70.0,0,0
30.125,77.125,2023-10-22,295,42,22,1,1,2,12,70.0,0,0
30.125,77.125,2023-10-23,296,43,23,1,1,1,12,70.0,1,1
30.125,77.125,2023-10-24,297,43,24,1,1,2,13,70.0,2,1
30.125,77.125,2023-10-25,298,43,25,1,2,3,14,70.0,1,1
30.125,77.125,2023-10-26,299,43,26,1,3,4,15,70.0,3,1
30.125,77.125,2023-10-27,300,43,27,1,3,5,16,70.0,6,1
30.125,77.125,2023-10-28,301,43,28,1,3,5,17,70.0,0,0
30.125,77.125,2023-10-29,302,43,29,1,2,5,17,70.0,4,1
30.125,77.125,2023-10-30,303,44,30,1,2,6,18,70.0,2,1
30.125,77.125,2023-10-31,304,44,31,1,2,6,19,70.0,1,1
30.125,77.125,2023-11-01,305,44,32,1,3,6,20,70.0,7,1
30.125,77.125,2023-11-02,306,44,33,1,3,6,21,70.0,0,0
30.125,77.125,2023-11-03,307,44,34,1,2,5,21,70.0,0,0
30.125,77.125,2023-11-04,308,44,35,1,1,4,21,70.0,2,1
30.125,77.125,2023-11-05,309,44,36,1,1,5,22,70.0,1,1
30.125,77.125,2023-11-06,310,45,37,1,2,5,23,70.0,1,1
30.125,77.125,2023-11-07,311,45,38,1,3,5,24,70.0,1,1
30.125,77.125,2023-11-08,312,45,39,1,3,5,25,70.0,0,0
30.125,77.125,2023-11-09,313,45,40,1,2,4,25,70.0,0,0
30.125,77.125,2023-11-10,314,45,41,1,1,4,25,70.0,0,0
30.125,77.125,2023-11-11,315,45,42,1,0,4,25,70.0,0,0
30.125,77.125,2023-11-12,316,45,43,1,0,3,25,70.0,1,1
30.125,77.125,2023-11-13,317,46,44,1,1,3,26,70.0,0,0
30.125,77.125,2023-11-14,318,46,45,1,1,2,26,70.0,0,0
30.125,77.125,2023-11-15,319,46,46,1,1,1,26,70.0,1,1
30.125,77.125,2023-11-16,320,46,47,0,1,2,27,70.0,0,0
30.125,77.125,2023-11-17,321,46,48,0,1,2,27,70.0,0,0
30.125,77.125,2023-11-18,322,46,49,0,1,2,27,70.0,2,1
30.125,77.125,2023-11-19,323,46,50,0,1,3,28,70.0,0,0
30.125,77.125,2023-11-20,324,47,51,0,1,2,28,70.0,3,1
30.125,77.125,2023-11-21,325,47,52,0,2,3,29,70.0,0,0
30.125,77.125,2023-11-22,326,47,53,0,1,3,29,70.0,0,0
30.125,77.125,2023-11-23,327,47,54,0,1,2,29,70.0,0,0
30.125,77.125,2023-11-24,328,47,55,0,0,2,29,70.0,0,0
30.125,77.125,2023-11-25,329,47,56,0,0,2,29,70.0,0,0
30.125,77.125,2023-11-26,330,47,57,0,0,1,29,70.0,0,0
30.125,77.125,2023-11-27,331,48,58,0,0,1,29,70.0,0,0
30.125,77.125,2023-11-28,332,48,59,0,0,0,29,70.0,0,0
30.125,77.125,2023-11-29,333,48,60,0,0,0,29,70.0,4,1
30.125,77.125,2023-11-30,334,48,61,0,1,1,30,70.0,0,0
30.125,77.375,2023-10-01,274,39,1,0,0,0,0,23.0,2,1
30.125,77.375,2023-10-02,275,40,2,0,1,1,1,23.0,0,0
30.125,77.375,2023-10-03,276,40,3,0,1,1,1,23.0,0,0
30.125,77.375,2023-10-04,277,40,4,0,1,1,1,23.0,0,0
30.125,77.375,2023-10-05,278,40,5,0,0,1,1,23.0,1,1
30.125,77.375,2023-10-06,279,40,6,0,1,2,2,23.0,0,0
30.125,77.375,2023-10-07,280,40,7,0,1,2,2,23.0,0,0
30.125,77.375,2023-10-08,281,40,8,0,1,2,2,23.0,0,0
30.125,77.375,2023-10-09,282,41,9,0,0,1,2,23.0,1,1
30.125,77.375,2023-10-10,283,41,10,0,1,2,3,23.0,0,0
30.125,77.375,2023-10-11,284,41,11,0,1,2,3,23.0,0,0
30.125,77.375,2023-10-12,285,41,12,0,1,2,3,23.0,1,1
30.125,77.375,2023-10-13,286,41,13,0,1,2,4,23.0,0,0
30.125,77.375,2023-10-14,287,41,14,0,1,2,4,23.0,0,0
30.125,77.375,2023-10-15,288,41,15,0,1,2,4,23.0,0,0
30.125,77.375,2023-10-16,289,42,16,0,0,2,4,23.0,0,0
30.125,77.375,2023-10-17,290,42,17,0,0,1,4,23.0,0,0
30.125,77.375,2023-10-18,291,42,18,0,0,1,4,23.0,0,0
30.125,77.375,2023-10-19,292,42,19,0,0,1,4,23.0,0,0
30.125,77.375,2023-10-20,293,42,20,1,0,0,4,23.0,0,0
30.125,77.375,2023-10-21,294,42,21,1,0,0,4,23.0,3,1
30.125,77.375,2023-10-22,295,42,22,1,1,1,5,23.0,0,0
30.125,77.375,2023-10-23,296,43,23,1,1,1,5,23.0,0,0
30.125,77.375,2023-10-24,297,43,24,1,1,1,5,23.0,1,1
30.125,77.375,2023-10-25,298,43,25,1,1,2,6,23.0,0,0
30.125,77.375,2023-10-26,299,43,26,1,1,2,6,23.0,1,1
30.125,77.375,2023-10-27,300,43,27,1,2,3,7,23.0,0,0
30.125,77.375,2023-10-28,301,43,28,1,1,3,7,23.0,0,0
30.125,77.375,2023-10-29,302,43,29,1,1,2,7,23.0,1,1
30.125,77.375,2023-10-30,303,44,30,1,1,3,8,23.0,0,0
30.125,77.375,2023-10-31,304,44,31,1,1,3,8,23.0,1,1
30.125,77.375,2023-11-01,305,44,32,1,2,3,9,23.0,0,0
30.125,77.375,2023-11-02,306,44,33,1,1,3,9,23.0,0,0
30.125,77.375,2023-11-03,307,44,34,1,1,2,9,23.0,0,0
30.125,77.375,2023-11-04,308,44,35,1,0,2,9,23.0,0,0
30.125,77.375,2023-11-05,309,44,36,1,0,2,9,23.0,0,0
30.125,77.375,2023-11-06,310,45,37,1,0,1,9,23.0,0,0
30.125,77.375,2023-11-07,311,45,38,1,0,1,9,23.0,0,0
30.125,77.375,2023-11-08,312,45,39,1,0,0,9,23.0,0,0
30.125,77.375,2023-11-09,313,45,40,1,0,0,9,23.0,0,0
30.125,77.375,2023-11-10,314,45,41,1,0,0,9,23.0,0,0
30.125,77.375,2023-11-11,315,45,42,1,0,0,9,23.0,0,0
30.125,77.375,2023-11-12,316,45,43,1,0,0,9,23.0,2,1
30.125,77.375,2023-11-13,317,46,44,1,1,1,10,23.0,2,1
30.125,77.375,2023-11-14,318,46,45,1,2,2,11,23.0,0,0
30.125,77.375,2023-11-15,319,46,46,1,2,2,11,23.0,0,0
30.125,77.375,2023-11-16,320,46,47,0,1,2,11,23.0,0,0
30.125,77.375,2023-11-17,321,46,48,0,0,2,11,23.0,2,1
30.125,77.375,2023-11-18,322,46,49,0,1,3,12,23.0,0,0
30.125,77.375,2023-11-19,323,46,50,0,1,3,12,23.0,0,0
30.125,77.375,2023-11-20,324,47,51,0,1,2,12,23.0,2,1
30.125,77.375,2023-11-21,325,47,52,0,1,2,13,23.0,1,1
30.125,77.375,2023-11-22,326,47,53,0,2,3,14,23.0,0,0
30.125,77.375,2023-11-23,327,47,54,0,2,3,14,23.0,1,1
30.125,77.375,2023-11-24,328,47,55,0,2,4,15,23.0,0,0
30.125,77.375,2023-11-25,329,47,56,0,1,3,15,23.0,0,0
30.125,77.375,2023-11-26,330,47,57,0,1,3,15,23.0,0,0
30.125,77.375,2023-11-27,331,48,58,0,0,3,15,23.0,0,0
30.125,77.375,2023-11-28,332,48,59,0,0,2,15,23.0,0,0
30.125,77.375,2023-11-29,333,48,60,0,0,1,15,23.0,1,1
30.125,77.375,2023-11-30,334,48,61,0,1,2,16,23.0,0,0
30.375,73.875,2023-10-01,274,39,1,0,0,0,0,179.0,0,0
30.375,73.875,2023-10-02,275,40,2,0,0,0,0,179.0,0,0
30.375,73.875,2023-10-03,276,40,3,0,0,0,0,179.0,0,0
30.375,73.875,2023-10-04,277,40,4,0,0,0,0,179.0,0,0
30.375,73.875,2023-10-05,278,40,5,0,0,0,0,179.0,0,0
30.375,73.875,2023-10-06,279,40,6,0,0,0,0,179.0,0,0
30.375,73.875,2023-10-07,280,40,7,0,0,0,0,179.0,0,0
30.375,73.875,2023-10-08,281,40,8,0,0,0,0,179.0,0,0
30.375,73.875,2023-10-09,282,41,9,0,0,0,0,179.0,0,0
30.375,73.875,2023-10-10,283,41,10,0,0,0,0,179.0,0,0
30.375,73.875,2023-10-11,284,41,11,0,0,0,0,179.0,0,0
30.375,73.875,2023-10-12,285,41,12,0,0,0,0,179.0,0,0
30.375,73.875,2023-10-13,286,41,13,0,0,0,0,179.0,0,0
30.375,73.875,2023-10-14,287,41,14,0,0,0,0,179.0,0,0
30.375,73.875,2023-10-15,288,41,15,0,0,0,0,179.0,0,0
30.375,73.875,2023-10-16,289,42,16,0,0,0,0,179.0,0,0
30.375,73.875,2023-10-17,290,42,17,0,0,0,0,179.0,0,0
30.375,73.875,2023-10-18,291,42,18,0,0,0,0,179.0,0,0
30.375,73.875,2023-10-19,292,42,19,0,0,0,0,179.0,0,0
30.375,73.875,2023-10-20,293,42,20,1,0,0,0,179.0,0,0
30.375,73.875,2023-10-21,294,42,21,1,0,0,0,179.0,0,0
30.375,73.875,2023-10-22,295,42,22,1,0,0,0,179.0,0,0
30.375,73.875,2023-10-23,296,43,23,1,0,0,0,179.0,1,1
30.375,73.875,2023-10-24,297,43,24,1,1,1,1,179.0,0,0
30.375,73.875,2023-10-25,298,43,25,1,1,1,1,179.0,2,1
30.375,73.875,2023-10-26,299,43,26,1,2,2,2,179.0,1,1
30.375,73.875,2023-10-27,300,43,27,1,2,3,3,179.0,3,1
30.375,73.875,2023-10-28,301,43,28,1,3,4,4,179.0,0,0
30.375,73.875,2023-10-29,302,43,29,1,2,4,4,179.0,2,1
30.375,73.875,2023-10-30,303,44,30,1,2,5,5,179.0,1,1
30.375,73.875,2023-10-31,304,44,31,1,2,5,6,179.0,2,1
30.375,73.875,2023-11-01,305,44,32,1,3,6,7,179.0,4,1
30.375,73.875,2023-11-02,306,44,33,1,3,6,8,179.0,0,0
30.375,73.875,2023-11-03,307,44,34,1,2,5,8,179.0,1,1
30.375,73.875,2023-11-04,308,44,35,1,2,5,9,179.0,2,1
30.375,73.875,2023-11-05,309,44,36,1,2,6,10,179.0,11,1
30.375,73.875,2023-11-06,310,45,37,1,3,6,11,179.0,0,0
30.375,73.875,2023-11-07,311,45,38,1,2,5,11,179.0,2,1
30.375,73.875,2023-11-08,312,45,39,1,2,5,12,179.0,10,1
30.375,73.875,2023-11-09,313,45,40,1,2,5,13,179.0,0,0
30.375,73.875,2023-11-10,314,45,41,1,2,5,13,179.0,0,0
30.375,73.875,2023-11-11,315,45,42,1,1,4,13,179.0,3,1
30.375,73.875,2023-11-12,316,45,43,1,1,4,14,179.0,5,1
30.375,73.875,2023-11-13,317,46,44,1,2,4,15,179.0,11,1
30.375,73.875,2023-11-14,318,46,45,1,3,5,16,179.0,21,1
30.375,73.875,2023-11-15,319,46,46,1,3,5,17,179.0,14,1
30.375,73.875,2023-11-16,320,46,47,0,3,5,18,179.0,5,1
30.375,73.875,2023-11-17,321,46,48,0,3,6,19,179.0,0,0
30.375,73.875,2023-11-18,322,46,49,0,2,6,19,179.0,11,1
30.375,73.875,2023-11-19,323,46,50,0,2,6,20,179.0,19,1
30.375,73.875,2023-11-20,324,47,51,0,2,6,21,179.0,12,1
30.375,73.875,2023-11-21,325,47,52,0,3,6,22,179.0,12,1
30.375,73.875,2023-11-22,326,47,53,0,3,6,23,179.0,3,1
30.375,73.875,2023-11-23,327,47,54,0,3,6,24,179.0,9,1
30.375,73.875,2023-11-24,328,47,55,0,3,6,25,179.0,4,1
30.375,73.875,2023-11-25,329,47,56,0,3,7,26,179.0,0,0
30.375,73.875,2023-11-26,330,47,57,0,2,6,26,179.0,6,1
30.375,73.875,2023-11-27,331,48,58,0,2,6,27,179.0,0,0
30.375,73.875,2023-11-28,332,48,59,0,1,5,27,179.0,2,1
30.375,73.875,2023-11-29,333,48,60,0,2,5,28,179.0,0,0
30.375,73.875,2023-11-30,334,48,61,0,1,4,28,179.0,0,0
30.375,74.125,2023-10-01,274,39,1,0,0,0,0,437.0,0,0
30.375,74.125,2023-10-02,275,40,2,0,0,0,0,437.0,0,0
30.375,74.125,2023-10-03,276,40,3,0,0,0,0,437.0,1,1
30.375,74.125,2023-10-04,277,40,4,0,1,1,1,437.0,0,0
30.375,74.125,2023-10-05,278,40,5,0,1,1,1,437.0,0,0
30.375,74.125,2023-10-06,279,40,6,0,1,1,1,437.0,0,0
30.375,74.125,2023-10-07,280,40,7,0,0,1,1,437.0,0,0
30.375,74.125,2023-10-08,281,40,8,0,0,1,1,437.0,1,1
30.375,74.125,2023-10-09,282,41,9,0,1,2,2,437.0,0,0
30.375,74.125,2023-10-10,283,41,10,0,1,2,2,437.0,0,0
30.375,74.125,2023-10-11,284,41,11,0,1,1,2,437.0,0,0
30.375,74.125,2023-10-12,285,41,12,0,0,1,2,437.0,0,0
30.375,74.125,2023-10-13,286,41,13,0,0,1,2,437.0,0,0
30.375,74.125,2023-10-14,287,41,14,0,0,1,2,437.0,2,1
30.375,74.125,2023-10-15,288,41,15,0,1,2,3,437.0,0,0
30.375,74.125,2023-10-16,289,42,16,0,1,1,3,437.0,0,0
30.375,74.125,2023-10-17,290,42,17,0,1,1,3,437.0,0,0
30.375,74.125,2023-10-18,291,42,18,0,0,1,3,437.0,0,0
30.375,74.125,2023-10-19,292,42,19,0,0,1,3,437.0,0,0
30.375,74.125,2023-10-20,293,42,20,1,0,1,3,437.0,0,0
30.375,74.125,2023-10-21,294,42,21,1,0,1,3,437.0,0,0
30.375,74.125,2023-10-22,295,42,22,1,0,0,3,437.0,0,0
30.375,74.125,2023-10-23,296,43,23,1,0,0,3,437.0,1,1
30.375,74.125,2023-10-24,297,43,24,1,1,1,4,437.0,0,0
30.375,74.125,2023-10-25,298,43,25,1,1,1,4,437.0,0,0
30.375,74.125,2023-10-26,299,43,26,1,1,1,4,437.0,0,0
30.375,74.125,2023-10-27,300,43,27,1,0,1,4,437.0,0,0
30.375,74.125,2023-10-28,301,43,28,1,0,1,4,437.0,0,0
30.375,74.125,2023-10-29,302,43,29,1,0,1,4,437.0,1,1
30.375,74.125,2023-10-30,303,44,30,1,1,2,5,437.0,0,0
30.375,74.125,2023-10-31,304,44,31,1,1,1,5,437.0,2,1
30.375,74.125,2023-11-01,305,44,32,1,2,2,6,437.0,3,1
30.375,74.125,2023-11-02,306,44,33,1,2,3,7,437.0,0,0
30.375,74.125,2023-11-03,307,44,34,1,2,3,7,437.0,3,1
30.375,74.125,2023-11-04,308,44,35,1,2,4,8,437.0,4,1
30.375,74.125,2023-11-05,309,44,36,1,2,5,9,437.0,8,1
30.375,74.125,2023-11-06,310,45,37,1,3,5,10,437.0,6,1
30.375,74.125,2023-11-07,311,45,38,1,3,6,11,437.0,6,1
30.375,74.125,2023-11-08,312,45,39,1,3,6,12,437.0,7,1
30.375,74.125,2023-11-09,313,45,40,1,3,6,13,437.0,14,1
30.375,74.125,2023-11-10,314,45,41,1,3,7,14,437.0,0,0
30.375,74.125,2023-11-11,315,45,42,1,2,6,14,437.0,0,0
30.375,74.125,2023-11-12,316,45,43,1,1,5,14,437.0,20,1
30.375,74.125,2023-11-13,317,46,44,1,1,5,15,437.0,26,1
30.375,74.125,2023-11-14,318,46,45,1,2,5,16,437.0,48,1
30.375,74.125,2023-11-15,319,46,46,1,3,5,17,437.0,33,1
30.375,74.125,2023-11-16,320,46,47,0,3,5,18,437.0,26,1
30.375,74.125,2023-11-17,321,46,48,0,3,5,19,437.0,7,1
30.375,74.125,2023-11-18,322,46,49,0,3,6,20,437.0,26,1
30.375,74.125,2023-11-19,323,46,50,0,3,7,21,437.0,68,1
30.375,74.125,2023-11-20,324,47,51,0,3,7,22,437.0,37,1
30.375,74.125,2023-11-21,325,47,52,0,3,7,23,437.0,32,1
30.375,74.125,2023-11-22,326,47,53,0,3,7,24,437.0,16,1
30.375,74.125,2023-11-23,327,47,54,0,3,7,25,437.0,16,1
30.375,74.125,2023-11-24,328,47,55,0,3,7,26,437.0,3,1
30.375,74.125,2023-11-25,329,47,56,0,3,7,27,437.0,0,0
30.375,74.125,2023-11-26,330,47,57,0,2,6,27,437.0,15,1
30.375,74.125,2023-11-27,331,48,58,0,2,6,28,437.0,0,0
30.375,74.125,2023-11-28,332,48,59,0,1,5,28,437.0,4,1
30.375,74.125,2023-11-29,333,48,60,0,2,5,29,437.0,0,0
30.375,74.125,2023-11-30,334,48,61,0,1,4,29,437.0,1,1
30.375,74.375,2023-10-01,274,39,1,0,0,0,0,325.0,0,0
30.375,74.375,2023-10-02,275,40,2,0,0,0,0,325.0,0,0
30.375,74.375,2023-10-03,276,40,3,0,0,0,0,325.0,0,0
30.375,74.375,2023-10-04,277,40,4,0,0,0,0,325.0,0,0
30.375,74.375,2023-10-05,278,40,5,0,0,0,0,325.0,0,0
30.375,74.375,2023-10-06,279,40,6,0,0,0,0,325.0,0,0
30.375,74.375,2023-10-07,280,40,7,0,0,0,0,325.0,0,0
30.375,74.375,2023-10-08,281,40,8,0,0,0,0,325.0,0,0
30.375,74.375,2023-10-09,282,41,9,0,0,0,0,325.0,0,0
30.375,74.375,2023-10-10,283,41,10,0,0,0,0,325.0,0,0
30.375,74.375,2023-10-11,284,41,11,0,0,0,0,325.0,0,0
30.375,74.375,2023-10-12,285,41,12,0,0,0,0,325.0,0,0
30.375,74.375,2023-10-13,286,41,13,0,0,0,0,325.0,0,0
30.375,74.375,2023-10-14,287,41,14,0,0,0,0,325.0,1,1
30.375,74.375,2023-10-15,288,41,15,0,1,1,1,325.0,0,0
30.375,74.375,2023-10-16,289,42,16,0,1,1,1,325.0,0,0
30.375,74.375,2023-10-17,290,42,17,0,1,1,1,325.0,0,0
30.375,74.375,2023-10-18,291,42,18,0,0,1,1,325.0,0,0
30.375,74.375,2023-10-19,292,42,19,0,0,1,1,325.0,0,0
30.375,74.375,2023-10-20,293,42,20,1,0,1,1,325.0,0,0
30.375,74.375,2023-10-21,294,42,21,1,0,1,1,325.0,2,1
30.375,74.375,2023-10-22,295,42,22,1,1,1,2,325.0,0,0
30.375,74.375,2023-10-23,296,43,23,1,1,1,2,325.0,0,0
30.375,74.375,2023-10-24,297,43,24,1,1,1,2,325.0,0,0
30.375,74.375,2023-10-25,298,43,25,1,0,1,2,325.0,5,1
30.375,74.375,2023-10-26,299,43,26,1,1,2,3,325.0,0,0
30.375,74.375,2023-10-27,300,43,27,1,1,2,3,325.0,2,1
30.375,74.375,2023-10-28,301,43,28,1,2,3,4,325.0,0,0
30.375,74.375,2023-10-29,302,43,29,1,1,2,4,325.0,6,1
30.375,74.375,2023-10-30,303,44,30,1,2,3,5,325.0,3,1
30.375,74.375,2023-10-31,304,44,31,1,2,4,6,325.0,8,1
30.375,74.375,2023-11-01,305,44,32,1,3,5,7,325.0,10,1
30.375,74.375,2023-11-02,306,44,33,1,3,5,8,325.0,0,0
30.375,74.375,2023-11-03,307,44,34,1,2,5,8,325.0,5,1
30.375,74.375,2023-11-04,308,44,35,1,2,5,9,325.0,13,1
30.375,74.375,2023-11-05,309,44,36,1,2,6,10,325.0,26,1
30.375,74.375,2023-11-06,310,45,37,1,3,6,11,325.0,13,1
30.375,74.375,2023-11-07,311,45,38,1,3,6,12,325.0,11,1
30.375,74.375,2023-11-08,312,45,39,1,3,6,13,325.0,17,1
30.375,74.375,2023-11-09,313,45,40,1,3,6,14,325.0,5,1
30.375,74.375,2023-11-10,314,45,41,1,3,7,15,325.0,0,0
30.375,74.375,2023-11-11,315,45,42,1,2,6,15,325.0,0,0
30.375,74.375,2023-11-12,316,45,43,1,1,5,15,325.0,7,1
30.375,74.375,2023-11-13,317,46,44,1,1,5,16,325.0,27,1
30.375,74.375,2023-11-14,318,46,45,1,2,5,17,325.0,36,1
30.375,74.375,2023-11-15,319,46,46,1,3,5,18,325.0,32,1
30.375,74.375,2023-11-16,320,46,47,0,3,5,19,325.0,10,1
30.375,74.375,2023-11-17,321,46,48,0,3,5,20,325.0,7,1
30.375,74.375,2023-11-18,322,46,49,0,3,6,21,325.0,9,1
30.375,74.375,2023-11-19,323,46,50,0,3,7,22,325.0,12,1
30.375,74.375,2023-11-20,324,47,51,0,3,7,23,325.0,18,1
30.375,74.375,2023-11-21,325,47,52,0,3,7,24,325.0,21,1
30.375,74.375,2023-11-22,326,47,53,0,3,7,25,325.0,8,1
30.375,74.375,2023-11-23,327,47,54,0,3,7,26,325.0,2,1
30.375,74.375,2023-11-24,328,47,55,0,3,7,27,325.0,2,1
30.375,74.375,2023-11-25,329,47,56,0,3,7,28,325.0,0,0
30.375,74.375,2023-11-26,330,47,57,0,2,6,28,325.0,3,1
30.375,74.375,2023-11-27,331,48,58,0,2,6,29,325.0,0,0
30.375,74.375,2023-11-28,332,48,59,0,1,5,29,325.0,1,1
30.375,74.375,2023-11-29,333,48,60,0,2,5,30,325.0,1,1
30.375,74.375,2023-11-30,334,48,61,0,2,5,31,325.0,2,1
30.375,74.625,2023-10-01,274,39,1,0,0,0,0,362.0,0,0
30.375,74.625,2023-10-02,275,40,2,0,0,0,0,362.0,0,0
30.375,74.625,2023-10-03,276,40,3,0,0,0,0,362.0,0,0
30.375,74.625,2023-10-04,277,40,4,0,0,0,0,362.0,0,0
30.375,74.625,2023-10-05,278,40,5,0,0,0,0,362.0,0,0
30.375,74.625,2023-10-06,279,40,6,0,0,0,0,362.0,0,0
30.375,74.625,2023-10-07,280,40,7,0,0,0,0,362.0,0,0
30.375,74.625,2023-10-08,281,40,8,0,0,0,0,362.0,0,0
30.375,74.625,2023-10-09,282,41,9,0,0,0,0,362.0,0,0
30.375,74.625,2023-10-10,283,41,10,0,0,0,0,362.0,0,0
30.375,74.625,2023-10-11,284,41,11,0,0,0,0,362.0,0,0
30.375,74.625,2023-10-12,285,41,12,0,0,0,0,362.0,0,0
30.375,74.625,2023-10-13,286,41,13,0,0,0,0,362.0,0,0
30.375,74.625,2023-10-14,287,41,14,0,0,0,0,362.0,0,0
30.375,74.625,2023-10-15,288,41,15,0,0,0,0,362.0,1,1
30.375,74.625,2023-10-16,289,42,16,0,1,1,1,362.0,0,0
30.375,74.625,2023-10-17,290,42,17,0,1,1,1,362.0,0,0
30.375,74.625,2023-10-18,291,42,18,0,1,1,1,362.0,0,0
30.375,74.625,2023-10-19,292,42,19,0,0,1,1,362.0,0,0
30.375,74.625,2023-10-20,293,42,20,1,0,1,1,362.0,0,0
30.375,74.625,2023-10-21,294,42,21,1,0,1,1,362.0,0,0
30.375,74.625,2023-10-22,295,42,22,1,0,1,1,362.0,0,0
30.375,74.625,2023-10-23,296,43,23,1,0,0,1,362.0,0,0
30.375,74.625,2023-10-24,297,43,24,1,0,0,1,362.0,0,0
30.375,74.625,2023-10-25,298,43,25,1,0,0,1,362.0,1,1
30.375,74.625,2023-10-26,299,43,26,1,1,1,2,362.0,0,0
30.375,74.625,2023-10-27,300,43,27,1,1,1,2,362.0,0,0
30.375,74.625,2023-10-28,301,43,28,1,1,1,2,362.0,0,0
30.375,74.625,2023-10-29,302,43,29,1,0,1,2,362.0,7,1
30.375,74.625,2023-10-30,303,44,30,1,1,2,3,362.0,3,1
30.375,74.625,2023-10-31,304,44,31,1,2,3,4,362.0,9,1
30.375,74.625,2023-11-01,305,44,32,1,3,4,5,362.0,3,1
30.375,74.625,2023-11-02,306,44,33,1,3,4,6,362.0,0,0
30.375,74.625,2023-11-03,307,44,34,1,2,4,6,362.0,6,1
30.375,74.625,2023-11-04,308,44,35,1,2,5,7,362.0,5,1
30.375,74.625,2023-11-05,309,44,36,1,2,6,8,362.0,38,1
30.375,74.625,2023-11-06,310,45,37,1,3,6,9,362.0,17,1
30.375,74.625,2023-11-07,311,45,38,1,3,6,10,362.0,14,1
30.375,74.625,2023-11-08,312,45,39,1,3,6,11,362.0,21,1
30.375,74.625,2023-11-09,313,45,40,1,3,6,12,362.0,2,1
30.375,74.625,2023-11-10,314,45,41,1,3,7,13,362.0,0,0
30.375,74.625,2023-11-11,315,45,42,1,2,6,13,362.0,1,1
30.375,74.625,2023-11-12,316,45,43,1,2,6,14,362.0,11,1
30.375,74.625,2023-11-13,317,46,44,1,2,6,15,362.0,43,1
30.375,74.625,2023-11-14,318,46,45,1,3,6,16,362.0,44,1
30.375,74.625,2023-11-15,319,46,46,1,3,6,17,362.0,18,1
30.375,74.625,2023-11-16,320,46,47,0,3,6,18,362.0,18,1
30.375,74.625,2023-11-17,321,46,48,0,3,6,19,362.0,24,1
30.375,74.625,2023-11-18,322,46,49,0,3,7,20,362.0,9,1
30.375,74.625,2023-11-19,323,46,50,0,3,7,21,362.0,18,1
30.375,74.625,2023-11-20,324,47,51,0,3,7,22,362.0,12,1
30.375,74.625,2023-11-21,325,47,52,0,3,7,23,362.0,14,1
30.375,74.625,2023-11-22,326,47,53,0,3,7,24,362.0,7,1
30.375,74.625,2023-11-23,327,47,54,0,3,7,25,362.0,9,1
30.375,74.625,2023-11-24,328,47,55,0,3,7,26,362.0,1,1
30.375,74.625,2023-11-25,329,47,56,0,3,7,27,362.0,2,1
30.375,74.625,2023-11-26,330,47,57,0,3,7,28,362.0,2,1
30.375,74.625,2023-11-27,331,48,58,0,3,7,29,362.0,0,0
30.375,74.625,2023-11-28,332,48,59,0,2,6,29,362.0,1,1
30.375,74.625,2023-11-29,333,48,60,0,2,6,30,362.0,0,0
30.375,74.625,2023-11-30,334,48,61,0,1,5,30,362.0,1,1
30.375,74.875,2023-10-01,274,39,1,0,0,0,0,637.0,0,0
30.375,74.875,2023-10-02,275,40,2,0,0,0,0,637.0,1,1
30.375,74.875,2023-10-03,276,40,3,0,1,1,1,637.0,0,0
30.375,74.875,2023-10-04,277,40,4,0,1,1,1,637.0,1,1
30.375,74.875,2023-10-05,278,40,5,0,2,2,2,637.0,0,0
30.375,74.875,2023-10-06,279,40,6,0,1,2,2,637.0,0,0
30.375,74.875,2023-10-07,280,40,7,0,1,2,2,637.0,0,0
30.375,74.875,2023-10-08,281,40,8,0,0,2,2,637.0,0,0
30.375,74.875,2023-10-09,282,41,9,0,0,2,2,637.0,0,0
30.375,74.875,2023-10-10,283,41,10,0,0,1,2,637.0,0,0
30.375,74.875,2023-10-11,284,41,11,0,0,1,2,637.0,0,0
30.375,74.875,2023-10-12,285,41,12,0,0,0,2,637.0,0,0
30.375,74.875,2023-10-13,286,41,13,0,0,0,2,637.0,1,1
30.375,74.875,2023-10-14,287,41,14,0,1,1,3,637.0,0,0
30.375,74.875,2023-10-15,288,41,15,0,1,1,3,637.0,0,0
30.375,74.875,2023-10-16,289,42,16,0,1,1,3,637.0,0,0
30.375,74.875,2023-10-17,290,42,17,0,0,1,3,637.0,0,0
30.375,74.875,2023-10-18,291,42,18,0,0,1,3,637.0,0,0
30.375,74.875,2023-10-19,292,42,19,0,0,1,3,637.0,0,0
30.375,74.875,2023-10-20,293,42,20,1,0,1,3,637.0,0,0
30.375,74.875,2023-10-21,294,42,21,1,0,0,3,637.0,0,0
30.375,74.875,2023-10-22,295,42,22,1,0,0,3,637.0,0,0
30.375,74.875,2023-10-23,296,43,23,1,0,0,3,637.0,0,0
30.375,74.875,2023-10-24,297,43,24,1,0,0,3,637.0,0,0
30.375,74.875,2023-10-25,298,43,25,1,0,0,3,637.0,2,1
30.375,74.875,2023-10-26,299,43,26,1,1,1,4,637.0,0,0
30.375,74.875,2023-10-27,300,43,27,1,1,1,4,637.0,0,0
30.375,74.875,2023-10-28,301,43,28,1,1,1,4,637.0,0,0
30.375,74.875,2023-10-29,302,43,29,1,0,1,4,637.0,5,1
30.375,74.875,2023-10-30,303,44,30,1,1,2,5,637.0,10,1
30.375,74.875,2023-10-31,304,44,31,1,2,3,6,637.0,15,1
30.375,74.875,2023-11-01,305,44,32,1,3,4,7,637.0,15,1
30.375,74.875,2023-11-02,306,44,33,1,3,4,8,637.0,0,0
30.375,74.875,2023-11-03,307,44,34,1,2,4,8,637.0,14,1
30.375,74.875,2023-11-04,308,44,35,1,2,5,9,637.0,31,1
30.375,74.875,2023-11-05,309,44,36,1,2,6,10,637.0,39,1
30.375,74.875,2023-11-06,310,45,37,1,3,6,11,637.0,32,1
30.375,74.875,2023-11-07,311,45,38,1,3,6,12,637.0,24,1
30.375,74.875,2023-11-08,312,45,39,1,3,6,13,637.0,41,1
30.375,74.875,2023-11-09,313,45,40,1,3,6,14,637.0,1,1
30.375,74.875,2023-11-10,314,45,41,1,3,7,15,637.0,0,0
30.375,74.875,2023-11-11,315,45,42,1,2,6,15,637.0,0,0
30.375,74.875,2023-11-12,316,45,43,1,1,5,15,637.0,1,1
30.375,74.875,2023-11-13,317,46,44,1,1,5,16,637.0,34,1
30.375,74.875,2023-11-14,318,46,45,1,2,5,17,637.0,97,1
30.375,74.875,2023-11-15,319,46,46,1,3,5,18,637.0,97,1
30.375,74.875,2023-11-16,320,46,47,0,3,5,19,637.0,64,1
30.375,74.875,2023-11-17,321,46,48,0,3,5,20,637.0,38,1
30.375,74.875,2023-11-18,322,46,49,0,3,6,21,637.0,7,1
30.375,74.875,2023-11-19,323,46,50,0,3,7,22,637.0,20,1
30.375,74.875,2023-11-20,324,47,51,0,3,7,23,637.0,15,1
30.375,74.875,2023-11-21,325,47,52,0,3,7,24,637.0,12,1
30.375,74.875,2023-11-22,326,47,53,0,3,7,25,637.0,13,1
30.375,74.875,2023-11-23,327,47,54,0,3,7,26,637.0,4,1
30.375,74.875,2023-11-24,328,47,55,0,3,7,27,637.0,2,1
30.375,74.875,2023-11-25,329,47,56,0,3,7,28,637.0,0,0
30.375,74.875,2023-11-26,330,47,57,0,2,6,28,637.0,0,0
30.375,74.875,2023-11-27,331,48,58,0,1,5,28,637.0,0,0
30.375,74.875,2023-11-28,332,48,59,0,0,4,28,637.0,1,1
30.375,74.875,2023-11-29,333,48,60,0,1,4,29,637.0,0,0
30.375,74.875,2023-11-30,334,48,61,0,1,3,29,637.0,0,0
30.375,75.125,2023-10-01,274,39,1,0,0,0,0,622.0,0,0
30.375,75.125,2023-10-02,275,40,2,0,0,0,0,622.0,0,0
30.375,75.125,2023-10-03,276,40,3,0,0,0,0,622.0,0,0
30.375,75.125,2023-10-04,277,40,4,0,0,0,0,622.0,0,0
30.375,75.125,2023-10-05,278,40,5,0,0,0,0,622.0,0,0
30.375,75.125,2023-10-06,279,40,6,0,0,0,0,622.0,0,0
30.375,75.125,2023-10-07,280,40,7,0,0,0,0,622.0,0,0
30.375,75.125,2023-10-08,281,40,8,0,0,0,0,622.0,0,0
30.375,75.125,2023-10-09,282,41,9,0,0,0,0,622.0,0,0
30.375,75.125,2023-10-10,283,41,10,0,0,0,0,622.0,0,0
30.375,75.125,2023-10-11,284,41,11,0,0,0,0,622.0,0,0
30.375,75.125,2023-10-12,285,41,12,0,0,0,0,622.0,0,0
30.375,75.125,2023-10-13,286,41,13,0,0,0,0,622.0,0,0
30.375,75.125,2023-10-14,287,41,14,0,0,0,0,622.0,0,0
30.375,75.125,2023-10-15,288,41,15,0,0,0,0,622.0,0,0
30.375,75.125,2023-10-16,289,42,16,0,0,0,0,622.0,0,0
30.375,75.125,2023-10-17,290,42,17,0,0,0,0,622.0,0,0
30.375,75.125,2023-10-18,291,42,18,0,0,0,0,622.0,0,0
30.375,75.125,2023-10-19,292,42,19,0,0,0,0,622.0,0,0
30.375,75.125,2023-10-20,293,42,20,1,0,0,0,622.0,0,0
30.375,75.125,2023-10-21,294,42,21,1,0,0,0,622.0,0,0
30.375,75.125,2023-10-22,295,42,22,1,0,0,0,622.0,0,0
30.375,75.125,2023-10-23,296,43,23,1,0,0,0,622.0,0,0
30.375,75.125,2023-10-24,297,43,24,1,0,0,0,622.0,0,0
30.375,75.125,2023-10-25,298,43,25,1,0,0,0,622.0,0,0
30.375,75.125,2023-10-26,299,43,26,1,0,0,0,622.0,3,1
30.375,75.125,2023-10-27,300,43,27,1,1,1,1,622.0,1,1
30.375,75.125,2023-10-28,301,43,28,1,2,2,2,622.0,0,0
30.375,75.125,2023-10-29,302,43,29,1,2,2,2,622.0,4,1
30.375,75.125,2023-10-30,303,44,30,1,2,3,3,622.0,5,1
30.375,75.125,2023-10-31,304,44,31,1,2,4,4,622.0,11,1
30.375,75.125,2023-11-01,305,44,32,1,3,5,5,622.0,15,1
30.375,75.125,2023-11-02,306,44,33,1,3,6,6,622.0,0,0
30.375,75.125,2023-11-03,307,44,34,1,2,5,6,622.0,14,1
30.375,75.125,2023-11-04,308,44,35,1,2,5,7,622.0,26,1
30.375,75.125,2023-11-05,309,44,36,1,2,6,8,622.0,64,1
30.375,75.125,2023-11-06,310,45,37,1,3,6,9,622.0,50,1
30.375,75.125,2023-11-07,311,45,38,1,3,6,10,622.0,38,1
30.375,75.125,2023-11-08,312,45,39,1,3,6,11,622.0,25,1
30.375,75.125,2023-11-09,313,45,40,1,3,6,12,622.0,0,0
30.375,75.125,2023-11-10,314,45,41,1,2,6,12,622.0,0,0
30.375,75.125,2023-11-11,315,45,42,1,1,5,12,622.0,0,0
30.375,75.125,2023-11-12,316,45,43,1,0,4,12,622.0,10,1
30.375,75.125,2023-11-13,317,46,44,1,1,4,13,622.0,54,1
30.375,75.125,2023-11-14,318,46,45,1,2,4,14,622.0,65,1
30.375,75.125,2023-11-15,319,46,46,1,3,4,15,622.0,81,1
30.375,75.125,2023-11-16,320,46,47,0,3,4,16,622.0,65,1
30.375,75.125,2023-11-17,321,46,48,0,3,5,17,622.0,28,1
30.375,75.125,2023-11-18,322,46,49,0,3,6,18,622.0,8,1
30.375,75.125,2023-11-19,323,46,50,0,3,7,19,622.0,21,1
30.375,75.125,2023-11-20,324,47,51,0,3,7,20,622.0,9,1
30.375,75.125,2023-11-21,325,47,52,0,3,7,21,622.0,9,1
30.375,75.125,2023-11-22,326,47,53,0,3,7,22,622.0,6,1
30.375,75.125,2023-11-23,327,47,54,0,3,7,23,622.0,7,1
30.375,75.125,2023-11-24,328,47,55,0,3,7,24,622.0,3,1
30.375,75.125,2023-11-25,329,47,56,0,3,7,25,622.0,0,0
30.375,75.125,2023-11-26,330,47,57,0,2,6,25,622.0,0,0
30.375,75.125,2023-11-27,331,48,58,0,1,5,25,622.0,0,0
30.375,75.125,2023-11-28,332,48,59,0,0,4,25,622.0,0,0
30.375,75.125,2023-11-29,333,48,60,0,0,3,25,622.0,0,0
30.375,75.125,2023-11-30,334,48,61,0,0,2,25,622.0,0,0
30.375,75.375,2023-10-01,274,39,1,0,0,0,0,924.0,0,0
30.375,75.375,2023-10-02,275,40,2,0,0,0,0,924.0,0,0
30.375,75.375,2023-10-03,276,40,3,0,0,0,0,924.0,0,0
30.375,75.375,2023-10-04,277,40,4,0,0,0,0,924.0,0,0
30.375,75.375,2023-10-05,278,40,5,0,0,0,0,924.0,0,0
30.375,75.375,2023-10-06,279,40,6,0,0,0,0,924.0,0,0
30.375,75.375,2023-10-07,280,40,7,0,0,0,0,924.0,0,0
30.375,75.375,2023-10-08,281,40,8,0,0,0,0,924.0,0,0
30.375,75.375,2023-10-09,282,41,9,0,0,0,0,924.0,0,0
30.375,75.375,2023-10-10,283,41,10,0,0,0,0,924.0,0,0
30.375,75.375,2023-10-11,284,41,11,0,0,0,0,924.0,0,0
30.375,75.375,2023-10-12,285,41,12,0,0,0,0,924.0,2,1
30.375,75.375,2023-10-13,286,41,13,0,1,1,1,924.0,0,0
30.375,75.375,2023-10-14,287,41,14,0,1,1,1,924.0,0,0
30.375,75.375,2023-10-15,288,41,15,0,1,1,1,924.0,0,0
30.375,75.375,2023-10-16,289,42,16,0,0,1,1,924.0,0,0
30.375,75.375,2023-10-17,290,42,17,0,0,1,1,924.0,0,0
30.375,75.375,2023-10-18,291,42,18,0,0,1,1,924.0,0,0
30.375,75.375,2023-10-19,292,42,19,0,0,1,1,924.0,0,0
30.375,75.375,2023-10-20,293,42,20,1,0,0,1,924.0,0,0
30.375,75.375,2023-10-21,294,42,21,1,0,0,1,924.0,0,0
30.375,75.375,2023-10-22,295,42,22,1,0,0,1,924.0,2,1
30.375,75.375,2023-10-23,296,43,23,1,1,1,2,924.0,1,1
30.375,75.375,2023-10-24,297,43,24,1,2,2,3,924.0,0,0
30.375,75.375,2023-10-25,298,43,25,1,2,2,3,924.0,1,1
30.375,75.375,2023-10-26,299,43,26,1,2,3,4,924.0,2,1
30.375,75.375,2023-10-27,300,43,27,1,2,4,5,924.0,5,1
30.375,75.375,2023-10-28,301,43,28,1,3,5,6,924.0,0,0
30.375,75.375,2023-10-29,302,43,29,1,2,5,6,924.0,8,1
30.375,75.375,2023-10-30,303,44,30,1,2,5,7,924.0,21,1
30.375,75.375,2023-10-31,304,44,31,1,2,5,8,924.0,20,1
30.375,75.375,2023-11-01,305,44,32,1,3,6,9,924.0,15,1
30.375,75.375,2023-11-02,306,44,33,1,3,6,10,924.0,0,0
30.375,75.375,2023-11-03,307,44,34,1,2,5,10,924.0,18,1
30.375,75.375,2023-11-04,308,44,35,1,2,5,11,924.0,41,1
30.375,75.375,2023-11-05,309,44,36,1,2,6,12,924.0,74,1
30.375,75.375,2023-11-06,310,45,37,1,3,6,13,924.0,73,1
30.375,75.375,2023-11-07,311,45,38,1,3,6,14,924.0,68,1
30.375,75.375,2023-11-08,312,45,39,1,3,6,15,924.0,70,1
30.375,75.375,2023-11-09,313,45,40,1,3,6,16,924.0,0,0
30.375,75.375,2023-11-10,314,45,41,1,2,6,16,924.0,0,0
30.375,75.375,2023-11-11,315,45,42,1,1,5,16,924.0,0,0
30.375,75.375,2023-11-12,316,45,43,1,0,4,16,924.0,22,1
30.375,75.375,2023-11-13,317,46,44,1,1,4,17,924.0,50,1
30.375,75.375,2023-11-14,318,46,45,1,2,4,18,924.0,125,1
30.375,75.375,2023-11-15,319,46,46,1,3,4,19,924.0,115,1
30.375,75.375,2023-11-16,320,46,47,0,3,4,20,924.0,69,1
30.375,75.375,2023-11-17,321,46,48,0,3,5,21,924.0,40,1
30.375,75.375,2023-11-18,322,46,49,0,3,6,22,924.0,14,1
30.375,75.375,2023-11-19,323,46,50,0,3,7,23,924.0,15,1
30.375,75.375,2023-11-20,324,47,51,0,3,7,24,924.0,12,1
30.375,75.375,2023-11-21,325,47,52,0,3,7,25,924.0,18,1
30.375,75.375,2023-11-22,326,47,53,0,3,7,26,924.0,14,1
30.375,75.375,2023-11-23,327,47,54,0,3,7,27,924.0,2,1
30.375,75.375,2023-11-24,328,47,55,0,3,7,28,924.0,2,1
30.375,75.375,2023-11-25,329,47,56,0,3,7,29,924.0,1,1
30.375,75.375,2023-11-26,330,47,57,0,3,7,30,924.0,1,1
30.375,75.375,2023-11-27,331,48,58,0,3,7,31,924.0,0,0
30.375,75.375,2023-11-28,332,48,59,0,2,6,31,924.0,0,0
30.375,75.375,2023-11-29,333,48,60,0,1,5,31,924.0,3,1
30.375,75.375,2023-11-30,334,48,61,0,1,5,32,924.0,0,0
30.375,75.625,2023-10-01,274,39,1,0,0,0,0,962.0,0,0
30.375,75.625,2023-10-02,275,40,2,0,0,0,0,962.0,0,0
30.375,75.625,2023-10-03,276,40,3,0,0,0,0,962.0,2,1
30.375,75.625,2023-10-04,277,40,4,0,1,1,1,962.0,0,0
30.375,75.625,2023-10-05,278,40,5,0,1,1,1,962.0,0,0
30.375,75.625,2023-10-06,279,40,6,0,1,1,1,962.0,0,0
30.375,75.625,2023-10-07,280,40,7,0,0,1,1,962.0,0,0
30.375,75.625,2023-10-08,281,40,8,0,0,1,1,962.0,0,0
30.375,75.625,2023-10-09,282,41,9,0,0,1,1,962.0,0,0
30.375,75.625,2023-10-10,283,41,10,0,0,1,1,962.0,0,0
30.375,75.625,2023-10-11,284,41,11,0,0,0,1,962.0,0,0
30.375,75.625,2023-10-12,285,41,12,0,0,0,1,962.0,0,0
30.375,75.625,2023-10-13,286,41,13,0,0,0,1,962.0,0,0
30.375,75.625,2023-10-14,287,41,14,0,0,0,1,962.0,0,0
30.375,75.625,2023-10-15,288,41,15,0,0,0,1,962.0,0,0
30.375,75.625,2023-10-16,289,42,16,0,0,0,1,962.0,0,0
30.375,75.625,2023-10-17,290,42,17,0,0,0,1,962.0,0,0
30.375,75.625,2023-10-18,291,42,18,0,0,0,1,962.0,0,0
30.375,75.625,2023-10-19,292,42,19,0,0,0,1,962.0,0,0
30.375,75.625,2023-10-20,293,42,20,1,0,0,1,962.0,0,0
30.375,75.625,2023-10-21,294,42,21,1,0,0,1,962.0,0,0
30.375,75.625,2023-10-22,295,42,22,1,0,0,1,962.0,1,1
30.375,75.625,2023-10-23,296,43,23,1,1,1,2,962.0,0,0
30.375,75.625,2023-10-24,297,43,24,1,1,1,2,962.0,4,1
30.375,75.625,2023-10-25,298,43,25,1,2,2,3,962.0,1,1
30.375,75.625,2023-10-26,299,43,26,1,2,3,4,962.0,1,1
30.375,75.625,2023-10-27,300,43,27,1,3,4,5,962.0,6,1
30.375,75.625,2023-10-28,301,43,28,1,3,5,6,962.0,0,0
30.375,75.625,2023-10-29,302,43,29,1,2,5,6,962.0,5,1
30.375,75.625,2023-10-30,303,44,30,1,2,5,7,962.0,12,1
30.375,75.625,2023-10-31,304,44,31,1,2,6,8,962.0,19,1
30.375,75.625,2023-11-01,305,44,32,1,3,6,9,962.0,22,1
30.375,75.625,2023-11-02,306,44,33,1,3,6,10,962.0,0,0
30.375,75.625,2023-11-03,307,44,34,1,2,5,10,962.0,16,1
30.375,75.625,2023-11-04,308,44,35,1,2,5,11,962.0,45,1
30.375,75.625,2023-11-05,309,44,36,1,2,6,12,962.0,84,1
30.375,75.625,2023-11-06,310,45,37,1,3,6,13,962.0,76,1
30.375,75.625,2023-11-07,311,45,38,1,3,6,14,962.0,76,1
30.375,75.625,2023-11-08,312,45,39,1,3,6,15,962.0,69,1
30.375,75.625,2023-11-09,313,45,40,1,3,6,16,962.0,13,1
30.375,75.625,2023-11-10,314,45,41,1,3,7,17,962.0,0,0
30.375,75.625,2023-11-11,315,45,42,1,2,6,17,962.0,0,0
30.375,75.625,2023-11-12,316,45,43,1,1,5,17,962.0,26,1
30.375,75.625,2023-11-13,317,46,44,1,1,5,18,962.0,48,1
30.375,75.625,2023-11-14,318,46,45,1,2,5,19,962.0,111,1
30.375,75.625,2023-11-15,319,46,46,1,3,5,20,962.0,116,1
30.375,75.625,2023-11-16,320,46,47,0,3,5,21,962.0,86,1
30.375,75.625,2023-11-17,321,46,48,0,3,5,22,962.0,47,1
30.375,75.625,2023-11-18,322,46,49,0,3,6,23,962.0,15,1
30.375,75.625,2023-11-19,323,46,50,0,3,7,24,962.0,26,1
30.375,75.625,2023-11-20,324,47,51,0,3,7,25,962.0,4,1
30.375,75.625,2023-11-21,325,47,52,0,3,7,26,962.0,12,1
30.375,75.625,2023-11-22,326,47,53,0,3,7,27,962.0,9,1
30.375,75.625,2023-11-23,327,47,54,0,3,7,28,962.0,4,1
30.375,75.625,2023-11-24,328,47,55,0,3,7,29,962.0,6,1
30.375,75.625,2023-11-25,329,47,56,0,3,7,30,962.0,0,0
30.375,75.625,2023-11-26,330,47,57,0,2,6,30,962.0,0,0
30.375,75.625,2023-11-27,331,48,58,0,1,5,30,962.0,0,0
30.375,75.625,2023-11-28,332,48,59,0,0,4,30,962.0,0,0
30.375,75.625,2023-11-29,333,48,60,0,0,3,30,962.0,0,0
30.375,75.625,2023-11-30,334,48,61,0,0,2,30,962.0,0,0
30.375,75.875,2023-10-01,274,39,1,0,0,0,0,819.0,0,0
30.375,75.875,2023-10-02,275,40,2,0,0,0,0,819.0,0,0
30.375,75.875,2023-10-03,276,40,3,0,0,0,0,819.0,0,0
30.375,75.875,2023-10-04,277,40,4,0,0,0,0,819.0,0,0
30.375,75.875,2023-10-05,278,40,5,0,0,0,0,819.0,0,0
30.375,75.875,2023-10-06,279,40,6,0,0,0,0,819.0,1,1
30.375,75.875,2023-10-07,280,40,7,0,1,1,1,819.0,0,0
30.375,75.875,2023-10-08,281,40,8,0,1,1,1,819.0,0,0
30.375,75.875,2023-10-09,282,41,9,0,1,1,1,819.0,0,0
30.375,75.875,2023-10-10,283,41,10,0,0,1,1,819.0,0,0
30.375,75.875,2023-10-11,284,41,11,0,0,1,1,819.0,1,1
30.375,75.875,2023-10-12,285,41,12,0,1,2,2,819.0,0,0
30.375,75.875,2023-10-13,286,41,13,0,1,2,2,819.0,0,0
30.375,75.875,2023-10-14,287,41,14,0,1,1,2,819.0,1,1
30.375,75.875,2023-10-15,288,41,15,0,1,2,3,819.0,0,0
30.375,75.875,2023-10-16,289,42,16,0,1,2,3,819.0,0,0
30.375,75.875,2023-10-17,290,42,17,0,1,2,3,819.0,0,0
30.375,75.875,2023-10-18,291,42,18,0,0,2,3,819.0,0,0
30.375,75.875,2023-10-19,292,42,19,0,0,1,3,819.0,0,0
30.375,75.875,2023-10-20,293,42,20,1,0,1,3,819.0,0,0
30.375,75.875,2023-10-21,294,42,21,1,0,1,3,819.0,1,1
30.375,75.875,2023-10-22,295,42,22,1,1,1,4,819.0,0,0
30.375,75.875,2023-10-23,296,43,23,1,1,1,4,819.0,0,0
30.375,75.875,2023-10-24,297,43,24,1,1,1,4,819.0,0,0
30.375,75.875,2023-10-25,298,43,25,1,0,1,4,819.0,1,1
30.375,75.875,2023-10-26,299,43,26,1,1,2,5,819.0,8,1
30.375,75.875,2023-10-27,300,43,27,1,2,3,6,819.0,2,1
30.375,75.875,2023-10-28,301,43,28,1,3,4,7,819.0,5,1
30.375,75.875,2023-10-29,302,43,29,1,3,4,8,819.0,6,1
30.375,75.875,2023-10-30,303,44,30,1,3,5,9,819.0,19,1
30.375,75.875,2023-10-31,304,44,31,1,3,6,10,819.0,24,1
30.375,75.875,2023-11-01,305,44,32,1,3,7,11,819.0,25,1
30.375,75.875,2023-11-02,306,44,33,1,3,7,12,819.0,0,0
30.375,75.875,2023-11-03,307,44,34,1,2,6,12,819.0,28,1
30.375,75.875,2023-11-04,308,44,35,1,2,6,13,819.0,32,1
30.375,75.875,2023-11-05,309,44,36,1,2,6,14,819.0,108,1
30.375,75.875,2023-11-06,310,45,37,1,3,6,15,819.0,101,1
30.375,75.875,2023-11-07,311,45,38,1,3,6,16,819.0,97,1
30.375,75.875,2023-11-08,312,45,39,1,3,6,17,819.0,66,1
30.375,75.875,2023-11-09,313,45,40,1,3,6,18,819.0,25,1
30.375,75.875,2023-11-10,314,45,41,1,3,7,19,819.0,0,0
30.375,75.875,2023-11-11,315,45,42,1,2,6,19,819.0,3,1
30.375,75.875,2023-11-12,316,45,43,1,2,6,20,819.0,70,1
30.375,75.875,2023-11-13,317,46,44,1,2,6,21,819.0,27,1
30.375,75.875,2023-11-14,318,46,45,1,3,6,22,819.0,48,1
30.375,75.875,2023-11-15,319,46,46,1,3,6,23,819.0,43,1
30.375,75.875,2023-11-16,320,46,47,0,3,6,24,819.0,34,1
30.375,75.875,2023-11-17,321,46,48,0,3,6,25,819.0,19,1
30.375,75.875,2023-11-18,322,46,49,0,3,7,26,819.0,11,1
30.375,75.875,2023-11-19,323,46,50,0,3,7,27,819.0,5,1
30.375,75.875,2023-11-20,324,47,51,0,3,7,28,819.0,2,1
30.375,75.875,2023-11-21,325,47,52,0,3,7,29,819.0,1,1
30.375,75.875,2023-11-22,326,47,53,0,3,7,30,819.0,3,1
30.375,75.875,2023-11-23,327,47,54,0,3,7,31,819.0,0,0
30.375,75.875,2023-11-24,328,47,55,0,2,6,31,819.0,2,1
30.375,75.875,2023-11-25,329,47,56,0,2,6,32,819.0,0,0
30.375,75.875,2023-11-26,330,47,57,0,1,5,32,819.0,0,0
30.375,75.875,2023-11-27,331,48,58,0,1,4,32,819.0,0,0
30.375,75.875,2023-11-28,332,48,59,0,0,3,32,819.0,0,0
30.375,75.875,2023-11-29,333,48,60,0,0,2,32,819.0,0,0
30.375,75.875,2023-11-30,334,48,61,0,0,1,32,819.0,0,0
30.375,76.125,2023-10-01,274,39,1,0,0,0,0,519.0,1,1
30.375,76.125,2023-10-02,275,40,2,0,1,1,1,519.0,0,0
30.375,76.125,2023-10-03,276,40,3,0,1,1,1,519.0,4,1
30.375,76.125,2023-10-04,277,40,4,0,2,2,2,519.0,3,1
30.375,76.125,2023-10-05,278,40,5,0,2,3,3,519.0,1,1
30.375,76.125,2023-10-06,279,40,6,0,3,4,4,519.0,2,1
30.375,76.125,2023-10-07,280,40,7,0,3,5,5,519.0,1,1
30.375,76.125,2023-10-08,281,40,8,0,3,6,6,519.0,0,0
30.375,76.125,2023-10-09,282,41,9,0,2,5,6,519.0,2,1
30.375,76.125,2023-10-10,283,41,10,0,2,6,7,519.0,0,0
30.375,76.125,2023-10-11,284,41,11,0,1,5,7,519.0,1,1
30.375,76.125,2023-10-12,285,41,12,0,2,5,8,519.0,0,0
30.375,76.125,2023-10-13,286,41,13,0,1,4,8,519.0,1,1
30.375,76.125,2023-10-14,287,41,14,0,2,4,9,519.0,2,1
30.375,76.125,2023-10-15,288,41,15,0,2,4,10,519.0,3,1
30.375,76.125,2023-10-16,289,42,16,0,3,5,11,519.0,0,0
30.375,76.125,2023-10-17,290,42,17,0,2,4,11,519.0,0,0
30.375,76.125,2023-10-18,291,42,18,0,1,4,11,519.0,1,1
30.375,76.125,2023-10-19,292,42,19,0,1,4,12,519.0,1,1
30.375,76.125,2023-10-20,293,42,20,1,2,5,13,519.0,4,1
30.375,76.125,2023-10-21,294,42,21,1,3,5,14,519.0,2,1
30.375,76.125,2023-10-22,295,42,22,1,3,5,15,519.0,1,1
30.375,76.125,2023-10-23,296,43,23,1,3,5,16,519.0,3,1
30.375,76.125,2023-10-24,297,43,24,1,3,6,17,519.0,9,1
30.375,76.125,2023-10-25,298,43,25,1,3,7,18,519.0,7,1
30.375,76.125,2023-10-26,299,43,26,1,3,7,19,519.0,17,1
30.375,76.125,2023-10-27,300,43,27,1,3,7,20,519.0,10,1
30.375,76.125,2023-10-28,301,43,28,1,3,7,21,519.0,3,1
30.375,76.125,2023-10-29,302,43,29,1,3,7,22,519.0,12,1
30.375,76.125,2023-10-30,303,44,30,1,3,7,23,519.0,16,1
30.375,76.125,2023-10-31,304,44,31,1,3,7,24,519.0,26,1
30.375,76.125,2023-11-01,305,44,32,1,3,7,25,519.0,25,1
30.375,76.125,2023-11-02,306,44,33,1,3,7,26,519.0,0,0
30.375,76.125,2023-11-03,307,44,34,1,2,6,26,519.0,27,1
30.375,76.125,2023-11-04,308,44,35,1,2,6,27,519.0,13,1
30.375,76.125,2023-11-05,309,44,36,1,2,6,28,519.0,66,1
30.375,76.125,2023-11-06,310,45,37,1,3,6,29,519.0,50,1
30.375,76.125,2023-11-07,311,45,38,1,3,6,30,519.0,42,1
30.375,76.125,2023-11-08,312,45,39,1,3,6,31,519.0,40,1
30.375,76.125,2023-11-09,313,45,40,1,3,6,32,519.0,16,1
30.375,76.125,2023-11-10,314,45,41,1,3,7,33,519.0,0,0
30.375,76.125,2023-11-11,315,45,42,1,2,6,33,519.0,1,1
30.375,76.125,2023-11-12,316,45,43,1,2,6,34,519.0,39,1
30.375,76.125,2023-11-13,317,46,44,1,2,6,35,519.0,6,1
30.375,76.125,2023-11-14,318,46,45,1,3,6,36,519.0,27,1
30.375,76.125,2023-11-15,319,46,46,1,3,6,37,519.0,13,1
30.375,76.125,2023-11-16,320,46,47,0,3,6,38,519.0,7,1
30.375,76.125,2023-11-17,321,46,48,0,3,6,39,519.0,6,1
30.375,76.125,2023-11-18,322,46,49,0,3,7,40,519.0,0,0
30.375,76.125,2023-11-19,323,46,50,0,2,6,40,519.0,4,1
30.375,76.125,2023-11-20,324,47,51,0,2,6,41,519.0,3,1
30.375,76.125,2023-11-21,325,47,52,0,2,6,42,519.0,1,1
30.375,76.125,2023-11-22,326,47,53,0,3,6,43,519.0,0,0
30.375,76.125,2023-11-23,327,47,54,0,2,5,43,519.0,0,0
30.375,76.125,2023-11-24,328,47,55,0,1,4,43,519.0,0,0
30.375,76.125,2023-11-25,329,47,56,0,0,3,43,519.0,0,0
30.375,76.125,2023-11-26,330,47,57,0,0,3,43,519.0,0,0
30.375,76.125,2023-11-27,331,48,58,0,0,2,43,519.0,0,0
30.375,76.125,2023-11-28,332,48,59,0,0,1,43,519.0,0,0
30.375,76.125,2023-11-29,333,48,60,0,0,0,43,519.0,0,0
30.375,76.125,2023-11-30,334,48,61,0,0,0,43,519.0,0,0
30.375,76.375,2023-10-01,274,39,1,0,0,0,0,199.0,0,0
30.375,76.375,2023-10-02,275,40,2,0,0,0,0,199.0,3,1
30.375,76.375,2023-10-03,276,40,3,0,1,1,1,199.0,5,1
30.375,76.375,2023-10-04,277,40,4,0,2,2,2,199.0,1,1
30.375,76.375,2023-10-05,278,40,5,0,3,3,3,199.0,2,1
30.375,76.375,2023-10-06,279,40,6,0,3,4,4,199.0,0,0
30.375,76.375,2023-10-07,280,40,7,0,2,4,4,199.0,1,1
30.375,76.375,2023-10-08,281,40,8,0,2,5,5,199.0,3,1
30.375,76.375,2023-10-09,282,41,9,0,2,6,6,199.0,4,1
30.375,76.375,2023-10-10,283,41,10,0,3,6,7,199.0,0,0
30.375,76.375,2023-10-11,284,41,11,0,2,5,7,199.0,1,1
30.375,76.375,2023-10-12,285,41,12,0,2,5,8,199.0,2,1
30.375,76.375,2023-10-13,286,41,13,0,2,5,9,199.0,2,1
30.375,76.375,2023-10-14,287,41,14,0,3,6,10,199.0,1,1
30.375,76.375,2023-10-15,288,41,15,0,3,6,11,199.0,2,1
30.375,76.375,2023-10-16,289,42,16,0,3,6,12,199.0,0,0
30.375,76.375,2023-10-17,290,42,17,0,2,5,12,199.0,0,0
30.375,76.375,2023-10-18,291,42,18,0,1,5,12,199.0,0,0
30.375,76.375,2023-10-19,292,42,19,0,0,4,12,199.0,0,0
30.375,76.375,2023-10-20,293,42,20,1,0,3,12,199.0,5,1
30.375,76.375,2023-10-21,294,42,21,1,1,3,13,199.0,6,1
30.375,76.375,2023-10-22,295,42,22,1,2,3,14,199.0,0,0
30.375,76.375,2023-10-23,296,43,23,1,2,2,14,199.0,2,1
30.375,76.375,2023-10-24,297,43,24,1,2,3,15,199.0,3,1
30.375,76.375,2023-10-25,298,43,25,1,2,4,16,199.0,5,1
30.375,76.375,2023-10-26,299,43,26,1,3,5,17,199.0,3,1
30.375,76.375,2023-10-27,300,43,27,1,3,6,18,199.0,6,1
30.375,76.375,2023-10-28,301,43,28,1,3,6,19,199.0,0,0
30.375,76.375,2023-10-29,302,43,29,1,2,5,19,199.0,6,1
30.375,76.375,2023-10-30,303,44,30,1,2,6,20,199.0,8,1
30.375,76.375,2023-10-31,304,44,31,1,2,6,21,199.0,5,1
30.375,76.375,2023-11-01,305,44,32,1,3,6,22,199.0,9,1
30.375,76.375,2023-11-02,306,44,33,1,3,6,23,199.0,0,0
30.375,76.375,2023-11-03,307,44,34,1,2,5,23,199.0,8,1
30.375,76.375,2023-11-04,308,44,35,1,2,5,24,199.0,14,1
30.375,76.375,2023-11-05,309,44,36,1,2,6,25,199.0,29,1
30.375,76.375,2023-11-06,310,45,37,1,3,6,26,199.0,8,1
30.375,76.375,2023-11-07,311,45,38,1,3,6,27,199.0,3,1
30.375,76.375,2023-11-08,312,45,39,1,3,6,28,199.0,4,1
30.375,76.375,2023-11-09,313,45,40,1,3,6,29,199.0,4,1
30.375,76.375,2023-11-10,314,45,41,1,3,7,30,199.0,0,0
30.375,76.375,2023-11-11,315,45,42,1,2,6,30,199.0,0,0
30.375,76.375,2023-11-12,316,45,43,1,1,5,30,199.0,5,1
30.375,76.375,2023-11-13,317,46,44,1,1,5,31,199.0,3,1
30.375,76.375,2023-11-14,318,46,45,1,2,5,32,199.0,9,1
30.375,76.375,2023-11-15,319,46,46,1,3,5,33,199.0,5,1
30.375,76.375,2023-11-16,320,46,47,0,3,5,34,199.0,8,1
30.375,76.375,2023-11-17,321,46,48,0,3,5,35,199.0,3,1
30.375,76.375,2023-11-18,322,46,49,0,3,6,36,199.0,5,1
30.375,76.375,2023-11-19,323,46,50,0,3,7,37,199.0,3,1
30.375,76.375,2023-11-20,324,47,51,0,3,7,38,199.0,0,0
30.375,76.375,2023-11-21,325,47,52,0,2,6,38,199.0,2,1
30.375,76.375,2023-11-22,326,47,53,0,2,6,39,199.0,1,1
30.375,76.375,2023-11-23,327,47,54,0,2,6,40,199.0,0,0
30.375,76.375,2023-11-24,328,47,55,0,2,5,40,199.0,0,0
30.375,76.375,2023-11-25,329,47,56,0,1,4,40,199.0,0,0
30.375,76.375,2023-11-26,330,47,57,0,0,3,40,199.0,0,0
30.375,76.375,2023-11-27,331,48,58,0,0,2,40,199.0,0,0
30.375,76.375,2023-11-28,332,48,59,0,0,2,40,199.0,0,0
30.375,76.375,2023-11-29,333,48,60,0,0,1,40,199.0,0,0
30.375,76.375,2023-11-30,334,48,61,0,0,0,40,199.0,0,0
30.375,76.625,2023-10-01,274,39,1,0,0,0,0,265.0,0,0
30.375,76.625,2023-10-02,275,40,2,0,0,0,0,265.0,0,0
30.375,76.625,2023-10-03,276,40,3,0,0,0,0,265.0,1,1
30.375,76.625,2023-10-04,277,40,4,0,1,1,1,265.0,4,1
30.375,76.625,2023-10-05,278,40,5,0,2,2,2,265.0,0,0
30.375,76.625,2023-10-06,279,40,6,0,2,2,2,265.0,2,1
30.375,76.625,2023-10-07,280,40,7,0,2,3,3,265.0,0,0
30.375,76.625,2023-10-08,281,40,8,0,1,3,3,265.0,1,1
30.375,76.625,2023-10-09,282,41,9,0,2,4,4,265.0,3,1
30.375,76.625,2023-10-10,283,41,10,0,2,5,5,265.0,0,0
30.375,76.625,2023-10-11,284,41,11,0,2,4,5,265.0,1,1
30.375,76.625,2023-10-12,285,41,12,0,2,4,6,265.0,1,1
30.375,76.625,2023-10-13,286,41,13,0,2,5,7,265.0,4,1
30.375,76.625,2023-10-14,287,41,14,0,3,5,8,265.0,5,1
30.375,76.625,2023-10-15,288,41,15,0,3,6,9,265.0,1,1
30.375,76.625,2023-10-16,289,42,16,0,3,6,10,265.0,0,0
30.375,76.625,2023-10-17,290,42,17,0,2,5,10,265.0,0,0
30.375,76.625,2023-10-18,291,42,18,0,1,5,10,265.0,1,1
30.375,76.625,2023-10-19,292,42,19,0,1,5,11,265.0,1,1
30.375,76.625,2023-10-20,293,42,20,1,2,5,12,265.0,0,0
30.375,76.625,2023-10-21,294,42,21,1,2,4,12,265.0,4,1
30.375,76.625,2023-10-22,295,42,22,1,2,4,13,265.0,0,0
30.375,76.625,2023-10-23,296,43,23,1,1,3,13,265.0,5,1
30.375,76.625,2023-10-24,297,43,24,1,2,4,14,265.0,20,1
30.375,76.625,2023-10-25,298,43,25,1,2,5,15,265.0,18,1
30.375,76.625,2023-10-26,299,43,26,1,3,5,16,265.0,29,1
30.375,76.625,2023-10-27,300,43,27,1,3,5,17,265.0,16,1
30.375,76.625,2023-10-28,301,43,28,1,3,6,18,265.0,3,1
30.375,76.625,2023-10-29,302,43,29,1,3,6,19,265.0,11,1
30.375,76.625,2023-10-30,303,44,30,1,3,7,20,265.0,15,1
30.375,76.625,2023-10-31,304,44,31,1,3,7,21,265.0,19,1
30.375,76.625,2023-11-01,305,44,32,1,3,7,22,265.0,27,1
30.375,76.625,2023-11-02,306,44,33,1,3,7,23,265.0,0,0
30.375,76.625,2023-11-03,307,44,34,1,2,6,23,265.0,10,1
30.375,76.625,2023-11-04,308,44,35,1,2,6,24,265.0,12,1
30.375,76.625,2023-11-05,309,44,36,1,2,6,25,265.0,15,1
30.375,76.625,2023-11-06,310,45,37,1,3,6,26,265.0,15,1
30.375,76.625,2023-11-07,311,45,38,1,3,6,27,265.0,2,1
30.375,76.625,2023-11-08,312,45,39,1,3,6,28,265.0,7,1
30.375,76.625,2023-11-09,313,45,40,1,3,6,29,265.0,2,1
30.375,76.625,2023-11-10,314,45,41,1,3,7,30,265.0,0,0
30.375,76.625,2023-11-11,315,45,42,1,2,6,30,265.0,0,0
30.375,76.625,2023-11-12,316,45,43,1,1,5,30,265.0,4,1
30.375,76.625,2023-11-13,317,46,44,1,1,5,31,265.0,0,0
30.375,76.625,2023-11-14,318,46,45,1,1,4,31,265.0,0,0
30.375,76.625,2023-11-15,319,46,46,1,1,3,31,265.0,0,0
30.375,76.625,2023-11-16,320,46,47,0,0,2,31,265.0,0,0
30.375,76.625,2023-11-17,321,46,48,0,0,1,31,265.0,0,0
30.375,76.625,2023-11-18,322,46,49,0,0,1,31,265.0,0,0
30.375,76.625,2023-11-19,323,46,50,0,0,1,31,265.0,0,0
30.375,76.625,2023-11-20,324,47,51,0,0,0,31,265.0,0,0
30.375,76.625,2023-11-21,325,47,52,0,0,0,31,265.0,0,0
30.375,76.625,2023-11-22,326,47,53,0,0,0,31,265.0,1,1
30.375,76.625,2023-11-23,327,47,54,0,1,1,32,265.0,0,0
30.375,76.625,2023-11-24,328,47,55,0,1,1,32,265.0,0,0
30.375,76.625,2023-11-25,329,47,56,0,1,1,32,265.0,0,0
30.375,76.625,2023-11-26,330,47,57,0,0,1,32,265.0,0,0
30.375,76.625,2023-11-27,331,48,58,0,0,1,32,265.0,0,0
30.375,76.625,2023-11-28,332,48,59,0,0,1,32,265.0,4,1
30.375,76.625,2023-11-29,333,48,60,0,1,2,33,265.0,1,1
30.375,76.625,2023-11-30,334,48,61,0,2,2,34,265.0,0,0
30.375,76.875,2023-10-01,274,39,1,0,0,0,0,88.0,2,1
30.375,76.875,2023-10-02,275,40,2,0,1,1,1,88.0,7,1
30.375,76.875,2023-10-03,276,40,3,0,2,2,2,88.0,4,1
30.375,76.875,2023-10-04,277,40,4,0,3,3,3,88.0,7,1
30.375,76.875,2023-10-05,278,40,5,0,3,4,4,88.0,2,1
30.375,76.875,2023-10-06,279,40,6,0,3,5,5,88.0,3,1
30.375,76.875,2023-10-07,280,40,7,0,3,6,6,88.0,2,1
30.375,76.875,2023-10-08,281,40,8,0,3,7,7,88.0,3,1
30.375,76.875,2023-10-09,282,41,9,0,3,7,8,88.0,0,0
30.375,76.875,2023-10-10,283,41,10,0,2,6,8,88.0,0,0
30.375,76.875,2023-10-11,284,41,11,0,1,5,8,88.0,1,1
30.375,76.875,2023-10-12,285,41,12,0,1,5,9,88.0,3,1
30.375,76.875,2023-10-13,286,41,13,0,2,5,10,88.0,4,1
30.375,76.875,2023-10-14,287,41,14,0,3,5,11,88.0,5,1
30.375,76.875,2023-10-15,288,41,15,0,3,5,12,88.0,7,1
30.375,76.875,2023-10-16,289,42,16,0,3,5,13,88.0,0,0
30.375,76.875,2023-10-17,290,42,17,0,2,5,13,88.0,0,0
30.375,76.875,2023-10-18,291,42,18,0,1,5,13,88.0,1,1
30.375,76.875,2023-10-19,292,42,19,0,1,5,14,88.0,1,1
30.375,76.875,2023-10-20,293,42,20,1,2,5,15,88.0,4,1
30.375,76.875,2023-10-21,294,42,21,1,3,5,16,88.0,4,1
30.375,76.875,2023-10-22,295,42,22,1,3,5,17,88.0,0,0
30.375,76.875,2023-10-23,296,43,23,1,2,4,17,88.0,0,0
30.375,76.875,2023-10-24,297,43,24,1,1,4,17,88.0,7,1
30.375,76.875,2023-10-25,298,43,25,1,1,5,18,88.0,2,1
30.375,76.875,2023-10-26,299,43,26,1,2,5,19,88.0,5,1
30.375,76.875,2023-10-27,300,43,27,1,3,5,20,88.0,1,1
30.375,76.875,2023-10-28,301,43,28,1,3,5,21,88.0,0,0
30.375,76.875,2023-10-29,302,43,29,1,2,4,21,88.0,2,1
30.375,76.875,2023-10-30,303,44,30,1,2,5,22,88.0,1,1
30.375,76.875,2023-10-31,304,44,31,1,2,6,23,88.0,0,0
30.375,76.875,2023-11-01,305,44,32,1,2,5,23,88.0,7,1
30.375,76.875,2023-11-02,306,44,33,1,2,5,24,88.0,0,0
30.375,76.875,2023-11-03,307,44,34,1,1,4,24,88.0,2,1
30.375,76.875,2023-11-04,308,44,35,1,2,4,25,88.0,0,0
30.375,76.875,2023-11-05,309,44,36,1,1,4,25,88.0,1,1
30.375,76.875,2023-11-06,310,45,37,1,2,4,26,88.0,0,0
30.375,76.875,2023-11-07,311,45,38,1,1,3,26,88.0,0,0
30.375,76.875,2023-11-08,312,45,39,1,1,3,26,88.0,0,0
30.375,76.875,2023-11-09,313,45,40,1,0,2,26,88.0,0,0
30.375,76.875,2023-11-10,314,45,41,1,0,2,26,88.0,0,0
30.375,76.875,2023-11-11,315,45,42,1,0,1,26,88.0,0,0
30.375,76.875,2023-11-12,316,45,43,1,0,1,26,88.0,0,0
30.375,76.875,2023-11-13,317,46,44,1,0,0,26,88.0,0,0
30.375,76.875,2023-11-14,318,46,45,1,0,0,26,88.0,0,0
30.375,76.875,2023-11-15,319,46,46,1,0,0,26,88.0,0,0
30.375,76.875,2023-11-16,320,46,47,0,0,0,26,88.0,0,0
30.375,76.875,2023-11-17,321,46,48,0,0,0,26,88.0,0,0
30.375,76.875,2023-11-18,322,46,49,0,0,0,26,88.0,0,0
30.375,76.875,2023-11-19,323,46,50,0,0,0,26,88.0,0,0
30.375,76.875,2023-11-20,324,47,51,0,0,0,26,88.0,0,0
30.375,76.875,2023-11-21,325,47,52,0,0,0,26,88.0,0,0
30.375,76.875,2023-11-22,326,47,53,0,0,0,26,88.0,0,0
30.375,76.875,2023-11-23,327,47,54,0,0,0,26,88.0,0,0
30.375,76.875,2023-11-24,328,47,55,0,0,0,26,88.0,0,0
30.375,76.875,2023-11-25,329,47,56,0,0,0,26,88.0,0,0
30.375,76.875,2023-11-26,330,47,57,0,0,0,26,88.0,0,0
30.375,76.875,2023-11-27,331,48,58,0,0,0,26,88.0,0,0
30.375,76.875,2023-11-28,332,48,59,0,0,0,26,88.0,0,0
30.375,76.875,2023-11-29,333,48,60,0,0,0,26,88.0,0,0
30.375,76.875,2023-11-30,334,48,61,0,0,0,26,88.0,0,0
30.375,77.125,2023-10-01,274,39,1,0,0,0,0,80.0,1,1
30.375,77.125,2023-10-02,275,40,2,0,1,1,1,80.0,7,1
30.375,77.125,2023-10-03,276,40,3,0,2,2,2,80.0,3,1
30.375,77.125,2023-10-04,277,40,4,0,3,3,3,80.0,2,1
30.375,77.125,2023-10-05,278,40,5,0,3,4,4,80.0,2,1
30.375,77.125,2023-10-06,279,40,6,0,3,5,5,80.0,4,1
30.375,77.125,2023-10-07,280,40,7,0,3,6,6,80.0,2,1
30.375,77.125,2023-10-08,281,40,8,0,3,7,7,80.0,5,1
30.375,77.125,2023-10-09,282,41,9,0,3,7,8,80.0,0,0
30.375,77.125,2023-10-10,283,41,10,0,2,6,8,80.0,1,1
30.375,77.125,2023-10-11,284,41,11,0,2,6,9,80.0,0,0
30.375,77.125,2023-10-12,285,41,12,0,1,5,9,80.0,3,1
30.375,77.125,2023-10-13,286,41,13,0,2,5,10,80.0,2,1
30.375,77.125,2023-10-14,287,41,14,0,2,5,11,80.0,2,1
30.375,77.125,2023-10-15,288,41,15,0,3,5,12,80.0,5,1
30.375,77.125,2023-10-16,289,42,16,0,3,5,13,80.0,0,0
30.375,77.125,2023-10-17,290,42,17,0,2,5,13,80.0,0,0
30.375,77.125,2023-10-18,291,42,18,0,1,4,13,80.0,0,0
30.375,77.125,2023-10-19,292,42,19,0,0,4,13,80.0,0,0
30.375,77.125,2023-10-20,293,42,20,1,0,3,13,80.0,0,0
30.375,77.125,2023-10-21,294,42,21,1,0,2,13,80.0,6,1
30.375,77.125,2023-10-22,295,42,22,1,1,2,14,80.0,0,0
30.375,77.125,2023-10-23,296,43,23,1,1,1,14,80.0,0,0
30.375,77.125,2023-10-24,297,43,24,1,1,1,14,80.0,5,1
30.375,77.125,2023-10-25,298,43,25,1,1,2,15,80.0,3,1
30.375,77.125,2023-10-26,299,43,26,1,2,3,16,80.0,4,1
30.375,77.125,2023-10-27,300,43,27,1,3,4,17,80.0,4,1
30.375,77.125,2023-10-28,301,43,28,1,3,5,18,80.0,0,0
30.375,77.125,2023-10-29,302,43,29,1,2,4,18,80.0,1,1
30.375,77.125,2023-10-30,303,44,30,1,2,5,19,80.0,1,1
30.375,77.125,2023-10-31,304,44,31,1,2,6,20,80.0,1,1
30.375,77.125,2023-11-01,305,44,32,1,3,6,21,80.0,4,1
30.375,77.125,2023-11-02,306,44,33,1,3,6,22,80.0,0,0
30.375,77.125,2023-11-03,307,44,34,1,2,5,22,80.0,0,0
30.375,77.125,2023-11-04,308,44,35,1,1,4,22,80.0,4,1
30.375,77.125,2023-11-05,309,44,36,1,1,5,23,80.0,1,1
30.375,77.125,2023-11-06,310,45,37,1,2,5,24,80.0,0,0
30.375,77.125,2023-11-07,311,45,38,1,2,4,24,80.0,0,0
30.375,77.125,2023-11-08,312,45,39,1,1,3,24,80.0,0,0
30.375,77.125,2023-11-09,313,45,40,1,0,2,24,80.0,0,0
30.375,77.125,2023-11-10,314,45,41,1,0,2,24,80.0,0,0
30.375,77.125,2023-11-11,315,45,42,1,0,2,24,80.0,0,0
30.375,77.125,2023-11-12,316,45,43,1,0,1,24,80.0,1,1
30.375,77.125,2023-11-13,317,46,44,1,1,1,25,80.0,0,0
30.375,77.125,2023-11-14,318,46,45,1,1,1,25,80.0,0,0
30.375,77.125,2023-11-15,319,46,46,1,1,1,25,80.0,0,0
30.375,77.125,2023-11-16,320,46,47,0,0,1,25,80.0,0,0
30.375,77.125,2023-11-17,321,46,48,0,0,1,25,80.0,1,1
30.375,77.125,2023-11-18,322,46,49,0,1,2,26,80.0,2,1
30.375,77.125,2023-11-19,323,46,50,0,2,3,27,80.0,0,0
30.375,77.125,2023-11-20,324,47,51,0,2,2,27,80.0,0,0
30.375,77.125,2023-11-21,325,47,52,0,1,2,27,80.0,0,0
30.375,77.125,2023-11-22,326,47,53,0,0,2,27,80.0,0,0
30.375,77.125,2023-11-23,327,47,54,0,0,2,27,80.0,1,1
30.375,77.125,2023-11-24,328,47,55,0,1,3,28,80.0,0,0
30.375,77.125,2023-11-25,329,47,56,0,1,2,28,80.0,2,1
30.375,77.125,2023-11-26,330,47,57,0,2,2,29,80.0,0,0
30.375,77.125,2023-11-27,331,48,58,0,1,2,29,80.0,0,0
30.375,77.125,2023-11-28,332,48,59,0,1,2,29,80.0,0,0
30.375,77.125,2023-11-29,333,48,60,0,0,2,29,80.0,0,0
30.375,77.125,2023-11-30,334,48,61,0,0,2,29,80.0,0,0
30.375,77.375,2023-10-01,274,39,1,0,0,0,0,21.0,0,0
30.375,77.375,2023-10-02,275,40,2,0,0,0,0,21.0,0,0
30.375,77.375,2023-10-03,276,40,3,0,0,0,0,21.0,1,1
30.375,77.375,2023-10-04,277,40,4,0,1,1,1,21.0,0,0
30.375,77.375,2023-10-05,278,40,5,0,1,1,1,21.0,0,0
30.375,77.375,2023-10-06,279,40,6,0,1,1,1,21.0,0,0
30.375,77.375,2023-10-07,280,40,7,0,0,1,1,21.0,0,0
30.375,77.375,2023-10-08,281,40,8,0,0,1,1,21.0,0,0
30.375,77.375,2023-10-09,282,41,9,0,0,1,1,21.0,0,0
30.375,77.375,2023-10-10,283,41,10,0,0,1,1,21.0,0,0
30.375,77.375,2023-10-11,284,41,11,0,0,0,1,21.0,1,1
30.375,77.375,2023-10-12,285,41,12,0,1,1,2,21.0,0,0
30.375,77.375,2023-10-13,286,41,13,0,1,1,2,21.0,0,0
30.375,77.375,2023-10-14,287,41,14,0,1,1,2,21.0,2,1
30.375,77.375,2023-10-15,288,41,15,0,1,2,3,21.0,1,1
30.375,77.375,2023-10-16,289,42,16,0,2,3,4,21.0,0,0
30.375,77.375,2023-10-17,290,42,17,0,2,3,4,21.0,0,0
30.375,77.375,2023-10-18,291,42,18,0,1,3,4,21.0,0,0
30.375,77.375,2023-10-19,292,42,19,0,0,2,4,21.0,0,0
30.375,77.375,2023-10-20,293,42,20,1,0,2,4,21.0,2,1
30.375,77.375,2023-10-21,294,42,21,1,1,3,5,21.0,1,1
30.375,77.375,2023-10-22,295,42,22,1,2,3,6,21.0,0,0
30.375,77.375,2023-10-23,296,43,23,1,2,2,6,21.0,1,1
30.375,77.375,2023-10-24,297,43,24,1,2,3,7,21.0,1,1
30.375,77.375,2023-10-25,298,43,25,1,2,4,8,21.0,0,0
30.375,77.375,2023-10-26,299,43,26,1,2,4,8,21.0,1,1
30.375,77.375,2023-10-27,300,43,27,1,2,5,9,21.0,1,1
30.375,77.375,2023-10-28,301,43,28,1,2,5,10,21.0,0,0
30.375,77.375,2023-10-29,302,43,29,1,2,4,10,21.0,1,1
30.375,77.375,2023-10-30,303,44,30,1,2,5,11,21.0,0,0
30.375,77.375,2023-10-31,304,44,31,1,1,4,11,21.0,1,1
30.375,77.375,2023-11-01,305,44,32,1,2,4,12,21.0,0,0
30.375,77.375,2023-11-02,306,44,33,1,1,4,12,21.0,0,0
30.375,77.375,2023-11-03,307,44,34,1,1,3,12,21.0,1,1
30.375,77.375,2023-11-04,308,44,35,1,1,3,13,21.0,0,0
30.375,77.375,2023-11-05,309,44,36,1,1,3,13,21.0,1,1
30.375,77.375,2023-11-06,310,45,37,1,2,3,14,21.0,0,0
30.375,77.375,2023-11-07,311,45,38,1,1,3,14,21.0,0,0
30.375,77.375,2023-11-08,312,45,39,1,1,2,14,21.0,0,0
30.375,77.375,2023-11-09,313,45,40,1,0,2,14,21.0,2,1
30.375,77.375,2023-11-10,314,45,41,1,1,3,15,21.0,0,0
30.375,77.375,2023-11-11,315,45,42,1,1,2,15,21.0,0,0
30.375,77.375,2023-11-12,316,45,43,1,1,2,15,21.0,1,1
30.375,77.375,2023-11-13,317,46,44,1,1,2,16,21.0,0,0
30.375,77.375,2023-11-14,318,46,45,1,1,2,16,21.0,0,0
30.375,77.375,2023-11-15,319,46,46,1,1,2,16,21.0,0,0
30.375,77.375,2023-11-16,320,46,47,0,0,2,16,21.0,0,0
30.375,77.375,2023-11-17,321,46,48,0,0,1,16,21.0,1,1
30.375,77.375,2023-11-18,322,46,49,0,1,2,17,21.0,0,0
30.375,77.375,2023-11-19,323,46,50,0,1,2,17,21.0,0,0
30.375,77.375,2023-11-20,324,47,51,0,1,1,17,21.0,1,1
30.375,77.375,2023-11-21,325,47,52,0,1,2,18,21.0,0,0
30.375,77.375,2023-11-22,326,47,53,0,1,2,18,21.0,0,0
30.375,77.375,2023-11-23,327,47,54,0,1,2,18,21.0,0,0
30.375,77.375,2023-11-24,328,47,55,0,0,2,18,21.0,0,0
30.375,77.375,2023-11-25,329,47,56,0,0,1,18,21.0,0,0
30.375,77.375,2023-11-26,330,47,57,0,0,1,18,21.0,0,0
30.375,77.375,2023-11-27,331,48,58,0,0,1,18,21.0,0,0
30.375,77.375,2023-11-28,332,48,59,0,0,0,18,21.0,0,0
30.375,77.375,2023-11-29,333,48,60,0,0,0,18,21.0,0,0
30.375,77.375,2023-11-30,334,48,61,0,0,0,18,21.0,0,0
30.625,74.125,2023-10-01,274,39,1,0,0,0,0,399.0,4,1
30.625,74.125,2023-10-02,275,40,2,0,1,1,1,399.0,0,0
30.625,74.125,2023-10-03,276,40,3,0,1,1,1,399.0,0,0
30.625,74.125,2023-10-04,277,40,4,0,1,1,1,399.0,0,0
30.625,74.125,2023-10-05,278,40,5,0,0,1,1,399.0,0,0
30.625,74.125,2023-10-06,279,40,6,0,0,1,1,399.0,0,0
30.625,74.125,2023-10-07,280,40,7,0,0,1,1,399.0,0,0
30.625,74.125,2023-10-08,281,40,8,0,0,1,1,399.0,0,0
30.625,74.125,2023-10-09,282,41,9,0,0,0,1,399.0,0,0
30.625,74.125,2023-10-10,283,41,10,0,0,0,1,399.0,0,0
30.625,74.125,2023-10-11,284,41,11,0,0,0,1,399.0,0,0
30.625,74.125,2023-10-12,285,41,12,0,0,0,1,399.0,0,0
30.625,74.125,2023-10-13,286,41,13,0,0,0,1,399.0,0,0
30.625,74.125,2023-10-14,287,41,14,0,0,0,1,399.0,1,1
30.625,74.125,2023-10-15,288,41,15,0,1,1,2,399.0,0,0
30.625,74.125,2023-10-16,289,42,16,0,1,1,2,399.0,0,0
30.625,74.125,2023-10-17,290,42,17,0,1,1,2,399.0,0,0
30.625,74.125,2023-10-18,291,42,18,0,0,1,2,399.0,0,0
30.625,74.125,2023-10-19,292,42,19,0,0,1,2,399.0,0,0
30.625,74.125,2023-10-20,293,42,20,1,0,1,2,399.0,1,1
30.625,74.125,2023-10-21,294,42,21,1,1,2,3,399.0,0,0
30.625,74.125,2023-10-22,295,42,22,1,1,1,3,399.0,0,0
30.625,74.125,2023-10-23,296,43,23,1,1,1,3,399.0,0,0
30.625,74.125,2023-10-24,297,43,24,1,0,1,3,399.0,0,0
30.625,74.125,2023-10-25,298,43,25,1,0,1,3,399.0,2,1
30.625,74.125,2023-10-26,299,43,26,1,1,2,4,399.0,2,1
30.625,74.125,2023-10-27,300,43,27,1,2,3,5,399.0,1,1
30.625,74.125,2023-10-28,301,43,28,1,3,3,6,399.0,0,0
30.625,74.125,2023-10-29,302,43,29,1,2,3,6,399.0,2,1
30.625,74.125,2023-10-30,303,44,30,1,2,4,7,399.0,7,1
30.625,74.125,2023-10-31,304,44,31,1,2,5,8,399.0,5,1
30.625,74.125,2023-11-01,305,44,32,1,3,6,9,399.0,1,1
30.625,74.125,2023-11-02,306,44,33,1,3,6,10,399.0,0,0
30.625,74.125,2023-11-03,307,44,34,1,2,5,10,399.0,2,1
30.625,74.125,2023-11-04,308,44,35,1,2,5,11,399.0,9,1
30.625,74.125,2023-11-05,309,44,36,1,2,6,12,399.0,7,1
30.625,74.125,2023-11-06,310,45,37,1,3,6,13,399.0,5,1
30.625,74.125,2023-11-07,311,45,38,1,3,6,14,399.0,7,1
30.625,74.125,2023-11-08,312,45,39,1,3,6,15,399.0,5,1
30.625,74.125,2023-11-09,313,45,40,1,3,6,16,399.0,15,1
30.625,74.125,2023-11-10,314,45,41,1,3,7,17,399.0,0,0
30.625,74.125,2023-11-11,315,45,42,1,2,6,17,399.0,0,0
30.625,74.125,2023-11-12,316,45,43,1,1,5,17,399.0,1,1
30.625,74.125,2023-11-13,317,46,44,1,1,5,18,399.0,24,1
30.625,74.125,2023-11-14,318,46,45,1,2,5,19,399.0,32,1
30.625,74.125,2023-11-15,319,46,46,1,3,5,20,399.0,20,1
30.625,74.125,2023-11-16,320,46,47,0,3,5,21,399.0,18,1
30.625,74.125,2023-11-17,321,46,48,0,3,5,22,399.0,44,1
30.625,74.125,2023-11-18,322,46,49,0,3,6,23,399.0,22,1
30.625,74.125,2023-11-19,323,46,50,0,3,7,24,399.0,44,1
30.625,74.125,2023-11-20,324,47,51,0,3,7,25,399.0,32,1
30.625,74.125,2023-11-21,325,47,52,0,3,7,26,399.0,32,1
30.625,74.125,2023-11-22,326,47,53,0,3,7,27,399.0,28,1
30.625,74.125,2023-11-23,327,47,54,0,3,7,28,399.0,14,1
30.625,74.125,2023-11-24,328,47,55,0,3,7,29,399.0,6,1
30.625,74.125,2023-11-25,329,47,56,0,3,7,30,399.0,3,1
30.625,74.125,2023-11-26,330,47,57,0,3,7,31,399.0,3,1
30.625,74.125,2023-11-27,331,48,58,0,3,7,32,399.0,0,0
30.625,74.125,2023-11-28,332,48,59,0,2,6,32,399.0,0,0
30.625,74.125,2023-11-29,333,48,60,0,1,5,32,399.0,0,0
30.625,74.125,2023-11-30,334,48,61,0,0,4,32,399.0,0,0
30.625,74.375,2023-10-01,274,39,1,0,0,0,0,740.0,0,0
30.625,74.375,2023-10-02,275,40,2,0,0,0,0,740.0,0,0
30.625,74.375,2023-10-03,276,40,3,0,0,0,0,740.0,1,1
30.625,74.375,2023-10-04,277,40,4,0,1,1,1,740.0,0,0
30.625,74.375,2023-10-05,278,40,5,0,1,1,1,740.0,0,0
30.625,74.375,2023-10-06,279,40,6,0,1,1,1,740.0,0,0
30.625,74.375,2023-10-07,280,40,7,0,0,1,1,740.0,0,0
30.625,74.375,2023-10-08,281,40,8,0,0,1,1,740.0,0,0
30.625,74.375,2023-10-09,282,41,9,0,0,1,1,740.0,0,0
30.625,74.375,2023-10-10,283,41,10,0,0,1,1,740.0,0,0
30.625,74.375,2023-10-11,284,41,11,0,0,0,1,740.0,1,1
30.625,74.375,2023-10-12,285,41,12,0,1,1,2,740.0,0,0
30.625,74.375,2023-10-13,286,41,13,0,1,1,2,740.0,2,1
30.625,74.375,2023-10-14,287,41,14,0,2,2,3,740.0,0,0
30.625,74.375,2023-10-15,288,41,15,0,1,2,3,740.0,0,0
30.625,74.375,2023-10-16,289,42,16,0,1,2,3,740.0,0,0
30.625,74.375,2023-10-17,290,42,17,0,0,2,3,740.0,0,0
30.625,74.375,2023-10-18,291,42,18,0,0,2,3,740.0,0,0
30.625,74.375,2023-10-19,292,42,19,0,0,1,3,740.0,0,0
30.625,74.375,2023-10-20,293,42,20,1,0,1,3,740.0,2,1
30.625,74.375,2023-10-21,294,42,21,1,1,1,4,740.0,1,1
30.625,74.375,2023-10-22,295,42,22,1,2,2,5,740.0,0,0
30.625,74.375,2023-10-23,296,43,23,1,2,2,5,740.0,1,1
30.625,74.375,2023-10-24,297,43,24,1,2,3,6,740.0,7,1
30.625,74.375,2023-10-25,298,43,25,1,2,4,7,740.0,4,1
30.625,74.375,2023-10-26,299,43,26,1,3,5,8,740.0,12,1
30.625,74.375,2023-10-27,300,43,27,1,3,6,9,740.0,2,1
30.625,74.375,2023-10-28,301,43,28,1,3,6,10,740.0,5,1
30.625,74.375,2023-10-29,302,43,29,1,3,6,11,740.0,12,1
30.625,74.375,2023-10-30,303,44,30,1,3,7,12,740.0,12,1
30.625,74.375,2023-10-31,304,44,31,1,3,7,13,740.0,25,1
30.625,74.375,2023-11-01,305,44,32,1,3,7,14,740.0,13,1
30.625,74.375,2023-11-02,306,44,33,1,3,7,15,740.0,0,0
30.625,74.375,2023-11-03,307,44,34,1,2,6,15,740.0,16,1
30.625,74.375,2023-11-04,308,44,35,1,2,6,16,740.0,3,1
30.625,74.375,2023-11-05,309,44,36,1,2,6,17,740.0,33,1
30.625,74.375,2023-11-06,310,45,37,1,3,6,18,740.0,14,1
30.625,74.375,2023-11-07,311,45,38,1,3,6,19,740.0,16,1
30.625,74.375,2023-11-08,312,45,39,1,3,6,20,740.0,21,1
30.625,74.375,2023-11-09,313,45,40,1,3,6,21,740.0,28,1
30.625,74.375,2023-11-10,314,45,41,1,3,7,22,740.0,0,0
30.625,74.375,2023-11-11,315,45,42,1,2,6,22,740.0,0,0
30.625,74.375,2023-11-12,316,45,43,1,1,5,22,740.0,12,1
30.625,74.375,2023-11-13,317,46,44,1,1,5,23,740.0,49,1
30.625,74.375,2023-11-14,318,46,45,1,2,5,24,740.0,88,1
30.625,74.375,2023-11-15,319,46,46,1,3,5,25,740.0,75,1
30.625,74.375,2023-11-16,320,46,47,0,3,5,26,740.0,23,1
30.625,74.375,2023-11-17,321,46,48,0,3,5,27,740.0,51,1
30.625,74.375,2023-11-18,322,46,49,0,3,6,28,740.0,9,1
30.625,74.375,2023-11-19,323,46,50,0,3,7,29,740.0,35,1
30.625,74.375,2023-11-20,324,47,51,0,3,7,30,740.0,41,1
30.625,74.375,2023-11-21,325,47,52,0,3,7,31,740.0,41,1
30.625,74.375,2023-11-22,326,47,53,0,3,7,32,740.0,14,1
30.625,74.375,2023-11-23,327,47,54,0,3,7,33,740.0,17,1
30.625,74.375,2023-11-24,328,47,55,0,3,7,34,740.0,12,1
30.625,74.375,2023-11-25,329,47,56,0,3,7,35,740.0,20,1
30.625,74.375,2023-11-26,330,47,57,0,3,7,36,740.0,19,1
30.625,74.375,2023-11-27,331,48,58,0,3,7,37,740.0,0,0
30.625,74.375,2023-11-28,332,48,59,0,2,6,37,740.0,0,0
30.625,74.375,2023-11-29,333,48,60,0,1,5,37,740.0,1,1
30.625,74.375,2023-11-30,334,48,61,0,1,5,38,740.0,2,1
30.625,74.625,2023-10-01,274,39,1,0,0,0,0,517.0,0,0
30.625,74.625,2023-10-02,275,40,2,0,0,0,0,517.0,0,0
30.625,74.625,2023-10-03,276,40,3,0,0,0,0,517.0,0,0
30.625,74.625,2023-10-04,277,40,4,0,0,0,0,517.0,0,0
30.625,74.625,2023-10-05,278,40,5,0,0,0,0,517.0,1,1
30.625,74.625,2023-10-06,279,40,6,0,1,1,1,517.0,1,1
30.625,74.625,2023-10-07,280,40,7,0,2,2,2,517.0,0,0
30.625,74.625,2023-10-08,281,40,8,0,2,2,2,517.0,0,0
30.625,74.625,2023-10-09,282,41,9,0,1,2,2,517.0,2,1
30.625,74.625,2023-10-10,283,41,10,0,1,3,3,517.0,0,0
30.625,74.625,2023-10-11,284,41,11,0,1,3,3,517.0,0,0
30.625,74.625,2023-10-12,285,41,12,0,1,3,3,517.0,0,0
30.625,74.625,2023-10-13,286,41,13,0,0,2,3,517.0,0,0
30.625,74.625,2023-10-14,287,41,14,0,0,1,3,517.0,0,0
30.625,74.625,2023-10-15,288,41,15,0,0,1,3,517.0,0,0
30.625,74.625,2023-10-16,289,42,16,0,0,1,3,517.0,0,0
30.625,74.625,2023-10-17,290,42,17,0,0,0,3,517.0,0,0
30.625,74.625,2023-10-18,291,42,18,0,0,0,3,517.0,0,0
30.625,74.625,2023-10-19,292,42,19,0,0,0,3,517.0,0,0
30.625,74.625,2023-10-20,293,42,20,1,0,0,3,517.0,1,1
30.625,74.625,2023-10-21,294,42,21,1,1,1,4,517.0,1,1
30.625,74.625,2023-10-22,295,42,22,1,2,2,5,517.0,0,0
30.625,74.625,2023-10-23,296,43,23,1,2,2,5,517.0,1,1
30.625,74.625,2023-10-24,297,43,24,1,2,3,6,517.0,0,0
30.625,74.625,2023-10-25,298,43,25,1,1,3,6,517.0,4,1
30.625,74.625,2023-10-26,299,43,26,1,2,4,7,517.0,2,1
30.625,74.625,2023-10-27,300,43,27,1,2,5,8,517.0,1,1
30.625,74.625,2023-10-28,301,43,28,1,3,5,9,517.0,2,1
30.625,74.625,2023-10-29,302,43,29,1,3,5,10,517.0,11,1
30.625,74.625,2023-10-30,303,44,30,1,3,6,11,517.0,9,1
30.625,74.625,2023-10-31,304,44,31,1,3,6,12,517.0,27,1
30.625,74.625,2023-11-01,305,44,32,1,3,7,13,517.0,22,1
30.625,74.625,2023-11-02,306,44,33,1,3,7,14,517.0,0,0
30.625,74.625,2023-11-03,307,44,34,1,2,6,14,517.0,13,1
30.625,74.625,2023-11-04,308,44,35,1,2,6,15,517.0,24,1
30.625,74.625,2023-11-05,309,44,36,1,2,6,16,517.0,66,1
30.625,74.625,2023-11-06,310,45,37,1,3,6,17,517.0,25,1
30.625,74.625,2023-11-07,311,45,38,1,3,6,18,517.0,23,1
30.625,74.625,2023-11-08,312,45,39,1,3,6,19,517.0,16,1
30.625,74.625,2023-11-09,313,45,40,1,3,6,20,517.0,23,1
30.625,74.625,2023-11-10,314,45,41,1,3,7,21,517.0,0,0
30.625,74.625,2023-11-11,315,45,42,1,2,6,21,517.0,0,0
30.625,74.625,2023-11-12,316,45,43,1,1,5,21,517.0,13,1
30.625,74.625,2023-11-13,317,46,44,1,1,5,22,517.0,33,1
30.625,74.625,2023-11-14,318,46,45,1,2,5,23,517.0,47,1
30.625,74.625,2023-11-15,319,46,46,1,3,5,24,517.0,33,1
30.625,74.625,2023-11-16,320,46,47,0,3,5,25,517.0,14,1
30.625,74.625,2023-11-17,321,46,48,0,3,5,26,517.0,30,1
30.625,74.625,2023-11-18,322,46,49,0,3,6,27,517.0,16,1
30.625,74.625,2023-11-19,323,46,50,0,3,7,28,517.0,18,1
30.625,74.625,2023-11-20,324,47,51,0,3,7,29,517.0,9,1
30.625,74.625,2023-11-21,325,47,52,0,3,7,30,517.0,12,1
30.625,74.625,2023-11-22,326,47,53,0,3,7,31,517.0,8,1
30.625,74.625,2023-11-23,327,47,54,0,3,7,32,517.0,4,1
30.625,74.625,2023-11-24,328,47,55,0,3,7,33,517.0,4,1
30.625,74.625,2023-11-25,329,47,56,0,3,7,34,517.0,0,0
30.625,74.625,2023-11-26,330,47,57,0,2,6,34,517.0,1,1
30.625,74.625,2023-11-27,331,48,58,0,2,6,35,517.0,0,0
30.625,74.625,2023-11-28,332,48,59,0,1,5,35,517.0,0,0
30.625,74.625,2023-11-29,333,48,60,0,1,4,35,517.0,0,0
30.625,74.625,2023-11-30,334,48,61,0,0,3,35,517.0,0,0
30.625,74.875,2023-10-01,274,39,1,0,0,0,0,604.0,0,0
30.625,74.875,2023-10-02,275,40,2,0,0,0,0,604.0,0,0
30.625,74.875,2023-10-03,276,40,3,0,0,0,0,604.0,0,0
30.625,74.875,2023-10-04,277,40,4,0,0,0,0,604.0,0,0
30.625,74.875,2023-10-05,278,40,5,0,0,0,0,604.0,0,0
30.625,74.875,2023-10-06,279,40,6,0,0,0,0,604.0,0,0
30.625,74.875,2023-10-07,280,40,7,0,0,0,0,604.0,0,0
30.625,74.875,2023-10-08,281,40,8,0,0,0,0,604.0,0,0
30.625,74.875,2023-10-09,282,41,9,0,0,0,0,604.0,0,0
30.625,74.875,2023-10-10,283,41,10,0,0,0,0,604.0,0,0
30.625,74.875,2023-10-11,284,41,11,0,0,0,0,604.0,0,0
30.625,74.875,2023-10-12,285,41,12,0,0,0,0,604.0,0,0
30.625,74.875,2023-10-13,286,41,13,0,0,0,0,604.0,0,0
30.625,74.875,2023-10-14,287,41,14,0,0,0,0,604.0,1,1
30.625,74.875,2023-10-15,288,41,15,0,1,1,1,604.0,0,0
30.625,74.875,2023-10-16,289,42,16,0,1,1,1,604.0,0,0
30.625,74.875,2023-10-17,290,42,17,0,1,1,1,604.0,0,0
30.625,74.875,2023-10-18,291,42,18,0,0,1,1,604.0,0,0
30.625,74.875,2023-10-19,292,42,19,0,0,1,1,604.0,0,0
30.625,74.875,2023-10-20,293,42,20,1,0,1,1,604.0,0,0
30.625,74.875,2023-10-21,294,42,21,1,0,1,1,604.0,0,0
30.625,74.875,2023-10-22,295,42,22,1,0,0,1,604.0,0,0
30.625,74.875,2023-10-23,296,43,23,1,0,0,1,604.0,0,0
30.625,74.875,2023-10-24,297,43,24,1,0,0,1,604.0,0,0
30.625,74.875,2023-10-25,298,43,25,1,0,0,1,604.0,1,1
30.625,74.875,2023-10-26,299,43,26,1,1,1,2,604.0,1,1
30.625,74.875,2023-10-27,300,43,27,1,2,2,3,604.0,1,1
30.625,74.875,2023-10-28,301,43,28,1,3,3,4,604.0,2,1
30.625,74.875,2023-10-29,302,43,29,1,3,4,5,604.0,4,1
30.625,74.875,2023-10-30,303,44,30,1,3,5,6,604.0,6,1
30.625,74.875,2023-10-31,304,44,31,1,3,6,7,604.0,15,1
30.625,74.875,2023-11-01,305,44,32,1,3,7,8,604.0,15,1
30.625,74.875,2023-11-02,306,44,33,1,3,7,9,604.0,0,0
30.625,74.875,2023-11-03,307,44,34,1,2,6,9,604.0,5,1
30.625,74.875,2023-11-04,308,44,35,1,2,6,10,604.0,23,1
30.625,74.875,2023-11-05,309,44,36,1,2,6,11,604.0,57,1
30.625,74.875,2023-11-06,310,45,37,1,3,6,12,604.0,28,1
30.625,74.875,2023-11-07,311,45,38,1,3,6,13,604.0,20,1
30.625,74.875,2023-11-08,312,45,39,1,3,6,14,604.0,24,1
30.625,74.875,2023-11-09,313,45,40,1,3,6,15,604.0,4,1
30.625,74.875,2023-11-10,314,45,41,1,3,7,16,604.0,0,0
30.625,74.875,2023-11-11,315,45,42,1,2,6,16,604.0,0,0
30.625,74.875,2023-11-12,316,45,43,1,1,5,16,604.0,7,1
30.625,74.875,2023-11-13,317,46,44,1,1,5,17,604.0,42,1
30.625,74.875,2023-11-14,318,46,45,1,2,5,18,604.0,47,1
30.625,74.875,2023-11-15,319,46,46,1,3,5,19,604.0,71,1
30.625,74.875,2023-11-16,320,46,47,0,3,5,20,604.0,78,1
30.625,74.875,2023-11-17,321,46,48,0,3,5,21,604.0,43,1
30.625,74.875,2023-11-18,322,46,49,0,3,6,22,604.0,11,1
30.625,74.875,2023-11-19,323,46,50,0,3,7,23,604.0,34,1
30.625,74.875,2023-11-20,324,47,51,0,3,7,24,604.0,20,1
30.625,74.875,2023-11-21,325,47,52,0,3,7,25,604.0,10,1
30.625,74.875,2023-11-22,326,47,53,0,3,7,26,604.0,18,1
30.625,74.875,2023-11-23,327,47,54,0,3,7,27,604.0,9,1
30.625,74.875,2023-11-24,328,47,55,0,3,7,28,604.0,6,1
30.625,74.875,2023-11-25,329,47,56,0,3,7,29,604.0,0,0
30.625,74.875,2023-11-26,330,47,57,0,2,6,29,604.0,0,0
30.625,74.875,2023-11-27,331,48,58,0,1,5,29,604.0,0,0
30.625,74.875,2023-11-28,332,48,59,0,0,4,29,604.0,0,0
30.625,74.875,2023-11-29,333,48,60,0,0,3,29,604.0,1,1
30.625,74.875,2023-11-30,334,48,61,0,1,3,30,604.0,0,0
30.625,75.125,2023-10-01,274,39,1,0,0,0,0,680.0,0,0
30.625,75.125,2023-10-02,275,40,2,0,0,0,0,680.0,0,0
30.625,75.125,2023-10-03,276,40,3,0,0,0,0,680.0,0,0
30.625,75.125,2023-10-04,277,40,4,0,0,0,0,680.0,0,0
30.625,75.125,2023-10-05,278,40,5,0,0,0,0,680.0,0,0
30.625,75.125,2023-10-06,279,40,6,0,0,0,0,680.0,2,1
30.625,75.125,2023-10-07,280,40,7,0,1,1,1,680.0,0,0
30.625,75.125,2023-10-08,281,40,8,0,1,1,1,680.0,0,0
30.625,75.125,2023-10-09,282,41,9,0,1,1,1,680.0,0,0
30.625,75.125,2023-10-10,283,41,10,0,0,1,1,680.0,0,0
30.625,75.125,2023-10-11,284,41,11,0,0,1,1,680.0,0,0
30.625,75.125,2023-10-12,285,41,12,0,0,1,1,680.0,0,0
30.625,75.125,2023-10-13,286,41,13,0,0,1,1,680.0,0,0
30.625,75.125,2023-10-14,287,41,14,0,0,0,1,680.0,0,0
30.625,75.125,2023-10-15,288,41,15,0,0,0,1,680.0,0,0
30.625,75.125,2023-10-16,289,42,16,0,0,0,1,680.0,0,0
30.625,75.125,2023-10-17,290,42,17,0,0,0,1,680.0,0,0
30.625,75.125,2023-10-18,291,42,18,0,0,0,1,680.0,0,0
30.625,75.125,2023-10-19,292,42,19,0,0,0,1,680.0,0,0
30.625,75.125,2023-10-20,293,42,20,1,0,0,1,680.0,0,0
30.625,75.125,2023-10-21,294,42,21,1,0,0,1,680.0,4,1
30.625,75.125,2023-10-22,295,42,22,1,1,1,2,680.0,0,0
30.625,75.125,2023-10-23,296,43,23,1,1,1,2,680.0,0,0
30.625,75.125,2023-10-24,297,43,24,1,1,1,2,680.0,3,1
30.625,75.125,2023-10-25,298,43,25,1,1,2,3,680.0,1,1
30.625,75.125,2023-10-26,299,43,26,1,2,3,4,680.0,9,1
30.625,75.125,2023-10-27,300,43,27,1,3,4,5,680.0,2,1
30.625,75.125,2023-10-28,301,43,28,1,3,5,6,680.0,0,0
30.625,75.125,2023-10-29,302,43,29,1,2,4,6,680.0,1,1
30.625,75.125,2023-10-30,303,44,30,1,2,5,7,680.0,12,1
30.625,75.125,2023-10-31,304,44,31,1,2,6,8,680.0,8,1
30.625,75.125,2023-11-01,305,44,32,1,3,6,9,680.0,15,1
30.625,75.125,2023-11-02,306,44,33,1,3,6,10,680.0,0,0
30.625,75.125,2023-11-03,307,44,34,1,2,5,10,680.0,4,1
30.625,75.125,2023-11-04,308,44,35,1,2,5,11,680.0,13,1
30.625,75.125,2023-11-05,309,44,36,1,2,6,12,680.0,37,1
30.625,75.125,2023-11-06,310,45,37,1,3,6,13,680.0,21,1
30.625,75.125,2023-11-07,311,45,38,1,3,6,14,680.0,33,1
30.625,75.125,2023-11-08,312,45,39,1,3,6,15,680.0,21,1
30.625,75.125,2023-11-09,313,45,40,1,3,6,16,680.0,1,1
30.625,75.125,2023-11-10,314,45,41,1,3,7,17,680.0,0,0
30.625,75.125,2023-11-11,315,45,42,1,2,6,17,680.0,0,0
30.625,75.125,2023-11-12,316,45,43,1,1,5,17,680.0,11,1
30.625,75.125,2023-11-13,317,46,44,1,1,5,18,680.0,67,1
30.625,75.125,2023-11-14,318,46,45,1,2,5,19,680.0,70,1
30.625,75.125,2023-11-15,319,46,46,1,3,5,20,680.0,81,1
30.625,75.125,2023-11-16,320,46,47,0,3,5,21,680.0,85,1
30.625,75.125,2023-11-17,321,46,48,0,3,5,22,680.0,57,1
30.625,75.125,2023-11-18,322,46,49,0,3,6,23,680.0,36,1
30.625,75.125,2023-11-19,323,46,50,0,3,7,24,680.0,22,1
30.625,75.125,2023-11-20,324,47,51,0,3,7,25,680.0,11,1
30.625,75.125,2023-11-21,325,47,52,0,3,7,26,680.0,19,1
30.625,75.125,2023-11-22,326,47,53,0,3,7,27,680.0,18,1
30.625,75.125,2023-11-23,327,47,54,0,3,7,28,680.0,8,1
30.625,75.125,2023-11-24,328,47,55,0,3,7,29,680.0,6,1
30.625,75.125,2023-11-25,329,47,56,0,3,7,30,680.0,2,1
30.625,75.125,2023-11-26,330,47,57,0,3,7,31,680.0,0,0
30.625,75.125,2023-11-27,331,48,58,0,2,6,31,680.0,0,0
30.625,75.125,2023-11-28,332,48,59,0,1,5,31,680.0,0,0
30.625,75.125,2023-11-29,333,48,60,0,0,4,31,680.0,0,0
30.625,75.125,2023-11-30,334,48,61,0,0,3,31,680.0,0,0
30.625,75.375,2023-10-01,274,39,1,0,0,0,0,847.0,0,0
30.625,75.375,2023-10-02,275,40,2,0,0,0,0,847.0,0,0
30.625,75.375,2023-10-03,276,40,3,0,0,0,0,847.0,0,0
30.625,75.375,2023-10-04,277,40,4,0,0,0,0,847.0,0,0
30.625,75.375,2023-10-05,278,40,5,0,0,0,0,847.0,0,0
30.625,75.375,2023-10-06,279,40,6,0,0,0,0,847.0,0,0
30.625,75.375,2023-10-07,280,40,7,0,0,0,0,847.0,0,0
30.625,75.375,2023-10-08,281,40,8,0,0,0,0,847.0,0,0
30.625,75.375,2023-10-09,282,41,9,0,0,0,0,847.0,1,1
30.625,75.375,2023-10-10,283,41,10,0,1,1,1,847.0,0,0
30.625,75.375,2023-10-11,284,41,11,0,1,1,1,847.0,0,0
30.625,75.375,2023-10-12,285,41,12,0,1,1,1,847.0,0,0
30.625,75.375,2023-10-13,286,41,13,0,0,1,1,847.0,1,1
30.625,75.375,2023-10-14,287,41,14,0,1,2,2,847.0,2,1
30.625,75.375,2023-10-15,288,41,15,0,2,3,3,847.0,0,0
30.625,75.375,2023-10-16,289,42,16,0,2,3,3,847.0,0,0
30.625,75.375,2023-10-17,290,42,17,0,1,2,3,847.0,0,0
30.625,75.375,2023-10-18,291,42,18,0,0,2,3,847.0,0,0
30.625,75.375,2023-10-19,292,42,19,0,0,2,3,847.0,1,1
30.625,75.375,2023-10-20,293,42,20,1,1,3,4,847.0,5,1
30.625,75.375,2023-10-21,294,42,21,1,2,3,5,847.0,1,1
30.625,75.375,2023-10-22,295,42,22,1,3,3,6,847.0,3,1
30.625,75.375,2023-10-23,296,43,23,1,3,4,7,847.0,1,1
30.625,75.375,2023-10-24,297,43,24,1,3,5,8,847.0,4,1
30.625,75.375,2023-10-25,298,43,25,1,3,6,9,847.0,6,1
30.625,75.375,2023-10-26,299,43,26,1,3,7,10,847.0,12,1
30.625,75.375,2023-10-27,300,43,27,1,3,7,11,847.0,15,1
30.625,75.375,2023-10-28,301,43,28,1,3,7,12,847.0,0,0
30.625,75.375,2023-10-29,302,43,29,1,2,6,12,847.0,16,1
30.625,75.375,2023-10-30,303,44,30,1,2,6,13,847.0,35,1
30.625,75.375,2023-10-31,304,44,31,1,2,6,14,847.0,27,1
30.625,75.375,2023-11-01,305,44,32,1,3,6,15,847.0,19,1
30.625,75.375,2023-11-02,306,44,33,1,3,6,16,847.0,0,0
30.625,75.375,2023-11-03,307,44,34,1,2,5,16,847.0,4,1
30.625,75.375,2023-11-04,308,44,35,1,2,5,17,847.0,29,1
30.625,75.375,2023-11-05,309,44,36,1,2,6,18,847.0,82,1
30.625,75.375,2023-11-06,310,45,37,1,3,6,19,847.0,52,1
30.625,75.375,2023-11-07,311,45,38,1,3,6,20,847.0,44,1
30.625,75.375,2023-11-08,312,45,39,1,3,6,21,847.0,60,1
30.625,75.375,2023-11-09,313,45,40,1,3,6,22,847.0,9,1
30.625,75.375,2023-11-10,314,45,41,1,3,7,23,847.0,0,0
30.625,75.375,2023-11-11,315,45,42,1,2,6,23,847.0,0,0
30.625,75.375,2023-11-12,316,45,43,1,1,5,23,847.0,40,1
30.625,75.375,2023-11-13,317,46,44,1,1,5,24,847.0,36,1
30.625,75.375,2023-11-14,318,46,45,1,2,5,25,847.0,88,1
30.625,75.375,2023-11-15,319,46,46,1,3,5,26,847.0,60,1
30.625,75.375,2023-11-16,320,46,47,0,3,5,27,847.0,71,1
30.625,75.375,2023-11-17,321,46,48,0,3,5,28,847.0,38,1
30.625,75.375,2023-11-18,322,46,49,0,3,6,29,847.0,19,1
30.625,75.375,2023-11-19,323,46,50,0,3,7,30,847.0,18,1
30.625,75.375,2023-11-20,324,47,51,0,3,7,31,847.0,18,1
30.625,75.375,2023-11-21,325,47,52,0,3,7,32,847.0,12,1
30.625,75.375,2023-11-22,326,47,53,0,3,7,33,847.0,11,1
30.625,75.375,2023-11-23,327,47,54,0,3,7,34,847.0,5,1
30.625,75.375,2023-11-24,328,47,55,0,3,7,35,847.0,2,1
30.625,75.375,2023-11-25,329,47,56,0,3,7,36,847.0,0,0
30.625,75.375,2023-11-26,330,47,57,0,2,6,36,847.0,0,0
30.625,75.375,2023-11-27,331,48,58,0,1,5,36,847.0,0,0
30.625,75.375,2023-11-28,332,48,59,0,0,4,36,847.0,0,0
30.625,75.375,2023-11-29,333,48,60,0,0,3,36,847.0,0,0
30.625,75.375,2023-11-30,334,48,61,0,0,2,36,847.0,0,0
30.625,75.625,2023-10-01,274,39,1,0,0,0,0,574.0,0,0
30.625,75.625,2023-10-02,275,40,2,0,0,0,0,574.0,0,0
30.625,75.625,2023-10-03,276,40,3,0,0,0,0,574.0,0,0
30.625,75.625,2023-10-04,277,40,4,0,0,0,0,574.0,0,0
30.625,75.625,2023-10-05,278,40,5,0,0,0,0,574.0,0,0
30.625,75.625,2023-10-06,279,40,6,0,0,0,0,574.0,0,0
30.625,75.625,2023-10-07,280,40,7,0,0,0,0,574.0,0,0
30.625,75.625,2023-10-08,281,40,8,0,0,0,0,574.0,0,0
30.625,75.625,2023-10-09,282,41,9,0,0,0,0,574.0,0,0
30.625,75.625,2023-10-10,283,41,10,0,0,0,0,574.0,0,0
30.625,75.625,2023-10-11,284,41,11,0,0,0,0,574.0,0,0
30.625,75.625,2023-10-12,285,41,12,0,0,0,0,574.0,0,0
30.625,75.625,2023-10-13,286,41,13,0,0,0,0,574.0,1,1
30.625,75.625,2023-10-14,287,41,14,0,1,1,1,574.0,0,0
30.625,75.625,2023-10-15,288,41,15,0,1,1,1,574.0,0,0
30.625,75.625,2023-10-16,289,42,16,0,1,1,1,574.0,0,0
30.625,75.625,2023-10-17,290,42,17,0,0,1,1,574.0,0,0
30.625,75.625,2023-10-18,291,42,18,0,0,1,1,574.0,0,0
30.625,75.625,2023-10-19,292,42,19,0,0,1,1,574.0,0,0
30.625,75.625,2023-10-20,293,42,20,1,0,1,1,574.0,1,1
30.625,75.625,2023-10-21,294,42,21,1,1,1,2,574.0,0,0
30.625,75.625,2023-10-22,295,42,22,1,1,1,2,574.0,0,0
30.625,75.625,2023-10-23,296,43,23,1,1,1,2,574.0,3,1
30.625,75.625,2023-10-24,297,43,24,1,1,2,3,574.0,11,1
30.625,75.625,2023-10-25,298,43,25,1,2,3,4,574.0,3,1
30.625,75.625,2023-10-26,299,43,26,1,3,4,5,574.0,8,1
30.625,75.625,2023-10-27,300,43,27,1,3,5,6,574.0,6,1
30.625,75.625,2023-10-28,301,43,28,1,3,5,7,574.0,0,0
30.625,75.625,2023-10-29,302,43,29,1,2,5,7,574.0,5,1
30.625,75.625,2023-10-30,303,44,30,1,2,6,8,574.0,12,1
30.625,75.625,2023-10-31,304,44,31,1,2,6,9,574.0,17,1
30.625,75.625,2023-11-01,305,44,32,1,3,6,10,574.0,14,1
30.625,75.625,2023-11-02,306,44,33,1,3,6,11,574.0,0,0
30.625,75.625,2023-11-03,307,44,34,1,2,5,11,574.0,6,1
30.625,75.625,2023-11-04,308,44,35,1,2,5,12,574.0,31,1
30.625,75.625,2023-11-05,309,44,36,1,2,6,13,574.0,70,1
30.625,75.625,2023-11-06,310,45,37,1,3,6,14,574.0,59,1
30.625,75.625,2023-11-07,311,45,38,1,3,6,15,574.0,27,1
30.625,75.625,2023-11-08,312,45,39,1,3,6,16,574.0,47,1
30.625,75.625,2023-11-09,313,45,40,1,3,6,17,574.0,13,1
30.625,75.625,2023-11-10,314,45,41,1,3,7,18,574.0,0,0
30.625,75.625,2023-11-11,315,45,42,1,2,6,18,574.0,0,0
30.625,75.625,2023-11-12,316,45,43,1,1,5,18,574.0,35,1
30.625,75.625,2023-11-13,317,46,44,1,1,5,19,574.0,13,1
30.625,75.625,2023-11-14,318,46,45,1,2,5,20,574.0,52,1
30.625,75.625,2023-11-15,319,46,46,1,3,5,21,574.0,43,1
30.625,75.625,2023-11-16,320,46,47,0,3,5,22,574.0,49,1
30.625,75.625,2023-11-17,321,46,48,0,3,5,23,574.0,16,1
30.625,75.625,2023-11-18,322,46,49,0,3,6,24,574.0,8,1
30.625,75.625,2023-11-19,323,46,50,0,3,7,25,574.0,6,1
30.625,75.625,2023-11-20,324,47,51,0,3,7,26,574.0,3,1
30.625,75.625,2023-11-21,325,47,52,0,3,7,27,574.0,10,1
30.625,75.625,2023-11-22,326,47,53,0,3,7,28,574.0,0,0
30.625,75.625,2023-11-23,327,47,54,0,2,6,28,574.0,1,1
30.625,75.625,2023-11-24,328,47,55,0,2,6,29,574.0,4,1
30.625,75.625,2023-11-25,329,47,56,0,2,6,30,574.0,0,0
30.625,75.625,2023-11-26,330,47,57,0,2,5,30,574.0,0,0
30.625,75.625,2023-11-27,331,48,58,0,1,4,30,574.0,0,0
30.625,75.625,2023-11-28,332,48,59,0,0,3,30,574.0,0,0
30.625,75.625,2023-11-29,333,48,60,0,0,2,30,574.0,0,0
30.625,75.625,2023-11-30,334,48,61,0,0,2,30,574.0,0,0
30.625,75.875,2023-10-01,274,39,1,0,0,0,0,326.0,0,0
30.625,75.875,2023-10-02,275,40,2,0,0,0,0,326.0,0,0
30.625,75.875,2023-10-03,276,40,3,0,0,0,0,326.0,0,0
30.625,75.875,2023-10-04,277,40,4,0,0,0,0,326.0,0,0
30.625,75.875,2023-10-05,278,40,5,0,0,0,0,326.0,0,0
30.625,75.875,2023-10-06,279,40,6,0,0,0,0,326.0,1,1
30.625,75.875,2023-10-07,280,40,7,0,1,1,1,326.0,0,0
30.625,75.875,2023-10-08,281,40,8,0,1,1,1,326.0,0,0
30.625,75.875,2023-10-09,282,41,9,0,1,1,1,326.0,0,0
30.625,75.875,2023-10-10,283,41,10,0,0,1,1,326.0,0,0
30.625,75.875,2023-10-11,284,41,11,0,0,1,1,326.0,1,1
30.625,75.875,2023-10-12,285,41,12,0,1,2,2,326.0,1,1
30.625,75.875,2023-10-13,286,41,13,0,2,3,3,326.0,0,0
30.625,75.875,2023-10-14,287,41,14,0,2,2,3,326.0,0,0
30.625,75.875,2023-10-15,288,41,15,0,1,2,3,326.0,0,0
30.625,75.875,2023-10-16,289,42,16,0,0,2,3,326.0,0,0
30.625,75.875,2023-10-17,290,42,17,0,0,2,3,326.0,0,0
30.625,75.875,2023-10-18,291,42,18,0,0,2,3,326.0,0,0
30.625,75.875,2023-10-19,292,42,19,0,0,1,3,326.0,0,0
30.625,75.875,2023-10-20,293,42,20,1,0,0,3,326.0,0,0
30.625,75.875,2023-10-21,294,42,21,1,0,0,3,326.0,0,0
30.625,75.875,2023-10-22,295,42,22,1,0,0,3,326.0,0,0
30.625,75.875,2023-10-23,296,43,23,1,0,0,3,326.0,2,1
30.625,75.875,2023-10-24,297,43,24,1,1,1,4,326.0,6,1
30.625,75.875,2023-10-25,298,43,25,1,2,2,5,326.0,2,1
30.625,75.875,2023-10-26,299,43,26,1,3,3,6,326.0,2,1
30.625,75.875,2023-10-27,300,43,27,1,3,4,7,326.0,1,1
30.625,75.875,2023-10-28,301,43,28,1,3,5,8,326.0,0,0
30.625,75.875,2023-10-29,302,43,29,1,2,5,8,326.0,3,1
30.625,75.875,2023-10-30,303,44,30,1,2,6,9,326.0,9,1
30.625,75.875,2023-10-31,304,44,31,1,2,6,10,326.0,11,1
30.625,75.875,2023-11-01,305,44,32,1,3,6,11,326.0,7,1
30.625,75.875,2023-11-02,306,44,33,1,3,6,12,326.0,0,0
30.625,75.875,2023-11-03,307,44,34,1,2,5,12,326.0,8,1
30.625,75.875,2023-11-04,308,44,35,1,2,5,13,326.0,15,1
30.625,75.875,2023-11-05,309,44,36,1,2,6,14,326.0,48,1
30.625,75.875,2023-11-06,310,45,37,1,3,6,15,326.0,16,1
30.625,75.875,2023-11-07,311,45,38,1,3,6,16,326.0,17,1
30.625,75.875,2023-11-08,312,45,39,1,3,6,17,326.0,11,1
30.625,75.875,2023-11-09,313,45,40,1,3,6,18,326.0,11,1
30.625,75.875,2023-11-10,314,45,41,1,3,7,19,326.0,0,0
30.625,75.875,2023-11-11,315,45,42,1,2,6,19,326.0,5,1
30.625,75.875,2023-11-12,316,45,43,1,2,6,20,326.0,38,1
30.625,75.875,2023-11-13,317,46,44,1,2,6,21,326.0,6,1
30.625,75.875,2023-11-14,318,46,45,1,3,6,22,326.0,21,1
30.625,75.875,2023-11-15,319,46,46,1,3,6,23,326.0,20,1
30.625,75.875,2023-11-16,320,46,47,0,3,6,24,326.0,19,1
30.625,75.875,2023-11-17,321,46,48,0,3,6,25,326.0,13,1
30.625,75.875,2023-11-18,322,46,49,0,3,7,26,326.0,7,1
30.625,75.875,2023-11-19,323,46,50,0,3,7,27,326.0,7,1
30.625,75.875,2023-11-20,324,47,51,0,3,7,28,326.0,7,1
30.625,75.875,2023-11-21,325,47,52,0,3,7,29,326.0,4,1
30.625,75.875,2023-11-22,326,47,53,0,3,7,30,326.0,4,1
30.625,75.875,2023-11-23,327,47,54,0,3,7,31,326.0,1,1
30.625,75.875,2023-11-24,328,47,55,0,3,7,32,326.0,1,1
30.625,75.875,2023-11-25,329,47,56,0,3,7,33,326.0,0,0
30.625,75.875,2023-11-26,330,47,57,0,2,6,33,326.0,0,0
30.625,75.875,2023-11-27,331,48,58,0,1,5,33,326.0,0,0
30.625,75.875,2023-11-28,332,48,59,0,0,4,33,326.0,0,0
30.625,75.875,2023-11-29,333,48,60,0,0,3,33,326.0,1,1
30.625,75.875,2023-11-30,334,48,61,0,1,3,34,326.0,0,0
30.625,76.125,2023-10-01,274,39,1,0,0,0,0,117.0,0,0
30.625,76.125,2023-10-02,275,40,2,0,0,0,0,117.0,0,0
30.625,76.125,2023-10-03,276,40,3,0,0,0,0,117.0,0,0
30.625,76.125,2023-10-04,277,40,4,0,0,0,0,117.0,0,0
30.625,76.125,2023-10-05,278,40,5,0,0,0,0,117.0,0,0
30.625,76.125,2023-10-06,279,40,6,0,0,0,0,117.0,1,1
30.625,76.125,2023-10-07,280,40,7,0,1,1,1,117.0,0,0
30.625,76.125,2023-10-08,281,40,8,0,1,1,1,117.0,0,0
30.625,76.125,2023-10-09,282,41,9,0,1,1,1,117.0,0,0
30.625,76.125,2023-10-10,283,41,10,0,0,1,1,117.0,0,0
30.625,76.125,2023-10-11,284,41,11,0,0,1,1,117.0,0,0
30.625,76.125,2023-10-12,285,41,12,0,0,1,1,117.0,0,0
30.625,76.125,2023-10-13,286,41,13,0,0,1,1,117.0,0,0
30.625,76.125,2023-10-14,287,41,14,0,0,0,1,117.0,0,0
30.625,76.125,2023-10-15,288,41,15,0,0,0,1,117.0,0,0
30.625,76.125,2023-10-16,289,42,16,0,0,0,1,117.0,0,0
30.625,76.125,2023-10-17,290,42,17,0,0,0,1,117.0,0,0
30.625,76.125,2023-10-18,291,42,18,0,0,0,1,117.0,0,0
30.625,76.125,2023-10-19,292,42,19,0,0,0,1,117.0,0,0
30.625,76.125,2023-10-20,293,42,20,1,0,0,1,117.0,1,1
30.625,76.125,2023-10-21,294,42,21,1,1,1,2,117.0,1,1
30.625,76.125,2023-10-22,295,42,22,1,2,2,3,117.0,0,0
30.625,76.125,2023-10-23,296,43,23,1,2,2,3,117.0,3,1
30.625,76.125,2023-10-24,297,43,24,1,2,3,4,117.0,0,0
30.625,76.125,2023-10-25,298,43,25,1,1,3,4,117.0,1,1
30.625,76.125,2023-10-26,299,43,26,1,2,4,5,117.0,3,1
30.625,76.125,2023-10-27,300,43,27,1,2,5,6,117.0,2,1
30.625,76.125,2023-10-28,301,43,28,1,3,5,7,117.0,0,0
30.625,76.125,2023-10-29,302,43,29,1,2,4,7,117.0,1,1
30.625,76.125,2023-10-30,303,44,30,1,2,5,8,117.0,2,1
30.625,76.125,2023-10-31,304,44,31,1,2,5,9,117.0,1,1
30.625,76.125,2023-11-01,305,44,32,1,3,6,10,117.0,8,1
30.625,76.125,2023-11-02,306,44,33,1,3,6,11,117.0,0,0
30.625,76.125,2023-11-03,307,44,34,1,2,5,11,117.0,1,1
30.625,76.125,2023-11-04,308,44,35,1,2,5,12,117.0,5,1
30.625,76.125,2023-11-05,309,44,36,1,2,6,13,117.0,7,1
30.625,76.125,2023-11-06,310,45,37,1,3,6,14,117.0,5,1
30.625,76.125,2023-11-07,311,45,38,1,3,6,15,117.0,8,1
30.625,76.125,2023-11-08,312,45,39,1,3,6,16,117.0,5,1
30.625,76.125,2023-11-09,313,45,40,1,3,6,17,117.0,2,1
30.625,76.125,2023-11-10,314,45,41,1,3,7,18,117.0,0,0
30.625,76.125,2023-11-11,315,45,42,1,2,6,18,117.0,2,1
30.625,76.125,2023-11-12,316,45,43,1,2,6,19,117.0,25,1
30.625,76.125,2023-11-13,317,46,44,1,2,6,20,117.0,6,1
30.625,76.125,2023-11-14,318,46,45,1,3,6,21,117.0,6,1
30.625,76.125,2023-11-15,319,46,46,1,3,6,22,117.0,6,1
30.625,76.125,2023-11-16,320,46,47,0,3,6,23,117.0,2,1
30.625,76.125,2023-11-17,321,46,48,0,3,6,24,117.0,1,1
30.625,76.125,2023-11-18,322,46,49,0,3,7,25,117.0,3,1
30.625,76.125,2023-11-19,323,46,50,0,3,7,26,117.0,3,1
30.625,76.125,2023-11-20,324,47,51,0,3,7,27,117.0,0,0
30.625,76.125,2023-11-21,325,47,52,0,2,6,27,117.0,1,1
30.625,76.125,2023-11-22,326,47,53,0,2,6,28,117.0,3,1
30.625,76.125,2023-11-23,327,47,54,0,2,6,29,117.0,2,1
30.625,76.125,2023-11-24,328,47,55,0,3,6,30,117.0,0,0
30.625,76.125,2023-11-25,329,47,56,0,2,5,30,117.0,0,0
30.625,76.125,2023-11-26,330,47,57,0,1,4,30,117.0,0,0
30.625,76.125,2023-11-27,331,48,58,0,0,3,30,117.0,0,0
30.625,76.125,2023-11-28,332,48,59,0,0,3,30,117.0,0,0
30.625,76.125,2023-11-29,333,48,60,0,0,2,30,117.0,0,0
30.625,76.125,2023-11-30,334,48,61,0,0,1,30,117.0,0,0
30.625,76.375,2023-10-01,274,39,1,0,0,0,0,480.0,0,0
30.625,76.375,2023-10-02,275,40,2,0,0,0,0,480.0,3,1
30.625,76.375,2023-10-03,276,40,3,0,1,1,1,480.0,0,0
30.625,76.375,2023-10-04,277,40,4,0,1,1,1,480.0,0,0
30.625,76.375,2023-10-05,278,40,5,0,1,1,1,480.0,1,1
30.625,76.375,2023-10-06,279,40,6,0,1,2,2,480.0,0,0
30.625,76.375,2023-10-07,280,40,7,0,1,2,2,480.0,1,1
30.625,76.375,2023-10-08,281,40,8,0,2,3,3,480.0,0,0
30.625,76.375,2023-10-09,282,41,9,0,1,3,3,480.0,2,1
30.625,76.375,2023-10-10,283,41,10,0,2,3,4,480.0,0,0
30.625,76.375,2023-10-11,284,41,11,0,1,3,4,480.0,0,0
30.625,76.375,2023-10-12,285,41,12,0,1,3,4,480.0,2,1
30.625,76.375,2023-10-13,286,41,13,0,1,3,5,480.0,0,0
30.625,76.375,2023-10-14,287,41,14,0,1,3,5,480.0,3,1
30.625,76.375,2023-10-15,288,41,15,0,2,3,6,480.0,0,0
30.625,76.375,2023-10-16,289,42,16,0,1,3,6,480.0,0,0
30.625,76.375,2023-10-17,290,42,17,0,1,2,6,480.0,0,0
30.625,76.375,2023-10-18,291,42,18,0,0,2,6,480.0,0,0
30.625,76.375,2023-10-19,292,42,19,0,0,2,6,480.0,1,1
30.625,76.375,2023-10-20,293,42,20,1,1,2,7,480.0,6,1
30.625,76.375,2023-10-21,294,42,21,1,2,3,8,480.0,3,1
30.625,76.375,2023-10-22,295,42,22,1,3,3,9,480.0,0,0
30.625,76.375,2023-10-23,296,43,23,1,2,3,9,480.0,14,1
30.625,76.375,2023-10-24,297,43,24,1,2,4,10,480.0,24,1
30.625,76.375,2023-10-25,298,43,25,1,2,5,11,480.0,11,1
30.625,76.375,2023-10-26,299,43,26,1,3,6,12,480.0,17,1
30.625,76.375,2023-10-27,300,43,27,1,3,6,13,480.0,33,1
30.625,76.375,2023-10-28,301,43,28,1,3,6,14,480.0,2,1
30.625,76.375,2023-10-29,302,43,29,1,3,6,15,480.0,32,1
30.625,76.375,2023-10-30,303,44,30,1,3,7,16,480.0,28,1
30.625,76.375,2023-10-31,304,44,31,1,3,7,17,480.0,43,1
30.625,76.375,2023-11-01,305,44,32,1,3,7,18,480.0,47,1
30.625,76.375,2023-11-02,306,44,33,1,3,7,19,480.0,0,0
30.625,76.375,2023-11-03,307,44,34,1,2,6,19,480.0,25,1
30.625,76.375,2023-11-04,308,44,35,1,2,6,20,480.0,17,1
30.625,76.375,2023-11-05,309,44,36,1,2,6,21,480.0,58,1
30.625,76.375,2023-11-06,310,45,37,1,3,6,22,480.0,16,1
30.625,76.375,2023-11-07,311,45,38,1,3,6,23,480.0,13,1
30.625,76.375,2023-11-08,312,45,39,1,3,6,24,480.0,8,1
30.625,76.375,2023-11-09,313,45,40,1,3,6,25,480.0,7,1
30.625,76.375,2023-11-10,314,45,41,1,3,7,26,480.0,0,0
30.625,76.375,2023-11-11,315,45,42,1,2,6,26,480.0,6,1
30.625,76.375,2023-11-12,316,45,43,1,2,6,27,480.0,24,1
30.625,76.375,2023-11-13,317,46,44,1,2,6,28,480.0,5,1
30.625,76.375,2023-11-14,318,46,45,1,3,6,29,480.0,5,1
30.625,76.375,2023-11-15,319,46,46,1,3,6,30,480.0,4,1
30.625,76.375,2023-11-16,320,46,47,0,3,6,31,480.0,5,1
30.625,76.375,2023-11-17,321,46,48,0,3,6,32,480.0,0,0
30.625,76.375,2023-11-18,322,46,49,0,2,6,32,480.0,1,1
30.625,76.375,2023-11-19,323,46,50,0,2,6,33,480.0,5,1
30.625,76.375,2023-11-20,324,47,51,0,2,6,34,480.0,3,1
30.625,76.375,2023-11-21,325,47,52,0,3,6,35,480.0,2,1
30.625,76.375,2023-11-22,326,47,53,0,3,6,36,480.0,0,0
30.625,76.375,2023-11-23,327,47,54,0,2,5,36,480.0,0,0
30.625,76.375,2023-11-24,328,47,55,0,1,4,36,480.0,3,1
30.625,76.375,2023-11-25,329,47,56,0,1,5,37,480.0,0,0
30.625,76.375,2023-11-26,330,47,57,0,1,4,37,480.0,0,0
30.625,76.375,2023-11-27,331,48,58,0,1,3,37,480.0,0,0
30.625,76.375,2023-11-28,332,48,59,0,0,2,37,480.0,0,0
30.625,76.375,2023-11-29,333,48,60,0,0,1,37,480.0,0,0
30.625,76.375,2023-11-30,334,48,61,0,0,1,37,480.0,0,0
30.625,76.625,2023-10-01,274,39,1,0,0,0,0,203.0,0,0
30.625,76.625,2023-10-02,275,40,2,0,0,0,0,203.0,3,1
30.625,76.625,2023-10-03,276,40,3,0,1,1,1,203.0,0,0
30.625,76.625,2023-10-04,277,40,4,0,1,1,1,203.0,2,1
30.625,76.625,2023-10-05,278,40,5,0,2,2,2,203.0,4,1
30.625,76.625,2023-10-06,279,40,6,0,2,3,3,203.0,2,1
30.625,76.625,2023-10-07,280,40,7,0,3,4,4,203.0,0,0
30.625,76.625,2023-10-08,281,40,8,0,2,4,4,203.0,5,1
30.625,76.625,2023-10-09,282,41,9,0,2,5,5,203.0,1,1
30.625,76.625,2023-10-10,283,41,10,0,2,5,6,203.0,0,0
30.625,76.625,2023-10-11,284,41,11,0,2,5,6,203.0,3,1
30.625,76.625,2023-10-12,285,41,12,0,2,5,7,203.0,3,1
30.625,76.625,2023-10-13,286,41,13,0,2,5,8,203.0,3,1
30.625,76.625,2023-10-14,287,41,14,0,3,5,9,203.0,11,1
30.625,76.625,2023-10-15,288,41,15,0,3,6,10,203.0,0,0
30.625,76.625,2023-10-16,289,42,16,0,2,5,10,203.0,0,0
30.625,76.625,2023-10-17,290,42,17,0,1,4,10,203.0,0,0
30.625,76.625,2023-10-18,291,42,18,0,0,4,10,203.0,0,0
30.625,76.625,2023-10-19,292,42,19,0,0,3,10,203.0,0,0
30.625,76.625,2023-10-20,293,42,20,1,0,2,10,203.0,6,1
30.625,76.625,2023-10-21,294,42,21,1,1,2,11,203.0,8,1
30.625,76.625,2023-10-22,295,42,22,1,2,2,12,203.0,0,0
30.625,76.625,2023-10-23,296,43,23,1,2,2,12,203.0,4,1
30.625,76.625,2023-10-24,297,43,24,1,2,3,13,203.0,27,1
30.625,76.625,2023-10-25,298,43,25,1,2,4,14,203.0,17,1
30.625,76.625,2023-10-26,299,43,26,1,3,5,15,203.0,22,1
30.625,76.625,2023-10-27,300,43,27,1,3,6,16,203.0,17,1
30.625,76.625,2023-10-28,301,43,28,1,3,6,17,203.0,0,0
30.625,76.625,2023-10-29,302,43,29,1,2,5,17,203.0,11,1
30.625,76.625,2023-10-30,303,44,30,1,2,6,18,203.0,5,1
30.625,76.625,2023-10-31,304,44,31,1,2,6,19,203.0,15,1
30.625,76.625,2023-11-01,305,44,32,1,3,6,20,203.0,10,1
30.625,76.625,2023-11-02,306,44,33,1,3,6,21,203.0,0,0
30.625,76.625,2023-11-03,307,44,34,1,2,5,21,203.0,4,1
30.625,76.625,2023-11-04,308,44,35,1,2,5,22,203.0,2,1
30.625,76.625,2023-11-05,309,44,36,1,2,6,23,203.0,8,1
30.625,76.625,2023-11-06,310,45,37,1,3,6,24,203.0,3,1
30.625,76.625,2023-11-07,311,45,38,1,3,6,25,203.0,5,1
30.625,76.625,2023-11-08,312,45,39,1,3,6,26,203.0,0,0
30.625,76.625,2023-11-09,313,45,40,1,2,5,26,203.0,0,0
30.625,76.625,2023-11-10,314,45,41,1,1,5,26,203.0,0,0
30.625,76.625,2023-11-11,315,45,42,1,0,4,26,203.0,0,0
30.625,76.625,2023-11-12,316,45,43,1,0,3,26,203.0,1,1
30.625,76.625,2023-11-13,317,46,44,1,1,3,27,203.0,0,0
30.625,76.625,2023-11-14,318,46,45,1,1,2,27,203.0,0,0
30.625,76.625,2023-11-15,319,46,46,1,1,1,27,203.0,0,0
30.625,76.625,2023-11-16,320,46,47,0,0,1,27,203.0,0,0
30.625,76.625,2023-11-17,321,46,48,0,0,1,27,203.0,0,0
30.625,76.625,2023-11-18,322,46,49,0,0,1,27,203.0,0,0
30.625,76.625,2023-11-19,323,46,50,0,0,1,27,203.0,0,0
30.625,76.625,2023-11-20,324,47,51,0,0,0,27,203.0,0,0
30.625,76.625,2023-11-21,325,47,52,0,0,0,27,203.0,0,0
30.625,76.625,2023-11-22,326,47,53,0,0,0,27,203.0,0,0
30.625,76.625,2023-11-23,327,47,54,0,0,0,27,203.0,0,0
30.625,76.625,2023-11-24,328,47,55,0,0,0,27,203.0,1,1
30.625,76.625,2023-11-25,329,47,56,0,1,1,28,203.0,0,0
30.625,76.625,2023-11-26,330,47,57,0,1,1,28,203.0,0,0
30.625,76.625,2023-11-27,331,48,58,0,1,1,28,203.0,0,0
30.625,76.625,2023-11-28,332,48,59,0,0,1,28,203.0,0,0
30.625,76.625,2023-11-29,333,48,60,0,0,1,28,203.0,0,0
30.625,76.625,2023-11-30,334,48,61,0,0,1,28,203.0,0,0
30.625,76.875,2023-10-01,274,39,1,0,0,0,0,63.0,3,1
30.625,76.875,2023-10-02,275,40,2,0,1,1,1,63.0,4,1
30.625,76.875,2023-10-03,276,40,3,0,2,2,2,63.0,1,1
30.625,76.875,2023-10-04,277,40,4,0,3,3,3,63.0,3,1
30.625,76.875,2023-10-05,278,40,5,0,3,4,4,63.0,2,1
30.625,76.875,2023-10-06,279,40,6,0,3,5,5,63.0,0,0
30.625,76.875,2023-10-07,280,40,7,0,2,5,5,63.0,0,0
30.625,76.875,2023-10-08,281,40,8,0,1,5,5,63.0,8,1
30.625,76.875,2023-10-09,282,41,9,0,1,5,6,63.0,2,1
30.625,76.875,2023-10-10,283,41,10,0,2,5,7,63.0,0,0
30.625,76.875,2023-10-11,284,41,11,0,2,4,7,63.0,2,1
30.625,76.875,2023-10-12,285,41,12,0,2,4,8,63.0,4,1
30.625,76.875,2023-10-13,286,41,13,0,2,4,9,63.0,5,1
30.625,76.875,2023-10-14,287,41,14,0,3,5,10,63.0,2,1
30.625,76.875,2023-10-15,288,41,15,0,3,6,11,63.0,1,1
30.625,76.875,2023-10-16,289,42,16,0,3,6,12,63.0,0,0
30.625,76.875,2023-10-17,290,42,17,0,2,5,12,63.0,0,0
30.625,76.875,2023-10-18,291,42,18,0,1,5,12,63.0,1,1
30.625,76.875,2023-10-19,292,42,19,0,1,5,13,63.0,0,0
30.625,76.875,2023-10-20,293,42,20,1,1,4,13,63.0,0,0
30.625,76.875,2023-10-21,294,42,21,1,1,3,13,63.0,8,1
30.625,76.875,2023-10-22,295,42,22,1,1,3,14,63.0,0,0
30.625,76.875,2023-10-23,296,43,23,1,1,2,14,63.0,3,1
30.625,76.875,2023-10-24,297,43,24,1,2,3,15,63.0,1,1
30.625,76.875,2023-10-25,298,43,25,1,2,4,16,63.0,2,1
30.625,76.875,2023-10-26,299,43,26,1,3,4,17,63.0,7,1
30.625,76.875,2023-10-27,300,43,27,1,3,5,18,63.0,0,0
30.625,76.875,2023-10-28,301,43,28,1,2,5,18,63.0,1,1
30.625,76.875,2023-10-29,302,43,29,1,2,5,19,63.0,0,0
30.625,76.875,2023-10-30,303,44,30,1,1,5,19,63.0,0,0
30.625,76.875,2023-10-31,304,44,31,1,1,4,19,63.0,3,1
30.625,76.875,2023-11-01,305,44,32,1,1,4,20,63.0,0,0
30.625,76.875,2023-11-02,306,44,33,1,1,3,20,63.0,0,0
30.625,76.875,2023-11-03,307,44,34,1,1,2,20,63.0,0,0
30.625,76.875,2023-11-04,308,44,35,1,0,2,20,63.0,0,0
30.625,76.875,2023-11-05,309,44,36,1,0,1,20,63.0,0,0
30.625,76.875,2023-11-06,310,45,37,1,0,1,20,63.0,0,0
30.625,76.875,2023-11-07,311,45,38,1,0,1,20,63.0,0,0
30.625,76.875,2023-11-08,312,45,39,1,0,0,20,63.0,0,0
30.625,76.875,2023-11-09,313,45,40,1,0,0,20,63.0,0,0
30.625,76.875,2023-11-10,314,45,41,1,0,0,20,63.0,0,0
30.625,76.875,2023-11-11,315,45,42,1,0,0,20,63.0,0,0
30.625,76.875,2023-11-12,316,45,43,1,0,0,20,63.0,0,0
30.625,76.875,2023-11-13,317,46,44,1,0,0,20,63.0,0,0
30.625,76.875,2023-11-14,318,46,45,1,0,0,20,63.0,0,0
30.625,76.875,2023-11-15,319,46,46,1,0,0,20,63.0,0,0
30.625,76.875,2023-11-16,320,46,47,0,0,0,20,63.0,0,0
30.625,76.875,2023-11-17,321,46,48,0,0,0,20,63.0,0,0
30.625,76.875,2023-11-18,322,46,49,0,0,0,20,63.0,0,0
30.625,76.875,2023-11-19,323,46,50,0,0,0,20,63.0,0,0
30.625,76.875,2023-11-20,324,47,51,0,0,0,20,63.0,0,0
30.625,76.875,2023-11-21,325,47,52,0,0,0,20,63.0,0,0
30.625,76.875,2023-11-22,326,47,53,0,0,0,20,63.0,0,0
30.625,76.875,2023-11-23,327,47,54,0,0,0,20,63.0,0,0
30.625,76.875,2023-11-24,328,47,55,0,0,0,20,63.0,0,0
30.625,76.875,2023-11-25,329,47,56,0,0,0,20,63.0,0,0
30.625,76.875,2023-11-26,330,47,57,0,0,0,20,63.0,0,0
30.625,76.875,2023-11-27,331,48,58,0,0,0,20,63.0,0,0
30.625,76.875,2023-11-28,332,48,59,0,0,0,20,63.0,0,0
30.625,76.875,2023-11-29,333,48,60,0,0,0,20,63.0,0,0
30.625,76.875,2023-11-30,334,48,61,0,0,0,20,63.0,0,0
30.625,77.125,2023-10-01,274,39,1,0,0,0,0,6.0,0,0
30.625,77.125,2023-10-02,275,40,2,0,0,0,0,6.0,1,1
30.625,77.125,2023-10-03,276,40,3,0,1,1,1,6.0,0,0
30.625,77.125,2023-10-04,277,40,4,0,1,1,1,6.0,0,0
30.625,77.125,2023-10-05,278,40,5,0,1,1,1,6.0,0,0
30.625,77.125,2023-10-06,279,40,6,0,0,1,1,6.0,0,0
30.625,77.125,2023-10-07,280,40,7,0,0,1,1,6.0,0,0
30.625,77.125,2023-10-08,281,40,8,0,0,1,1,6.0,0,0
30.625,77.125,2023-10-09,282,41,9,0,0,1,1,6.0,0,0
30.625,77.125,2023-10-10,283,41,10,0,0,0,1,6.0,0,0
30.625,77.125,2023-10-11,284,41,11,0,0,0,1,6.0,0,0
30.625,77.125,2023-10-12,285,41,12,0,0,0,1,6.0,0,0
30.625,77.125,2023-10-13,286,41,13,0,0,0,1,6.0,0,0
30.625,77.125,2023-10-14,287,41,14,0,0,0,1,6.0,0,0
30.625,77.125,2023-10-15,288,41,15,0,0,0,1,6.0,0,0
30.625,77.125,2023-10-16,289,42,16,0,0,0,1,6.0,0,0
30.625,77.125,2023-10-17,290,42,17,0,0,0,1,6.0,0,0
30.625,77.125,2023-10-18,291,42,18,0,0,0,1,6.0,0,0
30.625,77.125,2023-10-19,292,42,19,0,0,0,1,6.0,0,0
30.625,77.125,2023-10-20,293,42,20,1,0,0,1,6.0,0,0
30.625,77.125,2023-10-21,294,42,21,1,0,0,1,6.0,0,0
30.625,77.125,2023-10-22,295,42,22,1,0,0,1,6.0,0,0
30.625,77.125,2023-10-23,296,43,23,1,0,0,1,6.0,1,1
30.625,77.125,2023-10-24,297,43,24,1,1,1,2,6.0,2,1
30.625,77.125,2023-10-25,298,43,25,1,2,2,3,6.0,0,0
30.625,77.125,2023-10-26,299,43,26,1,2,2,3,6.0,0,0
30.625,77.125,2023-10-27,300,43,27,1,1,2,3,6.0,0,0
30.625,77.125,2023-10-28,301,43,28,1,0,2,3,6.0,0,0
30.625,77.125,2023-10-29,302,43,29,1,0,2,3,6.0,0,0
30.625,77.125,2023-10-30,303,44,30,1,0,2,3,6.0,0,0
30.625,77.125,2023-10-31,304,44,31,1,0,1,3,6.0,0,0
30.625,77.125,2023-11-01,305,44,32,1,0,0,3,6.0,1,1
30.625,77.125,2023-11-02,306,44,33,1,1,1,4,6.0,0,0
30.625,77.125,2023-11-03,307,44,34,1,1,1,4,6.0,0,0
30.625,77.125,2023-11-04,308,44,35,1,1,1,4,6.0,0,0
30.625,77.125,2023-11-05,309,44,36,1,0,1,4,6.0,0,0
30.625,77.125,2023-11-06,310,45,37,1,0,1,4,6.0,1,1
30.625,77.125,2023-11-07,311,45,38,1,1,2,5,6.0,0,0
30.625,77.125,2023-11-08,312,45,39,1,1,2,5,6.0,0,0
30.625,77.125,2023-11-09,313,45,40,1,1,1,5,6.0,0,0
30.625,77.125,2023-11-10,314,45,41,1,0,1,5,6.0,0,0
30.625,77.125,2023-11-11,315,45,42,1,0,1,5,6.0,0,0
30.625,77.125,2023-11-12,316,45,43,1,0,1,5,6.0,0,0
30.625,77.125,2023-11-13,317,46,44,1,0,1,5,6.0,0,0
30.625,77.125,2023-11-14,318,46,45,1,0,0,5,6.0,0,0
30.625,77.125,2023-11-15,319,46,46,1,0,0,5,6.0,0,0
30.625,77.125,2023-11-16,320,46,47,0,0,0,5,6.0,0,0
30.625,77.125,2023-11-17,321,46,48,0,0,0,5,6.0,0,0
30.625,77.125,2023-11-18,322,46,49,0,0,0,5,6.0,0,0
30.625,77.125,2023-11-19,323,46,50,0,0,0,5,6.0,0,0
30.625,77.125,2023-11-20,324,47,51,0,0,0,5,6.0,0,0
30.625,77.125,2023-11-21,325,47,52,0,0,0,5,6.0,0,0
30.625,77.125,2023-11-22,326,47,53,0,0,0,5,6.0,0,0
30.625,77.125,2023-11-23,327,47,54,0,0,0,5,6.0,0,0
30.625,77.125,2023-11-24,328,47,55,0,0,0,5,6.0,0,0
30.625,77.125,2023-11-25,329,47,56,0,0,0,5,6.0,0,0
30.625,77.125,2023-11-26,330,47,57,0,0,0,5,6.0,0,0
30.625,77.125,2023-11-27,331,48,58,0,0,0,5,6.0,0,0
30.625,77.125,2023-11-28,332,48,59,0,0,0,5,6.0,0,0
30.625,77.125,2023-11-29,333,48,60,0,0,0,5,6.0,0,0
30.625,77.125,2023-11-30,334,48,61,0,0,0,5,6.0,0,0
30.875,74.375,2023-10-01,274,39,1,0,0,0,0,533.0,0,0
30.875,74.375,2023-10-02,275,40,2,0,0,0,0,533.0,0,0
30.875,74.375,2023-10-03,276,40,3,0,0,0,0,533.0,1,1
30.875,74.375,2023-10-04,277,40,4,0,1,1,1,533.0,0,0
30.875,74.375,2023-10-05,278,40,5,0,1,1,1,533.0,2,1
30.875,74.375,2023-10-06,279,40,6,0,2,2,2,533.0,2,1
30.875,74.375,2023-10-07,280,40,7,0,2,3,3,533.0,0,0
30.875,74.375,2023-10-08,281,40,8,0,2,3,3,533.0,2,1
30.875,74.375,2023-10-09,282,41,9,0,2,4,4,533.0,1,1
30.875,74.375,2023-10-10,283,41,10,0,2,5,5,533.0,3,1
30.875,74.375,2023-10-11,284,41,11,0,3,5,6,533.0,6,1
30.875,74.375,2023-10-12,285,41,12,0,3,6,7,533.0,2,1
30.875,74.375,2023-10-13,286,41,13,0,3,6,8,533.0,1,1
30.875,74.375,2023-10-14,287,41,14,0,3,6,9,533.0,4,1
30.875,74.375,2023-10-15,288,41,15,0,3,7,10,533.0,0,0
30.875,74.375,2023-10-16,289,42,16,0,2,6,10,533.0,0,0
30.875,74.375,2023-10-17,290,42,17,0,1,5,10,533.0,0,0
30.875,74.375,2023-10-18,291,42,18,0,0,4,10,533.0,1,1
30.875,74.375,2023-10-19,292,42,19,0,1,4,11,533.0,1,1
30.875,74.375,2023-10-20,293,42,20,1,2,4,12,533.0,4,1
30.875,74.375,2023-10-21,294,42,21,1,3,4,13,533.0,6,1
30.875,74.375,2023-10-22,295,42,22,1,3,4,14,533.0,1,1
30.875,74.375,2023-10-23,296,43,23,1,3,5,15,533.0,6,1
30.875,74.375,2023-10-24,297,43,24,1,3,6,16,533.0,12,1
30.875,74.375,2023-10-25,298,43,25,1,3,7,17,533.0,11,1
30.875,74.375,2023-10-26,299,43,26,1,3,7,18,533.0,19,1
30.875,74.375,2023-10-27,300,43,27,1,3,7,19,533.0,11,1
30.875,74.375,2023-10-28,301,43,28,1,3,7,20,533.0,8,1
30.875,74.375,2023-10-29,302,43,29,1,3,7,21,533.0,22,1
30.875,74.375,2023-10-30,303,44,30,1,3,7,22,533.0,36,1
30.875,74.375,2023-10-31,304,44,31,1,3,7,23,533.0,34,1
30.875,74.375,2023-11-01,305,44,32,1,3,7,24,533.0,27,1
30.875,74.375,2023-11-02,306,44,33,1,3,7,25,533.0,0,0
30.875,74.375,2023-11-03,307,44,34,1,2,6,25,533.0,35,1
30.875,74.375,2023-11-04,308,44,35,1,2,6,26,533.0,16,1
30.875,74.375,2023-11-05,309,44,36,1,2,6,27,533.0,55,1
30.875,74.375,2023-11-06,310,45,37,1,3,6,28,533.0,21,1
30.875,74.375,2023-11-07,311,45,38,1,3,6,29,533.0,11,1
30.875,74.375,2023-11-08,312,45,39,1,3,6,30,533.0,18,1
30.875,74.375,2023-11-09,313,45,40,1,3,6,31,533.0,25,1
30.875,74.375,2023-11-10,314,45,41,1,3,7,32,533.0,0,0
30.875,74.375,2023-11-11,315,45,42,1,2,6,32,533.0,0,0
30.875,74.375,2023-11-12,316,45,43,1,1,5,32,533.0,0,0
30.875,74.375,2023-11-13,317,46,44,1,0,4,32,533.0,3,1
30.875,74.375,2023-11-14,318,46,45,1,1,4,33,533.0,37,1
30.875,74.375,2023-11-15,319,46,46,1,2,4,34,533.0,16,1
30.875,74.375,2023-11-16,320,46,47,0,3,4,35,533.0,15,1
30.875,74.375,2023-11-17,321,46,48,0,3,4,36,533.0,7,1
30.875,74.375,2023-11-18,322,46,49,0,3,5,37,533.0,3,1
30.875,74.375,2023-11-19,323,46,50,0,3,6,38,533.0,19,1
30.875,74.375,2023-11-20,324,47,51,0,3,7,39,533.0,13,1
30.875,74.375,2023-11-21,325,47,52,0,3,7,40,533.0,6,1
30.875,74.375,2023-11-22,326,47,53,0,3,7,41,533.0,1,1
30.875,74.375,2023-11-23,327,47,54,0,3,7,42,533.0,3,1
30.875,74.375,2023-11-24,328,47,55,0,3,7,43,533.0,4,1
30.875,74.375,2023-11-25,329,47,56,0,3,7,44,533.0,2,1
30.875,74.375,2023-11-26,330,47,57,0,3,7,45,533.0,0,0
30.875,74.375,2023-11-27,331,48,58,0,2,6,45,533.0,0,0
30.875,74.375,2023-11-28,332,48,59,0,1,5,45,533.0,0,0
30.875,74.375,2023-11-29,333,48,60,0,0,4,45,533.0,0,0
30.875,74.375,2023-11-30,334,48,61,0,0,3,45,533.0,0,0
30.875,74.625,2023-10-01,274,39,1,0,0,0,0,767.0,0,0
30.875,74.625,2023-10-02,275,40,2,0,0,0,0,767.0,1,1
30.875,74.625,2023-10-03,276,40,3,0,1,1,1,767.0,1,1
30.875,74.625,2023-10-04,277,40,4,0,2,2,2,767.0,2,1
30.875,74.625,2023-10-05,278,40,5,0,3,3,3,767.0,0,0
30.875,74.625,2023-10-06,279,40,6,0,2,3,3,767.0,1,1
30.875,74.625,2023-10-07,280,40,7,0,2,4,4,767.0,1,1
30.875,74.625,2023-10-08,281,40,8,0,2,5,5,767.0,1,1
30.875,74.625,2023-10-09,282,41,9,0,3,6,6,767.0,1,1
30.875,74.625,2023-10-10,283,41,10,0,3,6,7,767.0,1,1
30.875,74.625,2023-10-11,284,41,11,0,3,6,8,767.0,0,0
30.875,74.625,2023-10-12,285,41,12,0,2,5,8,767.0,3,1
30.875,74.625,2023-10-13,286,41,13,0,2,6,9,767.0,1,1
30.875,74.625,2023-10-14,287,41,14,0,2,6,10,767.0,2,1
30.875,74.625,2023-10-15,288,41,15,0,3,6,11,767.0,0,0
30.875,74.625,2023-10-16,289,42,16,0,2,5,11,767.0,0,0
30.875,74.625,2023-10-17,290,42,17,0,1,4,11,767.0,0,0
30.875,74.625,2023-10-18,291,42,18,0,0,3,11,767.0,5,1
30.875,74.625,2023-10-19,292,42,19,0,1,4,12,767.0,5,1
30.875,74.625,2023-10-20,293,42,20,1,2,4,13,767.0,7,1
30.875,74.625,2023-10-21,294,42,21,1,3,4,14,767.0,9,1
30.875,74.625,2023-10-22,295,42,22,1,3,4,15,767.0,0,0
30.875,74.625,2023-10-23,296,43,23,1,2,4,15,767.0,8,1
30.875,74.625,2023-10-24,297,43,24,1,2,5,16,767.0,16,1
30.875,74.625,2023-10-25,298,43,25,1,2,6,17,767.0,15,1
30.875,74.625,2023-10-26,299,43,26,1,3,6,18,767.0,32,1
30.875,74.625,2023-10-27,300,43,27,1,3,6,19,767.0,10,1
30.875,74.625,2023-10-28,301,43,28,1,3,6,20,767.0,17,1
30.875,74.625,2023-10-29,302,43,29,1,3,6,21,767.0,58,1
30.875,74.625,2023-10-30,303,44,30,1,3,7,22,767.0,44,1
30.875,74.625,2023-10-31,304,44,31,1,3,7,23,767.0,60,1
30.875,74.625,2023-11-01,305,44,32,1,3,7,24,767.0,41,1
30.875,74.625,2023-11-02,306,44,33,1,3,7,25,767.0,0,0
30.875,74.625,2023-11-03,307,44,34,1,2,6,25,767.0,24,1
30.875,74.625,2023-11-04,308,44,35,1,2,6,26,767.0,42,1
30.875,74.625,2023-11-05,309,44,36,1,2,6,27,767.0,94,1
30.875,74.625,2023-11-06,310,45,37,1,3,6,28,767.0,31,1
30.875,74.625,2023-11-07,311,45,38,1,3,6,29,767.0,30,1
30.875,74.625,2023-11-08,312,45,39,1,3,6,30,767.0,23,1
30.875,74.625,2023-11-09,313,45,40,1,3,6,31,767.0,4,1
30.875,74.625,2023-11-10,314,45,41,1,3,7,32,767.0,0,0
30.875,74.625,2023-11-11,315,45,42,1,2,6,32,767.0,0,0
30.875,74.625,2023-11-12,316,45,43,1,1,5,32,767.0,0,0
30.875,74.625,2023-11-13,317,46,44,1,0,4,32,767.0,17,1
30.875,74.625,2023-11-14,318,46,45,1,1,4,33,767.0,37,1
30.875,74.625,2023-11-15,319,46,46,1,2,4,34,767.0,32,1
30.875,74.625,2023-11-16,320,46,47,0,3,4,35,767.0,11,1
30.875,74.625,2023-11-17,321,46,48,0,3,4,36,767.0,23,1
30.875,74.625,2023-11-18,322,46,49,0,3,5,37,767.0,11,1
30.875,74.625,2023-11-19,323,46,50,0,3,6,38,767.0,11,1
30.875,74.625,2023-11-20,324,47,51,0,3,7,39,767.0,11,1
30.875,74.625,2023-11-21,325,47,52,0,3,7,40,767.0,7,1
30.875,74.625,2023-11-22,326,47,53,0,3,7,41,767.0,7,1
30.875,74.625,2023-11-23,327,47,54,0,3,7,42,767.0,4,1
30.875,74.625,2023-11-24,328,47,55,0,3,7,43,767.0,4,1
30.875,74.625,2023-11-25,329,47,56,0,3,7,44,767.0,0,0
30.875,74.625,2023-11-26,330,47,57,0,2,6,44,767.0,1,1
30.875,74.625,2023-11-27,331,48,58,0,2,6,45,767.0,0,0
30.875,74.625,2023-11-28,332,48,59,0,1,5,45,767.0,0,0
30.875,74.625,2023-11-29,333,48,60,0,1,4,45,767.0,0,0
30.875,74.625,2023-11-30,334,48,61,0,0,3,45,767.0,1,1
30.875,74.875,2023-10-01,274,39,1,0,0,0,0,708.0,0,0
30.875,74.875,2023-10-02,275,40,2,0,0,0,0,708.0,0,0
30.875,74.875,2023-10-03,276,40,3,0,0,0,0,708.0,0,0
30.875,74.875,2023-10-04,277,40,4,0,0,0,0,708.0,0,0
30.875,74.875,2023-10-05,278,40,5,0,0,0,0,708.0,1,1
30.875,74.875,2023-10-06,279,40,6,0,1,1,1,708.0,0,0
30.875,74.875,2023-10-07,280,40,7,0,1,1,1,708.0,0,0
30.875,74.875,2023-10-08,281,40,8,0,1,1,1,708.0,0,0
30.875,74.875,2023-10-09,282,41,9,0,0,1,1,708.0,1,1
30.875,74.875,2023-10-10,283,41,10,0,1,2,2,708.0,0,0
30.875,74.875,2023-10-11,284,41,11,0,1,2,2,708.0,0,0
30.875,74.875,2023-10-12,285,41,12,0,1,2,2,708.0,2,1
30.875,74.875,2023-10-13,286,41,13,0,1,2,3,708.0,1,1
30.875,74.875,2023-10-14,287,41,14,0,2,3,4,708.0,1,1
30.875,74.875,2023-10-15,288,41,15,0,3,4,5,708.0,0,0
30.875,74.875,2023-10-16,289,42,16,0,2,4,5,708.0,0,0
30.875,74.875,2023-10-17,290,42,17,0,1,3,5,708.0,0,0
30.875,74.875,2023-10-18,291,42,18,0,0,3,5,708.0,0,0
30.875,74.875,2023-10-19,292,42,19,0,0,3,5,708.0,3,1
30.875,74.875,2023-10-20,293,42,20,1,1,3,6,708.0,2,1
30.875,74.875,2023-10-21,294,42,21,1,2,3,7,708.0,0,0
30.875,74.875,2023-10-22,295,42,22,1,2,2,7,708.0,0,0
30.875,74.875,2023-10-23,296,43,23,1,1,2,7,708.0,3,1
30.875,74.875,2023-10-24,297,43,24,1,1,3,8,708.0,3,1
30.875,74.875,2023-10-25,298,43,25,1,2,4,9,708.0,6,1
30.875,74.875,2023-10-26,299,43,26,1,3,5,10,708.0,19,1
30.875,74.875,2023-10-27,300,43,27,1,3,5,11,708.0,8,1
30.875,74.875,2023-10-28,301,43,28,1,3,5,12,708.0,4,1
30.875,74.875,2023-10-29,302,43,29,1,3,6,13,708.0,27,1
30.875,74.875,2023-10-30,303,44,30,1,3,7,14,708.0,22,1
30.875,74.875,2023-10-31,304,44,31,1,3,7,15,708.0,35,1
30.875,74.875,2023-11-01,305,44,32,1,3,7,16,708.0,44,1
30.875,74.875,2023-11-02,306,44,33,1,3,7,17,708.0,0,0
30.875,74.875,2023-11-03,307,44,34,1,2,6,17,708.0,40,1
30.875,74.875,2023-11-04,308,44,35,1,2,6,18,708.0,51,1
30.875,74.875,2023-11-05,309,44,36,1,2,6,19,708.0,83,1
30.875,74.875,2023-11-06,310,45,37,1,3,6,20,708.0,48,1
30.875,74.875,2023-11-07,311,45,38,1,3,6,21,708.0,35,1
30.875,74.875,2023-11-08,312,45,39,1,3,6,22,708.0,9,1
30.875,74.875,2023-11-09,313,45,40,1,3,6,23,708.0,14,1
30.875,74.875,2023-11-10,314,45,41,1,3,7,24,708.0,1,1
30.875,74.875,2023-11-11,315,45,42,1,3,7,25,708.0,0,0
30.875,74.875,2023-11-12,316,45,43,1,2,6,25,708.0,8,1
30.875,74.875,2023-11-13,317,46,44,1,2,6,26,708.0,25,1
30.875,74.875,2023-11-14,318,46,45,1,2,6,27,708.0,61,1
30.875,74.875,2023-11-15,319,46,46,1,3,6,28,708.0,50,1
30.875,74.875,2023-11-16,320,46,47,0,3,6,29,708.0,18,1
30.875,74.875,2023-11-17,321,46,48,0,3,6,30,708.0,20,1
30.875,74.875,2023-11-18,322,46,49,0,3,6,31,708.0,3,1
30.875,74.875,2023-11-19,323,46,50,0,3,7,32,708.0,20,1
30.875,74.875,2023-11-20,324,47,51,0,3,7,33,708.0,11,1
30.875,74.875,2023-11-21,325,47,52,0,3,7,34,708.0,17,1
30.875,74.875,2023-11-22,326,47,53,0,3,7,35,708.0,7,1
30.875,74.875,2023-11-23,327,47,54,0,3,7,36,708.0,1,1
30.875,74.875,2023-11-24,328,47,55,0,3,7,37,708.0,4,1
30.875,74.875,2023-11-25,329,47,56,0,3,7,38,708.0,0,0
30.875,74.875,2023-11-26,330,47,57,0,2,6,38,708.0,0,0
30.875,74.875,2023-11-27,331,48,58,0,1,5,38,708.0,0,0
30.875,74.875,2023-11-28,332,48,59,0,0,4,38,708.0,0,0
30.875,74.875,2023-11-29,333,48,60,0,0,3,38,708.0,0,0
30.875,74.875,2023-11-30,334,48,61,0,0,2,38,708.0,0,0
30.875,75.125,2023-10-01,274,39,1,0,0,0,0,643.0,0,0
30.875,75.125,2023-10-02,275,40,2,0,0,0,0,643.0,0,0
30.875,75.125,2023-10-03,276,40,3,0,0,0,0,643.0,0,0
30.875,75.125,2023-10-04,277,40,4,0,0,0,0,643.0,0,0
30.875,75.125,2023-10-05,278,40,5,0,0,0,0,643.0,0,0
30.875,75.125,2023-10-06,279,40,6,0,0,0,0,643.0,0,0
30.875,75.125,2023-10-07,280,40,7,0,0,0,0,643.0,0,0
30.875,75.125,2023-10-08,281,40,8,0,0,0,0,643.0,0,0
30.875,75.125,2023-10-09,282,41,9,0,0,0,0,643.0,0,0
30.875,75.125,2023-10-10,283,41,10,0,0,0,0,643.0,0,0
30.875,75.125,2023-10-11,284,41,11,0,0,0,0,643.0,0,0
30.875,75.125,2023-10-12,285,41,12,0,0,0,0,643.0,0,0
30.875,75.125,2023-10-13,286,41,13,0,0,0,0,643.0,0,0
30.875,75.125,2023-10-14,287,41,14,0,0,0,0,643.0,0,0
30.875,75.125,2023-10-15,288,41,15,0,0,0,0,643.0,0,0
30.875,75.125,2023-10-16,289,42,16,0,0,0,0,643.0,0,0
30.875,75.125,2023-10-17,290,42,17,0,0,0,0,643.0,0,0
30.875,75.125,2023-10-18,291,42,18,0,0,0,0,643.0,2,1
30.875,75.125,2023-10-19,292,42,19,0,1,1,1,643.0,0,0
30.875,75.125,2023-10-20,293,42,20,1,1,1,1,643.0,0,0
30.875,75.125,2023-10-21,294,42,21,1,1,1,1,643.0,0,0
30.875,75.125,2023-10-22,295,42,22,1,0,1,1,643.0,0,0
30.875,75.125,2023-10-23,296,43,23,1,0,1,1,643.0,1,1
30.875,75.125,2023-10-24,297,43,24,1,1,2,2,643.0,1,1
30.875,75.125,2023-10-25,298,43,25,1,2,3,3,643.0,5,1
30.875,75.125,2023-10-26,299,43,26,1,3,3,4,643.0,6,1
30.875,75.125,2023-10-27,300,43,27,1,3,4,5,643.0,7,1
30.875,75.125,2023-10-28,301,43,28,1,3,5,6,643.0,1,1
30.875,75.125,2023-10-29,302,43,29,1,3,6,7,643.0,11,1
30.875,75.125,2023-10-30,303,44,30,1,3,7,8,643.0,9,1
30.875,75.125,2023-10-31,304,44,31,1,3,7,9,643.0,12,1
30.875,75.125,2023-11-01,305,44,32,1,3,7,10,643.0,14,1
30.875,75.125,2023-11-02,306,44,33,1,3,7,11,643.0,0,0
30.875,75.125,2023-11-03,307,44,34,1,2,6,11,643.0,5,1
30.875,75.125,2023-11-04,308,44,35,1,2,6,12,643.0,16,1
30.875,75.125,2023-11-05,309,44,36,1,2,6,13,643.0,47,1
30.875,75.125,2023-11-06,310,45,37,1,3,6,14,643.0,25,1
30.875,75.125,2023-11-07,311,45,38,1,3,6,15,643.0,28,1
30.875,75.125,2023-11-08,312,45,39,1,3,6,16,643.0,6,1
30.875,75.125,2023-11-09,313,45,40,1,3,6,17,643.0,33,1
30.875,75.125,2023-11-10,314,45,41,1,3,7,18,643.0,0,0
30.875,75.125,2023-11-11,315,45,42,1,2,6,18,643.0,0,0
30.875,75.125,2023-11-12,316,45,43,1,1,5,18,643.0,6,1
30.875,75.125,2023-11-13,317,46,44,1,1,5,19,643.0,27,1
30.875,75.125,2023-11-14,318,46,45,1,2,5,20,643.0,34,1
30.875,75.125,2023-11-15,319,46,46,1,3,5,21,643.0,78,1
30.875,75.125,2023-11-16,320,46,47,0,3,5,22,643.0,62,1
30.875,75.125,2023-11-17,321,46,48,0,3,5,23,643.0,50,1
30.875,75.125,2023-11-18,322,46,49,0,3,6,24,643.0,30,1
30.875,75.125,2023-11-19,323,46,50,0,3,7,25,643.0,35,1
30.875,75.125,2023-11-20,324,47,51,0,3,7,26,643.0,26,1
30.875,75.125,2023-11-21,325,47,52,0,3,7,27,643.0,28,1
30.875,75.125,2023-11-22,326,47,53,0,3,7,28,643.0,20,1
30.875,75.125,2023-11-23,327,47,54,0,3,7,29,643.0,11,1
30.875,75.125,2023-11-24,328,47,55,0,3,7,30,643.0,5,1
30.875,75.125,2023-11-25,329,47,56,0,3,7,31,643.0,0,0
30.875,75.125,2023-11-26,330,47,57,0,2,6,31,643.0,1,1
30.875,75.125,2023-11-27,331,48,58,0,2,6,32,643.0,0,0
30.875,75.125,2023-11-28,332,48,59,0,1,5,32,643.0,0,0
30.875,75.125,2023-11-29,333,48,60,0,1,4,32,643.0,1,1
30.875,75.125,2023-11-30,334,48,61,0,1,4,33,643.0,0,0
30.875,75.375,2023-10-01,274,39,1,0,0,0,0,554.0,0,0
30.875,75.375,2023-10-02,275,40,2,0,0,0,0,554.0,0,0
30.875,75.375,2023-10-03,276,40,3,0,0,0,0,554.0,0,0
30.875,75.375,2023-10-04,277,40,4,0,0,0,0,554.0,0,0
30.875,75.375,2023-10-05,278,40,5,0,0,0,0,554.0,0,0
30.875,75.375,2023-10-06,279,40,6,0,0,0,0,554.0,0,0
30.875,75.375,2023-10-07,280,40,7,0,0,0,0,554.0,0,0
30.875,75.375,2023-10-08,281,40,8,0,0,0,0,554.0,1,1
30.875,75.375,2023-10-09,282,41,9,0,1,1,1,554.0,0,0
30.875,75.375,2023-10-10,283,41,10,0,1,1,1,554.0,0,0
30.875,75.375,2023-10-11,284,41,11,0,1,1,1,554.0,0,0
30.875,75.375,2023-10-12,285,41,12,0,0,1,1,554.0,0,0
30.875,75.375,2023-10-13,286,41,13,0,0,1,1,554.0,3,1
30.875,75.375,2023-10-14,287,41,14,0,1,2,2,554.0,2,1
30.875,75.375,2023-10-15,288,41,15,0,2,3,3,554.0,0,0
30.875,75.375,2023-10-16,289,42,16,0,2,2,3,554.0,0,0
30.875,75.375,2023-10-17,290,42,17,0,1,2,3,554.0,0,0
30.875,75.375,2023-10-18,291,42,18,0,0,2,3,554.0,0,0
30.875,75.375,2023-10-19,292,42,19,0,0,2,3,554.0,0,0
30.875,75.375,2023-10-20,293,42,20,1,0,2,3,554.0,5,1
30.875,75.375,2023-10-21,294,42,21,1,1,2,4,554.0,2,1
30.875,75.375,2023-10-22,295,42,22,1,2,2,5,554.0,2,1
30.875,75.375,2023-10-23,296,43,23,1,3,3,6,554.0,8,1
30.875,75.375,2023-10-24,297,43,24,1,3,4,7,554.0,9,1
30.875,75.375,2023-10-25,298,43,25,1,3,5,8,554.0,9,1
30.875,75.375,2023-10-26,299,43,26,1,3,6,9,554.0,26,1
30.875,75.375,2023-10-27,300,43,27,1,3,7,10,554.0,7,1
30.875,75.375,2023-10-28,301,43,28,1,3,7,11,554.0,0,0
30.875,75.375,2023-10-29,302,43,29,1,2,6,11,554.0,14,1
30.875,75.375,2023-10-30,303,44,30,1,2,6,12,554.0,15,1
30.875,75.375,2023-10-31,304,44,31,1,2,6,13,554.0,20,1
30.875,75.375,2023-11-01,305,44,32,1,3,6,14,554.0,20,1
30.875,75.375,2023-11-02,306,44,33,1,3,6,15,554.0,0,0
30.875,75.375,2023-11-03,307,44,34,1,2,5,15,554.0,6,1
30.875,75.375,2023-11-04,308,44,35,1,2,5,16,554.0,20,1
30.875,75.375,2023-11-05,309,44,36,1,2,6,17,554.0,54,1
30.875,75.375,2023-11-06,310,45,37,1,3,6,18,554.0,23,1
30.875,75.375,2023-11-07,311,45,38,1,3,6,19,554.0,31,1
30.875,75.375,2023-11-08,312,45,39,1,3,6,20,554.0,16,1
30.875,75.375,2023-11-09,313,45,40,1,3,6,21,554.0,10,1
30.875,75.375,2023-11-10,314,45,41,1,3,7,22,554.0,2,1
30.875,75.375,2023-11-11,315,45,42,1,3,7,23,554.0,0,0
30.875,75.375,2023-11-12,316,45,43,1,2,6,23,554.0,17,1
30.875,75.375,2023-11-13,317,46,44,1,2,6,24,554.0,17,1
30.875,75.375,2023-11-14,318,46,45,1,2,6,25,554.0,29,1
30.875,75.375,2023-11-15,319,46,46,1,3,6,26,554.0,42,1
30.875,75.375,2023-11-16,320,46,47,0,3,6,27,554.0,39,1
30.875,75.375,2023-11-17,321,46,48,0,3,6,28,554.0,32,1
30.875,75.375,2023-11-18,322,46,49,0,3,6,29,554.0,12,1
30.875,75.375,2023-11-19,323,46,50,0,3,7,30,554.0,7,1
30.875,75.375,2023-11-20,324,47,51,0,3,7,31,554.0,5,1
30.875,75.375,2023-11-21,325,47,52,0,3,7,32,554.0,26,1
30.875,75.375,2023-11-22,326,47,53,0,3,7,33,554.0,14,1
30.875,75.375,2023-11-23,327,47,54,0,3,7,34,554.0,0,0
30.875,75.375,2023-11-24,328,47,55,0,2,6,34,554.0,9,1
30.875,75.375,2023-11-25,329,47,56,0,2,6,35,554.0,0,0
30.875,75.375,2023-11-26,330,47,57,0,1,5,35,554.0,0,0
30.875,75.375,2023-11-27,331,48,58,0,1,4,35,554.0,0,0
30.875,75.375,2023-11-28,332,48,59,0,0,3,35,554.0,0,0
30.875,75.375,2023-11-29,333,48,60,0,0,2,35,554.0,0,0
30.875,75.375,2023-11-30,334,48,61,0,0,1,35,554.0,0,0
30.875,75.625,2023-10-01,274,39,1,0,0,0,0,230.0,0,0
30.875,75.625,2023-10-02,275,40,2,0,0,0,0,230.0,0,0
30.875,75.625,2023-10-03,276,40,3,0,0,0,0,230.0,0,0
30.875,75.625,2023-10-04,277,40,4,0,0,0,0,230.0,0,0
30.875,75.625,2023-10-05,278,40,5,0,0,0,0,230.0,0,0
30.875,75.625,2023-10-06,279,40,6,0,0,0,0,230.0,0,0
30.875,75.625,2023-10-07,280,40,7,0,0,0,0,230.0,0,0
30.875,75.625,2023-10-08,281,40,8,0,0,0,0,230.0,0,0
30.875,75.625,2023-10-09,282,41,9,0,0,0,0,230.0,0,0
30.875,75.625,2023-10-10,283,41,10,0,0,0,0,230.0,0,0
30.875,75.625,2023-10-11,284,41,11,0,0,0,0,230.0,0,0
30.875,75.625,2023-10-12,285,41,12,0,0,0,0,230.0,0,0
30.875,75.625,2023-10-13,286,41,13,0,0,0,0,230.0,3,1
30.875,75.625,2023-10-14,287,41,14,0,1,1,1,230.0,0,0
30.875,75.625,2023-10-15,288,41,15,0,1,1,1,230.0,0,0
30.875,75.625,2023-10-16,289,42,16,0,1,1,1,230.0,0,0
30.875,75.625,2023-10-17,290,42,17,0,0,1,1,230.0,0,0
30.875,75.625,2023-10-18,291,42,18,0,0,1,1,230.0,0,0
30.875,75.625,2023-10-19,292,42,19,0,0,1,1,230.0,0,0
30.875,75.625,2023-10-20,293,42,20,1,0,1,1,230.0,0,0
30.875,75.625,2023-10-21,294,42,21,1,0,0,1,230.0,2,1
30.875,75.625,2023-10-22,295,42,22,1,1,1,2,230.0,0,0
30.875,75.625,2023-10-23,296,43,23,1,1,1,2,230.0,0,0
30.875,75.625,2023-10-24,297,43,24,1,1,1,2,230.0,7,1
30.875,75.625,2023-10-25,298,43,25,1,1,2,3,230.0,3,1
30.875,75.625,2023-10-26,299,43,26,1,2,3,4,230.0,5,1
30.875,75.625,2023-10-27,300,43,27,1,3,4,5,230.0,2,1
30.875,75.625,2023-10-28,301,43,28,1,3,5,6,230.0,0,0
30.875,75.625,2023-10-29,302,43,29,1,2,4,6,230.0,7,1
30.875,75.625,2023-10-30,303,44,30,1,2,5,7,230.0,12,1
30.875,75.625,2023-10-31,304,44,31,1,2,6,8,230.0,8,1
30.875,75.625,2023-11-01,305,44,32,1,3,6,9,230.0,9,1
30.875,75.625,2023-11-02,306,44,33,1,3,6,10,230.0,0,0
30.875,75.625,2023-11-03,307,44,34,1,2,5,10,230.0,2,1
30.875,75.625,2023-11-04,308,44,35,1,2,5,11,230.0,12,1
30.875,75.625,2023-11-05,309,44,36,1,2,6,12,230.0,25,1
30.875,75.625,2023-11-06,310,45,37,1,3,6,13,230.0,13,1
30.875,75.625,2023-11-07,311,45,38,1,3,6,14,230.0,12,1
30.875,75.625,2023-11-08,312,45,39,1,3,6,15,230.0,5,1
30.875,75.625,2023-11-09,313,45,40,1,3,6,16,230.0,3,1
30.875,75.625,2023-11-10,314,45,41,1,3,7,17,230.0,0,0
30.875,75.625,2023-11-11,315,45,42,1,2,6,17,230.0,0,0
30.875,75.625,2023-11-12,316,45,43,1,1,5,17,230.0,11,1
30.875,75.625,2023-11-13,317,46,44,1,1,5,18,230.0,9,1
30.875,75.625,2023-11-14,318,46,45,1,2,5,19,230.0,10,1
30.875,75.625,2023-11-15,319,46,46,1,3,5,20,230.0,16,1
30.875,75.625,2023-11-16,320,46,47,0,3,5,21,230.0,24,1
30.875,75.625,2023-11-17,321,46,48,0,3,5,22,230.0,18,1
30.875,75.625,2023-11-18,322,46,49,0,3,6,23,230.0,2,1
30.875,75.625,2023-11-19,323,46,50,0,3,7,24,230.0,0,0
30.875,75.625,2023-11-20,324,47,51,0,2,6,24,230.0,0,0
30.875,75.625,2023-11-21,325,47,52,0,1,5,24,230.0,5,1
30.875,75.625,2023-11-22,326,47,53,0,1,5,25,230.0,0,0
30.875,75.625,2023-11-23,327,47,54,0,1,4,25,230.0,4,1
30.875,75.625,2023-11-24,328,47,55,0,2,4,26,230.0,1,1
30.875,75.625,2023-11-25,329,47,56,0,2,4,27,230.0,0,0
30.875,75.625,2023-11-26,330,47,57,0,2,3,27,230.0,0,0
30.875,75.625,2023-11-27,331,48,58,0,1,3,27,230.0,0,0
30.875,75.625,2023-11-28,332,48,59,0,0,3,27,230.0,0,0
30.875,75.625,2023-11-29,333,48,60,0,0,2,27,230.0,0,0
30.875,75.625,2023-11-30,334,48,61,0,0,2,27,230.0,0,0
30.875,75.875,2023-10-01,274,39,1,0,0,0,0,123.0,0,0
30.875,75.875,2023-10-02,275,40,2,0,0,0,0,123.0,0,0
30.875,75.875,2023-10-03,276,40,3,0,0,0,0,123.0,0,0
30.875,75.875,2023-10-04,277,40,4,0,0,0,0,123.0,0,0
30.875,75.875,2023-10-05,278,40,5,0,0,0,0,123.0,0,0
30.875,75.875,2023-10-06,279,40,6,0,0,0,0,123.0,1,1
30.875,75.875,2023-10-07,280,40,7,0,1,1,1,123.0,0,0
30.875,75.875,2023-10-08,281,40,8,0,1,1,1,123.0,0,0
30.875,75.875,2023-10-09,282,41,9,0,1,1,1,123.0,0,0
30.875,75.875,2023-10-10,283,41,10,0,0,1,1,123.0,0,0
30.875,75.875,2023-10-11,284,41,11,0,0,1,1,123.0,0,0
30.875,75.875,2023-10-12,285,41,12,0,0,1,1,123.0,0,0
30.875,75.875,2023-10-13,286,41,13,0,0,1,1,123.0,0,0
30.875,75.875,2023-10-14,287,41,14,0,0,0,1,123.0,0,0
30.875,75.875,2023-10-15,288,41,15,0,0,0,1,123.0,0,0
30.875,75.875,2023-10-16,289,42,16,0,0,0,1,123.0,0,0
30.875,75.875,2023-10-17,290,42,17,0,0,0,1,123.0,0,0
30.875,75.875,2023-10-18,291,42,18,0,0,0,1,123.0,0,0
30.875,75.875,2023-10-19,292,42,19,0,0,0,1,123.0,0,0
30.875,75.875,2023-10-20,293,42,20,1,0,0,1,123.0,1,1
30.875,75.875,2023-10-21,294,42,21,1,1,1,2,123.0,0,0
30.875,75.875,2023-10-22,295,42,22,1,1,1,2,123.0,1,1
30.875,75.875,2023-10-23,296,43,23,1,2,2,3,123.0,1,1
30.875,75.875,2023-10-24,297,43,24,1,2,3,4,123.0,1,1
30.875,75.875,2023-10-25,298,43,25,1,3,4,5,123.0,0,0
30.875,75.875,2023-10-26,299,43,26,1,2,4,5,123.0,0,0
30.875,75.875,2023-10-27,300,43,27,1,1,4,5,123.0,1,1
30.875,75.875,2023-10-28,301,43,28,1,1,4,6,123.0,1,1
30.875,75.875,2023-10-29,302,43,29,1,2,5,7,123.0,1,1
30.875,75.875,2023-10-30,303,44,30,1,3,5,8,123.0,4,1
30.875,75.875,2023-10-31,304,44,31,1,3,5,9,123.0,2,1
30.875,75.875,2023-11-01,305,44,32,1,3,5,10,123.0,2,1
30.875,75.875,2023-11-02,306,44,33,1,3,6,11,123.0,0,0
30.875,75.875,2023-11-03,307,44,34,1,2,6,11,123.0,3,1
30.875,75.875,2023-11-04,308,44,35,1,2,6,12,123.0,14,1
30.875,75.875,2023-11-05,309,44,36,1,2,6,13,123.0,7,1
30.875,75.875,2023-11-06,310,45,37,1,3,6,14,123.0,8,1
30.875,75.875,2023-11-07,311,45,38,1,3,6,15,123.0,13,1
30.875,75.875,2023-11-08,312,45,39,1,3,6,16,123.0,8,1
30.875,75.875,2023-11-09,313,45,40,1,3,6,17,123.0,2,1
30.875,75.875,2023-11-10,314,45,41,1,3,7,18,123.0,0,0
30.875,75.875,2023-11-11,315,45,42,1,2,6,18,123.0,1,1
30.875,75.875,2023-11-12,316,45,43,1,2,6,19,123.0,10,1
30.875,75.875,2023-11-13,317,46,44,1,2,6,20,123.0,2,1
30.875,75.875,2023-11-14,318,46,45,1,3,6,21,123.0,2,1
30.875,75.875,2023-11-15,319,46,46,1,3,6,22,123.0,7,1
30.875,75.875,2023-11-16,320,46,47,0,3,6,23,123.0,9,1
30.875,75.875,2023-11-17,321,46,48,0,3,6,24,123.0,5,1
30.875,75.875,2023-11-18,322,46,49,0,3,7,25,123.0,1,1
30.875,75.875,2023-11-19,323,46,50,0,3,7,26,123.0,6,1
30.875,75.875,2023-11-20,324,47,51,0,3,7,27,123.0,1,1
30.875,75.875,2023-11-21,325,47,52,0,3,7,28,123.0,5,1
30.875,75.875,2023-11-22,326,47,53,0,3,7,29,123.0,1,1
30.875,75.875,2023-11-23,327,47,54,0,3,7,30,123.0,1,1
30.875,75.875,2023-11-24,328,47,55,0,3,7,31,123.0,1,1
30.875,75.875,2023-11-25,329,47,56,0,3,7,32,123.0,0,0
30.875,75.875,2023-11-26,330,47,57,0,2,6,32,123.0,0,0
30.875,75.875,2023-11-27,331,48,58,0,1,5,32,123.0,0,0
30.875,75.875,2023-11-28,332,48,59,0,0,4,32,123.0,0,0
30.875,75.875,2023-11-29,333,48,60,0,0,3,32,123.0,0,0
30.875,75.875,2023-11-30,334,48,61,0,0,2,32,123.0,0,0
30.875,76.125,2023-10-01,274,39,1,0,0,0,0,185.0,0,0
30.875,76.125,2023-10-02,275,40,2,0,0,0,0,185.0,0,0
30.875,76.125,2023-10-03,276,40,3,0,0,0,0,185.0,0,0
30.875,76.125,2023-10-04,277,40,4,0,0,0,0,185.0,0,0
30.875,76.125,2023-10-05,278,40,5,0,0,0,0,185.0,0,0
30.875,76.125,2023-10-06,279,40,6,0,0,0,0,185.0,0,0
30.875,76.125,2023-10-07,280,40,7,0,0,0,0,185.0,0,0
30.875,76.125,2023-10-08,281,40,8,0,0,0,0,185.0,0,0
30.875,76.125,2023-10-09,282,41,9,0,0,0,0,185.0,0,0
30.875,76.125,2023-10-10,283,41,10,0,0,0,0,185.0,0,0
30.875,76.125,2023-10-11,284,41,11,0,0,0,0,185.0,0,0
30.875,76.125,2023-10-12,285,41,12,0,0,0,0,185.0,1,1
30.875,76.125,2023-10-13,286,41,13,0,1,1,1,185.0,0,0
30.875,76.125,2023-10-14,287,41,14,0,1,1,1,185.0,2,1
30.875,76.125,2023-10-15,288,41,15,0,2,2,2,185.0,0,0
30.875,76.125,2023-10-16,289,42,16,0,1,2,2,185.0,0,0
30.875,76.125,2023-10-17,290,42,17,0,1,2,2,185.0,0,0
30.875,76.125,2023-10-18,291,42,18,0,0,2,2,185.0,0,0
30.875,76.125,2023-10-19,292,42,19,0,0,2,2,185.0,2,1
30.875,76.125,2023-10-20,293,42,20,1,1,2,3,185.0,1,1
30.875,76.125,2023-10-21,294,42,21,1,2,3,4,185.0,1,1
30.875,76.125,2023-10-22,295,42,22,1,3,3,5,185.0,0,0
30.875,76.125,2023-10-23,296,43,23,1,2,3,5,185.0,2,1
30.875,76.125,2023-10-24,297,43,24,1,2,4,6,185.0,5,1
30.875,76.125,2023-10-25,298,43,25,1,2,5,7,185.0,2,1
30.875,76.125,2023-10-26,299,43,26,1,3,6,8,185.0,4,1
30.875,76.125,2023-10-27,300,43,27,1,3,6,9,185.0,6,1
30.875,76.125,2023-10-28,301,43,28,1,3,6,10,185.0,2,1
30.875,76.125,2023-10-29,302,43,29,1,3,6,11,185.0,10,1
30.875,76.125,2023-10-30,303,44,30,1,3,7,12,185.0,5,1
30.875,76.125,2023-10-31,304,44,31,1,3,7,13,185.0,16,1
30.875,76.125,2023-11-01,305,44,32,1,3,7,14,185.0,8,1
30.875,76.125,2023-11-02,306,44,33,1,3,7,15,185.0,0,0
30.875,76.125,2023-11-03,307,44,34,1,2,6,15,185.0,17,1
30.875,76.125,2023-11-04,308,44,35,1,2,6,16,185.0,5,1
30.875,76.125,2023-11-05,309,44,36,1,2,6,17,185.0,33,1
30.875,76.125,2023-11-06,310,45,37,1,3,6,18,185.0,8,1
30.875,76.125,2023-11-07,311,45,38,1,3,6,19,185.0,12,1
30.875,76.125,2023-11-08,312,45,39,1,3,6,20,185.0,8,1
30.875,76.125,2023-11-09,313,45,40,1,3,6,21,185.0,1,1
30.875,76.125,2023-11-10,314,45,41,1,3,7,22,185.0,0,0
30.875,76.125,2023-11-11,315,45,42,1,2,6,22,185.0,1,1
30.875,76.125,2023-11-12,316,45,43,1,2,6,23,185.0,13,1
30.875,76.125,2023-11-13,317,46,44,1,2,6,24,185.0,0,0
30.875,76.125,2023-11-14,318,46,45,1,2,5,24,185.0,4,1
30.875,76.125,2023-11-15,319,46,46,1,2,5,25,185.0,7,1
30.875,76.125,2023-11-16,320,46,47,0,2,5,26,185.0,4,1
30.875,76.125,2023-11-17,321,46,48,0,3,5,27,185.0,2,1
30.875,76.125,2023-11-18,322,46,49,0,3,6,28,185.0,2,1
30.875,76.125,2023-11-19,323,46,50,0,3,6,29,185.0,1,1
30.875,76.125,2023-11-20,324,47,51,0,3,6,30,185.0,0,0
30.875,76.125,2023-11-21,325,47,52,0,2,6,30,185.0,0,0
30.875,76.125,2023-11-22,326,47,53,0,1,5,30,185.0,0,0
30.875,76.125,2023-11-23,327,47,54,0,0,4,30,185.0,0,0
30.875,76.125,2023-11-24,328,47,55,0,0,3,30,185.0,0,0
30.875,76.125,2023-11-25,329,47,56,0,0,2,30,185.0,0,0
30.875,76.125,2023-11-26,330,47,57,0,0,1,30,185.0,0,0
30.875,76.125,2023-11-27,331,48,58,0,0,0,30,185.0,0,0
30.875,76.125,2023-11-28,332,48,59,0,0,0,30,185.0,0,0
30.875,76.125,2023-11-29,333,48,60,0,0,0,30,185.0,0,0
30.875,76.125,2023-11-30,334,48,61,0,0,0,30,185.0,0,0
30.875,76.375,2023-10-01,274,39,1,0,0,0,0,201.0,0,0
30.875,76.375,2023-10-02,275,40,2,0,0,0,0,201.0,1,1
30.875,76.375,2023-10-03,276,40,3,0,1,1,1,201.0,0,0
30.875,76.375,2023-10-04,277,40,4,0,1,1,1,201.0,2,1
30.875,76.375,2023-10-05,278,40,5,0,2,2,2,201.0,1,1
30.875,76.375,2023-10-06,279,40,6,0,2,3,3,201.0,0,0
30.875,76.375,2023-10-07,280,40,7,0,2,3,3,201.0,0,0
30.875,76.375,2023-10-08,281,40,8,0,1,3,3,201.0,1,1
30.875,76.375,2023-10-09,282,41,9,0,1,4,4,201.0,0,0
30.875,76.375,2023-10-10,283,41,10,0,1,3,4,201.0,0,0
30.875,76.375,2023-10-11,284,41,11,0,1,3,4,201.0,0,0
30.875,76.375,2023-10-12,285,41,12,0,0,2,4,201.0,2,1
30.875,76.375,2023-10-13,286,41,13,0,1,2,5,201.0,1,1
30.875,76.375,2023-10-14,287,41,14,0,2,3,6,201.0,2,1
30.875,76.375,2023-10-15,288,41,15,0,3,4,7,201.0,0,0
30.875,76.375,2023-10-16,289,42,16,0,2,3,7,201.0,0,0
30.875,76.375,2023-10-17,290,42,17,0,1,3,7,201.0,0,0
30.875,76.375,2023-10-18,291,42,18,0,0,3,7,201.0,0,0
30.875,76.375,2023-10-19,292,42,19,0,0,3,7,201.0,0,0
30.875,76.375,2023-10-20,293,42,20,1,0,2,7,201.0,1,1
30.875,76.375,2023-10-21,294,42,21,1,1,2,8,201.0,2,1
30.875,76.375,2023-10-22,295,42,22,1,2,2,9,201.0,0,0
30.875,76.375,2023-10-23,296,43,23,1,2,2,9,201.0,2,1
30.875,76.375,2023-10-24,297,43,24,1,2,3,10,201.0,7,1
30.875,76.375,2023-10-25,298,43,25,1,2,4,11,201.0,5,1
30.875,76.375,2023-10-26,299,43,26,1,3,5,12,201.0,2,1
30.875,76.375,2023-10-27,300,43,27,1,3,6,13,201.0,6,1
30.875,76.375,2023-10-28,301,43,28,1,3,6,14,201.0,3,1
30.875,76.375,2023-10-29,302,43,29,1,3,6,15,201.0,18,1
30.875,76.375,2023-10-30,303,44,30,1,3,7,16,201.0,5,1
30.875,76.375,2023-10-31,304,44,31,1,3,7,17,201.0,26,1
30.875,76.375,2023-11-01,305,44,32,1,3,7,18,201.0,27,1
30.875,76.375,2023-11-02,306,44,33,1,3,7,19,201.0,0,0
30.875,76.375,2023-11-03,307,44,34,1,2,6,19,201.0,7,1
30.875,76.375,2023-11-04,308,44,35,1,2,6,20,201.0,10,1
30.875,76.375,2023-11-05,309,44,36,1,2,6,21,201.0,41,1
30.875,76.375,2023-11-06,310,45,37,1,3,6,22,201.0,3,1
30.875,76.375,2023-11-07,311,45,38,1,3,6,23,201.0,5,1
30.875,76.375,2023-11-08,312,45,39,1,3,6,24,201.0,2,1
30.875,76.375,2023-11-09,313,45,40,1,3,6,25,201.0,3,1
30.875,76.375,2023-11-10,314,45,41,1,3,7,26,201.0,0,0
30.875,76.375,2023-11-11,315,45,42,1,2,6,26,201.0,0,0
30.875,76.375,2023-11-12,316,45,43,1,1,5,26,201.0,5,1
30.875,76.375,2023-11-13,317,46,44,1,1,5,27,201.0,2,1
30.875,76.375,2023-11-14,318,46,45,1,2,5,28,201.0,0,0
30.875,76.375,2023-11-15,319,46,46,1,2,4,28,201.0,2,1
30.875,76.375,2023-11-16,320,46,47,0,2,4,29,201.0,2,1
30.875,76.375,2023-11-17,321,46,48,0,2,4,30,201.0,2,1
30.875,76.375,2023-11-18,322,46,49,0,3,5,31,201.0,0,0
30.875,76.375,2023-11-19,323,46,50,0,2,5,31,201.0,0,0
30.875,76.375,2023-11-20,324,47,51,0,1,4,31,201.0,0,0
30.875,76.375,2023-11-21,325,47,52,0,0,3,31,201.0,0,0
30.875,76.375,2023-11-22,326,47,53,0,0,3,31,201.0,1,1
30.875,76.375,2023-11-23,327,47,54,0,1,3,32,201.0,0,0
30.875,76.375,2023-11-24,328,47,55,0,1,2,32,201.0,2,1
30.875,76.375,2023-11-25,329,47,56,0,2,2,33,201.0,0,0
30.875,76.375,2023-11-26,330,47,57,0,1,2,33,201.0,0,0
30.875,76.375,2023-11-27,331,48,58,0,1,2,33,201.0,0,0
30.875,76.375,2023-11-28,332,48,59,0,0,2,33,201.0,0,0
30.875,76.375,2023-11-29,333,48,60,0,0,2,33,201.0,0,0
30.875,76.375,2023-11-30,334,48,61,0,0,1,33,201.0,0,0
30.875,76.625,2023-10-01,274,39,1,0,0,0,0,22.0,0,0
30.875,76.625,2023-10-02,275,40,2,0,0,0,0,22.0,0,0
30.875,76.625,2023-10-03,276,40,3,0,0,0,0,22.0,1,1
30.875,76.625,2023-10-04,277,40,4,0,1,1,1,22.0,0,0
30.875,76.625,2023-10-05,278,40,5,0,1,1,1,22.0,1,1
30.875,76.625,2023-10-06,279,40,6,0,2,2,2,22.0,0,0
30.875,76.625,2023-10-07,280,40,7,0,1,2,2,22.0,0,0
30.875,76.625,2023-10-08,281,40,8,0,1,2,2,22.0,0,0
30.875,76.625,2023-10-09,282,41,9,0,0,2,2,22.0,0,0
30.875,76.625,2023-10-10,283,41,10,0,0,2,2,22.0,0,0
30.875,76.625,2023-10-11,284,41,11,0,0,1,2,22.0,0,0
30.875,76.625,2023-10-12,285,41,12,0,0,1,2,22.0,1,1
30.875,76.625,2023-10-13,286,41,13,0,1,1,3,22.0,0,0
30.875,76.625,2023-10-14,287,41,14,0,1,1,3,22.0,0,0
30.875,76.625,2023-10-15,288,41,15,0,1,1,3,22.0,0,0
30.875,76.625,2023-10-16,289,42,16,0,0,1,3,22.0,0,0
30.875,76.625,2023-10-17,290,42,17,0,0,1,3,22.0,0,0
30.875,76.625,2023-10-18,291,42,18,0,0,1,3,22.0,0,0
30.875,76.625,2023-10-19,292,42,19,0,0,1,3,22.0,0,0
30.875,76.625,2023-10-20,293,42,20,1,0,0,3,22.0,0,0
30.875,76.625,2023-10-21,294,42,21,1,0,0,3,22.0,0,0
30.875,76.625,2023-10-22,295,42,22,1,0,0,3,22.0,0,0
30.875,76.625,2023-10-23,296,43,23,1,0,0,3,22.0,0,0
30.875,76.625,2023-10-24,297,43,24,1,0,0,3,22.0,1,1
30.875,76.625,2023-10-25,298,43,25,1,1,1,4,22.0,3,1
30.875,76.625,2023-10-26,299,43,26,1,2,2,5,22.0,0,0
30.875,76.625,2023-10-27,300,43,27,1,2,2,5,22.0,2,1
30.875,76.625,2023-10-28,301,43,28,1,2,3,6,22.0,0,0
30.875,76.625,2023-10-29,302,43,29,1,1,3,6,22.0,2,1
30.875,76.625,2023-10-30,303,44,30,1,2,4,7,22.0,0,0
30.875,76.625,2023-10-31,304,44,31,1,1,4,7,22.0,3,1
30.875,76.625,2023-11-01,305,44,32,1,2,4,8,22.0,2,1
30.875,76.625,2023-11-02,306,44,33,1,2,4,9,22.0,0,0
30.875,76.625,2023-11-03,307,44,34,1,2,4,9,22.0,0,0
30.875,76.625,2023-11-04,308,44,35,1,1,3,9,22.0,1,1
30.875,76.625,2023-11-05,309,44,36,1,1,4,10,22.0,1,1
30.875,76.625,2023-11-06,310,45,37,1,2,4,11,22.0,1,1
30.875,76.625,2023-11-07,311,45,38,1,3,5,12,22.0,0,0
30.875,76.625,2023-11-08,312,45,39,1,2,4,12,22.0,1,1
30.875,76.625,2023-11-09,313,45,40,1,2,4,13,22.0,0,0
30.875,76.625,2023-11-10,314,45,41,1,1,4,13,22.0,0,0
30.875,76.625,2023-11-11,315,45,42,1,1,4,13,22.0,0,0
30.875,76.625,2023-11-12,316,45,43,1,0,3,13,22.0,0,0
30.875,76.625,2023-11-13,317,46,44,1,0,2,13,22.0,0,0
30.875,76.625,2023-11-14,318,46,45,1,0,1,13,22.0,1,1
30.875,76.625,2023-11-15,319,46,46,1,1,2,14,22.0,0,0
30.875,76.625,2023-11-16,320,46,47,0,1,1,14,22.0,0,0
30.875,76.625,2023-11-17,321,46,48,0,1,1,14,22.0,0,0
30.875,76.625,2023-11-18,322,46,49,0,0,1,14,22.0,0,0
30.875,76.625,2023-11-19,323,46,50,0,0,1,14,22.0,0,0
30.875,76.625,2023-11-20,324,47,51,0,0,1,14,22.0,0,0
30.875,76.625,2023-11-21,325,47,52,0,0,1,14,22.0,0,0
30.875,76.625,2023-11-22,326,47,53,0,0,0,14,22.0,0,0
30.875,76.625,2023-11-23,327,47,54,0,0,0,14,22.0,0,0
30.875,76.625,2023-11-24,328,47,55,0,0,0,14,22.0,1,1
30.875,76.625,2023-11-25,329,47,56,0,1,1,15,22.0,0,0
30.875,76.625,2023-11-26,330,47,57,0,1,1,15,22.0,0,0
30.875,76.625,2023-11-27,331,48,58,0,1,1,15,22.0,0,0
30.875,76.625,2023-11-28,332,48,59,0,0,1,15,22.0,0,0
30.875,76.625,2023-11-29,333,48,60,0,0,1,15,22.0,0,0
30.875,76.625,2023-11-30,334,48,61,0,0,1,15,22.0,0,0
30.875,76.875,2023-10-01,274,39,1,0,0,0,0,5.0,0,0
30.875,76.875,2023-10-02,275,40,2,0,0,0,0,5.0,0,0
30.875,76.875,2023-10-03,276,40,3,0,0,0,0,5.0,0,0
30.875,76.875,2023-10-04,277,40,4,0,0,0,0,5.0,0,0
30.875,76.875,2023-10-05,278,40,5,0,0,0,0,5.0,0,0
30.875,76.875,2023-10-06,279,40,6,0,0,0,0,5.0,0,0
30.875,76.875,2023-10-07,280,40,7,0,0,0,0,5.0,0,0
30.875,76.875,2023-10-08,281,40,8,0,0,0,0,5.0,0,0
30.875,76.875,2023-10-09,282,41,9,0,0,0,0,5.0,0,0
30.875,76.875,2023-10-10,283,41,10,0,0,0,0,5.0,0,0
30.875,76.875,2023-10-11,284,41,11,0,0,0,0,5.0,0,0
30.875,76.875,2023-10-12,285,41,12,0,0,0,0,5.0,0,0
30.875,76.875,2023-10-13,286,41,13,0,0,0,0,5.0,0,0
30.875,76.875,2023-10-14,287,41,14,0,0,0,0,5.0,0,0
30.875,76.875,2023-10-15,288,41,15,0,0,0,0,5.0,0,0
30.875,76.875,2023-10-16,289,42,16,0,0,0,0,5.0,0,0
30.875,76.875,2023-10-17,290,42,17,0,0,0,0,5.0,0,0
30.875,76.875,2023-10-18,291,42,18,0,0,0,0,5.0,0,0
30.875,76.875,2023-10-19,292,42,19,0,0,0,0,5.0,0,0
30.875,76.875,2023-10-20,293,42,20,1,0,0,0,5.0,0,0
30.875,76.875,2023-10-21,294,42,21,1,0,0,0,5.0,0,0
30.875,76.875,2023-10-22,295,42,22,1,0,0,0,5.0,0,0
30.875,76.875,2023-10-23,296,43,23,1,0,0,0,5.0,0,0
30.875,76.875,2023-10-24,297,43,24,1,0,0,0,5.0,3,1
30.875,76.875,2023-10-25,298,43,25,1,1,1,1,5.0,0,0
30.875,76.875,2023-10-26,299,43,26,1,1,1,1,5.0,1,1
30.875,76.875,2023-10-27,300,43,27,1,2,2,2,5.0,0,0
30.875,76.875,2023-10-28,301,43,28,1,1,2,2,5.0,0,0
30.875,76.875,2023-10-29,302,43,29,1,1,2,2,5.0,0,0
30.875,76.875,2023-10-30,303,44,30,1,0,2,2,5.0,0,0
30.875,76.875,2023-10-31,304,44,31,1,0,2,2,5.0,0,0
30.875,76.875,2023-11-01,305,44,32,1,0,1,2,5.0,0,0
30.875,76.875,2023-11-02,306,44,33,1,0,1,2,5.0,0,0
30.875,76.875,2023-11-03,307,44,34,1,0,0,2,5.0,0,0
30.875,76.875,2023-11-04,308,44,35,1,0,0,2,5.0,0,0
30.875,76.875,2023-11-05,309,44,36,1,0,0,2,5.0,0,0
30.875,76.875,2023-11-06,310,45,37,1,0,0,2,5.0,0,0
30.875,76.875,2023-11-07,311,45,38,1,0,0,2,5.0,0,0
30.875,76.875,2023-11-08,312,45,39,1,0,0,2,5.0,0,0
30.875,76.875,2023-11-09,313,45,40,1,0,0,2,5.0,0,0
30.875,76.875,2023-11-10,314,45,41,1,0,0,2,5.0,0,0
30.875,76.875,2023-11-11,315,45,42,1,0,0,2,5.0,0,0
30.875,76.875,2023-11-12,316,45,43,1,0,0,2,5.0,0,0
30.875,76.875,2023-11-13,317,46,44,1,0,0,2,5.0,0,0
30.875,76.875,2023-11-14,318,46,45,1,0,0,2,5.0,0,0
30.875,76.875,2023-11-15,319,46,46,1,0,0,2,5.0,0,0
30.875,76.875,2023-11-16,320,46,47,0,0,0,2,5.0,0,0
30.875,76.875,2023-11-17,321,46,48,0,0,0,2,5.0,0,0
30.875,76.875,2023-11-18,322,46,49,0,0,0,2,5.0,0,0
30.875,76.875,2023-11-19,323,46,50,0,0,0,2,5.0,0,0
30.875,76.875,2023-11-20,324,47,51,0,0,0,2,5.0,0,0
30.875,76.875,2023-11-21,325,47,52,0,0,0,2,5.0,1,1
30.875,76.875,2023-11-22,326,47,53,0,1,1,3,5.0,0,0
30.875,76.875,2023-11-23,327,47,54,0,1,1,3,5.0,0,0
30.875,76.875,2023-11-24,328,47,55,0,1,1,3,5.0,0,0
30.875,76.875,2023-11-25,329,47,56,0,0,1,3,5.0,0,0
30.875,76.875,2023-11-26,330,47,57,0,0,1,3,5.0,0,0
30.875,76.875,2023-11-27,331,48,58,0,0,1,3,5.0,0,0
30.875,76.875,2023-11-28,332,48,59,0,0,1,3,5.0,0,0
30.875,76.875,2023-11-29,333,48,60,0,0,0,3,5.0,0,0
30.875,76.875,2023-11-30,334,48,61,0,0,0,3,5.0,0,0
31.125,74.625,2023-10-01,274,39,1,0,0,0,0,438.0,0,0
31.125,74.625,2023-10-02,275,40,2,0,0,0,0,438.0,1,1
31.125,74.625,2023-10-03,276,40,3,0,1,1,1,438.0,0,0
31.125,74.625,2023-10-04,277,40,4,0,1,1,1,438.0,0,0
31.125,74.625,2023-10-05,278,40,5,0,1,1,1,438.0,0,0
31.125,74.625,2023-10-06,279,40,6,0,0,1,1,438.0,0,0
31.125,74.625,2023-10-07,280,40,7,0,0,1,1,438.0,0,0
31.125,74.625,2023-10-08,281,40,8,0,0,1,1,438.0,0,0
31.125,74.625,2023-10-09,282,41,9,0,0,1,1,438.0,0,0
31.125,74.625,2023-10-10,283,41,10,0,0,0,1,438.0,1,1
31.125,74.625,2023-10-11,284,41,11,0,1,1,2,438.0,1,1
31.125,74.625,2023-10-12,285,41,12,0,2,2,3,438.0,0,0
31.125,74.625,2023-10-13,286,41,13,0,2,2,3,438.0,1,1
31.125,74.625,2023-10-14,287,41,14,0,2,3,4,438.0,1,1
31.125,74.625,2023-10-15,288,41,15,0,2,4,5,438.0,0,0
31.125,74.625,2023-10-16,289,42,16,0,2,4,5,438.0,0,0
31.125,74.625,2023-10-17,290,42,17,0,1,4,5,438.0,0,0
31.125,74.625,2023-10-18,291,42,18,0,0,3,5,438.0,0,0
31.125,74.625,2023-10-19,292,42,19,0,0,2,5,438.0,3,1
31.125,74.625,2023-10-20,293,42,20,1,1,3,6,438.0,5,1
31.125,74.625,2023-10-21,294,42,21,1,2,3,7,438.0,6,1
31.125,74.625,2023-10-22,295,42,22,1,3,3,8,438.0,0,0
31.125,74.625,2023-10-23,296,43,23,1,2,3,8,438.0,2,1
31.125,74.625,2023-10-24,297,43,24,1,2,4,9,438.0,6,1
31.125,74.625,2023-10-25,298,43,25,1,2,5,10,438.0,7,1
31.125,74.625,2023-10-26,299,43,26,1,3,6,11,438.0,20,1
31.125,74.625,2023-10-27,300,43,27,1,3,6,12,438.0,16,1
31.125,74.625,2023-10-28,301,43,28,1,3,6,13,438.0,16,1
31.125,74.625,2023-10-29,302,43,29,1,3,6,14,438.0,45,1
31.125,74.625,2023-10-30,303,44,30,1,3,7,15,438.0,38,1
31.125,74.625,2023-10-31,304,44,31,1,3,7,16,438.0,46,1
31.125,74.625,2023-11-01,305,44,32,1,3,7,17,438.0,44,1
31.125,74.625,2023-11-02,306,44,33,1,3,7,18,438.0,0,0
31.125,74.625,2023-11-03,307,44,34,1,2,6,18,438.0,33,1
31.125,74.625,2023-11-04,308,44,35,1,2,6,19,438.0,23,1
31.125,74.625,2023-11-05,309,44,36,1,2,6,20,438.0,56,1
31.125,74.625,2023-11-06,310,45,37,1,3,6,21,438.0,9,1
31.125,74.625,2023-11-07,311,45,38,1,3,6,22,438.0,7,1
31.125,74.625,2023-11-08,312,45,39,1,3,6,23,438.0,10,1
31.125,74.625,2023-11-09,313,45,40,1,3,6,24,438.0,2,1
31.125,74.625,2023-11-10,314,45,41,1,3,7,25,438.0,0,0
31.125,74.625,2023-11-11,315,45,42,1,2,6,25,438.0,0,0
31.125,74.625,2023-11-12,316,45,43,1,1,5,25,438.0,0,0
31.125,74.625,2023-11-13,317,46,44,1,0,4,25,438.0,0,0
31.125,74.625,2023-11-14,318,46,45,1,0,3,25,438.0,10,1
31.125,74.625,2023-11-15,319,46,46,1,1,3,26,438.0,5,1
31.125,74.625,2023-11-16,320,46,47,0,2,3,27,438.0,3,1
31.125,74.625,2023-11-17,321,46,48,0,3,3,28,438.0,4,1
31.125,74.625,2023-11-18,322,46,49,0,3,4,29,438.0,5,1
31.125,74.625,2023-11-19,323,46,50,0,3,5,30,438.0,5,1
31.125,74.625,2023-11-20,324,47,51,0,3,6,31,438.0,3,1
31.125,74.625,2023-11-21,325,47,52,0,3,7,32,438.0,0,0
31.125,74.625,2023-11-22,326,47,53,0,2,6,32,438.0,0,0
31.125,74.625,2023-11-23,327,47,54,0,1,5,32,438.0,4,1
31.125,74.625,2023-11-24,328,47,55,0,1,5,33,438.0,0,0
31.125,74.625,2023-11-25,329,47,56,0,1,4,33,438.0,0,0
31.125,74.625,2023-11-26,330,47,57,0,1,3,33,438.0,0,0
31.125,74.625,2023-11-27,331,48,58,0,0,2,33,438.0,0,0
31.125,74.625,2023-11-28,332,48,59,0,0,1,33,438.0,0,0
31.125,74.625,2023-11-29,333,48,60,0,0,1,33,438.0,0,0
31.125,74.625,2023-11-30,334,48,61,0,0,1,33,438.0,0,0
31.125,74.875,2023-10-01,274,39,1,0,0,0,0,667.0,0,0
31.125,74.875,2023-10-02,275,40,2,0,0,0,0,667.0,1,1
31.125,74.875,2023-10-03,276,40,3,0,1,1,1,667.0,0,0
31.125,74.875,2023-10-04,277,40,4,0,1,1,1,667.0,1,1
31.125,74.875,2023-10-05,278,40,5,0,2,2,2,667.0,1,1
31.125,74.875,2023-10-06,279,40,6,0,2,3,3,667.0,0,0
31.125,74.875,2023-10-07,280,40,7,0,2,3,3,667.0,0,0
31.125,74.875,2023-10-08,281,40,8,0,1,3,3,667.0,0,0
31.125,74.875,2023-10-09,282,41,9,0,0,3,3,667.0,0,0
31.125,74.875,2023-10-10,283,41,10,0,0,2,3,667.0,0,0
31.125,74.875,2023-10-11,284,41,11,0,0,2,3,667.0,0,0
31.125,74.875,2023-10-12,285,41,12,0,0,1,3,667.0,1,1
31.125,74.875,2023-10-13,286,41,13,0,1,1,4,667.0,3,1
31.125,74.875,2023-10-14,287,41,14,0,2,2,5,667.0,1,1
31.125,74.875,2023-10-15,288,41,15,0,3,3,6,667.0,0,0
31.125,74.875,2023-10-16,289,42,16,0,2,3,6,667.0,0,0
31.125,74.875,2023-10-17,290,42,17,0,1,3,6,667.0,0,0
31.125,74.875,2023-10-18,291,42,18,0,0,3,6,667.0,0,0
31.125,74.875,2023-10-19,292,42,19,0,0,3,6,667.0,2,1
31.125,74.875,2023-10-20,293,42,20,1,1,3,7,667.0,0,0
31.125,74.875,2023-10-21,294,42,21,1,1,2,7,667.0,3,1
31.125,74.875,2023-10-22,295,42,22,1,2,2,8,667.0,0,0
31.125,74.875,2023-10-23,296,43,23,1,1,2,8,667.0,0,0
31.125,74.875,2023-10-24,297,43,24,1,1,2,8,667.0,3,1
31.125,74.875,2023-10-25,298,43,25,1,1,3,9,667.0,3,1
31.125,74.875,2023-10-26,299,43,26,1,2,4,10,667.0,7,1
31.125,74.875,2023-10-27,300,43,27,1,3,4,11,667.0,6,1
31.125,74.875,2023-10-28,301,43,28,1,3,5,12,667.0,1,1
31.125,74.875,2023-10-29,302,43,29,1,3,5,13,667.0,33,1
31.125,74.875,2023-10-30,303,44,30,1,3,6,14,667.0,34,1
31.125,74.875,2023-10-31,304,44,31,1,3,7,15,667.0,54,1
31.125,74.875,2023-11-01,305,44,32,1,3,7,16,667.0,37,1
31.125,74.875,2023-11-02,306,44,33,1,3,7,17,667.0,0,0
31.125,74.875,2023-11-03,307,44,34,1,2,6,17,667.0,60,1
31.125,74.875,2023-11-04,308,44,35,1,2,6,18,667.0,46,1
31.125,74.875,2023-11-05,309,44,36,1,2,6,19,667.0,78,1
31.125,74.875,2023-11-06,310,45,37,1,3,6,20,667.0,24,1
31.125,74.875,2023-11-07,311,45,38,1,3,6,21,667.0,25,1
31.125,74.875,2023-11-08,312,45,39,1,3,6,22,667.0,12,1
31.125,74.875,2023-11-09,313,45,40,1,3,6,23,667.0,15,1
31.125,74.875,2023-11-10,314,45,41,1,3,7,24,667.0,0,0
31.125,74.875,2023-11-11,315,45,42,1,2,6,24,667.0,0,0
31.125,74.875,2023-11-12,316,45,43,1,1,5,24,667.0,1,1
31.125,74.875,2023-11-13,317,46,44,1,1,5,25,667.0,15,1
31.125,74.875,2023-11-14,318,46,45,1,2,5,26,667.0,34,1
31.125,74.875,2023-11-15,319,46,46,1,3,5,27,667.0,61,1
31.125,74.875,2023-11-16,320,46,47,0,3,5,28,667.0,25,1
31.125,74.875,2023-11-17,321,46,48,0,3,5,29,667.0,26,1
31.125,74.875,2023-11-18,322,46,49,0,3,6,30,667.0,14,1
31.125,74.875,2023-11-19,323,46,50,0,3,7,31,667.0,15,1
31.125,74.875,2023-11-20,324,47,51,0,3,7,32,667.0,9,1
31.125,74.875,2023-11-21,325,47,52,0,3,7,33,667.0,9,1
31.125,74.875,2023-11-22,326,47,53,0,3,7,34,667.0,4,1
31.125,74.875,2023-11-23,327,47,54,0,3,7,35,667.0,0,0
31.125,74.875,2023-11-24,328,47,55,0,2,6,35,667.0,3,1
31.125,74.875,2023-11-25,329,47,56,0,2,6,36,667.0,0,0
31.125,74.875,2023-11-26,330,47,57,0,1,5,36,667.0,0,0
31.125,74.875,2023-11-27,331,48,58,0,1,4,36,667.0,0,0
31.125,74.875,2023-11-28,332,48,59,0,0,3,36,667.0,0,0
31.125,74.875,2023-11-29,333,48,60,0,0,2,36,667.0,0,0
31.125,74.875,2023-11-30,334,48,61,0,0,1,36,667.0,0,0
31.125,75.125,2023-10-01,274,39,1,0,0,0,0,550.0,1,1
31.125,75.125,2023-10-02,275,40,2,0,1,1,1,550.0,4,1
31.125,75.125,2023-10-03,276,40,3,0,2,2,2,550.0,4,1
31.125,75.125,2023-10-04,277,40,4,0,3,3,3,550.0,3,1
31.125,75.125,2023-10-05,278,40,5,0,3,4,4,550.0,2,1
31.125,75.125,2023-10-06,279,40,6,0,3,5,5,550.0,0,0
31.125,75.125,2023-10-07,280,40,7,0,2,5,5,550.0,0,0
31.125,75.125,2023-10-08,281,40,8,0,1,5,5,550.0,0,0
31.125,75.125,2023-10-09,282,41,9,0,0,4,5,550.0,2,1
31.125,75.125,2023-10-10,283,41,10,0,1,4,6,550.0,0,0
31.125,75.125,2023-10-11,284,41,11,0,1,3,6,550.0,0,0
31.125,75.125,2023-10-12,285,41,12,0,1,2,6,550.0,0,0
31.125,75.125,2023-10-13,286,41,13,0,0,1,6,550.0,2,1
31.125,75.125,2023-10-14,287,41,14,0,1,2,7,550.0,3,1
31.125,75.125,2023-10-15,288,41,15,0,2,3,8,550.0,0,0
31.125,75.125,2023-10-16,289,42,16,0,2,3,8,550.0,0,0
31.125,75.125,2023-10-17,290,42,17,0,1,2,8,550.0,0,0
31.125,75.125,2023-10-18,291,42,18,0,0,2,8,550.0,0,0
31.125,75.125,2023-10-19,292,42,19,0,0,2,8,550.0,0,0
31.125,75.125,2023-10-20,293,42,20,1,0,2,8,550.0,5,1
31.125,75.125,2023-10-21,294,42,21,1,1,2,9,550.0,2,1
31.125,75.125,2023-10-22,295,42,22,1,2,2,10,550.0,2,1
31.125,75.125,2023-10-23,296,43,23,1,3,3,11,550.0,3,1
31.125,75.125,2023-10-24,297,43,24,1,3,4,12,550.0,3,1
31.125,75.125,2023-10-25,298,43,25,1,3,5,13,550.0,5,1
31.125,75.125,2023-10-26,299,43,26,1,3,6,14,550.0,5,1
31.125,75.125,2023-10-27,300,43,27,1,3,7,15,550.0,5,1
31.125,75.125,2023-10-28,301,43,28,1,3,7,16,550.0,2,1
31.125,75.125,2023-10-29,302,43,29,1,3,7,17,550.0,18,1
31.125,75.125,2023-10-30,303,44,30,1,3,7,18,550.0,13,1
31.125,75.125,2023-10-31,304,44,31,1,3,7,19,550.0,18,1
31.125,75.125,2023-11-01,305,44,32,1,3,7,20,550.0,22,1
31.125,75.125,2023-11-02,306,44,33,1,3,7,21,550.0,0,0
31.125,75.125,2023-11-03,307,44,34,1,2,6,21,550.0,49,1
31.125,75.125,2023-11-04,308,44,35,1,2,6,22,550.0,32,1
31.125,75.125,2023-11-05,309,44,36,1,2,6,23,550.0,59,1
31.125,75.125,2023-11-06,310,45,37,1,3,6,24,550.0,40,1
31.125,75.125,2023-11-07,311,45,38,1,3,6,25,550.0,22,1
31.125,75.125,2023-11-08,312,45,39,1,3,6,26,550.0,9,1
31.125,75.125,2023-11-09,313,45,40,1,3,6,27,550.0,19,1
31.125,75.125,2023-11-10,314,45,41,1,3,7,28,550.0,0,0
31.125,75.125,2023-11-11,315,45,42,1,2,6,28,550.0,0,0
31.125,75.125,2023-11-12,316,45,43,1,1,5,28,550.0,0,0
31.125,75.125,2023-11-13,317,46,44,1,0,4,28,550.0,3,1
31.125,75.125,2023-11-14,318,46,45,1,1,4,29,550.0,17,1
31.125,75.125,2023-11-15,319,46,46,1,2,4,30,550.0,38,1
31.125,75.125,2023-11-16,320,46,47,0,3,4,31,550.0,19,1
31.125,75.125,2023-11-17,321,46,48,0,3,4,32,550.0,16,1
31.125,75.125,2023-11-18,322,46,49,0,3,5,33,550.0,6,1
31.125,75.125,2023-11-19,323,46,50,0,3,6,34,550.0,40,1
31.125,75.125,2023-11-20,324,47,51,0,3,7,35,550.0,22,1
31.125,75.125,2023-11-21,325,47,52,0,3,7,36,550.0,12,1
31.125,75.125,2023-11-22,326,47,53,0,3,7,37,550.0,9,1
31.125,75.125,2023-11-23,327,47,54,0,3,7,38,550.0,4,1
31.125,75.125,2023-11-24,328,47,55,0,3,7,39,550.0,10,1
31.125,75.125,2023-11-25,329,47,56,0,3,7,40,550.0,0,0
31.125,75.125,2023-11-26,330,47,57,0,2,6,40,550.0,0,0
31.125,75.125,2023-11-27,331,48,58,0,1,5,40,550.0,0,0
31.125,75.125,2023-11-28,332,48,59,0,0,4,40,550.0,0,0
31.125,75.125,2023-11-29,333,48,60,0,0,3,40,550.0,0,0
31.125,75.125,2023-11-30,334,48,61,0,0,2,40,550.0,0,0
31.125,75.375,2023-10-01,274,39,1,0,0,0,0,300.0,0,0
31.125,75.375,2023-10-02,275,40,2,0,0,0,0,300.0,1,1
31.125,75.375,2023-10-03,276,40,3,0,1,1,1,300.0,0,0
31.125,75.375,2023-10-04,277,40,4,0,1,1,1,300.0,0,0
31.125,75.375,2023-10-05,278,40,5,0,1,1,1,300.0,2,1
31.125,75.375,2023-10-06,279,40,6,0,1,2,2,300.0,1,1
31.125,75.375,2023-10-07,280,40,7,0,2,3,3,300.0,0,0
31.125,75.375,2023-10-08,281,40,8,0,2,3,3,300.0,0,0
31.125,75.375,2023-10-09,282,41,9,0,1,3,3,300.0,0,0
31.125,75.375,2023-10-10,283,41,10,0,0,2,3,300.0,0,0
31.125,75.375,2023-10-11,284,41,11,0,0,2,3,300.0,0,0
31.125,75.375,2023-10-12,285,41,12,0,0,2,3,300.0,0,0
31.125,75.375,2023-10-13,286,41,13,0,0,1,3,300.0,0,0
31.125,75.375,2023-10-14,287,41,14,0,0,0,3,300.0,2,1
31.125,75.375,2023-10-15,288,41,15,0,1,1,4,300.0,0,0
31.125,75.375,2023-10-16,289,42,16,0,1,1,4,300.0,0,0
31.125,75.375,2023-10-17,290,42,17,0,1,1,4,300.0,0,0
31.125,75.375,2023-10-18,291,42,18,0,0,1,4,300.0,0,0
31.125,75.375,2023-10-19,292,42,19,0,0,1,4,300.0,1,1
31.125,75.375,2023-10-20,293,42,20,1,1,2,5,300.0,1,1
31.125,75.375,2023-10-21,294,42,21,1,2,3,6,300.0,3,1
31.125,75.375,2023-10-22,295,42,22,1,3,3,7,300.0,0,0
31.125,75.375,2023-10-23,296,43,23,1,2,3,7,300.0,3,1
31.125,75.375,2023-10-24,297,43,24,1,2,4,8,300.0,3,1
31.125,75.375,2023-10-25,298,43,25,1,2,5,9,300.0,7,1
31.125,75.375,2023-10-26,299,43,26,1,3,6,10,300.0,13,1
31.125,75.375,2023-10-27,300,43,27,1,3,6,11,300.0,10,1
31.125,75.375,2023-10-28,301,43,28,1,3,6,12,300.0,0,0
31.125,75.375,2023-10-29,302,43,29,1,2,5,12,300.0,14,1
31.125,75.375,2023-10-30,303,44,30,1,2,6,13,300.0,12,1
31.125,75.375,2023-10-31,304,44,31,1,2,6,14,300.0,28,1
31.125,75.375,2023-11-01,305,44,32,1,3,6,15,300.0,10,1
31.125,75.375,2023-11-02,306,44,33,1,3,6,16,300.0,0,0
31.125,75.375,2023-11-03,307,44,34,1,2,5,16,300.0,12,1
31.125,75.375,2023-11-04,308,44,35,1,2,5,17,300.0,20,1
31.125,75.375,2023-11-05,309,44,36,1,2,6,18,300.0,40,1
31.125,75.375,2023-11-06,310,45,37,1,3,6,19,300.0,12,1
31.125,75.375,2023-11-07,311,45,38,1,3,6,20,300.0,13,1
31.125,75.375,2023-11-08,312,45,39,1,3,6,21,300.0,11,1
31.125,75.375,2023-11-09,313,45,40,1,3,6,22,300.0,12,1
31.125,75.375,2023-11-10,314,45,41,1,3,7,23,300.0,0,0
31.125,75.375,2023-11-11,315,45,42,1,2,6,23,300.0,0,0
31.125,75.375,2023-11-12,316,45,43,1,1,5,23,300.0,3,1
31.125,75.375,2023-11-13,317,46,44,1,1,5,24,300.0,6,1
31.125,75.375,2023-11-14,318,46,45,1,2,5,25,300.0,5,1
31.125,75.375,2023-11-15,319,46,46,1,3,5,26,300.0,13,1
31.125,75.375,2023-11-16,320,46,47,0,3,5,27,300.0,20,1
31.125,75.375,2023-11-17,321,46,48,0,3,5,28,300.0,5,1
31.125,75.375,2023-11-18,322,46,49,0,3,6,29,300.0,0,0
31.125,75.375,2023-11-19,323,46,50,0,2,6,29,300.0,6,1
31.125,75.375,2023-11-20,324,47,51,0,2,6,30,300.0,3,1
31.125,75.375,2023-11-21,325,47,52,0,2,6,31,300.0,2,1
31.125,75.375,2023-11-22,326,47,53,0,3,6,32,300.0,4,1
31.125,75.375,2023-11-23,327,47,54,0,3,6,33,300.0,2,1
31.125,75.375,2023-11-24,328,47,55,0,3,6,34,300.0,0,0
31.125,75.375,2023-11-25,329,47,56,0,2,5,34,300.0,0,0
31.125,75.375,2023-11-26,330,47,57,0,1,5,34,300.0,0,0
31.125,75.375,2023-11-27,331,48,58,0,0,4,34,300.0,0,0
31.125,75.375,2023-11-28,332,48,59,0,0,3,34,300.0,0,0
31.125,75.375,2023-11-29,333,48,60,0,0,2,34,300.0,0,0
31.125,75.375,2023-11-30,334,48,61,0,0,1,34,300.0,0,0
31.125,75.625,2023-10-01,274,39,1,0,0,0,0,313.0,0,0
31.125,75.625,2023-10-02,275,40,2,0,0,0,0,313.0,0,0
31.125,75.625,2023-10-03,276,40,3,0,0,0,0,313.0,0,0
31.125,75.625,2023-10-04,277,40,4,0,0,0,0,313.0,0,0
31.125,75.625,2023-10-05,278,40,5,0,0,0,0,313.0,0,0
31.125,75.625,2023-10-06,279,40,6,0,0,0,0,313.0,0,0
31.125,75.625,2023-10-07,280,40,7,0,0,0,0,313.0,0,0
31.125,75.625,2023-10-08,281,40,8,0,0,0,0,313.0,0,0
31.125,75.625,2023-10-09,282,41,9,0,0,0,0,313.0,0,0
31.125,75.625,2023-10-10,283,41,10,0,0,0,0,313.0,0,0
31.125,75.625,2023-10-11,284,41,11,0,0,0,0,313.0,0,0
31.125,75.625,2023-10-12,285,41,12,0,0,0,0,313.0,0,0
31.125,75.625,2023-10-13,286,41,13,0,0,0,0,313.0,0,0
31.125,75.625,2023-10-14,287,41,14,0,0,0,0,313.0,0,0
31.125,75.625,2023-10-15,288,41,15,0,0,0,0,313.0,0,0
31.125,75.625,2023-10-16,289,42,16,0,0,0,0,313.0,0,0
31.125,75.625,2023-10-17,290,42,17,0,0,0,0,313.0,0,0
31.125,75.625,2023-10-18,291,42,18,0,0,0,0,313.0,0,0
31.125,75.625,2023-10-19,292,42,19,0,0,0,0,313.0,0,0
31.125,75.625,2023-10-20,293,42,20,1,0,0,0,313.0,0,0
31.125,75.625,2023-10-21,294,42,21,1,0,0,0,313.0,0,0
31.125,75.625,2023-10-22,295,42,22,1,0,0,0,313.0,0,0
31.125,75.625,2023-10-23,296,43,23,1,0,0,0,313.0,0,0
31.125,75.625,2023-10-24,297,43,24,1,0,0,0,313.0,0,0
31.125,75.625,2023-10-25,298,43,25,1,0,0,0,313.0,1,1
31.125,75.625,2023-10-26,299,43,26,1,1,1,1,313.0,4,1
31.125,75.625,2023-10-27,300,43,27,1,2,2,2,313.0,1,1
31.125,75.625,2023-10-28,301,43,28,1,3,3,3,313.0,2,1
31.125,75.625,2023-10-29,302,43,29,1,3,4,4,313.0,6,1
31.125,75.625,2023-10-30,303,44,30,1,3,5,5,313.0,5,1
31.125,75.625,2023-10-31,304,44,31,1,3,6,6,313.0,19,1
31.125,75.625,2023-11-01,305,44,32,1,3,7,7,313.0,17,1
31.125,75.625,2023-11-02,306,44,33,1,3,7,8,313.0,0,0
31.125,75.625,2023-11-03,307,44,34,1,2,6,8,313.0,14,1
31.125,75.625,2023-11-04,308,44,35,1,2,6,9,313.0,15,1
31.125,75.625,2023-11-05,309,44,36,1,2,6,10,313.0,50,1
31.125,75.625,2023-11-06,310,45,37,1,3,6,11,313.0,31,1
31.125,75.625,2023-11-07,311,45,38,1,3,6,12,313.0,19,1
31.125,75.625,2023-11-08,312,45,39,1,3,6,13,313.0,18,1
31.125,75.625,2023-11-09,313,45,40,1,3,6,14,313.0,9,1
31.125,75.625,2023-11-10,314,45,41,1,3,7,15,313.0,0,0
31.125,75.625,2023-11-11,315,45,42,1,2,6,15,313.0,0,0
31.125,75.625,2023-11-12,316,45,43,1,1,5,15,313.0,1,1
31.125,75.625,2023-11-13,317,46,44,1,1,5,16,313.0,4,1
31.125,75.625,2023-11-14,318,46,45,1,2,5,17,313.0,20,1
31.125,75.625,2023-11-15,319,46,46,1,3,5,18,313.0,12,1
31.125,75.625,2023-11-16,320,46,47,0,3,5,19,313.0,21,1
31.125,75.625,2023-11-17,321,46,48,0,3,5,20,313.0,13,1
31.125,75.625,2023-11-18,322,46,49,0,3,6,21,313.0,4,1
31.125,75.625,2023-11-19,323,46,50,0,3,7,22,313.0,4,1
31.125,75.625,2023-11-20,324,47,51,0,3,7,23,313.0,4,1
31.125,75.625,2023-11-21,325,47,52,0,3,7,24,313.0,5,1
31.125,75.625,2023-11-22,326,47,53,0,3,7,25,313.0,7,1
31.125,75.625,2023-11-23,327,47,54,0,3,7,26,313.0,3,1
31.125,75.625,2023-11-24,328,47,55,0,3,7,27,313.0,1,1
31.125,75.625,2023-11-25,329,47,56,0,3,7,28,313.0,0,0
31.125,75.625,2023-11-26,330,47,57,0,2,6,28,313.0,0,0
31.125,75.625,2023-11-27,331,48,58,0,1,5,28,313.0,0,0
31.125,75.625,2023-11-28,332,48,59,0,0,4,28,313.0,3,1
31.125,75.625,2023-11-29,333,48,60,0,1,4,29,313.0,0,0
31.125,75.625,2023-11-30,334,48,61,0,1,3,29,313.0,0,0
31.125,75.875,2023-10-01,274,39,1,0,0,0,0,262.0,0,0
31.125,75.875,2023-10-02,275,40,2,0,0,0,0,262.0,0,0
31.125,75.875,2023-10-03,276,40,3,0,0,0,0,262.0,0,0
31.125,75.875,2023-10-04,277,40,4,0,0,0,0,262.0,0,0
31.125,75.875,2023-10-05,278,40,5,0,0,0,0,262.0,0,0
31.125,75.875,2023-10-06,279,40,6,0,0,0,0,262.0,0,0
31.125,75.875,2023-10-07,280,40,7,0,0,0,0,262.0,0,0
31.125,75.875,2023-10-08,281,40,8,0,0,0,0,262.0,0,0
31.125,75.875,2023-10-09,282,41,9,0,0,0,0,262.0,0,0
31.125,75.875,2023-10-10,283,41,10,0,0,0,0,262.0,0,0
31.125,75.875,2023-10-11,284,41,11,0,0,0,0,262.0,0,0
31.125,75.875,2023-10-12,285,41,12,0,0,0,0,262.0,0,0
31.125,75.875,2023-10-13,286,41,13,0,0,0,0,262.0,0,0
31.125,75.875,2023-10-14,287,41,14,0,0,0,0,262.0,2,1
31.125,75.875,2023-10-15,288,41,15,0,1,1,1,262.0,0,0
31.125,75.875,2023-10-16,289,42,16,0,1,1,1,262.0,0,0
31.125,75.875,2023-10-17,290,42,17,0,1,1,1,262.0,0,0
31.125,75.875,2023-10-18,291,42,18,0,0,1,1,262.0,0,0
31.125,75.875,2023-10-19,292,42,19,0,0,1,1,262.0,0,0
31.125,75.875,2023-10-20,293,42,20,1,0,1,1,262.0,0,0
31.125,75.875,2023-10-21,294,42,21,1,0,1,1,262.0,0,0
31.125,75.875,2023-10-22,295,42,22,1,0,0,1,262.0,0,0
31.125,75.875,2023-10-23,296,43,23,1,0,0,1,262.0,1,1
31.125,75.875,2023-10-24,297,43,24,1,1,1,2,262.0,2,1
31.125,75.875,2023-10-25,298,43,25,1,2,2,3,262.0,0,0
31.125,75.875,2023-10-26,299,43,26,1,2,2,3,262.0,3,1
31.125,75.875,2023-10-27,300,43,27,1,2,3,4,262.0,2,1
31.125,75.875,2023-10-28,301,43,28,1,2,4,5,262.0,4,1
31.125,75.875,2023-10-29,302,43,29,1,3,5,6,262.0,3,1
31.125,75.875,2023-10-30,303,44,30,1,3,6,7,262.0,7,1
31.125,75.875,2023-10-31,304,44,31,1,3,6,8,262.0,12,1
31.125,75.875,2023-11-01,305,44,32,1,3,6,9,262.0,22,1
31.125,75.875,2023-11-02,306,44,33,1,3,7,10,262.0,0,0
31.125,75.875,2023-11-03,307,44,34,1,2,6,10,262.0,16,1
31.125,75.875,2023-11-04,308,44,35,1,2,6,11,262.0,23,1
31.125,75.875,2023-11-05,309,44,36,1,2,6,12,262.0,38,1
31.125,75.875,2023-11-06,310,45,37,1,3,6,13,262.0,26,1
31.125,75.875,2023-11-07,311,45,38,1,3,6,14,262.0,20,1
31.125,75.875,2023-11-08,312,45,39,1,3,6,15,262.0,16,1
31.125,75.875,2023-11-09,313,45,40,1,3,6,16,262.0,8,1
31.125,75.875,2023-11-10,314,45,41,1,3,7,17,262.0,0,0
31.125,75.875,2023-11-11,315,45,42,1,2,6,17,262.0,0,0
31.125,75.875,2023-11-12,316,45,43,1,1,5,17,262.0,2,1
31.125,75.875,2023-11-13,317,46,44,1,1,5,18,262.0,0,0
31.125,75.875,2023-11-14,318,46,45,1,1,4,18,262.0,6,1
31.125,75.875,2023-11-15,319,46,46,1,2,4,19,262.0,9,1
31.125,75.875,2023-11-16,320,46,47,0,2,4,20,262.0,15,1
31.125,75.875,2023-11-17,321,46,48,0,3,4,21,262.0,15,1
31.125,75.875,2023-11-18,322,46,49,0,3,5,22,262.0,3,1
31.125,75.875,2023-11-19,323,46,50,0,3,6,23,262.0,1,1
31.125,75.875,2023-11-20,324,47,51,0,3,6,24,262.0,1,1
31.125,75.875,2023-11-21,325,47,52,0,3,7,25,262.0,1,1
31.125,75.875,2023-11-22,326,47,53,0,3,7,26,262.0,1,1
31.125,75.875,2023-11-23,327,47,54,0,3,7,27,262.0,0,0
31.125,75.875,2023-11-24,328,47,55,0,2,6,27,262.0,2,1
31.125,75.875,2023-11-25,329,47,56,0,2,6,28,262.0,0,0
31.125,75.875,2023-11-26,330,47,57,0,1,5,28,262.0,0,0
31.125,75.875,2023-11-27,331,48,58,0,1,4,28,262.0,0,0
31.125,75.875,2023-11-28,332,48,59,0,0,3,28,262.0,1,1
31.125,75.875,2023-11-29,333,48,60,0,1,3,29,262.0,0,0
31.125,75.875,2023-11-30,334,48,61,0,1,2,29,262.0,0,0
31.125,76.125,2023-10-01,274,39,1,0,0,0,0,146.0,0,0
31.125,76.125,2023-10-02,275,40,2,0,0,0,0,146.0,0,0
31.125,76.125,2023-10-03,276,40,3,0,0,0,0,146.0,0,0
31.125,76.125,2023-10-04,277,40,4,0,0,0,0,146.0,2,1
31.125,76.125,2023-10-05,278,40,5,0,1,1,1,146.0,0,0
31.125,76.125,2023-10-06,279,40,6,0,1,1,1,146.0,1,1
31.125,76.125,2023-10-07,280,40,7,0,2,2,2,146.0,0,0
31.125,76.125,2023-10-08,281,40,8,0,1,2,2,146.0,0,0
31.125,76.125,2023-10-09,282,41,9,0,1,2,2,146.0,0,0
31.125,76.125,2023-10-10,283,41,10,0,0,2,2,146.0,0,0
31.125,76.125,2023-10-11,284,41,11,0,0,2,2,146.0,0,0
31.125,76.125,2023-10-12,285,41,12,0,0,1,2,146.0,0,0
31.125,76.125,2023-10-13,286,41,13,0,0,1,2,146.0,0,0
31.125,76.125,2023-10-14,287,41,14,0,0,0,2,146.0,0,0
31.125,76.125,2023-10-15,288,41,15,0,0,0,2,146.0,0,0
31.125,76.125,2023-10-16,289,42,16,0,0,0,2,146.0,0,0
31.125,76.125,2023-10-17,290,42,17,0,0,0,2,146.0,0,0
31.125,76.125,2023-10-18,291,42,18,0,0,0,2,146.0,0,0
31.125,76.125,2023-10-19,292,42,19,0,0,0,2,146.0,0,0
31.125,76.125,2023-10-20,293,42,20,1,0,0,2,146.0,0,0
31.125,76.125,2023-10-21,294,42,21,1,0,0,2,146.0,0,0
31.125,76.125,2023-10-22,295,42,22,1,0,0,2,146.0,0,0
31.125,76.125,2023-10-23,296,43,23,1,0,0,2,146.0,1,1
31.125,76.125,2023-10-24,297,43,24,1,1,1,3,146.0,0,0
31.125,76.125,2023-10-25,298,43,25,1,1,1,3,146.0,0,0
31.125,76.125,2023-10-26,299,43,26,1,1,1,3,146.0,3,1
31.125,76.125,2023-10-27,300,43,27,1,1,2,4,146.0,5,1
31.125,76.125,2023-10-28,301,43,28,1,2,3,5,146.0,2,1
31.125,76.125,2023-10-29,302,43,29,1,3,4,6,146.0,5,1
31.125,76.125,2023-10-30,303,44,30,1,3,5,7,146.0,3,1
31.125,76.125,2023-10-31,304,44,31,1,3,5,8,146.0,5,1
31.125,76.125,2023-11-01,305,44,32,1,3,6,9,146.0,6,1
31.125,76.125,2023-11-02,306,44,33,1,3,7,10,146.0,0,0
31.125,76.125,2023-11-03,307,44,34,1,2,6,10,146.0,1,1
31.125,76.125,2023-11-04,308,44,35,1,2,6,11,146.0,12,1
31.125,76.125,2023-11-05,309,44,36,1,2,6,12,146.0,47,1
31.125,76.125,2023-11-06,310,45,37,1,3,6,13,146.0,14,1
31.125,76.125,2023-11-07,311,45,38,1,3,6,14,146.0,11,1
31.125,76.125,2023-11-08,312,45,39,1,3,6,15,146.0,7,1
31.125,76.125,2023-11-09,313,45,40,1,3,6,16,146.0,6,1
31.125,76.125,2023-11-10,314,45,41,1,3,7,17,146.0,0,0
31.125,76.125,2023-11-11,315,45,42,1,2,6,17,146.0,0,0
31.125,76.125,2023-11-12,316,45,43,1,1,5,17,146.0,4,1
31.125,76.125,2023-11-13,317,46,44,1,1,5,18,146.0,0,0
31.125,76.125,2023-11-14,318,46,45,1,1,4,18,146.0,0,0
31.125,76.125,2023-11-15,319,46,46,1,1,3,18,146.0,3,1
31.125,76.125,2023-11-16,320,46,47,0,1,3,19,146.0,2,1
31.125,76.125,2023-11-17,321,46,48,0,2,3,20,146.0,3,1
31.125,76.125,2023-11-18,322,46,49,0,3,4,21,146.0,0,0
31.125,76.125,2023-11-19,323,46,50,0,2,4,21,146.0,1,1
31.125,76.125,2023-11-20,324,47,51,0,2,4,22,146.0,0,0
31.125,76.125,2023-11-21,325,47,52,0,1,4,22,146.0,0,0
31.125,76.125,2023-11-22,326,47,53,0,1,4,22,146.0,0,0
31.125,76.125,2023-11-23,327,47,54,0,0,3,22,146.0,0,0
31.125,76.125,2023-11-24,328,47,55,0,0,2,22,146.0,0,0
31.125,76.125,2023-11-25,329,47,56,0,0,1,22,146.0,0,0
31.125,76.125,2023-11-26,330,47,57,0,0,1,22,146.0,0,0
31.125,76.125,2023-11-27,331,48,58,0,0,0,22,146.0,2,1
31.125,76.125,2023-11-28,332,48,59,0,1,1,23,146.0,0,0
31.125,76.125,2023-11-29,333,48,60,0,1,1,23,146.0,0,0
31.125,76.125,2023-11-30,334,48,61,0,1,1,23,146.0,0,0
31.125,76.375,2023-10-01,274,39,1,0,0,0,0,7.0,0,0
31.125,76.375,2023-10-02,275,40,2,0,0,0,0,7.0,0,0
31.125,76.375,2023-10-03,276,40,3,0,0,0,0,7.0,0,0
31.125,76.375,2023-10-04,277,40,4,0,0,0,0,7.0,0,0
31.125,76.375,2023-10-05,278,40,5,0,0,0,0,7.0,0,0
31.125,76.375,2023-10-06,279,40,6,0,0,0,0,7.0,0,0
31.125,76.375,2023-10-07,280,40,7,0,0,0,0,7.0,0,0
31.125,76.375,2023-10-08,281,40,8,0,0,0,0,7.0,0,0
31.125,76.375,2023-10-09,282,41,9,0,0,0,0,7.0,0,0
31.125,76.375,2023-10-10,283,41,10,0,0,0,0,7.0,0,0
31.125,76.375,2023-10-11,284,41,11,0,0,0,0,7.0,0,0
31.125,76.375,2023-10-12,285,41,12,0,0,0,0,7.0,0,0
31.125,76.375,2023-10-13,286,41,13,0,0,0,0,7.0,0,0
31.125,76.375,2023-10-14,287,41,14,0,0,0,0,7.0,0,0
31.125,76.375,2023-10-15,288,41,15,0,0,0,0,7.0,0,0
31.125,76.375,2023-10-16,289,42,16,0,0,0,0,7.0,0,0
31.125,76.375,2023-10-17,290,42,17,0,0,0,0,7.0,0,0
31.125,76.375,2023-10-18,291,42,18,0,0,0,0,7.0,0,0
31.125,76.375,2023-10-19,292,42,19,0,0,0,0,7.0,0,0
31.125,76.375,2023-10-20,293,42,20,1,0,0,0,7.0,0,0
31.125,76.375,2023-10-21,294,42,21,1,0,0,0,7.0,1,1
31.125,76.375,2023-10-22,295,42,22,1,1,1,1,7.0,0,0
31.125,76.375,2023-10-23,296,43,23,1,1,1,1,7.0,0,0
31.125,76.375,2023-10-24,297,43,24,1,1,1,1,7.0,0,0
31.125,76.375,2023-10-25,298,43,25,1,0,1,1,7.0,0,0
31.125,76.375,2023-10-26,299,43,26,1,0,1,1,7.0,3,1
31.125,76.375,2023-10-27,300,43,27,1,1,2,2,7.0,0,0
31.125,76.375,2023-10-28,301,43,28,1,1,2,2,7.0,0,0
31.125,76.375,2023-10-29,302,43,29,1,1,1,2,7.0,0,0
31.125,76.375,2023-10-30,303,44,30,1,0,1,2,7.0,0,0
31.125,76.375,2023-10-31,304,44,31,1,0,1,2,7.0,0,0
31.125,76.375,2023-11-01,305,44,32,1,0,1,2,7.0,0,0
31.125,76.375,2023-11-02,306,44,33,1,0,1,2,7.0,0,0
31.125,76.375,2023-11-03,307,44,34,1,0,0,2,7.0,0,0
31.125,76.375,2023-11-04,308,44,35,1,0,0,2,7.0,1,1
31.125,76.375,2023-11-05,309,44,36,1,1,1,3,7.0,2,1
31.125,76.375,2023-11-06,310,45,37,1,2,2,4,7.0,0,0
31.125,76.375,2023-11-07,311,45,38,1,2,2,4,7.0,0,0
31.125,76.375,2023-11-08,312,45,39,1,1,2,4,7.0,0,0
31.125,76.375,2023-11-09,313,45,40,1,0,2,4,7.0,0,0
31.125,76.375,2023-11-10,314,45,41,1,0,2,4,7.0,0,0
31.125,76.375,2023-11-11,315,45,42,1,0,2,4,7.0,0,0
31.125,76.375,2023-11-12,316,45,43,1,0,1,4,7.0,0,0
31.125,76.375,2023-11-13,317,46,44,1,0,0,4,7.0,0,0
31.125,76.375,2023-11-14,318,46,45,1,0,0,4,7.0,0,0
31.125,76.375,2023-11-15,319,46,46,1,0,0,4,7.0,0,0
31.125,76.375,2023-11-16,320,46,47,0,0,0,4,7.0,0,0
31.125,76.375,2023-11-17,321,46,48,0,0,0,4,7.0,0,0
31.125,76.375,2023-11-18,322,46,49,0,0,0,4,7.0,0,0
31.125,76.375,2023-11-19,323,46,50,0,0,0,4,7.0,0,0
31.125,76.375,2023-11-20,324,47,51,0,0,0,4,7.0,0,0
31.125,76.375,2023-11-21,325,47,52,0,0,0,4,7.0,0,0
31.125,76.375,2023-11-22,326,47,53,0,0,0,4,7.0,0,0
31.125,76.375,2023-11-23,327,47,54,0,0,0,4,7.0,0,0
31.125,76.375,2023-11-24,328,47,55,0,0,0,4,7.0,0,0
31.125,76.375,2023-11-25,329,47,56,0,0,0,4,7.0,0,0
31.125,76.375,2023-11-26,330,47,57,0,0,0,4,7.0,0,0
31.125,76.375,2023-11-27,331,48,58,0,0,0,4,7.0,0,0
31.125,76.375,2023-11-28,332,48,59,0,0,0,4,7.0,0,0
31.125,76.375,2023-11-29,333,48,60,0,0,0,4,7.0,0,0
31.125,76.375,2023-11-30,334,48,61,0,0,0,4,7.0,0,0
31.125,76.625,2023-10-01,274,39,1,0,0,0,0,6.0,0,0
31.125,76.625,2023-10-02,275,40,2,0,0,0,0,6.0,0,0
31.125,76.625,2023-10-03,276,40,3,0,0,0,0,6.0,0,0
31.125,76.625,2023-10-04,277,40,4,0,0,0,0,6.0,0,0
31.125,76.625,2023-10-05,278,40,5,0,0,0,0,6.0,0,0
31.125,76.625,2023-10-06,279,40,6,0,0,0,0,6.0,0,0
31.125,76.625,2023-10-07,280,40,7,0,0,0,0,6.0,0,0
31.125,76.625,2023-10-08,281,40,8,0,0,0,0,6.0,0,0
31.125,76.625,2023-10-09,282,41,9,0,0,0,0,6.0,0,0
31.125,76.625,2023-10-10,283,41,10,0,0,0,0,6.0,0,0
31.125,76.625,2023-10-11,284,41,11,0,0,0,0,6.0,0,0
31.125,76.625,2023-10-12,285,41,12,0,0,0,0,6.0,0,0
31.125,76.625,2023-10-13,286,41,13,0,0,0,0,6.0,0,0
31.125,76.625,2023-10-14,287,41,14,0,0,0,0,6.0,0,0
31.125,76.625,2023-10-15,288,41,15,0,0,0,0,6.0,0,0
31.125,76.625,2023-10-16,289,42,16,0,0,0,0,6.0,0,0
31.125,76.625,2023-10-17,290,42,17,0,0,0,0,6.0,0,0
31.125,76.625,2023-10-18,291,42,18,0,0,0,0,6.0,0,0
31.125,76.625,2023-10-19,292,42,19,0,0,0,0,6.0,0,0
31.125,76.625,2023-10-20,293,42,20,1,0,0,0,6.0,0,0
31.125,76.625,2023-10-21,294,42,21,1,0,0,0,6.0,0,0
31.125,76.625,2023-10-22,295,42,22,1,0,0,0,6.0,0,0
31.125,76.625,2023-10-23,296,43,23,1,0,0,0,6.0,0,0
31.125,76.625,2023-10-24,297,43,24,1,0,0,0,6.0,0,0
31.125,76.625,2023-10-25,298,43,25,1,0,0,0,6.0,0,0
31.125,76.625,2023-10-26,299,43,26,1,0,0,0,6.0,0,0
31.125,76.625,2023-10-27,300,43,27,1,0,0,0,6.0,0,0
31.125,76.625,2023-10-28,301,43,28,1,0,0,0,6.0,0,0
31.125,76.625,2023-10-29,302,43,29,1,0,0,0,6.0,0,0
31.125,76.625,2023-10-30,303,44,30,1,0,0,0,6.0,0,0
31.125,76.625,2023-10-31,304,44,31,1,0,0,0,6.0,0,0
31.125,76.625,2023-11-01,305,44,32,1,0,0,0,6.0,3,1
31.125,76.625,2023-11-02,306,44,33,1,1,1,1,6.0,0,0
31.125,76.625,2023-11-03,307,44,34,1,1,1,1,6.0,0,0
31.125,76.625,2023-11-04,308,44,35,1,1,1,1,6.0,0,0
31.125,76.625,2023-11-05,309,44,36,1,0,1,1,6.0,1,1
31.125,76.625,2023-11-06,310,45,37,1,1,2,2,6.0,2,1
31.125,76.625,2023-11-07,311,45,38,1,2,3,3,6.0,0,0
31.125,76.625,2023-11-08,312,45,39,1,2,3,3,6.0,0,0
31.125,76.625,2023-11-09,313,45,40,1,1,2,3,6.0,0,0
31.125,76.625,2023-11-10,314,45,41,1,0,2,3,6.0,0,0
31.125,76.625,2023-11-11,315,45,42,1,0,2,3,6.0,0,0
31.125,76.625,2023-11-12,316,45,43,1,0,2,3,6.0,0,0
31.125,76.625,2023-11-13,317,46,44,1,0,1,3,6.0,0,0
31.125,76.625,2023-11-14,318,46,45,1,0,0,3,6.0,0,0
31.125,76.625,2023-11-15,319,46,46,1,0,0,3,6.0,0,0
31.125,76.625,2023-11-16,320,46,47,0,0,0,3,6.0,0,0
31.125,76.625,2023-11-17,321,46,48,0,0,0,3,6.0,0,0
31.125,76.625,2023-11-18,322,46,49,0,0,0,3,6.0,0,0
31.125,76.625,2023-11-19,323,46,50,0,0,0,3,6.0,0,0
31.125,76.625,2023-11-20,324,47,51,0,0,0,3,6.0,0,0
31.125,76.625,2023-11-21,325,47,52,0,0,0,3,6.0,0,0
31.125,76.625,2023-11-22,326,47,53,0,0,0,3,6.0,0,0
31.125,76.625,2023-11-23,327,47,54,0,0,0,3,6.0,0,0
31.125,76.625,2023-11-24,328,47,55,0,0,0,3,6.0,0,0
31.125,76.625,2023-11-25,329,47,56,0,0,0,3,6.0,0,0
31.125,76.625,2023-11-26,330,47,57,0,0,0,3,6.0,0,0
31.125,76.625,2023-11-27,331,48,58,0,0,0,3,6.0,0,0
31.125,76.625,2023-11-28,332,48,59,0,0,0,3,6.0,0,0
31.125,76.625,2023-11-29,333,48,60,0,0,0,3,6.0,0,0
31.125,76.625,2023-11-30,334,48,61,0,0,0,3,6.0,0,0
31.125,77.375,2023-10-01,274,39,1,0,0,0,0,10.0,0,0
31.125,77.375,2023-10-02,275,40,2,0,0,0,0,10.0,0,0
31.125,77.375,2023-10-03,276,40,3,0,0,0,0,10.0,0,0
31.125,77.375,2023-10-04,277,40,4,0,0,0,0,10.0,0,0
31.125,77.375,2023-10-05,278,40,5,0,0,0,0,10.0,0,0
31.125,77.375,2023-10-06,279,40,6,0,0,0,0,10.0,0,0
31.125,77.375,2023-10-07,280,40,7,0,0,0,0,10.0,0,0
31.125,77.375,2023-10-08,281,40,8,0,0,0,0,10.0,0,0
31.125,77.375,2023-10-09,282,41,9,0,0,0,0,10.0,0,0
31.125,77.375,2023-10-10,283,41,10,0,0,0,0,10.0,0,0
31.125,77.375,2023-10-11,284,41,11,0,0,0,0,10.0,0,0
31.125,77.375,2023-10-12,285,41,12,0,0,0,0,10.0,0,0
31.125,77.375,2023-10-13,286,41,13,0,0,0,0,10.0,0,0
31.125,77.375,2023-10-14,287,41,14,0,0,0,0,10.0,0,0
31.125,77.375,2023-10-15,288,41,15,0,0,0,0,10.0,0,0
31.125,77.375,2023-10-16,289,42,16,0,0,0,0,10.0,0,0
31.125,77.375,2023-10-17,290,42,17,0,0,0,0,10.0,0,0
31.125,77.375,2023-10-18,291,42,18,0,0,0,0,10.0,0,0
31.125,77.375,2023-10-19,292,42,19,0,0,0,0,10.0,0,0
31.125,77.375,2023-10-20,293,42,20,1,0,0,0,10.0,0,0
31.125,77.375,2023-10-21,294,42,21,1,0,0,0,10.0,0,0
31.125,77.375,2023-10-22,295,42,22,1,0,0,0,10.0,0,0
31.125,77.375,2023-10-23,296,43,23,1,0,0,0,10.0,0,0
31.125,77.375,2023-10-24,297,43,24,1,0,0,0,10.0,1,1
31.125,77.375,2023-10-25,298,43,25,1,1,1,1,10.0,0,0
31.125,77.375,2023-10-26,299,43,26,1,1,1,1,10.0,0,0
31.125,77.375,2023-10-27,300,43,27,1,1,1,1,10.0,1,1
31.125,77.375,2023-10-28,301,43,28,1,1,2,2,10.0,3,1
31.125,77.375,2023-10-29,302,43,29,1,2,3,3,10.0,0,0
31.125,77.375,2023-10-30,303,44,30,1,2,3,3,10.0,0,0
31.125,77.375,2023-10-31,304,44,31,1,1,3,3,10.0,0,0
31.125,77.375,2023-11-01,305,44,32,1,0,2,3,10.0,0,0
31.125,77.375,2023-11-02,306,44,33,1,0,2,3,10.0,0,0
31.125,77.375,2023-11-03,307,44,34,1,0,2,3,10.0,0,0
31.125,77.375,2023-11-04,308,44,35,1,0,1,3,10.0,0,0
31.125,77.375,2023-11-05,309,44,36,1,0,0,3,10.0,0,0
31.125,77.375,2023-11-06,310,45,37,1,0,0,3,10.0,0,0
31.125,77.375,2023-11-07,311,45,38,1,0,0,3,10.0,0,0
31.125,77.375,2023-11-08,312,45,39,1,0,0,3,10.0,0,0
31.125,77.375,2023-11-09,313,45,40,1,0,0,3,10.0,0,0
31.125,77.375,2023-11-10,314,45,41,1,0,0,3,10.0,0,0
31.125,77.375,2023-11-11,315,45,42,1,0,0,3,10.0,0,0
31.125,77.375,2023-11-12,316,45,43,1,0,0,3,10.0,3,1
31.125,77.375,2023-11-13,317,46,44,1,1,1,4,10.0,1,1
31.125,77.375,2023-11-14,318,46,45,1,2,2,5,10.0,0,0
31.125,77.375,2023-11-15,319,46,46,1,2,2,5,10.0,0,0
31.125,77.375,2023-11-16,320,46,47,0,1,2,5,10.0,0,0
31.125,77.375,2023-11-17,321,46,48,0,0,2,5,10.0,0,0
31.125,77.375,2023-11-18,322,46,49,0,0,2,5,10.0,0,0
31.125,77.375,2023-11-19,323,46,50,0,0,2,5,10.0,0,0
31.125,77.375,2023-11-20,324,47,51,0,0,1,5,10.0,0,0
31.125,77.375,2023-11-21,325,47,52,0,0,0,5,10.0,0,0
31.125,77.375,2023-11-22,326,47,53,0,0,0,5,10.0,0,0
31.125,77.375,2023-11-23,327,47,54,0,0,0,5,10.0,1,1
31.125,77.375,2023-11-24,328,47,55,0,1,1,6,10.0,0,0
31.125,77.375,2023-11-25,329,47,56,0,1,1,6,10.0,0,0
31.125,77.375,2023-11-26,330,47,57,0,1,1,6,10.0,0,0
31.125,77.375,2023-11-27,331,48,58,0,0,1,6,10.0,0,0
31.125,77.375,2023-11-28,332,48,59,0,0,1,6,10.0,0,0
31.125,77.375,2023-11-29,333,48,60,0,0,1,6,10.0,0,0
31.125,77.375,2023-11-30,334,48,61,0,0,1,6,10.0,0,0
31.375,74.625,2023-10-01,274,39,1,0,0,0,0,314.0,0,0
31.375,74.625,2023-10-02,275,40,2,0,0,0,0,314.0,0,0
31.375,74.625,2023-10-03,276,40,3,0,0,0,0,314.0,3,1
31.375,74.625,2023-10-04,277,40,4,0,1,1,1,314.0,1,1
31.375,74.625,2023-10-05,278,40,5,0,2,2,2,314.0,1,1
31.375,74.625,2023-10-06,279,40,6,0,3,3,3,314.0,1,1
31.375,74.625,2023-10-07,280,40,7,0,3,4,4,314.0,0,0
31.375,74.625,2023-10-08,281,40,8,0,2,4,4,314.0,2,1
31.375,74.625,2023-10-09,282,41,9,0,2,5,5,314.0,0,0
31.375,74.625,2023-10-10,283,41,10,0,1,5,5,314.0,1,1
31.375,74.625,2023-10-11,284,41,11,0,2,5,6,314.0,0,0
31.375,74.625,2023-10-12,285,41,12,0,1,4,6,314.0,3,1
31.375,74.625,2023-10-13,286,41,13,0,2,4,7,314.0,1,1
31.375,74.625,2023-10-14,287,41,14,0,2,4,8,314.0,1,1
31.375,74.625,2023-10-15,288,41,15,0,3,5,9,314.0,0,0
31.375,74.625,2023-10-16,289,42,16,0,2,4,9,314.0,0,0
31.375,74.625,2023-10-17,290,42,17,0,1,4,9,314.0,0,0
31.375,74.625,2023-10-18,291,42,18,0,0,3,9,314.0,0,0
31.375,74.625,2023-10-19,292,42,19,0,0,3,9,314.0,0,0
31.375,74.625,2023-10-20,293,42,20,1,0,2,9,314.0,1,1
31.375,74.625,2023-10-21,294,42,21,1,1,2,10,314.0,2,1
31.375,74.625,2023-10-22,295,42,22,1,2,2,11,314.0,0,0
31.375,74.625,2023-10-23,296,43,23,1,2,2,11,314.0,8,1
31.375,74.625,2023-10-24,297,43,24,1,2,3,12,314.0,7,1
31.375,74.625,2023-10-25,298,43,25,1,2,4,13,314.0,9,1
31.375,74.625,2023-10-26,299,43,26,1,3,5,14,314.0,20,1
31.375,74.625,2023-10-27,300,43,27,1,3,6,15,314.0,17,1
31.375,74.625,2023-10-28,301,43,28,1,3,6,16,314.0,1,1
31.375,74.625,2023-10-29,302,43,29,1,3,6,17,314.0,25,1
31.375,74.625,2023-10-30,303,44,30,1,3,7,18,314.0,17,1
31.375,74.625,2023-10-31,304,44,31,1,3,7,19,314.0,29,1
31.375,74.625,2023-11-01,305,44,32,1,3,7,20,314.0,35,1
31.375,74.625,2023-11-02,306,44,33,1,3,7,21,314.0,0,0
31.375,74.625,2023-11-03,307,44,34,1,2,6,21,314.0,17,1
31.375,74.625,2023-11-04,308,44,35,1,2,6,22,314.0,22,1
31.375,74.625,2023-11-05,309,44,36,1,2,6,23,314.0,38,1
31.375,74.625,2023-11-06,310,45,37,1,3,6,24,314.0,11,1
31.375,74.625,2023-11-07,311,45,38,1,3,6,25,314.0,11,1
31.375,74.625,2023-11-08,312,45,39,1,3,6,26,314.0,0,0
31.375,74.625,2023-11-09,313,45,40,1,2,5,26,314.0,5,1
31.375,74.625,2023-11-10,314,45,41,1,2,6,27,314.0,0,0
31.375,74.625,2023-11-11,315,45,42,1,1,5,27,314.0,0,0
31.375,74.625,2023-11-12,316,45,43,1,1,4,27,314.0,0,0
31.375,74.625,2023-11-13,317,46,44,1,0,3,27,314.0,1,1
31.375,74.625,2023-11-14,318,46,45,1,1,3,28,314.0,4,1
31.375,74.625,2023-11-15,319,46,46,1,2,3,29,314.0,5,1
31.375,74.625,2023-11-16,320,46,47,0,3,4,30,314.0,3,1
31.375,74.625,2023-11-17,321,46,48,0,3,4,31,314.0,0,0
31.375,74.625,2023-11-18,322,46,49,0,2,4,31,314.0,3,1
31.375,74.625,2023-11-19,323,46,50,0,2,5,32,314.0,4,1
31.375,74.625,2023-11-20,324,47,51,0,2,6,33,314.0,2,1
31.375,74.625,2023-11-21,325,47,52,0,3,6,34,314.0,1,1
31.375,74.625,2023-11-22,326,47,53,0,3,6,35,314.0,2,1
31.375,74.625,2023-11-23,327,47,54,0,3,6,36,314.0,0,0
31.375,74.625,2023-11-24,328,47,55,0,2,5,36,314.0,0,0
31.375,74.625,2023-11-25,329,47,56,0,1,5,36,314.0,0,0
31.375,74.625,2023-11-26,330,47,57,0,0,4,36,314.0,0,0
31.375,74.625,2023-11-27,331,48,58,0,0,3,36,314.0,0,0
31.375,74.625,2023-11-28,332,48,59,0,0,2,36,314.0,0,0
31.375,74.625,2023-11-29,333,48,60,0,0,1,36,314.0,0,0
31.375,74.625,2023-11-30,334,48,61,0,0,0,36,314.0,0,0
31.375,74.875,2023-10-01,274,39,1,0,0,0,0,370.0,2,1
31.375,74.875,2023-10-02,275,40,2,0,1,1,1,370.0,3,1
31.375,74.875,2023-10-03,276,40,3,0,2,2,2,370.0,2,1
31.375,74.875,2023-10-04,277,40,4,0,3,3,3,370.0,3,1
31.375,74.875,2023-10-05,278,40,5,0,3,4,4,370.0,3,1
31.375,74.875,2023-10-06,279,40,6,0,3,5,5,370.0,1,1
31.375,74.875,2023-10-07,280,40,7,0,3,6,6,370.0,1,1
31.375,74.875,2023-10-08,281,40,8,0,3,7,7,370.0,3,1
31.375,74.875,2023-10-09,282,41,9,0,3,7,8,370.0,7,1
31.375,74.875,2023-10-10,283,41,10,0,3,7,9,370.0,0,0
31.375,74.875,2023-10-11,284,41,11,0,2,6,9,370.0,1,1
31.375,74.875,2023-10-12,285,41,12,0,2,6,10,370.0,2,1
31.375,74.875,2023-10-13,286,41,13,0,2,6,11,370.0,3,1
31.375,74.875,2023-10-14,287,41,14,0,3,6,12,370.0,0,0
31.375,74.875,2023-10-15,288,41,15,0,2,5,12,370.0,0,0
31.375,74.875,2023-10-16,289,42,16,0,1,4,12,370.0,0,0
31.375,74.875,2023-10-17,290,42,17,0,0,3,12,370.0,0,0
31.375,74.875,2023-10-18,291,42,18,0,0,3,12,370.0,0,0
31.375,74.875,2023-10-19,292,42,19,0,0,2,12,370.0,1,1
31.375,74.875,2023-10-20,293,42,20,1,1,2,13,370.0,3,1
31.375,74.875,2023-10-21,294,42,21,1,2,2,14,370.0,3,1
31.375,74.875,2023-10-22,295,42,22,1,3,3,15,370.0,1,1
31.375,74.875,2023-10-23,296,43,23,1,3,4,16,370.0,1,1
31.375,74.875,2023-10-24,297,43,24,1,3,5,17,370.0,4,1
31.375,74.875,2023-10-25,298,43,25,1,3,6,18,370.0,6,1
31.375,74.875,2023-10-26,299,43,26,1,3,7,19,370.0,17,1
31.375,74.875,2023-10-27,300,43,27,1,3,7,20,370.0,8,1
31.375,74.875,2023-10-28,301,43,28,1,3,7,21,370.0,1,1
31.375,74.875,2023-10-29,302,43,29,1,3,7,22,370.0,16,1
31.375,74.875,2023-10-30,303,44,30,1,3,7,23,370.0,25,1
31.375,74.875,2023-10-31,304,44,31,1,3,7,24,370.0,48,1
31.375,74.875,2023-11-01,305,44,32,1,3,7,25,370.0,34,1
31.375,74.875,2023-11-02,306,44,33,1,3,7,26,370.0,0,0
31.375,74.875,2023-11-03,307,44,34,1,2,6,26,370.0,17,1
31.375,74.875,2023-11-04,308,44,35,1,2,6,27,370.0,26,1
31.375,74.875,2023-11-05,309,44,36,1,2,6,28,370.0,61,1
31.375,74.875,2023-11-06,310,45,37,1,3,6,29,370.0,7,1
31.375,74.875,2023-11-07,311,45,38,1,3,6,30,370.0,11,1
31.375,74.875,2023-11-08,312,45,39,1,3,6,31,370.0,5,1
31.375,74.875,2023-11-09,313,45,40,1,3,6,32,370.0,9,1
31.375,74.875,2023-11-10,314,45,41,1,3,7,33,370.0,0,0
31.375,74.875,2023-11-11,315,45,42,1,2,6,33,370.0,0,0
31.375,74.875,2023-11-12,316,45,43,1,1,5,33,370.0,1,1
31.375,74.875,2023-11-13,317,46,44,1,1,5,34,370.0,1,1
31.375,74.875,2023-11-14,318,46,45,1,2,5,35,370.0,1,1
31.375,74.875,2023-11-15,319,46,46,1,3,5,36,370.0,6,1
31.375,74.875,2023-11-16,320,46,47,0,3,5,37,370.0,5,1
31.375,74.875,2023-11-17,321,46,48,0,3,5,38,370.0,7,1
31.375,74.875,2023-11-18,322,46,49,0,3,6,39,370.0,3,1
31.375,74.875,2023-11-19,323,46,50,0,3,7,40,370.0,0,0
31.375,74.875,2023-11-20,324,47,51,0,2,6,40,370.0,3,1
31.375,74.875,2023-11-21,325,47,52,0,2,6,41,370.0,3,1
31.375,74.875,2023-11-22,326,47,53,0,2,6,42,370.0,4,1
31.375,74.875,2023-11-23,327,47,54,0,3,6,43,370.0,1,1
31.375,74.875,2023-11-24,328,47,55,0,3,6,44,370.0,0,0
31.375,74.875,2023-11-25,329,47,56,0,2,5,44,370.0,0,0
31.375,74.875,2023-11-26,330,47,57,0,1,4,44,370.0,0,0
31.375,74.875,2023-11-27,331,48,58,0,0,4,44,370.0,0,0
31.375,74.875,2023-11-28,332,48,59,0,0,3,44,370.0,0,0
31.375,74.875,2023-11-29,333,48,60,0,0,2,44,370.0,0,0
31.375,74.875,2023-11-30,334,48,61,0,0,1,44,370.0,0,0
31.375,75.125,2023-10-01,274,39,1,0,0,0,0,456.0,4,1
31.375,75.125,2023-10-02,275,40,2,0,1,1,1,456.0,11,1
31.375,75.125,2023-10-03,276,40,3,0,2,2,2,456.0,19,1
31.375,75.125,2023-10-04,277,40,4,0,3,3,3,456.0,14,1
31.375,75.125,2023-10-05,278,40,5,0,3,4,4,456.0,15,1
31.375,75.125,2023-10-06,279,40,6,0,3,5,5,456.0,12,1
31.375,75.125,2023-10-07,280,40,7,0,3,6,6,456.0,6,1
31.375,75.125,2023-10-08,281,40,8,0,3,7,7,456.0,8,1
31.375,75.125,2023-10-09,282,41,9,0,3,7,8,456.0,7,1
31.375,75.125,2023-10-10,283,41,10,0,3,7,9,456.0,0,0
31.375,75.125,2023-10-11,284,41,11,0,2,6,9,456.0,1,1
31.375,75.125,2023-10-12,285,41,12,0,2,6,10,456.0,6,1
31.375,75.125,2023-10-13,286,41,13,0,2,6,11,456.0,10,1
31.375,75.125,2023-10-14,287,41,14,0,3,6,12,456.0,4,1
31.375,75.125,2023-10-15,288,41,15,0,3,6,13,456.0,0,0
31.375,75.125,2023-10-16,289,42,16,0,2,5,13,456.0,0,0
31.375,75.125,2023-10-17,290,42,17,0,1,4,13,456.0,0,0
31.375,75.125,2023-10-18,291,42,18,0,0,4,13,456.0,0,0
31.375,75.125,2023-10-19,292,42,19,0,0,3,13,456.0,0,0
31.375,75.125,2023-10-20,293,42,20,1,0,2,13,456.0,4,1
31.375,75.125,2023-10-21,294,42,21,1,1,2,14,456.0,6,1
31.375,75.125,2023-10-22,295,42,22,1,2,2,15,456.0,1,1
31.375,75.125,2023-10-23,296,43,23,1,3,3,16,456.0,8,1
31.375,75.125,2023-10-24,297,43,24,1,3,4,17,456.0,13,1
31.375,75.125,2023-10-25,298,43,25,1,3,5,18,456.0,6,1
31.375,75.125,2023-10-26,299,43,26,1,3,6,19,456.0,14,1
31.375,75.125,2023-10-27,300,43,27,1,3,7,20,456.0,15,1
31.375,75.125,2023-10-28,301,43,28,1,3,7,21,456.0,2,1
31.375,75.125,2023-10-29,302,43,29,1,3,7,22,456.0,25,1
31.375,75.125,2023-10-30,303,44,30,1,3,7,23,456.0,29,1
31.375,75.125,2023-10-31,304,44,31,1,3,7,24,456.0,22,1
31.375,75.125,2023-11-01,305,44,32,1,3,7,25,456.0,45,1
31.375,75.125,2023-11-02,306,44,33,1,3,7,26,456.0,0,0
31.375,75.125,2023-11-03,307,44,34,1,2,6,26,456.0,19,1
31.375,75.125,2023-11-04,308,44,35,1,2,6,27,456.0,29,1
31.375,75.125,2023-11-05,309,44,36,1,2,6,28,456.0,49,1
31.375,75.125,2023-11-06,310,45,37,1,3,6,29,456.0,12,1
31.375,75.125,2023-11-07,311,45,38,1,3,6,30,456.0,9,1
31.375,75.125,2023-11-08,312,45,39,1,3,6,31,456.0,5,1
31.375,75.125,2023-11-09,313,45,40,1,3,6,32,456.0,6,1
31.375,75.125,2023-11-10,314,45,41,1,3,7,33,456.0,0,0
31.375,75.125,2023-11-11,315,45,42,1,2,6,33,456.0,0,0
31.375,75.125,2023-11-12,316,45,43,1,1,5,33,456.0,0,0
31.375,75.125,2023-11-13,317,46,44,1,0,4,33,456.0,0,0
31.375,75.125,2023-11-14,318,46,45,1,0,3,33,456.0,1,1
31.375,75.125,2023-11-15,319,46,46,1,1,3,34,456.0,3,1
31.375,75.125,2023-11-16,320,46,47,0,2,3,35,456.0,8,1
31.375,75.125,2023-11-17,321,46,48,0,3,3,36,456.0,3,1
31.375,75.125,2023-11-18,322,46,49,0,3,4,37,456.0,1,1
31.375,75.125,2023-11-19,323,46,50,0,3,5,38,456.0,2,1
31.375,75.125,2023-11-20,324,47,51,0,3,6,39,456.0,0,0
31.375,75.125,2023-11-21,325,47,52,0,2,6,39,456.0,2,1
31.375,75.125,2023-11-22,326,47,53,0,2,6,40,456.0,0,0
31.375,75.125,2023-11-23,327,47,54,0,1,5,40,456.0,0,0
31.375,75.125,2023-11-24,328,47,55,0,1,4,40,456.0,0,0
31.375,75.125,2023-11-25,329,47,56,0,0,3,40,456.0,0,0
31.375,75.125,2023-11-26,330,47,57,0,0,2,40,456.0,0,0
31.375,75.125,2023-11-27,331,48,58,0,0,1,40,456.0,0,0
31.375,75.125,2023-11-28,332,48,59,0,0,1,40,456.0,0,0
31.375,75.125,2023-11-29,333,48,60,0,0,0,40,456.0,0,0
31.375,75.125,2023-11-30,334,48,61,0,0,0,40,456.0,0,0
31.375,75.375,2023-10-01,274,39,1,0,0,0,0,251.0,0,0
31.375,75.375,2023-10-02,275,40,2,0,0,0,0,251.0,0,0
31.375,75.375,2023-10-03,276,40,3,0,0,0,0,251.0,3,1
31.375,75.375,2023-10-04,277,40,4,0,1,1,1,251.0,1,1
31.375,75.375,2023-10-05,278,40,5,0,2,2,2,251.0,3,1
31.375,75.375,2023-10-06,279,40,6,0,3,3,3,251.0,0,0
31.375,75.375,2023-10-07,280,40,7,0,2,3,3,251.0,1,1
31.375,75.375,2023-10-08,281,40,8,0,2,4,4,251.0,1,1
31.375,75.375,2023-10-09,282,41,9,0,2,5,5,251.0,0,0
31.375,75.375,2023-10-10,283,41,10,0,2,5,5,251.0,0,0
31.375,75.375,2023-10-11,284,41,11,0,1,4,5,251.0,0,0
31.375,75.375,2023-10-12,285,41,12,0,0,3,5,251.0,0,0
31.375,75.375,2023-10-13,286,41,13,0,0,2,5,251.0,1,1
31.375,75.375,2023-10-14,287,41,14,0,1,3,6,251.0,1,1
31.375,75.375,2023-10-15,288,41,15,0,2,3,7,251.0,0,0
31.375,75.375,2023-10-16,289,42,16,0,2,2,7,251.0,0,0
31.375,75.375,2023-10-17,290,42,17,0,1,2,7,251.0,0,0
31.375,75.375,2023-10-18,291,42,18,0,0,2,7,251.0,0,0
31.375,75.375,2023-10-19,292,42,19,0,0,2,7,251.0,0,0
31.375,75.375,2023-10-20,293,42,20,1,0,2,7,251.0,1,1
31.375,75.375,2023-10-21,294,42,21,1,1,2,8,251.0,0,0
31.375,75.375,2023-10-22,295,42,22,1,1,1,8,251.0,0,0
31.375,75.375,2023-10-23,296,43,23,1,1,1,8,251.0,1,1
31.375,75.375,2023-10-24,297,43,24,1,1,2,9,251.0,4,1
31.375,75.375,2023-10-25,298,43,25,1,2,3,10,251.0,3,1
31.375,75.375,2023-10-26,299,43,26,1,3,4,11,251.0,7,1
31.375,75.375,2023-10-27,300,43,27,1,3,5,12,251.0,5,1
31.375,75.375,2023-10-28,301,43,28,1,3,5,13,251.0,0,0
31.375,75.375,2023-10-29,302,43,29,1,2,5,13,251.0,0,0
31.375,75.375,2023-10-30,303,44,30,1,1,5,13,251.0,7,1
31.375,75.375,2023-10-31,304,44,31,1,1,5,14,251.0,7,1
31.375,75.375,2023-11-01,305,44,32,1,2,5,15,251.0,10,1
31.375,75.375,2023-11-02,306,44,33,1,3,5,16,251.0,0,0
31.375,75.375,2023-11-03,307,44,34,1,2,4,16,251.0,7,1
31.375,75.375,2023-11-04,308,44,35,1,2,4,17,251.0,16,1
31.375,75.375,2023-11-05,309,44,36,1,2,5,18,251.0,41,1
31.375,75.375,2023-11-06,310,45,37,1,3,6,19,251.0,17,1
31.375,75.375,2023-11-07,311,45,38,1,3,6,20,251.0,13,1
31.375,75.375,2023-11-08,312,45,39,1,3,6,21,251.0,19,1
31.375,75.375,2023-11-09,313,45,40,1,3,6,22,251.0,33,1
31.375,75.375,2023-11-10,314,45,41,1,3,7,23,251.0,0,0
31.375,75.375,2023-11-11,315,45,42,1,2,6,23,251.0,1,1
31.375,75.375,2023-11-12,316,45,43,1,2,6,24,251.0,0,0
31.375,75.375,2023-11-13,317,46,44,1,1,5,24,251.0,0,0
31.375,75.375,2023-11-14,318,46,45,1,1,4,24,251.0,3,1
31.375,75.375,2023-11-15,319,46,46,1,1,4,25,251.0,2,1
31.375,75.375,2023-11-16,320,46,47,0,2,4,26,251.0,3,1
31.375,75.375,2023-11-17,321,46,48,0,3,4,27,251.0,8,1
31.375,75.375,2023-11-18,322,46,49,0,3,5,28,251.0,2,1
31.375,75.375,2023-11-19,323,46,50,0,3,5,29,251.0,8,1
31.375,75.375,2023-11-20,324,47,51,0,3,6,30,251.0,3,1
31.375,75.375,2023-11-21,325,47,52,0,3,7,31,251.0,8,1
31.375,75.375,2023-11-22,326,47,53,0,3,7,32,251.0,3,1
31.375,75.375,2023-11-23,327,47,54,0,3,7,33,251.0,4,1
31.375,75.375,2023-11-24,328,47,55,0,3,7,34,251.0,1,1
31.375,75.375,2023-11-25,329,47,56,0,3,7,35,251.0,0,0
31.375,75.375,2023-11-26,330,47,57,0,2,6,35,251.0,0,0
31.375,75.375,2023-11-27,331,48,58,0,1,5,35,251.0,0,0
31.375,75.375,2023-11-28,332,48,59,0,0,4,35,251.0,3,1
31.375,75.375,2023-11-29,333,48,60,0,1,4,36,251.0,0,0
31.375,75.375,2023-11-30,334,48,61,0,1,3,36,251.0,0,0
31.375,75.625,2023-10-01,274,39,1,0,0,0,0,59.0,0,0
31.375,75.625,2023-10-02,275,40,2,0,0,0,0,59.0,3,1
31.375,75.625,2023-10-03,276,40,3,0,1,1,1,59.0,1,1
31.375,75.625,2023-10-04,277,40,4,0,2,2,2,59.0,0,0
31.375,75.625,2023-10-05,278,40,5,0,2,2,2,59.0,0,0
31.375,75.625,2023-10-06,279,40,6,0,1,2,2,59.0,0,0
31.375,75.625,2023-10-07,280,40,7,0,0,2,2,59.0,0,0
31.375,75.625,2023-10-08,281,40,8,0,0,2,2,59.0,0,0
31.375,75.625,2023-10-09,282,41,9,0,0,2,2,59.0,0,0
31.375,75.625,2023-10-10,283,41,10,0,0,1,2,59.0,0,0
31.375,75.625,2023-10-11,284,41,11,0,0,0,2,59.0,0,0
31.375,75.625,2023-10-12,285,41,12,0,0,0,2,59.0,0,0
31.375,75.625,2023-10-13,286,41,13,0,0,0,2,59.0,0,0
31.375,75.625,2023-10-14,287,41,14,0,0,0,2,59.0,0,0
31.375,75.625,2023-10-15,288,41,15,0,0,0,2,59.0,0,0
31.375,75.625,2023-10-16,289,42,16,0,0,0,2,59.0,0,0
31.375,75.625,2023-10-17,290,42,17,0,0,0,2,59.0,0,0
31.375,75.625,2023-10-18,291,42,18,0,0,0,2,59.0,0,0
31.375,75.625,2023-10-19,292,42,19,0,0,0,2,59.0,0,0
31.375,75.625,2023-10-20,293,42,20,1,0,0,2,59.0,1,1
31.375,75.625,2023-10-21,294,42,21,1,1,1,3,59.0,1,1
31.375,75.625,2023-10-22,295,42,22,1,2,2,4,59.0,0,0
31.375,75.625,2023-10-23,296,43,23,1,2,2,4,59.0,1,1
31.375,75.625,2023-10-24,297,43,24,1,2,3,5,59.0,2,1
31.375,75.625,2023-10-25,298,43,25,1,2,4,6,59.0,0,0
31.375,75.625,2023-10-26,299,43,26,1,2,4,6,59.0,2,1
31.375,75.625,2023-10-27,300,43,27,1,2,5,7,59.0,2,1
31.375,75.625,2023-10-28,301,43,28,1,2,5,8,59.0,0,0
31.375,75.625,2023-10-29,302,43,29,1,2,4,8,59.0,0,0
31.375,75.625,2023-10-30,303,44,30,1,1,4,8,59.0,1,1
31.375,75.625,2023-10-31,304,44,31,1,1,4,9,59.0,3,1
31.375,75.625,2023-11-01,305,44,32,1,2,4,10,59.0,4,1
31.375,75.625,2023-11-02,306,44,33,1,3,5,11,59.0,0,0
31.375,75.625,2023-11-03,307,44,34,1,2,4,11,59.0,0,0
31.375,75.625,2023-11-04,308,44,35,1,1,3,11,59.0,3,1
31.375,75.625,2023-11-05,309,44,36,1,1,4,12,59.0,3,1
31.375,75.625,2023-11-06,310,45,37,1,2,5,13,59.0,5,1
31.375,75.625,2023-11-07,311,45,38,1,3,5,14,59.0,3,1
31.375,75.625,2023-11-08,312,45,39,1,3,5,15,59.0,6,1
31.375,75.625,2023-11-09,313,45,40,1,3,5,16,59.0,3,1
31.375,75.625,2023-11-10,314,45,41,1,3,6,17,59.0,0,0
31.375,75.625,2023-11-11,315,45,42,1,2,6,17,59.0,0,0
31.375,75.625,2023-11-12,316,45,43,1,1,5,17,59.0,0,0
31.375,75.625,2023-11-13,317,46,44,1,0,4,17,59.0,0,0
31.375,75.625,2023-11-14,318,46,45,1,0,3,17,59.0,2,1
31.375,75.625,2023-11-15,319,46,46,1,1,3,18,59.0,1,1
31.375,75.625,2023-11-16,320,46,47,0,2,3,19,59.0,5,1
31.375,75.625,2023-11-17,321,46,48,0,3,3,20,59.0,1,1
31.375,75.625,2023-11-18,322,46,49,0,3,4,21,59.0,1,1
31.375,75.625,2023-11-19,323,46,50,0,3,5,22,59.0,0,0
31.375,75.625,2023-11-20,324,47,51,0,2,5,22,59.0,1,1
31.375,75.625,2023-11-21,325,47,52,0,2,6,23,59.0,3,1
31.375,75.625,2023-11-22,326,47,53,0,2,6,24,59.0,0,0
31.375,75.625,2023-11-23,327,47,54,0,2,5,24,59.0,0,0
31.375,75.625,2023-11-24,328,47,55,0,1,4,24,59.0,0,0
31.375,75.625,2023-11-25,329,47,56,0,0,3,24,59.0,0,0
31.375,75.625,2023-11-26,330,47,57,0,0,2,24,59.0,0,0
31.375,75.625,2023-11-27,331,48,58,0,0,2,24,59.0,0,0
31.375,75.625,2023-11-28,332,48,59,0,0,1,24,59.0,1,1
31.375,75.625,2023-11-29,333,48,60,0,1,1,25,59.0,0,0
31.375,75.625,2023-11-30,334,48,61,0,1,1,25,59.0,0,0
31.375,75.875,2023-10-01,274,39,1,0,0,0,0,51.0,0,0
31.375,75.875,2023-10-02,275,40,2,0,0,0,0,51.0,0,0
31.375,75.875,2023-10-03,276,40,3,0,0,0,0,51.0,0,0
31.375,75.875,2023-10-04,277,40,4,0,0,0,0,51.0,0,0
31.375,75.875,2023-10-05,278,40,5,0,0,0,0,51.0,0,0
31.375,75.875,2023-10-06,279,40,6,0,0,0,0,51.0,0,0
31.375,75.875,2023-10-07,280,40,7,0,0,0,0,51.0,0,0
31.375,75.875,2023-10-08,281,40,8,0,0,0,0,51.0,0,0
31.375,75.875,2023-10-09,282,41,9,0,0,0,0,51.0,0,0
31.375,75.875,2023-10-10,283,41,10,0,0,0,0,51.0,0,0
31.375,75.875,2023-10-11,284,41,11,0,0,0,0,51.0,0,0
31.375,75.875,2023-10-12,285,41,12,0,0,0,0,51.0,0,0
31.375,75.875,2023-10-13,286,41,13,0,0,0,0,51.0,0,0
31.375,75.875,2023-10-14,287,41,14,0,0,0,0,51.0,0,0
31.375,75.875,2023-10-15,288,41,15,0,0,0,0,51.0,0,0
31.375,75.875,2023-10-16,289,42,16,0,0,0,0,51.0,0,0
31.375,75.875,2023-10-17,290,42,17,0,0,0,0,51.0,0,0
31.375,75.875,2023-10-18,291,42,18,0,0,0,0,51.0,0,0
31.375,75.875,2023-10-19,292,42,19,0,0,0,0,51.0,0,0
31.375,75.875,2023-10-20,293,42,20,1,0,0,0,51.0,0,0
31.375,75.875,2023-10-21,294,42,21,1,0,0,0,51.0,0,0
31.375,75.875,2023-10-22,295,42,22,1,0,0,0,51.0,0,0
31.375,75.875,2023-10-23,296,43,23,1,0,0,0,51.0,0,0
31.375,75.875,2023-10-24,297,43,24,1,0,0,0,51.0,1,1
31.375,75.875,2023-10-25,298,43,25,1,1,1,1,51.0,0,0
31.375,75.875,2023-10-26,299,43,26,1,1,1,1,51.0,0,0
31.375,75.875,2023-10-27,300,43,27,1,1,1,1,51.0,0,0
31.375,75.875,2023-10-28,301,43,28,1,0,1,1,51.0,0,0
31.375,75.875,2023-10-29,302,43,29,1,0,1,1,51.0,1,1
31.375,75.875,2023-10-30,303,44,30,1,1,2,2,51.0,0,0
31.375,75.875,2023-10-31,304,44,31,1,1,2,2,51.0,2,1
31.375,75.875,2023-11-01,305,44,32,1,2,2,3,51.0,5,1
31.375,75.875,2023-11-02,306,44,33,1,2,3,4,51.0,0,0
31.375,75.875,2023-11-03,307,44,34,1,2,3,4,51.0,2,1
31.375,75.875,2023-11-04,308,44,35,1,2,4,5,51.0,2,1
31.375,75.875,2023-11-05,309,44,36,1,2,5,6,51.0,4,1
31.375,75.875,2023-11-06,310,45,37,1,3,5,7,51.0,7,1
31.375,75.875,2023-11-07,311,45,38,1,3,6,8,51.0,2,1
31.375,75.875,2023-11-08,312,45,39,1,3,6,9,51.0,1,1
31.375,75.875,2023-11-09,313,45,40,1,3,6,10,51.0,1,1
31.375,75.875,2023-11-10,314,45,41,1,3,7,11,51.0,0,0
31.375,75.875,2023-11-11,315,45,42,1,2,6,11,51.0,0,0
31.375,75.875,2023-11-12,316,45,43,1,1,5,11,51.0,0,0
31.375,75.875,2023-11-13,317,46,44,1,0,4,11,51.0,0,0
31.375,75.875,2023-11-14,318,46,45,1,0,3,11,51.0,3,1
31.375,75.875,2023-11-15,319,46,46,1,1,3,12,51.0,0,0
31.375,75.875,2023-11-16,320,46,47,0,1,2,12,51.0,3,1
31.375,75.875,2023-11-17,321,46,48,0,2,2,13,51.0,2,1
31.375,75.875,2023-11-18,322,46,49,0,2,3,14,51.0,3,1
31.375,75.875,2023-11-19,323,46,50,0,3,4,15,51.0,2,1
31.375,75.875,2023-11-20,324,47,51,0,3,5,16,51.0,2,1
31.375,75.875,2023-11-21,325,47,52,0,3,6,17,51.0,5,1
31.375,75.875,2023-11-22,326,47,53,0,3,6,18,51.0,2,1
31.375,75.875,2023-11-23,327,47,54,0,3,7,19,51.0,0,0
31.375,75.875,2023-11-24,328,47,55,0,2,6,19,51.0,1,1
31.375,75.875,2023-11-25,329,47,56,0,2,6,20,51.0,0,0
31.375,75.875,2023-11-26,330,47,57,0,1,5,20,51.0,0,0
31.375,75.875,2023-11-27,331,48,58,0,1,4,20,51.0,0,0
31.375,75.875,2023-11-28,332,48,59,0,0,3,20,51.0,0,0
31.375,75.875,2023-11-29,333,48,60,0,0,2,20,51.0,0,0
31.375,75.875,2023-11-30,334,48,61,0,0,1,20,51.0,0,0
31.375,76.125,2023-10-01,274,39,1,0,0,0,0,11.0,0,0
31.375,76.125,2023-10-02,275,40,2,0,0,0,0,11.0,0,0
31.375,76.125,2023-10-03,276,40,3,0,0,0,0,11.0,0,0
31.375,76.125,2023-10-04,277,40,4,0,0,0,0,11.0,0,0
31.375,76.125,2023-10-05,278,40,5,0,0,0,0,11.0,0,0
31.375,76.125,2023-10-06,279,40,6,0,0,0,0,11.0,0,0
31.375,76.125,2023-10-07,280,40,7,0,0,0,0,11.0,0,0
31.375,76.125,2023-10-08,281,40,8,0,0,0,0,11.0,0,0
31.375,76.125,2023-10-09,282,41,9,0,0,0,0,11.0,0,0
31.375,76.125,2023-10-10,283,41,10,0,0,0,0,11.0,0,0
31.375,76.125,2023-10-11,284,41,11,0,0,0,0,11.0,0,0
31.375,76.125,2023-10-12,285,41,12,0,0,0,0,11.0,0,0
31.375,76.125,2023-10-13,286,41,13,0,0,0,0,11.0,0,0
31.375,76.125,2023-10-14,287,41,14,0,0,0,0,11.0,0,0
31.375,76.125,2023-10-15,288,41,15,0,0,0,0,11.0,0,0
31.375,76.125,2023-10-16,289,42,16,0,0,0,0,11.0,0,0
31.375,76.125,2023-10-17,290,42,17,0,0,0,0,11.0,0,0
31.375,76.125,2023-10-18,291,42,18,0,0,0,0,11.0,0,0
31.375,76.125,2023-10-19,292,42,19,0,0,0,0,11.0,0,0
31.375,76.125,2023-10-20,293,42,20,1,0,0,0,11.0,0,0
31.375,76.125,2023-10-21,294,42,21,1,0,0,0,11.0,0,0
31.375,76.125,2023-10-22,295,42,22,1,0,0,0,11.0,0,0
31.375,76.125,2023-10-23,296,43,23,1,0,0,0,11.0,0,0
31.375,76.125,2023-10-24,297,43,24,1,0,0,0,11.0,0,0
31.375,76.125,2023-10-25,298,43,25,1,0,0,0,11.0,1,1
31.375,76.125,2023-10-26,299,43,26,1,1,1,1,11.0,2,1
31.375,76.125,2023-10-27,300,43,27,1,2,2,2,11.0,0,0
31.375,76.125,2023-10-28,301,43,28,1,2,2,2,11.0,0,0
31.375,76.125,2023-10-29,302,43,29,1,1,2,2,11.0,0,0
31.375,76.125,2023-10-30,303,44,30,1,0,2,2,11.0,0,0
31.375,76.125,2023-10-31,304,44,31,1,0,2,2,11.0,2,1
31.375,76.125,2023-11-01,305,44,32,1,1,3,3,11.0,0,0
31.375,76.125,2023-11-02,306,44,33,1,1,2,3,11.0,0,0
31.375,76.125,2023-11-03,307,44,34,1,1,1,3,11.0,0,0
31.375,76.125,2023-11-04,308,44,35,1,0,1,3,11.0,1,1
31.375,76.125,2023-11-05,309,44,36,1,1,2,4,11.0,0,0
31.375,76.125,2023-11-06,310,45,37,1,1,2,4,11.0,3,1
31.375,76.125,2023-11-07,311,45,38,1,2,3,5,11.0,0,0
31.375,76.125,2023-11-08,312,45,39,1,1,2,5,11.0,0,0
31.375,76.125,2023-11-09,313,45,40,1,1,2,5,11.0,0,0
31.375,76.125,2023-11-10,314,45,41,1,0,2,5,11.0,0,0
31.375,76.125,2023-11-11,315,45,42,1,0,2,5,11.0,0,0
31.375,76.125,2023-11-12,316,45,43,1,0,1,5,11.0,0,0
31.375,76.125,2023-11-13,317,46,44,1,0,1,5,11.0,0,0
31.375,76.125,2023-11-14,318,46,45,1,0,0,5,11.0,0,0
31.375,76.125,2023-11-15,319,46,46,1,0,0,5,11.0,2,1
31.375,76.125,2023-11-16,320,46,47,0,1,1,6,11.0,0,0
31.375,76.125,2023-11-17,321,46,48,0,1,1,6,11.0,0,0
31.375,76.125,2023-11-18,322,46,49,0,1,1,6,11.0,0,0
31.375,76.125,2023-11-19,323,46,50,0,0,1,6,11.0,0,0
31.375,76.125,2023-11-20,324,47,51,0,0,1,6,11.0,0,0
31.375,76.125,2023-11-21,325,47,52,0,0,1,6,11.0,0,0
31.375,76.125,2023-11-22,326,47,53,0,0,1,6,11.0,0,0
31.375,76.125,2023-11-23,327,47,54,0,0,0,6,11.0,0,0
31.375,76.125,2023-11-24,328,47,55,0,0,0,6,11.0,0,0
31.375,76.125,2023-11-25,329,47,56,0,0,0,6,11.0,0,0
31.375,76.125,2023-11-26,330,47,57,0,0,0,6,11.0,0,0
31.375,76.125,2023-11-27,331,48,58,0,0,0,6,11.0,0,0
31.375,76.125,2023-11-28,332,48,59,0,0,0,6,11.0,0,0
31.375,76.125,2023-11-29,333,48,60,0,0,0,6,11.0,0,0
31.375,76.125,2023-11-30,334,48,61,0,0,0,6,11.0,0,0
31.375,76.375,2023-10-01,274,39,1,0,0,0,0,8.0,0,0
31.375,76.375,2023-10-02,275,40,2,0,0,0,0,8.0,0,0
31.375,76.375,2023-10-03,276,40,3,0,0,0,0,8.0,0,0
31.375,76.375,2023-10-04,277,40,4,0,0,0,0,8.0,0,0
31.375,76.375,2023-10-05,278,40,5,0,0,0,0,8.0,0,0
31.375,76.375,2023-10-06,279,40,6,0,0,0,0,8.0,0,0
31.375,76.375,2023-10-07,280,40,7,0,0,0,0,8.0,0,0
31.375,76.375,2023-10-08,281,40,8,0,0,0,0,8.0,0,0
31.375,76.375,2023-10-09,282,41,9,0,0,0,0,8.0,0,0
31.375,76.375,2023-10-10,283,41,10,0,0,0,0,8.0,0,0
31.375,76.375,2023-10-11,284,41,11,0,0,0,0,8.0,0,0
31.375,76.375,2023-10-12,285,41,12,0,0,0,0,8.0,0,0
31.375,76.375,2023-10-13,286,41,13,0,0,0,0,8.0,0,0
31.375,76.375,2023-10-14,287,41,14,0,0,0,0,8.0,0,0
31.375,76.375,2023-10-15,288,41,15,0,0,0,0,8.0,0,0
31.375,76.375,2023-10-16,289,42,16,0,0,0,0,8.0,0,0
31.375,76.375,2023-10-17,290,42,17,0,0,0,0,8.0,3,1
31.375,76.375,2023-10-18,291,42,18,0,1,1,1,8.0,0,0
31.375,76.375,2023-10-19,292,42,19,0,1,1,1,8.0,0,0
31.375,76.375,2023-10-20,293,42,20,1,1,1,1,8.0,0,0
31.375,76.375,2023-10-21,294,42,21,1,0,1,1,8.0,0,0
31.375,76.375,2023-10-22,295,42,22,1,0,1,1,8.0,0,0
31.375,76.375,2023-10-23,296,43,23,1,0,1,1,8.0,0,0
31.375,76.375,2023-10-24,297,43,24,1,0,1,1,8.0,0,0
31.375,76.375,2023-10-25,298,43,25,1,0,0,1,8.0,0,0
31.375,76.375,2023-10-26,299,43,26,1,0,0,1,8.0,0,0
31.375,76.375,2023-10-27,300,43,27,1,0,0,1,8.0,0,0
31.375,76.375,2023-10-28,301,43,28,1,0,0,1,8.0,0,0
31.375,76.375,2023-10-29,302,43,29,1,0,0,1,8.0,0,0
31.375,76.375,2023-10-30,303,44,30,1,0,0,1,8.0,2,1
31.375,76.375,2023-10-31,304,44,31,1,1,1,2,8.0,0,0
31.375,76.375,2023-11-01,305,44,32,1,1,1,2,8.0,1,1
31.375,76.375,2023-11-02,306,44,33,1,2,2,3,8.0,0,0
31.375,76.375,2023-11-03,307,44,34,1,1,2,3,8.0,0,0
31.375,76.375,2023-11-04,308,44,35,1,1,2,3,8.0,0,0
31.375,76.375,2023-11-05,309,44,36,1,0,2,3,8.0,0,0
31.375,76.375,2023-11-06,310,45,37,1,0,2,3,8.0,2,1
31.375,76.375,2023-11-07,311,45,38,1,1,2,4,8.0,0,0
31.375,76.375,2023-11-08,312,45,39,1,1,2,4,8.0,0,0
31.375,76.375,2023-11-09,313,45,40,1,1,1,4,8.0,0,0
31.375,76.375,2023-11-10,314,45,41,1,0,1,4,8.0,0,0
31.375,76.375,2023-11-11,315,45,42,1,0,1,4,8.0,0,0
31.375,76.375,2023-11-12,316,45,43,1,0,1,4,8.0,0,0
31.375,76.375,2023-11-13,317,46,44,1,0,1,4,8.0,0,0
31.375,76.375,2023-11-14,318,46,45,1,0,0,4,8.0,0,0
31.375,76.375,2023-11-15,319,46,46,1,0,0,4,8.0,0,0
31.375,76.375,2023-11-16,320,46,47,0,0,0,4,8.0,0,0
31.375,76.375,2023-11-17,321,46,48,0,0,0,4,8.0,0,0
31.375,76.375,2023-11-18,322,46,49,0,0,0,4,8.0,0,0
31.375,76.375,2023-11-19,323,46,50,0,0,0,4,8.0,0,0
31.375,76.375,2023-11-20,324,47,51,0,0,0,4,8.0,0,0
31.375,76.375,2023-11-21,325,47,52,0,0,0,4,8.0,0,0
31.375,76.375,2023-11-22,326,47,53,0,0,0,4,8.0,0,0
31.375,76.375,2023-11-23,327,47,54,0,0,0,4,8.0,0,0
31.375,76.375,2023-11-24,328,47,55,0,0,0,4,8.0,0,0
31.375,76.375,2023-11-25,329,47,56,0,0,0,4,8.0,0,0
31.375,76.375,2023-11-26,330,47,57,0,0,0,4,8.0,0,0
31.375,76.375,2023-11-27,331,48,58,0,0,0,4,8.0,0,0
31.375,76.375,2023-11-28,332,48,59,0,0,0,4,8.0,0,0
31.375,76.375,2023-11-29,333,48,60,0,0,0,4,8.0,0,0
31.375,76.375,2023-11-30,334,48,61,0,0,0,4,8.0,0,0
31.375,76.875,2023-10-01,274,39,1,0,0,0,0,9.0,0,0
31.375,76.875,2023-10-02,275,40,2,0,0,0,0,9.0,0,0
31.375,76.875,2023-10-03,276,40,3,0,0,0,0,9.0,0,0
31.375,76.875,2023-10-04,277,40,4,0,0,0,0,9.0,0,0
31.375,76.875,2023-10-05,278,40,5,0,0,0,0,9.0,0,0
31.375,76.875,2023-10-06,279,40,6,0,0,0,0,9.0,0,0
31.375,76.875,2023-10-07,280,40,7,0,0,0,0,9.0,0,0
31.375,76.875,2023-10-08,281,40,8,0,0,0,0,9.0,0,0
31.375,76.875,2023-10-09,282,41,9,0,0,0,0,9.0,0,0
31.375,76.875,2023-10-10,283,41,10,0,0,0,0,9.0,1,1
31.375,76.875,2023-10-11,284,41,11,0,1,1,1,9.0,0,0
31.375,76.875,2023-10-12,285,41,12,0,1,1,1,9.0,0,0
31.375,76.875,2023-10-13,286,41,13,0,1,1,1,9.0,1,1
31.375,76.875,2023-10-14,287,41,14,0,1,2,2,9.0,0,0
31.375,76.875,2023-10-15,288,41,15,0,1,2,2,9.0,0,0
31.375,76.875,2023-10-16,289,42,16,0,1,2,2,9.0,0,0
31.375,76.875,2023-10-17,290,42,17,0,0,2,2,9.0,0,0
31.375,76.875,2023-10-18,291,42,18,0,0,1,2,9.0,0,0
31.375,76.875,2023-10-19,292,42,19,0,0,1,2,9.0,0,0
31.375,76.875,2023-10-20,293,42,20,1,0,1,2,9.0,1,1
31.375,76.875,2023-10-21,294,42,21,1,1,1,3,9.0,0,0
31.375,76.875,2023-10-22,295,42,22,1,1,1,3,9.0,0,0
31.375,76.875,2023-10-23,296,43,23,1,1,1,3,9.0,0,0
31.375,76.875,2023-10-24,297,43,24,1,0,1,3,9.0,0,0
31.375,76.875,2023-10-25,298,43,25,1,0,1,3,9.0,0,0
31.375,76.875,2023-10-26,299,43,26,1,0,1,3,9.0,0,0
31.375,76.875,2023-10-27,300,43,27,1,0,1,3,9.0,0,0
31.375,76.875,2023-10-28,301,43,28,1,0,0,3,9.0,0,0
31.375,76.875,2023-10-29,302,43,29,1,0,0,3,9.0,0,0
31.375,76.875,2023-10-30,303,44,30,1,0,0,3,9.0,1,1
31.375,76.875,2023-10-31,304,44,31,1,1,1,4,9.0,0,0
31.375,76.875,2023-11-01,305,44,32,1,1,1,4,9.0,0,0
31.375,76.875,2023-11-02,306,44,33,1,1,1,4,9.0,0,0
31.375,76.875,2023-11-03,307,44,34,1,0,1,4,9.0,0,0
31.375,76.875,2023-11-04,308,44,35,1,0,1,4,9.0,0,0
31.375,76.875,2023-11-05,309,44,36,1,0,1,4,9.0,0,0
31.375,76.875,2023-11-06,310,45,37,1,0,1,4,9.0,0,0
31.375,76.875,2023-11-07,311,45,38,1,0,0,4,9.0,0,0
31.375,76.875,2023-11-08,312,45,39,1,0,0,4,9.0,0,0
31.375,76.875,2023-11-09,313,45,40,1,0,0,4,9.0,0,0
31.375,76.875,2023-11-10,314,45,41,1,0,0,4,9.0,0,0
31.375,76.875,2023-11-11,315,45,42,1,0,0,4,9.0,0,0
31.375,76.875,2023-11-12,316,45,43,1,0,0,4,9.0,0,0
31.375,76.875,2023-11-13,317,46,44,1,0,0,4,9.0,0,0
31.375,76.875,2023-11-14,318,46,45,1,0,0,4,9.0,0,0
31.375,76.875,2023-11-15,319,46,46,1,0,0,4,9.0,0,0
31.375,76.875,2023-11-16,320,46,47,0,0,0,4,9.0,0,0
31.375,76.875,2023-11-17,321,46,48,0,0,0,4,9.0,0,0
31.375,76.875,2023-11-18,322,46,49,0,0,0,4,9.0,0,0
31.375,76.875,2023-11-19,323,46,50,0,0,0,4,9.0,0,0
31.375,76.875,2023-11-20,324,47,51,0,0,0,4,9.0,0,0
31.375,76.875,2023-11-21,325,47,52,0,0,0,4,9.0,1,1
31.375,76.875,2023-11-22,326,47,53,0,1,1,5,9.0,0,0
31.375,76.875,2023-11-23,327,47,54,0,1,1,5,9.0,4,1
31.375,76.875,2023-11-24,328,47,55,0,2,2,6,9.0,0,0
31.375,76.875,2023-11-25,329,47,56,0,1,2,6,9.0,0,0
31.375,76.875,2023-11-26,330,47,57,0,1,2,6,9.0,0,0
31.375,76.875,2023-11-27,331,48,58,0,0,2,6,9.0,0,0
31.375,76.875,2023-11-28,332,48,59,0,0,2,6,9.0,0,0
31.375,76.875,2023-11-29,333,48,60,0,0,1,6,9.0,0,0
31.375,76.875,2023-11-30,334,48,61,0,0,1,6,9.0,0,0
31.375,77.375,2023-10-01,274,39,1,0,0,0,0,14.0,0,0
31.375,77.375,2023-10-02,275,40,2,0,0,0,0,14.0,0,0
31.375,77.375,2023-10-03,276,40,3,0,0,0,0,14.0,0,0
31.375,77.375,2023-10-04,277,40,4,0,0,0,0,14.0,0,0
31.375,77.375,2023-10-05,278,40,5,0,0,0,0,14.0,0,0
31.375,77.375,2023-10-06,279,40,6,0,0,0,0,14.0,0,0
31.375,77.375,2023-10-07,280,40,7,0,0,0,0,14.0,0,0
31.375,77.375,2023-10-08,281,40,8,0,0,0,0,14.0,0,0
31.375,77.375,2023-10-09,282,41,9,0,0,0,0,14.0,0,0
31.375,77.375,2023-10-10,283,41,10,0,0,0,0,14.0,0,0
31.375,77.375,2023-10-11,284,41,11,0,0,0,0,14.0,0,0
31.375,77.375,2023-10-12,285,41,12,0,0,0,0,14.0,0,0
31.375,77.375,2023-10-13,286,41,13,0,0,0,0,14.0,0,0
31.375,77.375,2023-10-14,287,41,14,0,0,0,0,14.0,0,0
31.375,77.375,2023-10-15,288,41,15,0,0,0,0,14.0,0,0
31.375,77.375,2023-10-16,289,42,16,0,0,0,0,14.0,0,0
31.375,77.375,2023-10-17,290,42,17,0,0,0,0,14.0,0,0
31.375,77.375,2023-10-18,291,42,18,0,0,0,0,14.0,0,0
31.375,77.375,2023-10-19,292,42,19,0,0,0,0,14.0,0,0
31.375,77.375,2023-10-20,293,42,20,1,0,0,0,14.0,0,0
31.375,77.375,2023-10-21,294,42,21,1,0,0,0,14.0,0,0
31.375,77.375,2023-10-22,295,42,22,1,0,0,0,14.0,0,0
31.375,77.375,2023-10-23,296,43,23,1,0,0,0,14.0,0,0
31.375,77.375,2023-10-24,297,43,24,1,0,0,0,14.0,0,0
31.375,77.375,2023-10-25,298,43,25,1,0,0,0,14.0,1,1
31.375,77.375,2023-10-26,299,43,26,1,1,1,1,14.0,0,0
31.375,77.375,2023-10-27,300,43,27,1,1,1,1,14.0,0,0
31.375,77.375,2023-10-28,301,43,28,1,1,1,1,14.0,0,0
31.375,77.375,2023-10-29,302,43,29,1,0,1,1,14.0,0,0
31.375,77.375,2023-10-30,303,44,30,1,0,1,1,14.0,0,0
31.375,77.375,2023-10-31,304,44,31,1,0,1,1,14.0,0,0
31.375,77.375,2023-11-01,305,44,32,1,0,1,1,14.0,0,0
31.375,77.375,2023-11-02,306,44,33,1,0,0,1,14.0,0,0
31.375,77.375,2023-11-03,307,44,34,1,0,0,1,14.0,1,1
31.375,77.375,2023-11-04,308,44,35,1,1,1,2,14.0,3,1
31.375,77.375,2023-11-05,309,44,36,1,2,2,3,14.0,2,1
31.375,77.375,2023-11-06,310,45,37,1,3,3,4,14.0,0,0
31.375,77.375,2023-11-07,311,45,38,1,2,3,4,14.0,1,1
31.375,77.375,2023-11-08,312,45,39,1,2,4,5,14.0,0,0
31.375,77.375,2023-11-09,313,45,40,1,1,4,5,14.0,3,1
31.375,77.375,2023-11-10,314,45,41,1,2,5,6,14.0,0,0
31.375,77.375,2023-11-11,315,45,42,1,1,4,6,14.0,0,0
31.375,77.375,2023-11-12,316,45,43,1,1,3,6,14.0,0,0
31.375,77.375,2023-11-13,317,46,44,1,0,2,6,14.0,0,0
31.375,77.375,2023-11-14,318,46,45,1,0,2,6,14.0,0,0
31.375,77.375,2023-11-15,319,46,46,1,0,1,6,14.0,0,0
31.375,77.375,2023-11-16,320,46,47,0,0,1,6,14.0,0,0
31.375,77.375,2023-11-17,321,46,48,0,0,0,6,14.0,0,0
31.375,77.375,2023-11-18,322,46,49,0,0,0,6,14.0,0,0
31.375,77.375,2023-11-19,323,46,50,0,0,0,6,14.0,0,0
31.375,77.375,2023-11-20,324,47,51,0,0,0,6,14.0,0,0
31.375,77.375,2023-11-21,325,47,52,0,0,0,6,14.0,1,1
31.375,77.375,2023-11-22,326,47,53,0,1,1,7,14.0,1,1
31.375,77.375,2023-11-23,327,47,54,0,2,2,8,14.0,0,0
31.375,77.375,2023-11-24,328,47,55,0,2,2,8,14.0,0,0
31.375,77.375,2023-11-25,329,47,56,0,1,2,8,14.0,0,0
31.375,77.375,2023-11-26,330,47,57,0,0,2,8,14.0,0,0
31.375,77.375,2023-11-27,331,48,58,0,0,2,8,14.0,1,1
31.375,77.375,2023-11-28,332,48,59,0,1,3,9,14.0,0,0
31.375,77.375,2023-11-29,333,48,60,0,1,2,9,14.0,0,0
31.375,77.375,2023-11-30,334,48,61,0,1,1,9,14.0,0,0
31.625,74.625,2023-10-01,274,39,1,0,0,0,0,266.0,1,1
31.625,74.625,2023-10-02,275,40,2,0,1,1,1,266.0,1,1
31.625,74.625,2023-10-03,276,40,3,0,2,2,2,266.0,1,1
31.625,74.625,2023-10-04,277,40,4,0,3,3,3,266.0,4,1
31.625,74.625,2023-10-05,278,40,5,0,3,4,4,266.0,7,1
31.625,74.625,2023-10-06,279,40,6,0,3,5,5,266.0,3,1
31.625,74.625,2023-10-07,280,40,7,0,3,6,6,266.0,0,0
31.625,74.625,2023-10-08,281,40,8,0,2,6,6,266.0,0,0
31.625,74.625,2023-10-09,282,41,9,0,1,5,6,266.0,3,1
31.625,74.625,2023-10-10,283,41,10,0,1,5,7,266.0,0,0
31.625,74.625,2023-10-11,284,41,11,0,1,4,7,266.0,0,0
31.625,74.625,2023-10-12,285,41,12,0,1,3,7,266.0,1,1
31.625,74.625,2023-10-13,286,41,13,0,1,3,8,266.0,1,1
31.625,74.625,2023-10-14,287,41,14,0,2,3,9,266.0,2,1
31.625,74.625,2023-10-15,288,41,15,0,3,4,10,266.0,0,0
31.625,74.625,2023-10-16,289,42,16,0,2,4,10,266.0,0,0
31.625,74.625,2023-10-17,290,42,17,0,1,3,10,266.0,0,0
31.625,74.625,2023-10-18,291,42,18,0,0,3,10,266.0,0,0
31.625,74.625,2023-10-19,292,42,19,0,0,3,10,266.0,1,1
31.625,74.625,2023-10-20,293,42,20,1,1,3,11,266.0,2,1
31.625,74.625,2023-10-21,294,42,21,1,2,3,12,266.0,4,1
31.625,74.625,2023-10-22,295,42,22,1,3,3,13,266.0,0,0
31.625,74.625,2023-10-23,296,43,23,1,2,3,13,266.0,6,1
31.625,74.625,2023-10-24,297,43,24,1,2,4,14,266.0,11,1
31.625,74.625,2023-10-25,298,43,25,1,2,5,15,266.0,18,1
31.625,74.625,2023-10-26,299,43,26,1,3,6,16,266.0,20,1
31.625,74.625,2023-10-27,300,43,27,1,3,6,17,266.0,15,1
31.625,74.625,2023-10-28,301,43,28,1,3,6,18,266.0,1,1
31.625,74.625,2023-10-29,302,43,29,1,3,6,19,266.0,8,1
31.625,74.625,2023-10-30,303,44,30,1,3,7,20,266.0,11,1
31.625,74.625,2023-10-31,304,44,31,1,3,7,21,266.0,16,1
31.625,74.625,2023-11-01,305,44,32,1,3,7,22,266.0,18,1
31.625,74.625,2023-11-02,306,44,33,1,3,7,23,266.0,0,0
31.625,74.625,2023-11-03,307,44,34,1,2,6,23,266.0,8,1
31.625,74.625,2023-11-04,308,44,35,1,2,6,24,266.0,16,1
31.625,74.625,2023-11-05,309,44,36,1,2,6,25,266.0,17,1
31.625,74.625,2023-11-06,310,45,37,1,3,6,26,266.0,3,1
31.625,74.625,2023-11-07,311,45,38,1,3,6,27,266.0,2,1
31.625,74.625,2023-11-08,312,45,39,1,3,6,28,266.0,1,1
31.625,74.625,2023-11-09,313,45,40,1,3,6,29,266.0,3,1
31.625,74.625,2023-11-10,314,45,41,1,3,7,30,266.0,0,0
31.625,74.625,2023-11-11,315,45,42,1,2,6,30,266.0,0,0
31.625,74.625,2023-11-12,316,45,43,1,1,5,30,266.0,1,1
31.625,74.625,2023-11-13,317,46,44,1,1,5,31,266.0,4,1
31.625,74.625,2023-11-14,318,46,45,1,2,5,32,266.0,11,1
31.625,74.625,2023-11-15,319,46,46,1,3,5,33,266.0,10,1
31.625,74.625,2023-11-16,320,46,47,0,3,5,34,266.0,5,1
31.625,74.625,2023-11-17,321,46,48,0,3,5,35,266.0,10,1
31.625,74.625,2023-11-18,322,46,49,0,3,6,36,266.0,1,1
31.625,74.625,2023-11-19,323,46,50,0,3,7,37,266.0,12,1
31.625,74.625,2023-11-20,324,47,51,0,3,7,38,266.0,1,1
31.625,74.625,2023-11-21,325,47,52,0,3,7,39,266.0,2,1
31.625,74.625,2023-11-22,326,47,53,0,3,7,40,266.0,2,1
31.625,74.625,2023-11-23,327,47,54,0,3,7,41,266.0,1,1
31.625,74.625,2023-11-24,328,47,55,0,3,7,42,266.0,1,1
31.625,74.625,2023-11-25,329,47,56,0,3,7,43,266.0,0,0
31.625,74.625,2023-11-26,330,47,57,0,2,6,43,266.0,0,0
31.625,74.625,2023-11-27,331,48,58,0,1,5,43,266.0,0,0
31.625,74.625,2023-11-28,332,48,59,0,0,4,43,266.0,0,0
31.625,74.625,2023-11-29,333,48,60,0,0,3,43,266.0,0,0
31.625,74.625,2023-11-30,334,48,61,0,0,2,43,266.0,0,0
31.625,74.875,2023-10-01,274,39,1,0,0,0,0,248.0,20,1
31.625,74.875,2023-10-02,275,40,2,0,1,1,1,248.0,20,1
31.625,74.875,2023-10-03,276,40,3,0,2,2,2,248.0,9,1
31.625,74.875,2023-10-04,277,40,4,0,3,3,3,248.0,23,1
31.625,74.875,2023-10-05,278,40,5,0,3,4,4,248.0,18,1
31.625,74.875,2023-10-06,279,40,6,0,3,5,5,248.0,9,1
31.625,74.875,2023-10-07,280,40,7,0,3,6,6,248.0,6,1
31.625,74.875,2023-10-08,281,40,8,0,3,7,7,248.0,3,1
31.625,74.875,2023-10-09,282,41,9,0,3,7,8,248.0,5,1
31.625,74.875,2023-10-10,283,41,10,0,3,7,9,248.0,0,0
31.625,74.875,2023-10-11,284,41,11,0,2,6,9,248.0,0,0
31.625,74.875,2023-10-12,285,41,12,0,1,5,9,248.0,2,1
31.625,74.875,2023-10-13,286,41,13,0,1,5,10,248.0,7,1
31.625,74.875,2023-10-14,287,41,14,0,2,5,11,248.0,5,1
31.625,74.875,2023-10-15,288,41,15,0,3,5,12,248.0,0,0
31.625,74.875,2023-10-16,289,42,16,0,2,4,12,248.0,0,0
31.625,74.875,2023-10-17,290,42,17,0,1,3,12,248.0,0,0
31.625,74.875,2023-10-18,291,42,18,0,0,3,12,248.0,0,0
31.625,74.875,2023-10-19,292,42,19,0,0,3,12,248.0,0,0
31.625,74.875,2023-10-20,293,42,20,1,0,2,12,248.0,5,1
31.625,74.875,2023-10-21,294,42,21,1,1,2,13,248.0,11,1
31.625,74.875,2023-10-22,295,42,22,1,2,2,14,248.0,0,0
31.625,74.875,2023-10-23,296,43,23,1,2,2,14,248.0,4,1
31.625,74.875,2023-10-24,297,43,24,1,2,3,15,248.0,3,1
31.625,74.875,2023-10-25,298,43,25,1,2,4,16,248.0,10,1
31.625,74.875,2023-10-26,299,43,26,1,3,5,17,248.0,18,1
31.625,74.875,2023-10-27,300,43,27,1,3,6,18,248.0,10,1
31.625,74.875,2023-10-28,301,43,28,1,3,6,19,248.0,0,0
31.625,74.875,2023-10-29,302,43,29,1,2,5,19,248.0,6,1
31.625,74.875,2023-10-30,303,44,30,1,2,6,20,248.0,12,1
31.625,74.875,2023-10-31,304,44,31,1,2,6,21,248.0,9,1
31.625,74.875,2023-11-01,305,44,32,1,3,6,22,248.0,8,1
31.625,74.875,2023-11-02,306,44,33,1,3,6,23,248.0,0,0
31.625,74.875,2023-11-03,307,44,34,1,2,5,23,248.0,9,1
31.625,74.875,2023-11-04,308,44,35,1,2,5,24,248.0,2,1
31.625,74.875,2023-11-05,309,44,36,1,2,6,25,248.0,4,1
31.625,74.875,2023-11-06,310,45,37,1,3,6,26,248.0,2,1
31.625,74.875,2023-11-07,311,45,38,1,3,6,27,248.0,0,0
31.625,74.875,2023-11-08,312,45,39,1,2,5,27,248.0,0,0
31.625,74.875,2023-11-09,313,45,40,1,1,4,27,248.0,0,0
31.625,74.875,2023-11-10,314,45,41,1,0,4,27,248.0,0,0
31.625,74.875,2023-11-11,315,45,42,1,0,3,27,248.0,0,0
31.625,74.875,2023-11-12,316,45,43,1,0,2,27,248.0,0,0
31.625,74.875,2023-11-13,317,46,44,1,0,1,27,248.0,0,0
31.625,74.875,2023-11-14,318,46,45,1,0,0,27,248.0,1,1
31.625,74.875,2023-11-15,319,46,46,1,1,1,28,248.0,6,1
31.625,74.875,2023-11-16,320,46,47,0,2,2,29,248.0,0,0
31.625,74.875,2023-11-17,321,46,48,0,2,2,29,248.0,1,1
31.625,74.875,2023-11-18,322,46,49,0,2,3,30,248.0,0,0
31.625,74.875,2023-11-19,323,46,50,0,1,3,30,248.0,0,0
31.625,74.875,2023-11-20,324,47,51,0,1,3,30,248.0,0,0
31.625,74.875,2023-11-21,325,47,52,0,0,3,30,248.0,0,0
31.625,74.875,2023-11-22,326,47,53,0,0,2,30,248.0,0,0
31.625,74.875,2023-11-23,327,47,54,0,0,1,30,248.0,0,0
31.625,74.875,2023-11-24,328,47,55,0,0,1,30,248.0,0,0
31.625,74.875,2023-11-25,329,47,56,0,0,0,30,248.0,0,0
31.625,74.875,2023-11-26,330,47,57,0,0,0,30,248.0,0,0
31.625,74.875,2023-11-27,331,48,58,0,0,0,30,248.0,0,0
31.625,74.875,2023-11-28,332,48,59,0,0,0,30,248.0,0,0
31.625,74.875,2023-11-29,333,48,60,0,0,0,30,248.0,0,0
31.625,74.875,2023-11-30,334,48,61,0,0,0,30,248.0,0,0
31.625,75.125,2023-10-01,274,39,1,0,0,0,0,411.0,30,1
31.625,75.125,2023-10-02,275,40,2,0,1,1,1,411.0,50,1
31.625,75.125,2023-10-03,276,40,3,0,2,2,2,411.0,28,1
31.625,75.125,2023-10-04,277,40,4,0,3,3,3,411.0,34,1
31.625,75.125,2023-10-05,278,40,5,0,3,4,4,411.0,33,1
31.625,75.125,2023-10-06,279,40,6,0,3,5,5,411.0,13,1
31.625,75.125,2023-10-07,280,40,7,0,3,6,6,411.0,10,1
31.625,75.125,2023-10-08,281,40,8,0,3,7,7,411.0,9,1
31.625,75.125,2023-10-09,282,41,9,0,3,7,8,411.0,2,1
31.625,75.125,2023-10-10,283,41,10,0,3,7,9,411.0,0,0
31.625,75.125,2023-10-11,284,41,11,0,2,6,9,411.0,0,0
31.625,75.125,2023-10-12,285,41,12,0,1,5,9,411.0,2,1
31.625,75.125,2023-10-13,286,41,13,0,1,5,10,411.0,20,1
31.625,75.125,2023-10-14,287,41,14,0,2,5,11,411.0,5,1
31.625,75.125,2023-10-15,288,41,15,0,3,5,12,411.0,0,0
31.625,75.125,2023-10-16,289,42,16,0,2,4,12,411.0,0,0
31.625,75.125,2023-10-17,290,42,17,0,1,3,12,411.0,0,0
31.625,75.125,2023-10-18,291,42,18,0,0,3,12,411.0,0,0
31.625,75.125,2023-10-19,292,42,19,0,0,3,12,411.0,2,1
31.625,75.125,2023-10-20,293,42,20,1,1,3,13,411.0,7,1
31.625,75.125,2023-10-21,294,42,21,1,2,3,14,411.0,11,1
31.625,75.125,2023-10-22,295,42,22,1,3,3,15,411.0,0,0
31.625,75.125,2023-10-23,296,43,23,1,2,3,15,411.0,5,1
31.625,75.125,2023-10-24,297,43,24,1,2,4,16,411.0,7,1
31.625,75.125,2023-10-25,298,43,25,1,2,5,17,411.0,12,1
31.625,75.125,2023-10-26,299,43,26,1,3,6,18,411.0,29,1
31.625,75.125,2023-10-27,300,43,27,1,3,6,19,411.0,16,1
31.625,75.125,2023-10-28,301,43,28,1,3,6,20,411.0,3,1
31.625,75.125,2023-10-29,302,43,29,1,3,6,21,411.0,13,1
31.625,75.125,2023-10-30,303,44,30,1,3,7,22,411.0,16,1
31.625,75.125,2023-10-31,304,44,31,1,3,7,23,411.0,16,1
31.625,75.125,2023-11-01,305,44,32,1,3,7,24,411.0,16,1
31.625,75.125,2023-11-02,306,44,33,1,3,7,25,411.0,0,0
31.625,75.125,2023-11-03,307,44,34,1,2,6,25,411.0,5,1
31.625,75.125,2023-11-04,308,44,35,1,2,6,26,411.0,2,1
31.625,75.125,2023-11-05,309,44,36,1,2,6,27,411.0,13,1
31.625,75.125,2023-11-06,310,45,37,1,3,6,28,411.0,0,0
31.625,75.125,2023-11-07,311,45,38,1,2,5,28,411.0,2,1
31.625,75.125,2023-11-08,312,45,39,1,2,5,29,411.0,0,0
31.625,75.125,2023-11-09,313,45,40,1,1,4,29,411.0,0,0
31.625,75.125,2023-11-10,314,45,41,1,1,4,29,411.0,0,0
31.625,75.125,2023-11-11,315,45,42,1,0,3,29,411.0,0,0
31.625,75.125,2023-11-12,316,45,43,1,0,2,29,411.0,0,0
31.625,75.125,2023-11-13,317,46,44,1,0,1,29,411.0,0,0
31.625,75.125,2023-11-14,318,46,45,1,0,1,29,411.0,0,0
31.625,75.125,2023-11-15,319,46,46,1,0,0,29,411.0,0,0
31.625,75.125,2023-11-16,320,46,47,0,0,0,29,411.0,0,0
31.625,75.125,2023-11-17,321,46,48,0,0,0,29,411.0,0,0
31.625,75.125,2023-11-18,322,46,49,0,0,0,29,411.0,0,0
31.625,75.125,2023-11-19,323,46,50,0,0,0,29,411.0,0,0
31.625,75.125,2023-11-20,324,47,51,0,0,0,29,411.0,0,0
31.625,75.125,2023-11-21,325,47,52,0,0,0,29,411.0,0,0
31.625,75.125,2023-11-22,326,47,53,0,0,0,29,411.0,0,0
31.625,75.125,2023-11-23,327,47,54,0,0,0,29,411.0,0,0
31.625,75.125,2023-11-24,328,47,55,0,0,0,29,411.0,0,0
31.625,75.125,2023-11-25,329,47,56,0,0,0,29,411.0,0,0
31.625,75.125,2023-11-26,330,47,57,0,0,0,29,411.0,0,0
31.625,75.125,2023-11-27,331,48,58,0,0,0,29,411.0,0,0
31.625,75.125,2023-11-28,332,48,59,0,0,0,29,411.0,0,0
31.625,75.125,2023-11-29,333,48,60,0,0,0,29,411.0,0,0
31.625,75.125,2023-11-30,334,48,61,0,0,0,29,411.0,0,0
31.625,75.375,2023-10-01,274,39,1,0,0,0,0,268.0,0,0
31.625,75.375,2023-10-02,275,40,2,0,0,0,0,268.0,3,1
31.625,75.375,2023-10-03,276,40,3,0,1,1,1,268.0,2,1
31.625,75.375,2023-10-04,277,40,4,0,2,2,2,268.0,2,1
31.625,75.375,2023-10-05,278,40,5,0,3,3,3,268.0,4,1
31.625,75.375,2023-10-06,279,40,6,0,3,4,4,268.0,0,0
31.625,75.375,2023-10-07,280,40,7,0,2,4,4,268.0,0,0
31.625,75.375,2023-10-08,281,40,8,0,1,4,4,268.0,0,0
31.625,75.375,2023-10-09,282,41,9,0,0,4,4,268.0,0,0
31.625,75.375,2023-10-10,283,41,10,0,0,3,4,268.0,0,0
31.625,75.375,2023-10-11,284,41,11,0,0,2,4,268.0,0,0
31.625,75.375,2023-10-12,285,41,12,0,0,1,4,268.0,0,0
31.625,75.375,2023-10-13,286,41,13,0,0,0,4,268.0,0,0
31.625,75.375,2023-10-14,287,41,14,0,0,0,4,268.0,0,0
31.625,75.375,2023-10-15,288,41,15,0,0,0,4,268.0,0,0
31.625,75.375,2023-10-16,289,42,16,0,0,0,4,268.0,0,0
31.625,75.375,2023-10-17,290,42,17,0,0,0,4,268.0,0,0
31.625,75.375,2023-10-18,291,42,18,0,0,0,4,268.0,0,0
31.625,75.375,2023-10-19,292,42,19,0,0,0,4,268.0,0,0
31.625,75.375,2023-10-20,293,42,20,1,0,0,4,268.0,1,1
31.625,75.375,2023-10-21,294,42,21,1,1,1,5,268.0,2,1
31.625,75.375,2023-10-22,295,42,22,1,2,2,6,268.0,0,0
31.625,75.375,2023-10-23,296,43,23,1,2,2,6,268.0,0,0
31.625,75.375,2023-10-24,297,43,24,1,1,2,6,268.0,4,1
31.625,75.375,2023-10-25,298,43,25,1,1,3,7,268.0,6,1
31.625,75.375,2023-10-26,299,43,26,1,2,4,8,268.0,19,1
31.625,75.375,2023-10-27,300,43,27,1,3,5,9,268.0,8,1
31.625,75.375,2023-10-28,301,43,28,1,3,5,10,268.0,3,1
31.625,75.375,2023-10-29,302,43,29,1,3,5,11,268.0,15,1
31.625,75.375,2023-10-30,303,44,30,1,3,6,12,268.0,21,1
31.625,75.375,2023-10-31,304,44,31,1,3,7,13,268.0,41,1
31.625,75.375,2023-11-01,305,44,32,1,3,7,14,268.0,32,1
31.625,75.375,2023-11-02,306,44,33,1,3,7,15,268.0,0,0
31.625,75.375,2023-11-03,307,44,34,1,2,6,15,268.0,3,1
31.625,75.375,2023-11-04,308,44,35,1,2,6,16,268.0,21,1
31.625,75.375,2023-11-05,309,44,36,1,2,6,17,268.0,40,1
31.625,75.375,2023-11-06,310,45,37,1,3,6,18,268.0,15,1
31.625,75.375,2023-11-07,311,45,38,1,3,6,19,268.0,8,1
31.625,75.375,2023-11-08,312,45,39,1,3,6,20,268.0,2,1
31.625,75.375,2023-11-09,313,45,40,1,3,6,21,268.0,7,1
31.625,75.375,2023-11-10,314,45,41,1,3,7,22,268.0,0,0
31.625,75.375,2023-11-11,315,45,42,1,2,6,22,268.0,0,0
31.625,75.375,2023-11-12,316,45,43,1,1,5,22,268.0,0,0
31.625,75.375,2023-11-13,317,46,44,1,0,4,22,268.0,0,0
31.625,75.375,2023-11-14,318,46,45,1,0,3,22,268.0,0,0
31.625,75.375,2023-11-15,319,46,46,1,0,2,22,268.0,2,1
31.625,75.375,2023-11-16,320,46,47,0,1,2,23,268.0,2,1
31.625,75.375,2023-11-17,321,46,48,0,2,2,24,268.0,1,1
31.625,75.375,2023-11-18,322,46,49,0,3,3,25,268.0,0,0
31.625,75.375,2023-11-19,323,46,50,0,2,3,25,268.0,0,0
31.625,75.375,2023-11-20,324,47,51,0,1,3,25,268.0,0,0
31.625,75.375,2023-11-21,325,47,52,0,0,3,25,268.0,2,1
31.625,75.375,2023-11-22,326,47,53,0,1,4,26,268.0,1,1
31.625,75.375,2023-11-23,327,47,54,0,2,4,27,268.0,0,0
31.625,75.375,2023-11-24,328,47,55,0,2,3,27,268.0,1,1
31.625,75.375,2023-11-25,329,47,56,0,2,3,28,268.0,0,0
31.625,75.375,2023-11-26,330,47,57,0,1,3,28,268.0,0,0
31.625,75.375,2023-11-27,331,48,58,0,1,3,28,268.0,0,0
31.625,75.375,2023-11-28,332,48,59,0,0,3,28,268.0,0,0
31.625,75.375,2023-11-29,333,48,60,0,0,2,28,268.0,0,0
31.625,75.375,2023-11-30,334,48,61,0,0,1,28,268.0,0,0
31.625,75.625,2023-10-01,274,39,1,0,0,0,0,137.0,0,0
31.625,75.625,2023-10-02,275,40,2,0,0,0,0,137.0,0,0
31.625,75.625,2023-10-03,276,40,3,0,0,0,0,137.0,0,0
31.625,75.625,2023-10-04,277,40,4,0,0,0,0,137.0,0,0
31.625,75.625,2023-10-05,278,40,5,0,0,0,0,137.0,0,0
31.625,75.625,2023-10-06,279,40,6,0,0,0,0,137.0,0,0
31.625,75.625,2023-10-07,280,40,7,0,0,0,0,137.0,0,0
31.625,75.625,2023-10-08,281,40,8,0,0,0,0,137.0,0,0
31.625,75.625,2023-10-09,282,41,9,0,0,0,0,137.0,0,0
31.625,75.625,2023-10-10,283,41,10,0,0,0,0,137.0,0,0
31.625,75.625,2023-10-11,284,41,11,0,0,0,0,137.0,0,0
31.625,75.625,2023-10-12,285,41,12,0,0,0,0,137.0,0,0
31.625,75.625,2023-10-13,286,41,13,0,0,0,0,137.0,0,0
31.625,75.625,2023-10-14,287,41,14,0,0,0,0,137.0,0,0
31.625,75.625,2023-10-15,288,41,15,0,0,0,0,137.0,0,0
31.625,75.625,2023-10-16,289,42,16,0,0,0,0,137.0,0,0
31.625,75.625,2023-10-17,290,42,17,0,0,0,0,137.0,0,0
31.625,75.625,2023-10-18,291,42,18,0,0,0,0,137.0,0,0
31.625,75.625,2023-10-19,292,42,19,0,0,0,0,137.0,0,0
31.625,75.625,2023-10-20,293,42,20,1,0,0,0,137.0,0,0
31.625,75.625,2023-10-21,294,42,21,1,0,0,0,137.0,0,0
31.625,75.625,2023-10-22,295,42,22,1,0,0,0,137.0,0,0
31.625,75.625,2023-10-23,296,43,23,1,0,0,0,137.0,0,0
31.625,75.625,2023-10-24,297,43,24,1,0,0,0,137.0,0,0
31.625,75.625,2023-10-25,298,43,25,1,0,0,0,137.0,1,1
31.625,75.625,2023-10-26,299,43,26,1,1,1,1,137.0,6,1
31.625,75.625,2023-10-27,300,43,27,1,2,2,2,137.0,8,1
31.625,75.625,2023-10-28,301,43,28,1,3,3,3,137.0,1,1
31.625,75.625,2023-10-29,302,43,29,1,3,4,4,137.0,6,1
31.625,75.625,2023-10-30,303,44,30,1,3,5,5,137.0,8,1
31.625,75.625,2023-10-31,304,44,31,1,3,6,6,137.0,16,1
31.625,75.625,2023-11-01,305,44,32,1,3,7,7,137.0,13,1
31.625,75.625,2023-11-02,306,44,33,1,3,7,8,137.0,0,0
31.625,75.625,2023-11-03,307,44,34,1,2,6,8,137.0,5,1
31.625,75.625,2023-11-04,308,44,35,1,2,6,9,137.0,8,1
31.625,75.625,2023-11-05,309,44,36,1,2,6,10,137.0,18,1
31.625,75.625,2023-11-06,310,45,37,1,3,6,11,137.0,11,1
31.625,75.625,2023-11-07,311,45,38,1,3,6,12,137.0,8,1
31.625,75.625,2023-11-08,312,45,39,1,3,6,13,137.0,2,1
31.625,75.625,2023-11-09,313,45,40,1,3,6,14,137.0,11,1
31.625,75.625,2023-11-10,314,45,41,1,3,7,15,137.0,0,0
31.625,75.625,2023-11-11,315,45,42,1,2,6,15,137.0,0,0
31.625,75.625,2023-11-12,316,45,43,1,1,5,15,137.0,0,0
31.625,75.625,2023-11-13,317,46,44,1,0,4,15,137.0,0,0
31.625,75.625,2023-11-14,318,46,45,1,0,3,15,137.0,0,0
31.625,75.625,2023-11-15,319,46,46,1,0,2,15,137.0,4,1
31.625,75.625,2023-11-16,320,46,47,0,1,2,16,137.0,3,1
31.625,75.625,2023-11-17,321,46,48,0,2,2,17,137.0,0,0
31.625,75.625,2023-11-18,322,46,49,0,2,2,17,137.0,2,1
31.625,75.625,2023-11-19,323,46,50,0,2,3,18,137.0,2,1
31.625,75.625,2023-11-20,324,47,51,0,2,4,19,137.0,0,0
31.625,75.625,2023-11-21,325,47,52,0,2,4,19,137.0,2,1
31.625,75.625,2023-11-22,326,47,53,0,2,5,20,137.0,0,0
31.625,75.625,2023-11-23,327,47,54,0,1,4,20,137.0,2,1
31.625,75.625,2023-11-24,328,47,55,0,2,4,21,137.0,0,0
31.625,75.625,2023-11-25,329,47,56,0,1,4,21,137.0,0,0
31.625,75.625,2023-11-26,330,47,57,0,1,3,21,137.0,0,0
31.625,75.625,2023-11-27,331,48,58,0,0,2,21,137.0,0,0
31.625,75.625,2023-11-28,332,48,59,0,0,2,21,137.0,0,0
31.625,75.625,2023-11-29,333,48,60,0,0,1,21,137.0,0,0
31.625,75.625,2023-11-30,334,48,61,0,0,1,21,137.0,0,0
31.875,74.625,2023-10-01,274,39,1,0,0,0,0,123.0,1,1
31.875,74.625,2023-10-02,275,40,2,0,1,1,1,123.0,2,1
31.875,74.625,2023-10-03,276,40,3,0,2,2,2,123.0,6,1
31.875,74.625,2023-10-04,277,40,4,0,3,3,3,123.0,2,1
31.875,74.625,2023-10-05,278,40,5,0,3,4,4,123.0,3,1
31.875,74.625,2023-10-06,279,40,6,0,3,5,5,123.0,1,1
31.875,74.625,2023-10-07,280,40,7,0,3,6,6,123.0,1,1
31.875,74.625,2023-10-08,281,40,8,0,3,7,7,123.0,0,0
31.875,74.625,2023-10-09,282,41,9,0,2,6,7,123.0,0,0
31.875,74.625,2023-10-10,283,41,10,0,1,5,7,123.0,0,0
31.875,74.625,2023-10-11,284,41,11,0,0,4,7,123.0,2,1
31.875,74.625,2023-10-12,285,41,12,0,1,4,8,123.0,1,1
31.875,74.625,2023-10-13,286,41,13,0,2,4,9,123.0,6,1
31.875,74.625,2023-10-14,287,41,14,0,3,4,10,123.0,2,1
31.875,74.625,2023-10-15,288,41,15,0,3,4,11,123.0,0,0
31.875,74.625,2023-10-16,289,42,16,0,2,4,11,123.0,0,0
31.875,74.625,2023-10-17,290,42,17,0,1,4,11,123.0,0,0
31.875,74.625,2023-10-18,291,42,18,0,0,4,11,123.0,0,0
31.875,74.625,2023-10-19,292,42,19,0,0,3,11,123.0,0,0
31.875,74.625,2023-10-20,293,42,20,1,0,2,11,123.0,2,1
31.875,74.625,2023-10-21,294,42,21,1,1,2,12,123.0,3,1
31.875,74.625,2023-10-22,295,42,22,1,2,2,13,123.0,0,0
31.875,74.625,2023-10-23,296,43,23,1,2,2,13,123.0,5,1
31.875,74.625,2023-10-24,297,43,24,1,2,3,14,123.0,1,1
31.875,74.625,2023-10-25,298,43,25,1,2,4,15,123.0,5,1
31.875,74.625,2023-10-26,299,43,26,1,3,5,16,123.0,13,1
31.875,74.625,2023-10-27,300,43,27,1,3,6,17,123.0,4,1
31.875,74.625,2023-10-28,301,43,28,1,3,6,18,123.0,0,0
31.875,74.625,2023-10-29,302,43,29,1,2,5,18,123.0,7,1
31.875,74.625,2023-10-30,303,44,30,1,2,6,19,123.0,2,1
31.875,74.625,2023-10-31,304,44,31,1,2,6,20,123.0,9,1
31.875,74.625,2023-11-01,305,44,32,1,3,6,21,123.0,5,1
31.875,74.625,2023-11-02,306,44,33,1,3,6,22,123.0,0,0
31.875,74.625,2023-11-03,307,44,34,1,2,5,22,123.0,4,1
31.875,74.625,2023-11-04,308,44,35,1,2,5,23,123.0,1,1
31.875,74.625,2023-11-05,309,44,36,1,2,6,24,123.0,4,1
31.875,74.625,2023-11-06,310,45,37,1,3,6,25,123.0,1,1
31.875,74.625,2023-11-07,311,45,38,1,3,6,26,123.0,0,0
31.875,74.625,2023-11-08,312,45,39,1,2,5,26,123.0,0,0
31.875,74.625,2023-11-09,313,45,40,1,1,4,26,123.0,0,0
31.875,74.625,2023-11-10,314,45,41,1,0,4,26,123.0,0,0
31.875,74.625,2023-11-11,315,45,42,1,0,3,26,123.0,0,0
31.875,74.625,2023-11-12,316,45,43,1,0,2,26,123.0,0,0
31.875,74.625,2023-11-13,317,46,44,1,0,1,26,123.0,5,1
31.875,74.625,2023-11-14,318,46,45,1,1,1,27,123.0,3,1
31.875,74.625,2023-11-15,319,46,46,1,2,2,28,123.0,5,1
31.875,74.625,2023-11-16,320,46,47,0,3,3,29,123.0,3,1
31.875,74.625,2023-11-17,321,46,48,0,3,4,30,123.0,2,1
31.875,74.625,2023-11-18,322,46,49,0,3,5,31,123.0,0,0
31.875,74.625,2023-11-19,323,46,50,0,2,5,31,123.0,5,1
31.875,74.625,2023-11-20,324,47,51,0,2,6,32,123.0,0,0
31.875,74.625,2023-11-21,325,47,52,0,1,5,32,123.0,3,1
31.875,74.625,2023-11-22,326,47,53,0,2,5,33,123.0,2,1
31.875,74.625,2023-11-23,327,47,54,0,2,5,34,123.0,2,1
31.875,74.625,2023-11-24,328,47,55,0,3,5,35,123.0,0,0
31.875,74.625,2023-11-25,329,47,56,0,2,4,35,123.0,0,0
31.875,74.625,2023-11-26,330,47,57,0,1,4,35,123.0,0,0
31.875,74.625,2023-11-27,331,48,58,0,0,3,35,123.0,0,0
31.875,74.625,2023-11-28,332,48,59,0,0,3,35,123.0,0,0
31.875,74.625,2023-11-29,333,48,60,0,0,2,35,123.0,0,0
31.875,74.625,2023-11-30,334,48,61,0,0,1,35,123.0,0,0
31.875,74.875,2023-10-01,274,39,1,0,0,0,0,263.0,7,1
31.875,74.875,2023-10-02,275,40,2,0,1,1,1,263.0,4,1
31.875,74.875,2023-10-03,276,40,3,0,2,2,2,263.0,3,1
31.875,74.875,2023-10-04,277,40,4,0,3,3,3,263.0,6,1
31.875,74.875,2023-10-05,278,40,5,0,3,4,4,263.0,8,1
31.875,74.875,2023-10-06,279,40,6,0,3,5,5,263.0,3,1
31.875,74.875,2023-10-07,280,40,7,0,3,6,6,263.0,1,1
31.875,74.875,2023-10-08,281,40,8,0,3,7,7,263.0,3,1
31.875,74.875,2023-10-09,282,41,9,0,3,7,8,263.0,1,1
31.875,74.875,2023-10-10,283,41,10,0,3,7,9,263.0,1,1
31.875,74.875,2023-10-11,284,41,11,0,3,7,10,263.0,1,1
31.875,74.875,2023-10-12,285,41,12,0,3,7,11,263.0,2,1
31.875,74.875,2023-10-13,286,41,13,0,3,7,12,263.0,5,1
31.875,74.875,2023-10-14,287,41,14,0,3,7,13,263.0,3,1
31.875,74.875,2023-10-15,288,41,15,0,3,7,14,263.0,0,0
31.875,74.875,2023-10-16,289,42,16,0,2,6,14,263.0,0,0
31.875,74.875,2023-10-17,290,42,17,0,1,5,14,263.0,0,0
31.875,74.875,2023-10-18,291,42,18,0,0,4,14,263.0,0,0
31.875,74.875,2023-10-19,292,42,19,0,0,3,14,263.0,1,1
31.875,74.875,2023-10-20,293,42,20,1,1,3,15,263.0,2,1
31.875,74.875,2023-10-21,294,42,21,1,2,3,16,263.0,9,1
31.875,74.875,2023-10-22,295,42,22,1,3,3,17,263.0,1,1
31.875,74.875,2023-10-23,296,43,23,1,3,4,18,263.0,11,1
31.875,74.875,2023-10-24,297,43,24,1,3,5,19,263.0,6,1
31.875,74.875,2023-10-25,298,43,25,1,3,6,20,263.0,15,1
31.875,74.875,2023-10-26,299,43,26,1,3,7,21,263.0,23,1
31.875,74.875,2023-10-27,300,43,27,1,3,7,22,263.0,19,1
31.875,74.875,2023-10-28,301,43,28,1,3,7,23,263.0,0,0
31.875,74.875,2023-10-29,302,43,29,1,2,6,23,263.0,12,1
31.875,74.875,2023-10-30,303,44,30,1,2,6,24,263.0,14,1
31.875,74.875,2023-10-31,304,44,31,1,2,6,25,263.0,17,1
31.875,74.875,2023-11-01,305,44,32,1,3,6,26,263.0,18,1
31.875,74.875,2023-11-02,306,44,33,1,3,6,27,263.0,0,0
31.875,74.875,2023-11-03,307,44,34,1,2,5,27,263.0,7,1
31.875,74.875,2023-11-04,308,44,35,1,2,5,28,263.0,10,1
31.875,74.875,2023-11-05,309,44,36,1,2,6,29,263.0,22,1
31.875,74.875,2023-11-06,310,45,37,1,3,6,30,263.0,0,0
31.875,74.875,2023-11-07,311,45,38,1,2,5,30,263.0,2,1
31.875,74.875,2023-11-08,312,45,39,1,2,5,31,263.0,0,0
31.875,74.875,2023-11-09,313,45,40,1,1,4,31,263.0,5,1
31.875,74.875,2023-11-10,314,45,41,1,2,5,32,263.0,0,0
31.875,74.875,2023-11-11,315,45,42,1,1,4,32,263.0,0,0
31.875,74.875,2023-11-12,316,45,43,1,1,3,32,263.0,0,0
31.875,74.875,2023-11-13,317,46,44,1,0,2,32,263.0,0,0
31.875,74.875,2023-11-14,318,46,45,1,0,2,32,263.0,6,1
31.875,74.875,2023-11-15,319,46,46,1,1,2,33,263.0,6,1
31.875,74.875,2023-11-16,320,46,47,0,2,3,34,263.0,3,1
31.875,74.875,2023-11-17,321,46,48,0,3,3,35,263.0,1,1
31.875,74.875,2023-11-18,322,46,49,0,3,4,36,263.0,0,0
31.875,74.875,2023-11-19,323,46,50,0,2,4,36,263.0,1,1
31.875,74.875,2023-11-20,324,47,51,0,2,5,37,263.0,2,1
31.875,74.875,2023-11-21,325,47,52,0,2,6,38,263.0,1,1
31.875,74.875,2023-11-22,326,47,53,0,3,6,39,263.0,1,1
31.875,74.875,2023-11-23,327,47,54,0,3,6,40,263.0,0,0
31.875,74.875,2023-11-24,328,47,55,0,2,5,40,263.0,0,0
31.875,74.875,2023-11-25,329,47,56,0,1,4,40,263.0,0,0
31.875,74.875,2023-11-26,330,47,57,0,0,4,40,263.0,0,0
31.875,74.875,2023-11-27,331,48,58,0,0,3,40,263.0,0,0
31.875,74.875,2023-11-28,332,48,59,0,0,2,40,263.0,0,0
31.875,74.875,2023-11-29,333,48,60,0,0,1,40,263.0,0,0
31.875,74.875,2023-11-30,334,48,61,0,0,0,40,263.0,0,0
31.875,75.125,2023-10-01,274,39,1,0,0,0,0,150.0,4,1
31.875,75.125,2023-10-02,275,40,2,0,1,1,1,150.0,9,1
31.875,75.125,2023-10-03,276,40,3,0,2,2,2,150.0,0,0
31.875,75.125,2023-10-04,277,40,4,0,2,2,2,150.0,6,1
31.875,75.125,2023-10-05,278,40,5,0,2,3,3,150.0,2,1
31.875,75.125,2023-10-06,279,40,6,0,2,4,4,150.0,3,1
31.875,75.125,2023-10-07,280,40,7,0,3,5,5,150.0,1,1
31.875,75.125,2023-10-08,281,40,8,0,3,6,6,150.0,0,0
31.875,75.125,2023-10-09,282,41,9,0,2,5,6,150.0,1,1
31.875,75.125,2023-10-10,283,41,10,0,2,5,7,150.0,0,0
31.875,75.125,2023-10-11,284,41,11,0,1,5,7,150.0,0,0
31.875,75.125,2023-10-12,285,41,12,0,1,4,7,150.0,0,0
31.875,75.125,2023-10-13,286,41,13,0,0,3,7,150.0,3,1
31.875,75.125,2023-10-14,287,41,14,0,1,3,8,150.0,0,0
31.875,75.125,2023-10-15,288,41,15,0,1,2,8,150.0,0,0
31.875,75.125,2023-10-16,289,42,16,0,1,2,8,150.0,0,0
31.875,75.125,2023-10-17,290,42,17,0,0,1,8,150.0,0,0
31.875,75.125,2023-10-18,291,42,18,0,0,1,8,150.0,0,0
31.875,75.125,2023-10-19,292,42,19,0,0,1,8,150.0,0,0
31.875,75.125,2023-10-20,293,42,20,1,0,1,8,150.0,3,1
31.875,75.125,2023-10-21,294,42,21,1,1,1,9,150.0,3,1
31.875,75.125,2023-10-22,295,42,22,1,2,2,10,150.0,0,0
31.875,75.125,2023-10-23,296,43,23,1,2,2,10,150.0,8,1
31.875,75.125,2023-10-24,297,43,24,1,2,3,11,150.0,11,1
31.875,75.125,2023-10-25,298,43,25,1,2,4,12,150.0,6,1
31.875,75.125,2023-10-26,299,43,26,1,3,5,13,150.0,10,1
31.875,75.125,2023-10-27,300,43,27,1,3,6,14,150.0,4,1
31.875,75.125,2023-10-28,301,43,28,1,3,6,15,150.0,0,0
31.875,75.125,2023-10-29,302,43,29,1,2,5,15,150.0,12,1
31.875,75.125,2023-10-30,303,44,30,1,2,6,16,150.0,9,1
31.875,75.125,2023-10-31,304,44,31,1,2,6,17,150.0,14,1
31.875,75.125,2023-11-01,305,44,32,1,3,6,18,150.0,14,1
31.875,75.125,2023-11-02,306,44,33,1,3,6,19,150.0,0,0
31.875,75.125,2023-11-03,307,44,34,1,2,5,19,150.0,3,1
31.875,75.125,2023-11-04,308,44,35,1,2,5,20,150.0,8,1
31.875,75.125,2023-11-05,309,44,36,1,2,6,21,150.0,10,1
31.875,75.125,2023-11-06,310,45,37,1,3,6,22,150.0,1,1
31.875,75.125,2023-11-07,311,45,38,1,3,6,23,150.0,0,0
31.875,75.125,2023-11-08,312,45,39,1,2,5,23,150.0,0,0
31.875,75.125,2023-11-09,313,45,40,1,1,4,23,150.0,0,0
31.875,75.125,2023-11-10,314,45,41,1,0,4,23,150.0,0,0
31.875,75.125,2023-11-11,315,45,42,1,0,3,23,150.0,0,0
31.875,75.125,2023-11-12,316,45,43,1,0,2,23,150.0,0,0
31.875,75.125,2023-11-13,317,46,44,1,0,1,23,150.0,0,0
31.875,75.125,2023-11-14,318,46,45,1,0,0,23,150.0,1,1
31.875,75.125,2023-11-15,319,46,46,1,1,1,24,150.0,0,0
31.875,75.125,2023-11-16,320,46,47,0,1,1,24,150.0,2,1
31.875,75.125,2023-11-17,321,46,48,0,2,2,25,150.0,0,0
31.875,75.125,2023-11-18,322,46,49,0,1,2,25,150.0,0,0
31.875,75.125,2023-11-19,323,46,50,0,1,2,25,150.0,0,0
31.875,75.125,2023-11-20,324,47,51,0,0,2,25,150.0,0,0
31.875,75.125,2023-11-21,325,47,52,0,0,2,25,150.0,0,0
31.875,75.125,2023-11-22,326,47,53,0,0,1,25,150.0,2,1
31.875,75.125,2023-11-23,327,47,54,0,1,2,26,150.0,0,0
31.875,75.125,2023-11-24,328,47,55,0,1,1,26,150.0,0,0
31.875,75.125,2023-11-25,329,47,56,0,1,1,26,150.0,0,0
31.875,75.125,2023-11-26,330,47,57,0,0,1,26,150.0,0,0
31.875,75.125,2023-11-27,331,48,58,0,0,1,26,150.0,0,0
31.875,75.125,2023-11-28,332,48,59,0,0,1,26,150.0,0,0
31.875,75.125,2023-11-29,333,48,60,0,0,1,26,150.0,0,0
31.875,75.125,2023-11-30,334,48,61,0,0,0,26,150.0,0,0
31.875,75.375,2023-10-01,274,39,1,0,0,0,0,82.0,0,0
31.875,75.375,2023-10-02,275,40,2,0,0,0,0,82.0,0,0
31.875,75.375,2023-10-03,276,40,3,0,0,0,0,82.0,0,0
31.875,75.375,2023-10-04,277,40,4,0,0,0,0,82.0,0,0
31.875,75.375,2023-10-05,278,40,5,0,0,0,0,82.0,0,0
31.875,75.375,2023-10-06,279,40,6,0,0,0,0,82.0,0,0
31.875,75.375,2023-10-07,280,40,7,0,0,0,0,82.0,0,0
31.875,75.375,2023-10-08,281,40,8,0,0,0,0,82.0,0,0
31.875,75.375,2023-10-09,282,41,9,0,0,0,0,82.0,0,0
31.875,75.375,2023-10-10,283,41,10,0,0,0,0,82.0,0,0
31.875,75.375,2023-10-11,284,41,11,0,0,0,0,82.0,0,0
31.875,75.375,2023-10-12,285,41,12,0,0,0,0,82.0,0,0
31.875,75.375,2023-10-13,286,41,13,0,0,0,0,82.0,0,0
31.875,75.375,2023-10-14,287,41,14,0,0,0,0,82.0,0,0
31.875,75.375,2023-10-15,288,41,15,0,0,0,0,82.0,0,0
31.875,75.375,2023-10-16,289,42,16,0,0,0,0,82.0,0,0
31.875,75.375,2023-10-17,290,42,17,0,0,0,0,82.0,0,0
31.875,75.375,2023-10-18,291,42,18,0,0,0,0,82.0,0,0
31.875,75.375,2023-10-19,292,42,19,0,0,0,0,82.0,0,0
31.875,75.375,2023-10-20,293,42,20,1,0,0,0,82.0,0,0
31.875,75.375,2023-10-21,294,42,21,1,0,0,0,82.0,0,0
31.875,75.375,2023-10-22,295,42,22,1,0,0,0,82.0,0,0
31.875,75.375,2023-10-23,296,43,23,1,0,0,0,82.0,0,0
31.875,75.375,2023-10-24,297,43,24,1,0,0,0,82.0,2,1
31.875,75.375,2023-10-25,298,43,25,1,1,1,1,82.0,0,0
31.875,75.375,2023-10-26,299,43,26,1,1,1,1,82.0,5,1
31.875,75.375,2023-10-27,300,43,27,1,2,2,2,82.0,0,0
31.875,75.375,2023-10-28,301,43,28,1,1,2,2,82.0,0,0
31.875,75.375,2023-10-29,302,43,29,1,1,2,2,82.0,0,0
31.875,75.375,2023-10-30,303,44,30,1,0,2,2,82.0,3,1
31.875,75.375,2023-10-31,304,44,31,1,1,3,3,82.0,10,1
31.875,75.375,2023-11-01,305,44,32,1,2,3,4,82.0,6,1
31.875,75.375,2023-11-02,306,44,33,1,3,4,5,82.0,0,0
31.875,75.375,2023-11-03,307,44,34,1,2,3,5,82.0,3,1
31.875,75.375,2023-11-04,308,44,35,1,2,4,6,82.0,2,1
31.875,75.375,2023-11-05,309,44,36,1,2,5,7,82.0,25,1
31.875,75.375,2023-11-06,310,45,37,1,3,6,8,82.0,13,1
31.875,75.375,2023-11-07,311,45,38,1,3,6,9,82.0,3,1
31.875,75.375,2023-11-08,312,45,39,1,3,6,10,82.0,1,1
31.875,75.375,2023-11-09,313,45,40,1,3,6,11,82.0,2,1
31.875,75.375,2023-11-10,314,45,41,1,3,7,12,82.0,0,0
31.875,75.375,2023-11-11,315,45,42,1,2,6,12,82.0,0,0
31.875,75.375,2023-11-12,316,45,43,1,1,5,12,82.0,0,0
31.875,75.375,2023-11-13,317,46,44,1,0,4,12,82.0,0,0
31.875,75.375,2023-11-14,318,46,45,1,0,3,12,82.0,2,1
31.875,75.375,2023-11-15,319,46,46,1,1,3,13,82.0,0,0
31.875,75.375,2023-11-16,320,46,47,0,1,2,13,82.0,0,0
31.875,75.375,2023-11-17,321,46,48,0,1,1,13,82.0,1,1
31.875,75.375,2023-11-18,322,46,49,0,1,2,14,82.0,0,0
31.875,75.375,2023-11-19,323,46,50,0,1,2,14,82.0,0,0
31.875,75.375,2023-11-20,324,47,51,0,1,2,14,82.0,1,1
31.875,75.375,2023-11-21,325,47,52,0,1,3,15,82.0,3,1
31.875,75.375,2023-11-22,326,47,53,0,2,3,16,82.0,0,0
31.875,75.375,2023-11-23,327,47,54,0,2,3,16,82.0,0,0
31.875,75.375,2023-11-24,328,47,55,0,1,3,16,82.0,0,0
31.875,75.375,2023-11-25,329,47,56,0,0,2,16,82.0,0,0
31.875,75.375,2023-11-26,330,47,57,0,0,2,16,82.0,0,0
31.875,75.375,2023-11-27,331,48,58,0,0,2,16,82.0,0,0
31.875,75.375,2023-11-28,332,48,59,0,0,1,16,82.0,0,0
31.875,75.375,2023-11-29,333,48,60,0,0,0,16,82.0,0,0
31.875,75.375,2023-11-30,334,48,61,0,0,0,16,82.0,0,0
31.875,75.625,2023-10-01,274,39,1,0,0,0,0,25.0,0,0
31.875,75.625,2023-10-02,275,40,2,0,0,0,0,25.0,0,0
31.875,75.625,2023-10-03,276,40,3,0,0,0,0,25.0,0,0
31.875,75.625,2023-10-04,277,40,4,0,0,0,0,25.0,0,0
31.875,75.625,2023-10-05,278,40,5,0,0,0,0,25.0,0,0
31.875,75.625,2023-10-06,279,40,6,0,0,0,0,25.0,0,0
31.875,75.625,2023-10-07,280,40,7,0,0,0,0,25.0,0,0
31.875,75.625,2023-10-08,281,40,8,0,0,0,0,25.0,0,0
31.875,75.625,2023-10-09,282,41,9,0,0,0,0,25.0,0,0
31.875,75.625,2023-10-10,283,41,10,0,0,0,0,25.0,0,0
31.875,75.625,2023-10-11,284,41,11,0,0,0,0,25.0,0,0
31.875,75.625,2023-10-12,285,41,12,0,0,0,0,25.0,0,0
31.875,75.625,2023-10-13,286,41,13,0,0,0,0,25.0,0,0
31.875,75.625,2023-10-14,287,41,14,0,0,0,0,25.0,0,0
31.875,75.625,2023-10-15,288,41,15,0,0,0,0,25.0,0,0
31.875,75.625,2023-10-16,289,42,16,0,0,0,0,25.0,0,0
31.875,75.625,2023-10-17,290,42,17,0,0,0,0,25.0,0,0
31.875,75.625,2023-10-18,291,42,18,0,0,0,0,25.0,0,0
31.875,75.625,2023-10-19,292,42,19,0,0,0,0,25.0,0,0
31.875,75.625,2023-10-20,293,42,20,1,0,0,0,25.0,0,0
31.875,75.625,2023-10-21,294,42,21,1,0,0,0,25.0,0,0
31.875,75.625,2023-10-22,295,42,22,1,0,0,0,25.0,0,0
31.875,75.625,2023-10-23,296,43,23,1,0,0,0,25.0,0,0
31.875,75.625,2023-10-24,297,43,24,1,0,0,0,25.0,1,1
31.875,75.625,2023-10-25,298,43,25,1,1,1,1,25.0,0,0
31.875,75.625,2023-10-26,299,43,26,1,1,1,1,25.0,1,1
31.875,75.625,2023-10-27,300,43,27,1,2,2,2,25.0,0,0
31.875,75.625,2023-10-28,301,43,28,1,1,2,2,25.0,0,0
31.875,75.625,2023-10-29,302,43,29,1,1,2,2,25.0,2,1
31.875,75.625,2023-10-30,303,44,30,1,1,3,3,25.0,0,0
31.875,75.625,2023-10-31,304,44,31,1,1,3,3,25.0,2,1
31.875,75.625,2023-11-01,305,44,32,1,2,3,4,25.0,3,1
31.875,75.625,2023-11-02,306,44,33,1,2,4,5,25.0,0,0
31.875,75.625,2023-11-03,307,44,34,1,2,3,5,25.0,0,0
31.875,75.625,2023-11-04,308,44,35,1,1,3,5,25.0,3,1
31.875,75.625,2023-11-05,309,44,36,1,1,4,6,25.0,6,1
31.875,75.625,2023-11-06,310,45,37,1,2,4,7,25.0,4,1
31.875,75.625,2023-11-07,311,45,38,1,3,5,8,25.0,0,0
31.875,75.625,2023-11-08,312,45,39,1,2,4,8,25.0,0,0
31.875,75.625,2023-11-09,313,45,40,1,1,3,8,25.0,2,1
31.875,75.625,2023-11-10,314,45,41,1,1,4,9,25.0,0,0
31.875,75.625,2023-11-11,315,45,42,1,1,4,9,25.0,0,0
31.875,75.625,2023-11-12,316,45,43,1,1,3,9,25.0,0,0
31.875,75.625,2023-11-13,317,46,44,1,0,2,9,25.0,0,0
31.875,75.625,2023-11-14,318,46,45,1,0,1,9,25.0,0,0
31.875,75.625,2023-11-15,319,46,46,1,0,1,9,25.0,0,0
31.875,75.625,2023-11-16,320,46,47,0,0,1,9,25.0,0,0
31.875,75.625,2023-11-17,321,46,48,0,0,0,9,25.0,0,0
31.875,75.625,2023-11-18,322,46,49,0,0,0,9,25.0,0,0
31.875,75.625,2023-11-19,323,46,50,0,0,0,9,25.0,0,0
31.875,75.625,2023-11-20,324,47,51,0,0,0,9,25.0,0,0
31.875,75.625,2023-11-21,325,47,52,0,0,0,9,25.0,1,1
31.875,75.625,2023-11-22,326,47,53,0,1,1,10,25.0,0,0
31.875,75.625,2023-11-23,327,47,54,0,1,1,10,25.0,0,0
31.875,75.625,2023-11-24,328,47,55,0,1,1,10,25.0,0,0
31.875,75.625,2023-11-25,329,47,56,0,0,1,10,25.0,0,0
31.875,75.625,2023-11-26,330,47,57,0,0,1,10,25.0,0,0
31.875,75.625,2023-11-27,331,48,58,0,0,1,10,25.0,0,0
31.875,75.625,2023-11-28,332,48,59,0,0,1,10,25.0,0,0
31.875,75.625,2023-11-29,333,48,60,0,0,0,10,25.0,0,0
31.875,75.625,2023-11-30,334,48,61,0,0,0,10,25.0,0,0
32.125,74.875,2023-10-01,274,39,1,0,0,0,0,9.0,0,0
32.125,74.875,2023-10-02,275,40,2,0,0,0,0,9.0,0,0
32.125,74.875,2023-10-03,276,40,3,0,0,0,0,9.0,0,0
32.125,74.875,2023-10-04,277,40,4,0,0,0,0,9.0,0,0
32.125,74.875,2023-10-05,278,40,5,0,0,0,0,9.0,0,0
32.125,74.875,2023-10-06,279,40,6,0,0,0,0,9.0,0,0
32.125,74.875,2023-10-07,280,40,7,0,0,0,0,9.0,0,0
32.125,74.875,2023-10-08,281,40,8,0,0,0,0,9.0,0,0
32.125,74.875,2023-10-09,282,41,9,0,0,0,0,9.0,0,0
32.125,74.875,2023-10-10,283,41,10,0,0,0,0,9.0,0,0
32.125,74.875,2023-10-11,284,41,11,0,0,0,0,9.0,0,0
32.125,74.875,2023-10-12,285,41,12,0,0,0,0,9.0,0,0
32.125,74.875,2023-10-13,286,41,13,0,0,0,0,9.0,0,0
32.125,74.875,2023-10-14,287,41,14,0,0,0,0,9.0,0,0
32.125,74.875,2023-10-15,288,41,15,0,0,0,0,9.0,0,0
32.125,74.875,2023-10-16,289,42,16,0,0,0,0,9.0,0,0
32.125,74.875,2023-10-17,290,42,17,0,0,0,0,9.0,0,0
32.125,74.875,2023-10-18,291,42,18,0,0,0,0,9.0,0,0
32.125,74.875,2023-10-19,292,42,19,0,0,0,0,9.0,0,0
32.125,74.875,2023-10-20,293,42,20,1,0,0,0,9.0,0,0
32.125,74.875,2023-10-21,294,42,21,1,0,0,0,9.0,0,0
32.125,74.875,2023-10-22,295,42,22,1,0,0,0,9.0,0,0
32.125,74.875,2023-10-23,296,43,23,1,0,0,0,9.0,0,0
32.125,74.875,2023-10-24,297,43,24,1,0,0,0,9.0,1,1
32.125,74.875,2023-10-25,298,43,25,1,1,1,1,9.0,0,0
32.125,74.875,2023-10-26,299,43,26,1,1,1,1,9.0,2,1
32.125,74.875,2023-10-27,300,43,27,1,2,2,2,9.0,0,0
32.125,74.875,2023-10-28,301,43,28,1,1,2,2,9.0,0,0
32.125,74.875,2023-10-29,302,43,29,1,1,2,2,9.0,0,0
32.125,74.875,2023-10-30,303,44,30,1,0,2,2,9.0,1,1
32.125,74.875,2023-10-31,304,44,31,1,1,3,3,9.0,1,1
32.125,74.875,2023-11-01,305,44,32,1,2,3,4,9.0,1,1
32.125,74.875,2023-11-02,306,44,33,1,3,4,5,9.0,0,0
32.125,74.875,2023-11-03,307,44,34,1,2,3,5,9.0,0,0
32.125,74.875,2023-11-04,308,44,35,1,1,3,5,9.0,0,0
32.125,74.875,2023-11-05,309,44,36,1,0,3,5,9.0,1,1
32.125,74.875,2023-11-06,310,45,37,1,1,4,6,9.0,0,0
32.125,74.875,2023-11-07,311,45,38,1,1,3,6,9.0,1,1
32.125,74.875,2023-11-08,312,45,39,1,2,3,7,9.0,0,0
32.125,74.875,2023-11-09,313,45,40,1,1,2,7,9.0,0,0
32.125,74.875,2023-11-10,314,45,41,1,1,2,7,9.0,0,0
32.125,74.875,2023-11-11,315,45,42,1,0,2,7,9.0,0,0
32.125,74.875,2023-11-12,316,45,43,1,0,2,7,9.0,0,0
32.125,74.875,2023-11-13,317,46,44,1,0,1,7,9.0,0,0
32.125,74.875,2023-11-14,318,46,45,1,0,1,7,9.0,0,0
32.125,74.875,2023-11-15,319,46,46,1,0,0,7,9.0,0,0
32.125,74.875,2023-11-16,320,46,47,0,0,0,7,9.0,0,0
32.125,74.875,2023-11-17,321,46,48,0,0,0,7,9.0,0,0
32.125,74.875,2023-11-18,322,46,49,0,0,0,7,9.0,0,0
32.125,74.875,2023-11-19,323,46,50,0,0,0,7,9.0,0,0
32.125,74.875,2023-11-20,324,47,51,0,0,0,7,9.0,0,0
32.125,74.875,2023-11-21,325,47,52,0,0,0,7,9.0,0,0
32.125,74.875,2023-11-22,326,47,53,0,0,0,7,9.0,0,0
32.125,74.875,2023-11-23,327,47,54,0,0,0,7,9.0,1,1
32.125,74.875,2023-11-24,328,47,55,0,1,1,8,9.0,0,0
32.125,74.875,2023-11-25,329,47,56,0,1,1,8,9.0,0,0
32.125,74.875,2023-11-26,330,47,57,0,1,1,8,9.0,0,0
32.125,74.875,2023-11-27,331,48,58,0,0,1,8,9.0,0,0
32.125,74.875,2023-11-28,332,48,59,0,0,1,8,9.0,0,0
32.125,74.875,2023-11-29,333,48,60,0,0,1,8,9.0,0,0
32.125,74.875,2023-11-30,334,48,61,0,0,1,8,9.0,0,0
32.125,75.125,2023-10-01,274,39,1,0,0,0,0,38.0,0,0
32.125,75.125,2023-10-02,275,40,2,0,0,0,0,38.0,0,0
32.125,75.125,2023-10-03,276,40,3,0,0,0,0,38.0,0,0
32.125,75.125,2023-10-04,277,40,4,0,0,0,0,38.0,1,1
32.125,75.125,2023-10-05,278,40,5,0,1,1,1,38.0,0,0
32.125,75.125,2023-10-06,279,40,6,0,1,1,1,38.0,0,0
32.125,75.125,2023-10-07,280,40,7,0,1,1,1,38.0,0,0
32.125,75.125,2023-10-08,281,40,8,0,0,1,1,38.0,0,0
32.125,75.125,2023-10-09,282,41,9,0,0,1,1,38.0,0,0
32.125,75.125,2023-10-10,283,41,10,0,0,1,1,38.0,0,0
32.125,75.125,2023-10-11,284,41,11,0,0,1,1,38.0,0,0
32.125,75.125,2023-10-12,285,41,12,0,0,0,1,38.0,0,0
32.125,75.125,2023-10-13,286,41,13,0,0,0,1,38.0,0,0
32.125,75.125,2023-10-14,287,41,14,0,0,0,1,38.0,0,0
32.125,75.125,2023-10-15,288,41,15,0,0,0,1,38.0,0,0
32.125,75.125,2023-10-16,289,42,16,0,0,0,1,38.0,0,0
32.125,75.125,2023-10-17,290,42,17,0,0,0,1,38.0,0,0
32.125,75.125,2023-10-18,291,42,18,0,0,0,1,38.0,0,0
32.125,75.125,2023-10-19,292,42,19,0,0,0,1,38.0,0,0
32.125,75.125,2023-10-20,293,42,20,1,0,0,1,38.0,0,0
32.125,75.125,2023-10-21,294,42,21,1,0,0,1,38.0,0,0
32.125,75.125,2023-10-22,295,42,22,1,0,0,1,38.0,0,0
32.125,75.125,2023-10-23,296,43,23,1,0,0,1,38.0,0,0
32.125,75.125,2023-10-24,297,43,24,1,0,0,1,38.0,1,1
32.125,75.125,2023-10-25,298,43,25,1,1,1,2,38.0,0,0
32.125,75.125,2023-10-26,299,43,26,1,1,1,2,38.0,3,1
32.125,75.125,2023-10-27,300,43,27,1,2,2,3,38.0,2,1
32.125,75.125,2023-10-28,301,43,28,1,2,3,4,38.0,0,0
32.125,75.125,2023-10-29,302,43,29,1,2,3,4,38.0,3,1
32.125,75.125,2023-10-30,303,44,30,1,2,4,5,38.0,3,1
32.125,75.125,2023-10-31,304,44,31,1,2,5,6,38.0,6,1
32.125,75.125,2023-11-01,305,44,32,1,3,5,7,38.0,3,1
32.125,75.125,2023-11-02,306,44,33,1,3,6,8,38.0,0,0
32.125,75.125,2023-11-03,307,44,34,1,2,5,8,38.0,0,0
32.125,75.125,2023-11-04,308,44,35,1,1,4,8,38.0,5,1
32.125,75.125,2023-11-05,309,44,36,1,1,5,9,38.0,2,1
32.125,75.125,2023-11-06,310,45,37,1,2,5,10,38.0,0,0
32.125,75.125,2023-11-07,311,45,38,1,2,4,10,38.0,1,1
32.125,75.125,2023-11-08,312,45,39,1,2,4,11,38.0,0,0
32.125,75.125,2023-11-09,313,45,40,1,1,3,11,38.0,0,0
32.125,75.125,2023-11-10,314,45,41,1,1,3,11,38.0,0,0
32.125,75.125,2023-11-11,315,45,42,1,0,3,11,38.0,0,0
32.125,75.125,2023-11-12,316,45,43,1,0,2,11,38.0,0,0
32.125,75.125,2023-11-13,317,46,44,1,0,1,11,38.0,1,1
32.125,75.125,2023-11-14,318,46,45,1,1,2,12,38.0,0,0
32.125,75.125,2023-11-15,319,46,46,1,1,1,12,38.0,0,0
32.125,75.125,2023-11-16,320,46,47,0,1,1,12,38.0,0,0
32.125,75.125,2023-11-17,321,46,48,0,0,1,12,38.0,2,1
32.125,75.125,2023-11-18,322,46,49,0,1,2,13,38.0,0,0
32.125,75.125,2023-11-19,323,46,50,0,1,2,13,38.0,1,1
32.125,75.125,2023-11-20,324,47,51,0,2,3,14,38.0,1,1
32.125,75.125,2023-11-21,325,47,52,0,2,3,15,38.0,1,1
32.125,75.125,2023-11-22,326,47,53,0,3,4,16,38.0,0,0
32.125,75.125,2023-11-23,327,47,54,0,2,4,16,38.0,0,0
32.125,75.125,2023-11-24,328,47,55,0,1,4,16,38.0,2,1
32.125,75.125,2023-11-25,329,47,56,0,1,4,17,38.0,0,0
32.125,75.125,2023-11-26,330,47,57,0,1,4,17,38.0,0,0
32.125,75.125,2023-11-27,331,48,58,0,1,3,17,38.0,0,0
32.125,75.125,2023-11-28,332,48,59,0,0,2,17,38.0,0,0
32.125,75.125,2023-11-29,333,48,60,0,0,1,17,38.0,0,0
32.125,75.125,2023-11-30,334,48,61,0,0,1,17,38.0,0,0
32.125,75.375,2023-10-01,274,39,1,0,0,0,0,34.0,0,0
32.125,75.375,2023-10-02,275,40,2,0,0,0,0,34.0,0,0
32.125,75.375,2023-10-03,276,40,3,0,0,0,0,34.0,0,0
32.125,75.375,2023-10-04,277,40,4,0,0,0,0,34.0,0,0
32.125,75.375,2023-10-05,278,40,5,0,0,0,0,34.0,0,0
32.125,75.375,2023-10-06,279,40,6,0,0,0,0,34.0,0,0
32.125,75.375,2023-10-07,280,40,7,0,0,0,0,34.0,0,0
32.125,75.375,2023-10-08,281,40,8,0,0,0,0,34.0,0,0
32.125,75.375,2023-10-09,282,41,9,0,0,0,0,34.0,0,0
32.125,75.375,2023-10-10,283,41,10,0,0,0,0,34.0,0,0
32.125,75.375,2023-10-11,284,41,11,0,0,0,0,34.0,0,0
32.125,75.375,2023-10-12,285,41,12,0,0,0,0,34.0,0,0
32.125,75.375,2023-10-13,286,41,13,0,0,0,0,34.0,0,0
32.125,75.375,2023-10-14,287,41,14,0,0,0,0,34.0,0,0
32.125,75.375,2023-10-15,288,41,15,0,0,0,0,34.0,0,0
32.125,75.375,2023-10-16,289,42,16,0,0,0,0,34.0,0,0
32.125,75.375,2023-10-17,290,42,17,0,0,0,0,34.0,0,0
32.125,75.375,2023-10-18,291,42,18,0,0,0,0,34.0,0,0
32.125,75.375,2023-10-19,292,42,19,0,0,0,0,34.0,0,0
32.125,75.375,2023-10-20,293,42,20,1,0,0,0,34.0,0,0
32.125,75.375,2023-10-21,294,42,21,1,0,0,0,34.0,0,0
32.125,75.375,2023-10-22,295,42,22,1,0,0,0,34.0,0,0
32.125,75.375,2023-10-23,296,43,23,1,0,0,0,34.0,0,0
32.125,75.375,2023-10-24,297,43,24,1,0,0,0,34.0,0,0
32.125,75.375,2023-10-25,298,43,25,1,0,0,0,34.0,0,0
32.125,75.375,2023-10-26,299,43,26,1,0,0,0,34.0,1,1
32.125,75.375,2023-10-27,300,43,27,1,1,1,1,34.0,0,0
32.125,75.375,2023-10-28,301,43,28,1,1,1,1,34.0,0,0
32.125,75.375,2023-10-29,302,43,29,1,1,1,1,34.0,5,1
32.125,75.375,2023-10-30,303,44,30,1,1,2,2,34.0,1,1
32.125,75.375,2023-10-31,304,44,31,1,2,3,3,34.0,2,1
32.125,75.375,2023-11-01,305,44,32,1,3,4,4,34.0,1,1
32.125,75.375,2023-11-02,306,44,33,1,3,5,5,34.0,0,0
32.125,75.375,2023-11-03,307,44,34,1,2,4,5,34.0,1,1
32.125,75.375,2023-11-04,308,44,35,1,2,5,6,34.0,0,0
32.125,75.375,2023-11-05,309,44,36,1,1,5,6,34.0,7,1
32.125,75.375,2023-11-06,310,45,37,1,2,5,7,34.0,0,0
32.125,75.375,2023-11-07,311,45,38,1,1,4,7,34.0,1,1
32.125,75.375,2023-11-08,312,45,39,1,2,4,8,34.0,0,0
32.125,75.375,2023-11-09,313,45,40,1,1,3,8,34.0,3,1
32.125,75.375,2023-11-10,314,45,41,1,2,4,9,34.0,0,0
32.125,75.375,2023-11-11,315,45,42,1,1,3,9,34.0,0,0
32.125,75.375,2023-11-12,316,45,43,1,1,3,9,34.0,0,0
32.125,75.375,2023-11-13,317,46,44,1,0,2,9,34.0,0,0
32.125,75.375,2023-11-14,318,46,45,1,0,2,9,34.0,1,1
32.125,75.375,2023-11-15,319,46,46,1,1,2,10,34.0,1,1
32.125,75.375,2023-11-16,320,46,47,0,2,3,11,34.0,2,1
32.125,75.375,2023-11-17,321,46,48,0,3,3,12,34.0,3,1
32.125,75.375,2023-11-18,322,46,49,0,3,4,13,34.0,1,1
32.125,75.375,2023-11-19,323,46,50,0,3,5,14,34.0,0,0
32.125,75.375,2023-11-20,324,47,51,0,2,5,14,34.0,1,1
32.125,75.375,2023-11-21,325,47,52,0,2,6,15,34.0,0,0
32.125,75.375,2023-11-22,326,47,53,0,1,5,15,34.0,1,1
32.125,75.375,2023-11-23,327,47,54,0,2,5,16,34.0,0,0
32.125,75.375,2023-11-24,328,47,55,0,1,4,16,34.0,2,1
32.125,75.375,2023-11-25,329,47,56,0,2,4,17,34.0,0,0
32.125,75.375,2023-11-26,330,47,57,0,1,3,17,34.0,0,0
32.125,75.375,2023-11-27,331,48,58,0,1,3,17,34.0,0,0
32.125,75.375,2023-11-28,332,48,59,0,0,2,17,34.0,0,0
32.125,75.375,2023-11-29,333,48,60,0,0,2,17,34.0,0,0
32.125,75.375,2023-11-30,334,48,61,0,0,1,17,34.0,0,0
32.125,77.125,2023-10-01,274,39,1,0,0,0,0,5.0,0,0
32.125,77.125,2023-10-02,275,40,2,0,0,0,0,5.0,0,0
32.125,77.125,2023-10-03,276,40,3,0,0,0,0,5.0,0,0
32.125,77.125,2023-10-04,277,40,4,0,0,0,0,5.0,0,0
32.125,77.125,2023-10-05,278,40,5,0,0,0,0,5.0,0,0
32.125,77.125,2023-10-06,279,40,6,0,0,0,0,5.0,0,0
32.125,77.125,2023-10-07,280,40,7,0,0,0,0,5.0,0,0
32.125,77.125,2023-10-08,281,40,8,0,0,0,0,5.0,0,0
32.125,77.125,2023-10-09,282,41,9,0,0,0,0,5.0,0,0
32.125,77.125,2023-10-10,283,41,10,0,0,0,0,5.0,0,0
32.125,77.125,2023-10-11,284,41,11,0,0,0,0,5.0,0,0
32.125,77.125,2023-10-12,285,41,12,0,0,0,0,5.0,0,0
32.125,77.125,2023-10-13,286,41,13,0,0,0,0,5.0,0,0
32.125,77.125,2023-10-14,287,41,14,0,0,0,0,5.0,0,0
32.125,77.125,2023-10-15,288,41,15,0,0,0,0,5.0,0,0
32.125,77.125,2023-10-16,289,42,16,0,0,0,0,5.0,0,0
32.125,77.125,2023-10-17,290,42,17,0,0,0,0,5.0,0,0
32.125,77.125,2023-10-18,291,42,18,0,0,0,0,5.0,0,0
32.125,77.125,2023-10-19,292,42,19,0,0,0,0,5.0,0,0
32.125,77.125,2023-10-20,293,42,20,1,0,0,0,5.0,0,0
32.125,77.125,2023-10-21,294,42,21,1,0,0,0,5.0,0,0
32.125,77.125,2023-10-22,295,42,22,1,0,0,0,5.0,0,0
32.125,77.125,2023-10-23,296,43,23,1,0,0,0,5.0,0,0
32.125,77.125,2023-10-24,297,43,24,1,0,0,0,5.0,0,0
32.125,77.125,2023-10-25,298,43,25,1,0,0,0,5.0,0,0
32.125,77.125,2023-10-26,299,43,26,1,0,0,0,5.0,0,0
32.125,77.125,2023-10-27,300,43,27,1,0,0,0,5.0,0,0
32.125,77.125,2023-10-28,301,43,28,1,0,0,0,5.0,0,0
32.125,77.125,2023-10-29,302,43,29,1,0,0,0,5.0,0,0
32.125,77.125,2023-10-30,303,44,30,1,0,0,0,5.0,0,0
32.125,77.125,2023-10-31,304,44,31,1,0,0,0,5.0,0,0
32.125,77.125,2023-11-01,305,44,32,1,0,0,0,5.0,0,0
32.125,77.125,2023-11-02,306,44,33,1,0,0,0,5.0,0,0
32.125,77.125,2023-11-03,307,44,34,1,0,0,0,5.0,0,0
32.125,77.125,2023-11-04,308,44,35,1,0,0,0,5.0,0,0
32.125,77.125,2023-11-05,309,44,36,1,0,0,0,5.0,0,0
32.125,77.125,2023-11-06,310,45,37,1,0,0,0,5.0,0,0
32.125,77.125,2023-11-07,311,45,38,1,0,0,0,5.0,0,0
32.125,77.125,2023-11-08,312,45,39,1,0,0,0,5.0,0,0
32.125,77.125,2023-11-09,313,45,40,1,0,0,0,5.0,0,0
32.125,77.125,2023-11-10,314,45,41,1,0,0,0,5.0,0,0
32.125,77.125,2023-11-11,315,45,42,1,0,0,0,5.0,0,0
32.125,77.125,2023-11-12,316,45,43,1,0,0,0,5.0,0,0
32.125,77.125,2023-11-13,317,46,44,1,0,0,0,5.0,0,0
32.125,77.125,2023-11-14,318,46,45,1,0,0,0,5.0,0,0
32.125,77.125,2023-11-15,319,46,46,1,0,0,0,5.0,0,0
32.125,77.125,2023-11-16,320,46,47,0,0,0,0,5.0,0,0
32.125,77.125,2023-11-17,321,46,48,0,0,0,0,5.0,0,0
32.125,77.125,2023-11-18,322,46,49,0,0,0,0,5.0,0,0
32.125,77.125,2023-11-19,323,46,50,0,0,0,0,5.0,0,0
32.125,77.125,2023-11-20,324,47,51,0,0,0,0,5.0,0,0
32.125,77.125,2023-11-21,325,47,52,0,0,0,0,5.0,1,1
32.125,77.125,2023-11-22,326,47,53,0,1,1,1,5.0,0,0
32.125,77.125,2023-11-23,327,47,54,0,1,1,1,5.0,4,1
32.125,77.125,2023-11-24,328,47,55,0,2,2,2,5.0,0,0
32.125,77.125,2023-11-25,329,47,56,0,1,2,2,5.0,0,0
32.125,77.125,2023-11-26,330,47,57,0,1,2,2,5.0,0,0
32.125,77.125,2023-11-27,331,48,58,0,0,2,2,5.0,0,0
32.125,77.125,2023-11-28,332,48,59,0,0,2,2,5.0,0,0
32.125,77.125,2023-11-29,333,48,60,0,0,1,2,5.0,0,0
32.125,77.125,2023-11-30,334,48,61,0,0,1,2,5.0,0,0
32.375,74.625,2023-10-01,274,39,1,0,0,0,0,16.0,0,0
32.375,74.625,2023-10-02,275,40,2,0,0,0,0,16.0,0,0
32.375,74.625,2023-10-03,276,40,3,0,0,0,0,16.0,0,0
32.375,74.625,2023-10-04,277,40,4,0,0,0,0,16.0,0,0
32.375,74.625,2023-10-05,278,40,5,0,0,0,0,16.0,0,0
32.375,74.625,2023-10-06,279,40,6,0,0,0,0,16.0,0,0
32.375,74.625,2023-10-07,280,40,7,0,0,0,0,16.0,0,0
32.375,74.625,2023-10-08,281,40,8,0,0,0,0,16.0,0,0
32.375,74.625,2023-10-09,282,41,9,0,0,0,0,16.0,0,0
32.375,74.625,2023-10-10,283,41,10,0,0,0,0,16.0,0,0
32.375,74.625,2023-10-11,284,41,11,0,0,0,0,16.0,0,0
32.375,74.625,2023-10-12,285,41,12,0,0,0,0,16.0,0,0
32.375,74.625,2023-10-13,286,41,13,0,0,0,0,16.0,0,0
32.375,74.625,2023-10-14,287,41,14,0,0,0,0,16.0,0,0
32.375,74.625,2023-10-15,288,41,15,0,0,0,0,16.0,0,0
32.375,74.625,2023-10-16,289,42,16,0,0,0,0,16.0,0,0
32.375,74.625,2023-10-17,290,42,17,0,0,0,0,16.0,0,0
32.375,74.625,2023-10-18,291,42,18,0,0,0,0,16.0,0,0
32.375,74.625,2023-10-19,292,42,19,0,0,0,0,16.0,0,0
32.375,74.625,2023-10-20,293,42,20,1,0,0,0,16.0,0,0
32.375,74.625,2023-10-21,294,42,21,1,0,0,0,16.0,0,0
32.375,74.625,2023-10-22,295,42,22,1,0,0,0,16.0,0,0
32.375,74.625,2023-10-23,296,43,23,1,0,0,0,16.0,0,0
32.375,74.625,2023-10-24,297,43,24,1,0,0,0,16.0,0,0
32.375,74.625,2023-10-25,298,43,25,1,0,0,0,16.0,0,0
32.375,74.625,2023-10-26,299,43,26,1,0,0,0,16.0,0,0
32.375,74.625,2023-10-27,300,43,27,1,0,0,0,16.0,0,0
32.375,74.625,2023-10-28,301,43,28,1,0,0,0,16.0,0,0
32.375,74.625,2023-10-29,302,43,29,1,0,0,0,16.0,0,0
32.375,74.625,2023-10-30,303,44,30,1,0,0,0,16.0,0,0
32.375,74.625,2023-10-31,304,44,31,1,0,0,0,16.0,0,0
32.375,74.625,2023-11-01,305,44,32,1,0,0,0,16.0,0,0
32.375,74.625,2023-11-02,306,44,33,1,0,0,0,16.0,0,0
32.375,74.625,2023-11-03,307,44,34,1,0,0,0,16.0,0,0
32.375,74.625,2023-11-04,308,44,35,1,0,0,0,16.0,0,0
32.375,74.625,2023-11-05,309,44,36,1,0,0,0,16.0,0,0
32.375,74.625,2023-11-06,310,45,37,1,0,0,0,16.0,0,0
32.375,74.625,2023-11-07,311,45,38,1,0,0,0,16.0,0,0
32.375,74.625,2023-11-08,312,45,39,1,0,0,0,16.0,0,0
32.375,74.625,2023-11-09,313,45,40,1,0,0,0,16.0,0,0
32.375,74.625,2023-11-10,314,45,41,1,0,0,0,16.0,0,0
32.375,74.625,2023-11-11,315,45,42,1,0,0,0,16.0,0,0
32.375,74.625,2023-11-12,316,45,43,1,0,0,0,16.0,0,0
32.375,74.625,2023-11-13,317,46,44,1,0,0,0,16.0,0,0
32.375,74.625,2023-11-14,318,46,45,1,0,0,0,16.0,0,0
32.375,74.625,2023-11-15,319,46,46,1,0,0,0,16.0,2,1
32.375,74.625,2023-11-16,320,46,47,0,1,1,1,16.0,0,0
32.375,74.625,2023-11-17,321,46,48,0,1,1,1,16.0,0,0
32.375,74.625,2023-11-18,322,46,49,0,1,1,1,16.0,0,0
32.375,74.625,2023-11-19,323,46,50,0,0,1,1,16.0,0,0
32.375,74.625,2023-11-20,324,47,51,0,0,1,1,16.0,1,1
32.375,74.625,2023-11-21,325,47,52,0,1,2,2,16.0,3,1
32.375,74.625,2023-11-22,326,47,53,0,2,3,3,16.0,2,1
32.375,74.625,2023-11-23,327,47,54,0,3,3,4,16.0,2,1
32.375,74.625,2023-11-24,328,47,55,0,3,4,5,16.0,5,1
32.375,74.625,2023-11-25,329,47,56,0,3,5,6,16.0,0,0
32.375,74.625,2023-11-26,330,47,57,0,2,5,6,16.0,0,0
32.375,74.625,2023-11-27,331,48,58,0,1,5,6,16.0,0,0
32.375,74.625,2023-11-28,332,48,59,0,0,4,6,16.0,1,1
32.375,74.625,2023-11-29,333,48,60,0,1,4,7,16.0,0,0
32.375,74.625,2023-11-30,334,48,61,0,1,3,7,16.0,0,0
32.375,74.875,2023-10-01,274,39,1,0,0,0,0,24.0,0,0
32.375,74.875,2023-10-02,275,40,2,0,0,0,0,24.0,0,0
32.375,74.875,2023-10-03,276,40,3,0,0,0,0,24.0,0,0
32.375,74.875,2023-10-04,277,40,4,0,0,0,0,24.0,0,0
32.375,74.875,2023-10-05,278,40,5,0,0,0,0,24.0,0,0
32.375,74.875,2023-10-06,279,40,6,0,0,0,0,24.0,0,0
32.375,74.875,2023-10-07,280,40,7,0,0,0,0,24.0,0,0
32.375,74.875,2023-10-08,281,40,8,0,0,0,0,24.0,0,0
32.375,74.875,2023-10-09,282,41,9,0,0,0,0,24.0,0,0
32.375,74.875,2023-10-10,283,41,10,0,0,0,0,24.0,0,0
32.375,74.875,2023-10-11,284,41,11,0,0,0,0,24.0,0,0
32.375,74.875,2023-10-12,285,41,12,0,0,0,0,24.0,0,0
32.375,74.875,2023-10-13,286,41,13,0,0,0,0,24.0,0,0
32.375,74.875,2023-10-14,287,41,14,0,0,0,0,24.0,0,0
32.375,74.875,2023-10-15,288,41,15,0,0,0,0,24.0,0,0
32.375,74.875,2023-10-16,289,42,16,0,0,0,0,24.0,0,0
32.375,74.875,2023-10-17,290,42,17,0,0,0,0,24.0,0,0
32.375,74.875,2023-10-18,291,42,18,0,0,0,0,24.0,0,0
32.375,74.875,2023-10-19,292,42,19,0,0,0,0,24.0,0,0
32.375,74.875,2023-10-20,293,42,20,1,0,0,0,24.0,0,0
32.375,74.875,2023-10-21,294,42,21,1,0,0,0,24.0,0,0
32.375,74.875,2023-10-22,295,42,22,1,0,0,0,24.0,0,0
32.375,74.875,2023-10-23,296,43,23,1,0,0,0,24.0,0,0
32.375,74.875,2023-10-24,297,43,24,1,0,0,0,24.0,0,0
32.375,74.875,2023-10-25,298,43,25,1,0,0,0,24.0,0,0
32.375,74.875,2023-10-26,299,43,26,1,0,0,0,24.0,0,0
32.375,74.875,2023-10-27,300,43,27,1,0,0,0,24.0,0,0
32.375,74.875,2023-10-28,301,43,28,1,0,0,0,24.0,0,0
32.375,74.875,2023-10-29,302,43,29,1,0,0,0,24.0,1,1
32.375,74.875,2023-10-30,303,44,30,1,1,1,1,24.0,0,0
32.375,74.875,2023-10-31,304,44,31,1,1,1,1,24.0,0,0
32.375,74.875,2023-11-01,305,44,32,1,1,1,1,24.0,0,0
32.375,74.875,2023-11-02,306,44,33,1,0,1,1,24.0,0,0
32.375,74.875,2023-11-03,307,44,34,1,0,1,1,24.0,0,0
32.375,74.875,2023-11-04,308,44,35,1,0,1,1,24.0,0,0
32.375,74.875,2023-11-05,309,44,36,1,0,1,1,24.0,0,0
32.375,74.875,2023-11-06,310,45,37,1,0,0,1,24.0,1,1
32.375,74.875,2023-11-07,311,45,38,1,1,1,2,24.0,0,0
32.375,74.875,2023-11-08,312,45,39,1,1,1,2,24.0,0,0
32.375,74.875,2023-11-09,313,45,40,1,1,1,2,24.0,0,0
32.375,74.875,2023-11-10,314,45,41,1,0,1,2,24.0,0,0
32.375,74.875,2023-11-11,315,45,42,1,0,1,2,24.0,0,0
32.375,74.875,2023-11-12,316,45,43,1,0,1,2,24.0,0,0
32.375,74.875,2023-11-13,317,46,44,1,0,1,2,24.0,0,0
32.375,74.875,2023-11-14,318,46,45,1,0,0,2,24.0,0,0
32.375,74.875,2023-11-15,319,46,46,1,0,0,2,24.0,1,1
32.375,74.875,2023-11-16,320,46,47,0,1,1,3,24.0,2,1
32.375,74.875,2023-11-17,321,46,48,0,2,2,4,24.0,3,1
32.375,74.875,2023-11-18,322,46,49,0,3,3,5,24.0,2,1
32.375,74.875,2023-11-19,323,46,50,0,3,4,6,24.0,0,0
32.375,74.875,2023-11-20,324,47,51,0,2,4,6,24.0,0,0
32.375,74.875,2023-11-21,325,47,52,0,1,4,6,24.0,0,0
32.375,74.875,2023-11-22,326,47,53,0,0,4,6,24.0,2,1
32.375,74.875,2023-11-23,327,47,54,0,1,4,7,24.0,3,1
32.375,74.875,2023-11-24,328,47,55,0,2,4,8,24.0,7,1
32.375,74.875,2023-11-25,329,47,56,0,3,4,9,24.0,0,0
32.375,74.875,2023-11-26,330,47,57,0,2,3,9,24.0,0,0
32.375,74.875,2023-11-27,331,48,58,0,1,3,9,24.0,0,0
32.375,74.875,2023-11-28,332,48,59,0,0,3,9,24.0,2,1
32.375,74.875,2023-11-29,333,48,60,0,1,4,10,24.0,0,0
32.375,74.875,2023-11-30,334,48,61,0,1,3,10,24.0,0,0
32.375,75.375,2023-10-01,274,39,1,0,0,0,0,13.0,0,0
32.375,75.375,2023-10-02,275,40,2,0,0,0,0,13.0,0,0
32.375,75.375,2023-10-03,276,40,3,0,0,0,0,13.0,0,0
32.375,75.375,2023-10-04,277,40,4,0,0,0,0,13.0,0,0
32.375,75.375,2023-10-05,278,40,5,0,0,0,0,13.0,0,0
32.375,75.375,2023-10-06,279,40,6,0,0,0,0,13.0,0,0
32.375,75.375,2023-10-07,280,40,7,0,0,0,0,13.0,0,0
32.375,75.375,2023-10-08,281,40,8,0,0,0,0,13.0,0,0
32.375,75.375,2023-10-09,282,41,9,0,0,0,0,13.0,0,0
32.375,75.375,2023-10-10,283,41,10,0,0,0,0,13.0,0,0
32.375,75.375,2023-10-11,284,41,11,0,0,0,0,13.0,0,0
32.375,75.375,2023-10-12,285,41,12,0,0,0,0,13.0,0,0
32.375,75.375,2023-10-13,286,41,13,0,0,0,0,13.0,0,0
32.375,75.375,2023-10-14,287,41,14,0,0,0,0,13.0,0,0
32.375,75.375,2023-10-15,288,41,15,0,0,0,0,13.0,0,0
32.375,75.375,2023-10-16,289,42,16,0,0,0,0,13.0,0,0
32.375,75.375,2023-10-17,290,42,17,0,0,0,0,13.0,0,0
32.375,75.375,2023-10-18,291,42,18,0,0,0,0,13.0,0,0
32.375,75.375,2023-10-19,292,42,19,0,0,0,0,13.0,0,0
32.375,75.375,2023-10-20,293,42,20,1,0,0,0,13.0,0,0
32.375,75.375,2023-10-21,294,42,21,1,0,0,0,13.0,0,0
32.375,75.375,2023-10-22,295,42,22,1,0,0,0,13.0,0,0
32.375,75.375,2023-10-23,296,43,23,1,0,0,0,13.0,0,0
32.375,75.375,2023-10-24,297,43,24,1,0,0,0,13.0,0,0
32.375,75.375,2023-10-25,298,43,25,1,0,0,0,13.0,0,0
32.375,75.375,2023-10-26,299,43,26,1,0,0,0,13.0,0,0
32.375,75.375,2023-10-27,300,43,27,1,0,0,0,13.0,0,0
32.375,75.375,2023-10-28,301,43,28,1,0,0,0,13.0,0,0
32.375,75.375,2023-10-29,302,43,29,1,0,0,0,13.0,0,0
32.375,75.375,2023-10-30,303,44,30,1,0,0,0,13.0,0,0
32.375,75.375,2023-10-31,304,44,31,1,0,0,0,13.0,0,0
32.375,75.375,2023-11-01,305,44,32,1,0,0,0,13.0,0,0
32.375,75.375,2023-11-02,306,44,33,1,0,0,0,13.0,0,0
32.375,75.375,2023-11-03,307,44,34,1,0,0,0,13.0,0,0
32.375,75.375,2023-11-04,308,44,35,1,0,0,0,13.0,1,1
32.375,75.375,2023-11-05,309,44,36,1,1,1,1,13.0,3,1
32.375,75.375,2023-11-06,310,45,37,1,2,2,2,13.0,0,0
32.375,75.375,2023-11-07,311,45,38,1,2,2,2,13.0,2,1
32.375,75.375,2023-11-08,312,45,39,1,2,3,3,13.0,0,0
32.375,75.375,2023-11-09,313,45,40,1,1,3,3,13.0,0,0
32.375,75.375,2023-11-10,314,45,41,1,1,3,3,13.0,0,0
32.375,75.375,2023-11-11,315,45,42,1,0,3,3,13.0,0,0
32.375,75.375,2023-11-12,316,45,43,1,0,2,3,13.0,0,0
32.375,75.375,2023-11-13,317,46,44,1,0,1,3,13.0,0,0
32.375,75.375,2023-11-14,318,46,45,1,0,1,3,13.0,0,0
32.375,75.375,2023-11-15,319,46,46,1,0,0,3,13.0,0,0
32.375,75.375,2023-11-16,320,46,47,0,0,0,3,13.0,1,1
32.375,75.375,2023-11-17,321,46,48,0,1,1,4,13.0,3,1
32.375,75.375,2023-11-18,322,46,49,0,2,2,5,13.0,0,0
32.375,75.375,2023-11-19,323,46,50,0,2,2,5,13.0,0,0
32.375,75.375,2023-11-20,324,47,51,0,1,2,5,13.0,0,0
32.375,75.375,2023-11-21,325,47,52,0,0,2,5,13.0,3,1
32.375,75.375,2023-11-22,326,47,53,0,1,3,6,13.0,0,0
32.375,75.375,2023-11-23,327,47,54,0,1,3,6,13.0,0,0
32.375,75.375,2023-11-24,328,47,55,0,1,2,6,13.0,0,0
32.375,75.375,2023-11-25,329,47,56,0,0,1,6,13.0,0,0
32.375,75.375,2023-11-26,330,47,57,0,0,1,6,13.0,0,0
32.375,75.375,2023-11-27,331,48,58,0,0,1,6,13.0,0,0
32.375,75.375,2023-11-28,332,48,59,0,0,1,6,13.0,0,0
32.375,75.375,2023-11-29,333,48,60,0,0,0,6,13.0,0,0
32.375,75.375,2023-11-30,334,48,61,0,0,0,6,13.0,0,0
32.375,76.625,2023-10-01,274,39,1,0,0,0,0,20.0,0,0
32.375,76.625,2023-10-02,275,40,2,0,0,0,0,20.0,0,0
32.375,76.625,2023-10-03,276,40,3,0,0,0,0,20.0,0,0
32.375,76.625,2023-10-04,277,40,4,0,0,0,0,20.0,0,0
32.375,76.625,2023-10-05,278,40,5,0,0,0,0,20.0,0,0
32.375,76.625,2023-10-06,279,40,6,0,0,0,0,20.0,0,0
32.375,76.625,2023-10-07,280,40,7,0,0,0,0,20.0,0,0
32.375,76.625,2023-10-08,281,40,8,0,0,0,0,20.0,0,0
32.375,76.625,2023-10-09,282,41,9,0,0,0,0,20.0,0,0
32.375,76.625,2023-10-10,283,41,10,0,0,0,0,20.0,0,0
32.375,76.625,2023-10-11,284,41,11,0,0,0,0,20.0,0,0
32.375,76.625,2023-10-12,285,41,12,0,0,0,0,20.0,0,0
32.375,76.625,2023-10-13,286,41,13,0,0,0,0,20.0,0,0
32.375,76.625,2023-10-14,287,41,14,0,0,0,0,20.0,0,0
32.375,76.625,2023-10-15,288,41,15,0,0,0,0,20.0,0,0
32.375,76.625,2023-10-16,289,42,16,0,0,0,0,20.0,0,0
32.375,76.625,2023-10-17,290,42,17,0,0,0,0,20.0,0,0
32.375,76.625,2023-10-18,291,42,18,0,0,0,0,20.0,0,0
32.375,76.625,2023-10-19,292,42,19,0,0,0,0,20.0,0,0
32.375,76.625,2023-10-20,293,42,20,1,0,0,0,20.0,0,0
32.375,76.625,2023-10-21,294,42,21,1,0,0,0,20.0,0,0
32.375,76.625,2023-10-22,295,42,22,1,0,0,0,20.0,0,0
32.375,76.625,2023-10-23,296,43,23,1,0,0,0,20.0,0,0
32.375,76.625,2023-10-24,297,43,24,1,0,0,0,20.0,0,0
32.375,76.625,2023-10-25,298,43,25,1,0,0,0,20.0,0,0
32.375,76.625,2023-10-26,299,43,26,1,0,0,0,20.0,0,0
32.375,76.625,2023-10-27,300,43,27,1,0,0,0,20.0,0,0
32.375,76.625,2023-10-28,301,43,28,1,0,0,0,20.0,0,0
32.375,76.625,2023-10-29,302,43,29,1,0,0,0,20.0,0,0
32.375,76.625,2023-10-30,303,44,30,1,0,0,0,20.0,0,0
32.375,76.625,2023-10-31,304,44,31,1,0,0,0,20.0,0,0
32.375,76.625,2023-11-01,305,44,32,1,0,0,0,20.0,0,0
32.375,76.625,2023-11-02,306,44,33,1,0,0,0,20.0,0,0
32.375,76.625,2023-11-03,307,44,34,1,0,0,0,20.0,0,0
32.375,76.625,2023-11-04,308,44,35,1,0,0,0,20.0,0,0
32.375,76.625,2023-11-05,309,44,36,1,0,0,0,20.0,0,0
32.375,76.625,2023-11-06,310,45,37,1,0,0,0,20.0,0,0
32.375,76.625,2023-11-07,311,45,38,1,0,0,0,20.0,0,0
32.375,76.625,2023-11-08,312,45,39,1,0,0,0,20.0,0,0
32.375,76.625,2023-11-09,313,45,40,1,0,0,0,20.0,0,0
32.375,76.625,2023-11-10,314,45,41,1,0,0,0,20.0,0,0
32.375,76.625,2023-11-11,315,45,42,1,0,0,0,20.0,0,0
32.375,76.625,2023-11-12,316,45,43,1,0,0,0,20.0,0,0
32.375,76.625,2023-11-13,317,46,44,1,0,0,0,20.0,0,0
32.375,76.625,2023-11-14,318,46,45,1,0,0,0,20.0,0,0
32.375,76.625,2023-11-15,319,46,46,1,0,0,0,20.0,0,0
32.375,76.625,2023-11-16,320,46,47,0,0,0,0,20.0,0,0
32.375,76.625,2023-11-17,321,46,48,0,0,0,0,20.0,0,0
32.375,76.625,2023-11-18,322,46,49,0,0,0,0,20.0,0,0
32.375,76.625,2023-11-19,323,46,50,0,0,0,0,20.0,0,0
32.375,76.625,2023-11-20,324,47,51,0,0,0,0,20.0,0,0
32.375,76.625,2023-11-21,325,47,52,0,0,0,0,20.0,12,1
32.375,76.625,2023-11-22,326,47,53,0,1,1,1,20.0,5,1
32.375,76.625,2023-11-23,327,47,54,0,2,2,2,20.0,3,1
32.375,76.625,2023-11-24,328,47,55,0,3,3,3,20.0,0,0
32.375,76.625,2023-11-25,329,47,56,0,2,3,3,20.0,0,0
32.375,76.625,2023-11-26,330,47,57,0,1,3,3,20.0,0,0
32.375,76.625,2023-11-27,331,48,58,0,0,3,3,20.0,0,0
32.375,76.625,2023-11-28,332,48,59,0,0,3,3,20.0,0,0
32.375,76.625,2023-11-29,333,48,60,0,0,2,3,20.0,0,0
32.375,76.625,2023-11-30,334,48,61,0,0,1,3,20.0,0,0
