State_Name,District_Name,Crop_Year,Season,Crop,Area,Production,grain_yield_t_ha,district_median_yield_t_ha,gross_straw_tonnes,stubble_quantity_tonnes
Haryana,AMBALA,1997,Kharif,Rice,65000.0,182000.0,2.8,3.231,254800.0,203840.0
Haryana,AMBALA,1998,Kharif,Rice,71365.0,186000.0,2.6063196244657747,3.231,260400.0,208320.0
Haryana,AMBALA,1999,Kharif,Rice,72185.0,206000.0,2.8537784858350075,3.231,288400.0,230720.0
Haryana,AMBALA,2000,Kharif,Rice,71840.0,217000.0,3.0206013363028954,3.231,303800.0,243040.0
Haryana,AMBALA,2001,Kharif,Rice,74881.0,233000.0,3.1116037446081117,3.231,326200.0,260960.0
Haryana,AMBALA,2002,Kharif,Rice,61465.0,183000.0,2.9773041568372243,3.231,256200.0,204960.0
Haryana,AMBALA,2003,Kharif,Rice,73240.0,227000.0,3.099399235390497,3.231,317800.0,254240.0
Haryana,AMBALA,2004,Kharif,Rice,73580.0,233000.0,3.166621364501223,3.231,326200.0,260960.0
Haryana,AMBALA,2005,Kharif,Rice,76540.0,254000.0,3.3185262607786776,3.231,355600.0,284480.0
Haryana,AMBALA,2006,Kharif,Rice,75737.0,261000.0,3.4461359705295957,3.231,365400.0,292320.0
Haryana,AMBALA,2007,Kharif,Rice,75164.0,277000.0,3.685274865627162,3.231,387800.0,310240.0
Haryana,AMBALA,2008,Kharif,Rice,81002.0,267000.0,3.29621490827387,3.231,373800.0,299040.0
Haryana,AMBALA,2009,Kharif,Rice,82283.0,306000.0,3.7188726711471385,3.231,428400.0,342720.0
Haryana,AMBALA,2010,Kharif,Rice,81869.0,282000.0,3.4445272325300174,3.231,394800.0,315840.0
Haryana,AMBALA,2011,Kharif,Rice,82586.0,322000.0,3.8989659264282084,3.231,450800.0,360640.0
Haryana,AMBALA,2012,Kharif,Rice,82642.0,343000.0,4.150431983737083,3.231,480200.0,384160.0
Haryana,BHIWANI,1997,Kharif,Rice,1000.0,3000.0,3.0,2.324,4200.0,3360.0
Haryana,BHIWANI,1998,Kharif,Rice,7223.0,16000.0,2.2151460611934097,2.324,22400.0,17920.0
Haryana,BHIWANI,1999,Kharif,Rice,7317.0,17000.0,2.3233565668990024,2.324,23800.0,19040.0
Haryana,BHIWANI,2000,Kharif,Rice,8159.0,20000.0,2.4512807942149775,2.324,28000.0,22400.0
Haryana,BHIWANI,2001,Kharif,Rice,7422.0,21000.0,2.8294260307194827,2.324,29400.0,23520.0
Haryana,BHIWANI,2002,Kharif,Rice,6491.0,19000.0,2.9271298721306422,2.324,26600.0,21280.0
Haryana,BHIWANI,2003,Kharif,Rice,9890.0,23000.0,2.3255813953488373,2.324,32200.0,25760.0
Haryana,BHIWANI,2004,Kharif,Rice,11412.0,14000.0,1.2267788293024886,2.324,19600.0,15680.0
Haryana,BHIWANI,2005,Kharif,Rice,12526.0,25000.0,1.9958486348395337,2.324,35000.0,28000.0
Haryana,BHIWANI,2006,Kharif,Rice,13666.0,26000.0,1.9025318308210157,2.324,36400.0,29120.0
Haryana,BHIWANI,2007,Kharif,Rice,14818.0,40000.0,2.6994196247806723,2.324,56000.0,44800.0
Haryana,BHIWANI,2008,Kharif,Rice,21217.0,45000.0,2.120940755054909,2.324,63000.0,50400.0
Haryana,BHIWANI,2009,Kharif,Rice,19028.0,44000.0,2.312381753205802,2.324,61600.0,49280.0
Haryana,BHIWANI,2010,Kharif,Rice,21314.0,44000.0,2.0643708360701885,2.324,61600.0,49280.0
Haryana,BHIWANI,2011,Kharif,Rice,17520.0,46000.0,2.625570776255708,2.324,64400.0,51520.0
Haryana,BHIWANI,2012,Kharif,Rice,14981.0,40000.0,2.6700487283892933,2.324,56000.0,44800.0
Haryana,FARIDABAD,1997,Kharif,Rice,21000.0,59000.0,2.8095238095238093,2.629,82600.0,66080.0
Haryana,FARIDABAD,1998,Kharif,Rice,30124.0,70000.0,2.323728588500863,2.629,98000.0,78400.0
Haryana,FARIDABAD,1999,Kharif,Rice,28820.0,58000.0,2.012491325468425,2.629,81200.0,64960.0
Haryana,FARIDABAD,2000,Kharif,Rice,28959.0,80000.0,2.762526330329086,2.629,112000.0,89600.0
Haryana,FARIDABAD,2001,Kharif,Rice,31274.0,88000.0,2.8138389716697576,2.629,123200.0,98560.0
Haryana,FARIDABAD,2002,Kharif,Rice,18092.0,48000.0,2.6531063453460093,2.629,67200.0,53760.0
Haryana,FARIDABAD,2003,Kharif,Rice,28333.0,78000.0,2.752973564394875,2.629,109200.0,87360.0
Haryana,FARIDABAD,2004,Kharif,Rice,28255.0,68000.0,2.406653689612458,2.629,95200.0,76160.0
Haryana,FARIDABAD,2005,Kharif,Rice,26376.0,70000.0,2.653927813163482,2.629,98000.0,78400.0
Haryana,FARIDABAD,2006,Kharif,Rice,27360.0,84000.0,3.0701754385964914,2.629,117600.0,94080.0
Haryana,FARIDABAD,2007,Kharif,Rice,29214.0,94000.0,3.217635380297118,2.629,131600.0,105280.0
Haryana,FARIDABAD,2008,Kharif,Rice,8447.0,22000.0,2.6044749615248017,2.629,30800.0,24640.0
Haryana,FARIDABAD,2009,Kharif,Rice,9560.0,24000.0,2.510460251046025,2.629,33600.0,26880.0
Haryana,FARIDABAD,2010,Kharif,Rice,9550.0,18000.0,1.8848167539267016,2.629,25200.0,20160.0
Haryana,FARIDABAD,2011,Kharif,Rice,11554.0,28000.0,2.4234031504240954,2.629,39200.0,31360.0
Haryana,FARIDABAD,2012,Kharif,Rice,10709.0,25000.0,2.334485012606219,2.629,35000.0,28000.0
Haryana,FATEHABAD,1997,Kharif,Rice,52000.0,184000.0,3.5384615384615383,3.645,257600.0,206080.0
Haryana,FATEHABAD,1998,Kharif,Rice,70105.0,208000.0,2.966978104272163,3.645,291200.0,232960.0
Haryana,FATEHABAD,1999,Kharif,Rice,69238.0,164000.0,2.3686414974436003,3.645,229600.0,183680.0
Haryana,FATEHABAD,2000,Kharif,Rice,61308.0,199000.0,3.2459059176616427,3.645,278600.0,222880.0
Haryana,FATEHABAD,2001,Kharif,Rice,58359.0,175000.0,2.99868058054456,3.645,245000.0,196000.0
Haryana,FATEHABAD,2002,Kharif,Rice,66915.0,202000.0,3.0187551371142494,3.645,282800.0,226240.0
Haryana,FATEHABAD,2003,Kharif,Rice,65108.0,218000.0,3.348282853105609,3.645,305200.0,244160.0
Haryana,FATEHABAD,2004,Kharif,Rice,65365.0,280000.0,4.283638032586246,3.645,392000.0,313600.0
Haryana,FATEHABAD,2005,Kharif,Rice,68371.0,254000.0,3.715025376256015,3.645,355600.0,284480.0
Haryana,FATEHABAD,2006,Kharif,Rice,70069.0,312000.0,4.452753714196007,3.645,436800.0,349440.0
Haryana,FATEHABAD,2007,Kharif,Rice,73133.0,318000.0,4.348242243583608,3.645,445200.0,356160.0
Haryana,FATEHABAD,2008,Kharif,Rice,77738.0,339000.0,4.360801667138336,3.645,474600.0,379680.0
Haryana,FATEHABAD,2009,Kharif,Rice,81385.0,291000.0,3.575597468821036,3.645,407400.0,325920.0
Haryana,FATEHABAD,2010,Kharif,Rice,87580.0,348000.0,3.9735099337748343,3.645,487200.0,389760.0
Haryana,FATEHABAD,2011,Kharif,Rice,87063.0,325000.0,3.7329290284047185,3.645,455000.0,364000.0
Haryana,FATEHABAD,2012,Kharif,Rice,89639.0,370000.0,4.127667644663595,3.645,518000.0,414400.0
Haryana,GURGAON,1997,Kharif,Rice,7000.0,20000.0,2.857142857142857,2.765,28000.0,22400.0
Haryana,GURGAON,1998,Kharif,Rice,10884.0,25000.0,2.296949650863653,2.765,35000.0,28000.0
Haryana,GURGAON,1999,Kharif,Rice,9465.0,22000.0,2.3243528790279977,2.765,30800.0,24640.0
Haryana,GURGAON,2000,Kharif,Rice,7881.0,20000.0,2.5377490166222563,2.765,28000.0,22400.0
Haryana,GURGAON,2001,Kharif,Rice,7503.0,21000.0,2.7988804478208715,2.765,29400.0,23520.0
Haryana,GURGAON,2002,Kharif,Rice,2639.0,8000.0,3.031451307313376,2.765,11200.0,8960.0
Haryana,GURGAON,2003,Kharif,Rice,7491.0,19000.0,2.536376985716193,2.765,26600.0,21280.0
Haryana,GURGAON,2004,Kharif,Rice,6252.0,18000.0,2.8790786948176583,2.765,25200.0,20160.0
Haryana,GURGAON,2005,Kharif,Rice,2197.0,6000.0,2.7309968138370504,2.765,8400.0,6720.0
Haryana,GURGAON,2006,Kharif,Rice,2322.0,6000.0,2.5839793281653747,2.765,8400.0,6720.0
Haryana,GURGAON,2007,Kharif,Rice,2615.0,10000.0,3.8240917782026767,2.765,14000.0,11200.0
Haryana,GURGAON,2008,Kharif,Rice,3457.0,8000.0,2.3141452126120914,2.765,11200.0,8960.0
Haryana,GURGAON,2009,Kharif,Rice,4425.0,14000.0,3.1638418079096047,2.765,19600.0,15680.0
Haryana,GURGAON,2010,Kharif,Rice,5151.0,14000.0,2.7179188507086,2.765,19600.0,15680.0
Haryana,GURGAON,2011,Kharif,Rice,4803.0,15000.0,3.1230480949406623,2.765,21000.0,16800.0
Haryana,GURGAON,2012,Kharif,Rice,4452.0,13000.0,2.9200359389038635,2.765,18200.0,14560.0
Haryana,HISAR,1997,Kharif,Rice,22000.0,64000.0,2.909090909090909,2.43,89600.0,71680.0
Haryana,HISAR,1998,Kharif,Rice,43409.0,97000.0,2.2345596535280703,2.43,135800.0,108640.0
Haryana,HISAR,1999,Kharif,Rice,44552.0,107000.0,2.4016879152451067,2.43,149800.0,119840.0
Haryana,HISAR,2000,Kharif,Rice,33285.0,63000.0,1.8927444794952681,2.43,88200.0,70560.0
Haryana,HISAR,2001,Kharif,Rice,20353.0,37000.0,1.8179138210583206,2.43,51800.0,41440.0
Haryana,HISAR,2002,Kharif,Rice,21328.0,41000.0,1.9223555888972244,2.43,57400.0,45920.0
Haryana,HISAR,2003,Kharif,Rice,27931.0,68000.0,2.4345709068776626,2.43,95200.0,76160.0
Haryana,HISAR,2004,Kharif,Rice,28281.0,63000.0,2.2276440012729393,2.43,88200.0,70560.0
Haryana,HISAR,2005,Kharif,Rice,35448.0,87000.0,2.4542992552471223,2.43,121800.0,97440.0
Haryana,HISAR,2006,Kharif,Rice,35283.0,94000.0,2.664172547685854,2.43,131600.0,105280.0
Haryana,HISAR,2007,Kharif,Rice,37626.0,99000.0,2.631159304736087,2.43,138600.0,110880.0
Haryana,HISAR,2008,Kharif,Rice,48567.0,132000.0,2.717894866884922,2.43,184800.0,147840.0
Haryana,HISAR,2009,Kharif,Rice,43250.0,94000.0,2.1734104046242773,2.43,131600.0,105280.0
Haryana,HISAR,2010,Kharif,Rice,44733.0,113000.0,2.5260993002928487,2.43,158200.0,126560.0
Haryana,HISAR,2011,Kharif,Rice,42921.0,111000.0,2.586146641504159,2.43,155400.0,124320.0
Haryana,HISAR,2012,Kharif,Rice,42070.0,102000.0,2.424530544330877,2.43,142800.0,114240.0
Haryana,JHAJJAR,1997,Kharif,Rice,8000.0,13000.0,1.625,1.752,18200.0,14560.0
Haryana,JHAJJAR,1998,Kharif,Rice,19923.0,38000.0,1.9073432715956433,1.752,53200.0,42560.0
Haryana,JHAJJAR,1999,Kharif,Rice,15097.0,14000.0,0.9273365569318408,1.752,19600.0,15680.0
Haryana,JHAJJAR,2000,Kharif,Rice,16498.0,25000.0,1.5153351921445024,1.752,35000.0,28000.0
Haryana,JHAJJAR,2001,Kharif,Rice,15794.0,22000.0,1.3929340255793339,1.752,30800.0,24640.0
Haryana,JHAJJAR,2002,Kharif,Rice,6484.0,19000.0,2.9302899444787167,1.752,26600.0,21280.0
Haryana,JHAJJAR,2003,Kharif,Rice,11702.0,18000.0,1.5381985985301658,1.752,25200.0,20160.0
Haryana,JHAJJAR,2004,Kharif,Rice,13362.0,16000.0,1.197425535099536,1.752,22400.0,17920.0
Haryana,JHAJJAR,2005,Kharif,Rice,17028.0,29000.0,1.7030772844726334,1.752,40600.0,32480.0
Haryana,JHAJJAR,2006,Kharif,Rice,17210.0,31000.0,1.8012783265543288,1.752,43400.0,34720.0
Haryana,JHAJJAR,2007,Kharif,Rice,18778.0,43000.0,2.2899137288316114,1.752,60200.0,48160.0
Haryana,JHAJJAR,2008,Kharif,Rice,33888.0,33000.0,0.9737960339943342,1.752,46200.0,36960.0
Haryana,JHAJJAR,2009,Kharif,Rice,25954.0,47000.0,1.8108962009709486,1.752,65800.0,52640.0
Haryana,JHAJJAR,2010,Kharif,Rice,31014.0,62000.0,1.9990971819178436,1.752,86800.0,69440.0
Haryana,JHAJJAR,2011,Kharif,Rice,30923.0,67000.0,2.1666720563981503,1.752,93800.0,75040.0
Haryana,JHAJJAR,2012,Kharif,Rice,23128.0,53000.0,2.291594603943272,1.752,74200.0,59360.0
Haryana,JIND,1997,Kharif,Rice,81000.0,224000.0,2.765432098765432,2.444,313600.0,250880.0
Haryana,JIND,1998,Kharif,Rice,110962.0,230000.0,2.072781673005173,2.444,322000.0,257600.0
Haryana,JIND,1999,Kharif,Rice,116552.0,205000.0,1.7588715766353216,2.444,287000.0,229600.0
Haryana,JIND,2000,Kharif,Rice,111598.0,222000.0,1.989282962060252,2.444,310800.0,248640.0
Haryana,JIND,2001,Kharif,Rice,104307.0,222000.0,2.128332710172855,2.444,310800.0,248640.0
Haryana,JIND,2002,Kharif,Rice,69245.0,130000.0,1.8773918694490577,2.444,182000.0,145600.0
Haryana,JIND,2003,Kharif,Rice,91072.0,218000.0,2.3937104708362615,2.444,305200.0,244160.0
Haryana,JIND,2004,Kharif,Rice,90894.0,201000.0,2.2113670869364315,2.444,281400.0,225120.0
Haryana,JIND,2005,Kharif,Rice,96708.0,258000.0,2.6678247921578357,2.444,361200.0,288960.0
Haryana,JIND,2006,Kharif,Rice,93719.0,248000.0,2.6462083462264854,2.444,347200.0,277760.0
Haryana,JIND,2007,Kharif,Rice,95256.0,249000.0,2.614008566389519,2.444,348600.0,278880.0
Haryana,JIND,2008,Kharif,Rice,106846.0,250000.0,2.339816184040582,2.444,350000.0,280000.0
Haryana,JIND,2009,Kharif,Rice,108272.0,296000.0,2.7338554750997486,2.444,414400.0,331520.0
Haryana,JIND,2010,Kharif,Rice,113883.0,284000.0,2.493787483645496,2.444,397600.0,318080.0
Haryana,JIND,2011,Kharif,Rice,114854.0,297000.0,2.5858916537517196,2.444,415800.0,332640.0
Haryana,JIND,2012,Kharif,Rice,114012.0,318000.0,2.7891800863067044,2.444,445200.0,356160.0
Haryana,KAITHAL,1997,Kharif,Rice,150000.0,434000.0,2.8933333333333335,2.681,607600.0,486080.0
Haryana,KAITHAL,1998,Kharif,Rice,162169.0,349000.0,2.152075920798673,2.681,488600.0,390880.0
Haryana,KAITHAL,1999,Kharif,Rice,162873.0,364000.0,2.234870113524034,2.681,509600.0,407680.0
Haryana,KAITHAL,2000,Kharif,Rice,164224.0,391000.0,2.380894388152767,2.681,547400.0,437920.0
Haryana,KAITHAL,2001,Kharif,Rice,160911.0,402000.0,2.498275444189645,2.681,562800.0,450240.0
Haryana,KAITHAL,2002,Kharif,Rice,170163.0,444000.0,2.609262883235486,2.681,621600.0,497280.0
Haryana,KAITHAL,2003,Kharif,Rice,156847.0,388000.0,2.473748302485862,2.681,543200.0,434560.0
Haryana,KAITHAL,2004,Kharif,Rice,152637.0,399000.0,2.6140450873641385,2.681,558600.0,446880.0
Haryana,KAITHAL,2005,Kharif,Rice,150621.0,477000.0,3.166889079212062,2.681,667800.0,534240.0
Haryana,KAITHAL,2006,Kharif,Rice,150635.0,473000.0,3.1400404952368306,2.681,662200.0,529760.0
Haryana,KAITHAL,2007,Kharif,Rice,152110.0,513000.0,3.3725593320623233,2.681,718200.0,574560.0
Haryana,KAITHAL,2008,Kharif,Rice,156311.0,391000.0,2.5014234442873504,2.681,547400.0,437920.0
Haryana,KAITHAL,2009,Kharif,Rice,158348.0,462000.0,2.9176244726804255,2.681,646800.0,517440.0
Haryana,KAITHAL,2010,Kharif,Rice,158671.0,436000.0,2.7478241140473054,2.681,610400.0,488320.0
Haryana,KAITHAL,2011,Kharif,Rice,158896.0,461000.0,2.901268754405397,2.681,645400.0,516320.0
Haryana,KAITHAL,2012,Kharif,Rice,162461.0,512000.0,3.1515255969124896,2.681,716800.0,573440.0
Haryana,KARNAL,1997,Kharif,Rice,161000.0,427000.0,2.652173913043478,2.977,597800.0,478240.0
Haryana,KARNAL,1998,Kharif,Rice,161526.0,357000.0,2.2101704988670554,2.977,499800.0,399840.0
Haryana,KARNAL,1999,Kharif,Rice,161526.0,447000.0,2.7673563389175735,2.977,625800.0,500640.0
Haryana,KARNAL,2000,Kharif,Rice,157949.0,444000.0,2.8110339413354946,2.977,621600.0,497280.0
Haryana,KARNAL,2001,Kharif,Rice,166037.0,494000.0,2.9752404584520318,2.977,691600.0,553280.0
Haryana,KARNAL,2002,Kharif,Rice,159111.0,426000.0,2.677376171352075,2.977,596400.0,477120.0
Haryana,KARNAL,2003,Kharif,Rice,167481.0,499000.0,2.979442444217553,2.977,698600.0,558880.0
Haryana,KARNAL,2004,Kharif,Rice,167405.0,567000.0,3.386995609450136,2.977,793800.0,635040.0
Haryana,KARNAL,2005,Kharif,Rice,169130.0,521000.0,3.080470643883403,2.977,729400.0,583520.0
Haryana,KARNAL,2006,Kharif,Rice,166200.0,553000.0,3.3273164861612514,2.977,774200.0,619360.0
Haryana,KARNAL,2007,Kharif,Rice,167149.0,610000.0,3.6494385249089136,2.977,854000.0,683200.0
Haryana,KARNAL,2008,Kharif,Rice,169034.0,465000.0,2.7509258492374316,2.977,651000.0,520800.0
Haryana,KARNAL,2009,Kharif,Rice,171517.0,521000.0,3.0375997714512266,2.977,729400.0,583520.0
Haryana,KARNAL,2010,Kharif,Rice,172698.0,461000.0,2.6693997614332536,2.977,645400.0,516320.0
Haryana,KARNAL,2011,Kharif,Rice,165034.0,501000.0,3.035738090332901,2.977,701400.0,561120.0
Haryana,KARNAL,2012,Kharif,Rice,170172.0,572000.0,3.361305032555297,2.977,800800.0,640640.0
Haryana,KURUKSHETRA,1997,Kharif,Rice,106000.0,327000.0,3.0849056603773586,3.413,457800.0,366240.0
Haryana,KURUKSHETRA,1998,Kharif,Rice,113715.0,267000.0,2.347975201160797,3.413,373800.0,299040.0
Haryana,KURUKSHETRA,1999,Kharif,Rice,111611.0,335000.0,3.001496268288968,3.413,469000.0,375200.0
Haryana,KURUKSHETRA,2000,Kharif,Rice,111765.0,357000.0,3.1942021205207354,3.413,499800.0,399840.0
Haryana,KURUKSHETRA,2001,Kharif,Rice,111396.0,367000.0,3.2945527667061656,3.413,513800.0,411040.0
Haryana,KURUKSHETRA,2002,Kharif,Rice,106928.0,371000.0,3.469624420170582,3.413,519400.0,415520.0
Haryana,KURUKSHETRA,2003,Kharif,Rice,111949.0,348000.0,3.1085583613967076,3.413,487200.0,389760.0
Haryana,KURUKSHETRA,2004,Kharif,Rice,121844.0,468000.0,3.8409769869669415,3.413,655200.0,524160.0
Haryana,KURUKSHETRA,2005,Kharif,Rice,110791.0,416000.0,3.754817629590851,3.413,582400.0,465920.0
Haryana,KURUKSHETRA,2006,Kharif,Rice,108950.0,440000.0,4.0385497934832495,3.413,616000.0,492800.0
Haryana,KURUKSHETRA,2007,Kharif,Rice,114536.0,460000.0,4.016204512118461,3.413,644000.0,515200.0
Haryana,KURUKSHETRA,2008,Kharif,Rice,121530.0,408000.0,3.3571957541347817,3.413,571200.0,456960.0
Haryana,KURUKSHETRA,2009,Kharif,Rice,117969.0,453000.0,3.839991862268901,3.413,634200.0,507360.0
Haryana,KURUKSHETRA,2010,Kharif,Rice,119783.0,383000.0,3.1974487197682477,3.413,536200.0,428960.0
Haryana,KURUKSHETRA,2011,Kharif,Rice,121216.0,459000.0,3.7866288278775078,3.413,642600.0,514080.0
Haryana,KURUKSHETRA,2012,Kharif,Rice,110728.0,477000.0,4.307853478794884,3.413,667800.0,534240.0
Haryana,MEWAT,2005,Kharif,Rice,8623.0,27000.0,3.1311608488924967,2.859,37800.0,30240.0
Haryana,MEWAT,2006,Kharif,Rice,8097.0,15000.0,1.852537977028529,2.859,21000.0,16800.0
Haryana,MEWAT,2007,Kharif,Rice,8541.0,22000.0,2.575810794988877,2.859,30800.0,24640.0
Haryana,MEWAT,2008,Kharif,Rice,7110.0,16000.0,2.250351617440225,2.859,22400.0,17920.0
Haryana,MEWAT,2009,Kharif,Rice,6050.0,18000.0,2.975206611570248,2.859,25200.0,20160.0
Haryana,MEWAT,2010,Kharif,Rice,6177.0,17000.0,2.7521450542334467,2.859,23800.0,19040.0
Haryana,MEWAT,2011,Kharif,Rice,6069.0,18000.0,2.9658922392486406,2.859,25200.0,20160.0
Haryana,MEWAT,2012,Kharif,Rice,4051.0,13000.0,3.209084176746482,2.859,18200.0,14560.0
Haryana,PALWAL,2008,Kharif,Rice,27185.0,74000.0,2.7220893875298877,2.752,103600.0,82880.0
Haryana,PALWAL,2009,Kharif,Rice,30738.0,85000.0,2.765306786388184,2.752,119000.0,95200.0
Haryana,PALWAL,2010,Kharif,Rice,33070.0,91000.0,2.7517387360145147,2.752,127400.0,101920.0
Haryana,PALWAL,2011,Kharif,Rice,32387.0,88000.0,2.7171395930465927,2.752,123200.0,98560.0
Haryana,PALWAL,2012,Kharif,Rice,30021.0,83000.0,2.764731354718364,2.752,116200.0,92960.0
Haryana,PANCHKULA,1997,Kharif,Rice,6000.0,16000.0,2.6666666666666665,2.799,22400.0,17920.0
Haryana,PANCHKULA,1998,Kharif,Rice,6084.0,16000.0,2.6298487836949374,2.799,22400.0,17920.0
Haryana,PANCHKULA,1999,Kharif,Rice,6384.0,18000.0,2.819548872180451,2.799,25200.0,20160.0
Haryana,PANCHKULA,2000,Kharif,Rice,6183.0,18000.0,2.911208151382824,2.799,25200.0,20160.0
Haryana,PANCHKULA,2001,Kharif,Rice,6933.0,20000.0,2.8847540747151306,2.799,28000.0,22400.0
Haryana,PANCHKULA,2002,Kharif,Rice,5702.0,16000.0,2.806032970887408,2.799,22400.0,17920.0
Haryana,PANCHKULA,2003,Kharif,Rice,6924.0,21000.0,3.032928942807626,2.799,29400.0,23520.0
Haryana,PANCHKULA,2004,Kharif,Rice,6776.0,18000.0,2.656434474616293,2.799,25200.0,20160.0
Haryana,PANCHKULA,2005,Kharif,Rice,6087.0,17000.0,2.7928371940200427,2.799,23800.0,19040.0
Haryana,PANCHKULA,2006,Kharif,Rice,7340.0,28000.0,3.8147138964577656,2.799,39200.0,31360.0
Haryana,PANCHKULA,2007,Kharif,Rice,7088.0,20000.0,2.8216704288939054,2.799,28000.0,22400.0
Haryana,PANCHKULA,2008,Kharif,Rice,8797.0,24000.0,2.7282027964078663,2.799,33600.0,26880.0
Haryana,PANCHKULA,2009,Kharif,Rice,8415.0,23000.0,2.7332144979203803,2.799,32200.0,25760.0
Haryana,PANCHKULA,2010,Kharif,Rice,9070.0,30000.0,3.3076074972436604,2.799,42000.0,33600.0
Haryana,PANCHKULA,2011,Kharif,Rice,9151.0,25000.0,2.731941864277128,2.799,35000.0,28000.0
Haryana,PANCHKULA,2012,Kharif,Rice,9453.0,25000.0,2.6446630699248916,2.799,35000.0,28000.0
Haryana,PANIPAT,1997,Kharif,Rice,69000.0,169000.0,2.449275362318841,2.432,236600.0,189280.0
Haryana,PANIPAT,1998,Kharif,Rice,71746.0,154000.0,2.146461126752711,2.432,215600.0,172480.0
Haryana,PANIPAT,1999,Kharif,Rice,70637.0,144000.0,2.0385916729192917,2.432,201600.0,161280.0
Haryana,PANIPAT,2000,Kharif,Rice,77458.0,187000.0,2.4142115727232825,2.432,261800.0,209440.0
Haryana,PANIPAT,2001,Kharif,Rice,71831.0,167000.0,2.3249015049212733,2.432,233800.0,187040.0
Haryana,PANIPAT,2002,Kharif,Rice,64007.0,161000.0,2.5153498836064805,2.432,225400.0,180320.0
Haryana,PANIPAT,2003,Kharif,Rice,72317.0,164000.0,2.2677931883236306,2.432,229600.0,183680.0
Haryana,PANIPAT,2004,Kharif,Rice,72281.0,164000.0,2.2689226767753627,2.432,229600.0,183680.0
Haryana,PANIPAT,2005,Kharif,Rice,70753.0,181000.0,2.5581954122086694,2.432,253400.0,202720.0
Haryana,PANIPAT,2006,Kharif,Rice,70777.0,194000.0,2.7410034333187334,2.432,271600.0,217280.0
Haryana,PANIPAT,2007,Kharif,Rice,73632.0,188000.0,2.553237722729248,2.432,263200.0,210560.0
Haryana,PANIPAT,2008,Kharif,Rice,77763.0,169000.0,2.173270064169335,2.432,236600.0,189280.0
Haryana,PANIPAT,2009,Kharif,Rice,76960.0,205000.0,2.663721413721414,2.432,287000.0,229600.0
Haryana,PANIPAT,2010,Kharif,Rice,76905.0,174000.0,2.2625316949483127,2.432,243600.0,194880.0
Haryana,PANIPAT,2011,Kharif,Rice,76032.0,201000.0,2.6436237373737375,2.432,281400.0,225120.0
Haryana,PANIPAT,2012,Kharif,Rice,75683.0,210000.0,2.774731445635083,2.432,294000.0,235200.0
Haryana,REWARI,1998,Kharif,Rice,723.0,2000.0,2.7662517289073305,3.572,2800.0,2240.0
Haryana,REWARI,1999,Kharif,Rice,1132.0,2000.0,1.7667844522968197,3.572,2800.0,2240.0
Haryana,REWARI,2000,Kharif,Rice,705.0,3000.0,4.25531914893617,3.572,4200.0,3360.0
Haryana,REWARI,2001,Kharif,Rice,686.0,3000.0,4.373177842565598,3.572,4200.0,3360.0
Haryana,REWARI,2003,Kharif,Rice,621.0,3000.0,4.830917874396135,3.572,4200.0,3360.0
Haryana,REWARI,2004,Kharif,Rice,475.0,3000.0,6.315789473684211,3.572,4200.0,3360.0
Haryana,REWARI,2005,Kharif,Rice,621.0,3000.0,4.830917874396135,3.572,4200.0,3360.0
Haryana,REWARI,2006,Kharif,Rice,788.0,3000.0,3.8071065989847717,3.572,4200.0,3360.0
Haryana,REWARI,2007,Kharif,Rice,820.0,3000.0,3.658536585365854,3.572,4200.0,3360.0
Haryana,REWARI,2008,Kharif,Rice,2066.0,5000.0,2.420135527589545,3.572,7000.0,5600.0
Haryana,REWARI,2009,Kharif,Rice,2079.0,5000.0,2.405002405002405,3.572,7000.0,5600.0
Haryana,REWARI,2010,Kharif,Rice,2746.0,8000.0,2.9133284777858703,3.572,11200.0,8960.0
Haryana,REWARI,2011,Kharif,Rice,3298.0,9000.0,2.72892662219527,3.572,12600.0,10080.0
Haryana,REWARI,2012,Kharif,Rice,2008.0,7000.0,3.4860557768924303,3.572,9800.0,7840.0
Haryana,ROHTAK,1997,Kharif,Rice,16000.0,29000.0,1.8125,1.512,40600.0,32480.0
Haryana,ROHTAK,1998,Kharif,Rice,27522.0,53000.0,1.9257321415594797,1.512,74200.0,59360.0
Haryana,ROHTAK,1999,Kharif,Rice,28515.0,26000.0,0.9118008065930212,1.512,36400.0,29120.0
Haryana,ROHTAK,2000,Kharif,Rice,23863.0,36000.0,1.5086116582156477,1.512,50400.0,40320.0
Haryana,ROHTAK,2001,Kharif,Rice,20034.0,27000.0,1.3477088948787062,1.512,37800.0,30240.0
Haryana,ROHTAK,2002,Kharif,Rice,7412.0,8000.0,1.0793308148947653,1.512,11200.0,8960.0
Haryana,ROHTAK,2003,Kharif,Rice,13859.0,21000.0,1.5152608413305433,1.512,29400.0,23520.0
Haryana,ROHTAK,2004,Kharif,Rice,15014.0,26000.0,1.7317170640735313,1.512,36400.0,29120.0
Haryana,ROHTAK,2005,Kharif,Rice,18006.0,36000.0,1.9993335554815062,1.512,50400.0,40320.0
Haryana,ROHTAK,2006,Kharif,Rice,20185.0,37000.0,1.833044339856329,1.512,51800.0,41440.0
Haryana,ROHTAK,2007,Kharif,Rice,23167.0,52000.0,2.244572020546467,1.512,72800.0,58240.0
Haryana,ROHTAK,2008,Kharif,Rice,38439.0,48000.0,1.2487317568094904,1.512,67200.0,53760.0
Haryana,ROHTAK,2009,Kharif,Rice,35056.0,50000.0,1.42628936558649,1.512,70000.0,56000.0
Haryana,ROHTAK,2010,Kharif,Rice,39340.0,59000.0,1.4997458057956279,1.512,82600.0,66080.0
Haryana,ROHTAK,2011,Kharif,Rice,39260.0,84000.0,2.139582272032603,1.512,117600.0,94080.0
Haryana,ROHTAK,2012,Kharif,Rice,36432.0,55000.0,1.5096618357487923,1.512,77000.0,61600.0
Haryana,SIRSA,1997,Kharif,Rice,32000.0,107000.0,3.34375,3.297,149800.0,119840.0
Haryana,SIRSA,1998,Kharif,Rice,41353.0,101000.0,2.442386283945542,3.297,141400.0,113120.0
Haryana,SIRSA,1999,Kharif,Rice,44663.0,135000.0,3.0226361865526274,3.297,189000.0,151200.0
Haryana,SIRSA,2000,Kharif,Rice,39847.0,111000.0,2.785655130875599,3.297,155400.0,124320.0
Haryana,SIRSA,2001,Kharif,Rice,37202.0,118000.0,3.171872479974195,3.297,165200.0,132160.0
Haryana,SIRSA,2002,Kharif,Rice,45158.0,145000.0,3.2109482262279108,3.297,203000.0,162400.0
Haryana,SIRSA,2003,Kharif,Rice,47696.0,156000.0,3.2707145253270715,3.297,218400.0,174720.0
Haryana,SIRSA,2004,Kharif,Rice,45729.0,157000.0,3.4332699162457083,3.297,219800.0,175840.0
Haryana,SIRSA,2005,Kharif,Rice,46036.0,166000.0,3.605873664088974,3.297,232400.0,185920.0
Haryana,SIRSA,2006,Kharif,Rice,46453.0,175000.0,3.767248616881579,3.297,245000.0,196000.0
Haryana,SIRSA,2007,Kharif,Rice,48268.0,189000.0,3.9156376895665868,3.297,264600.0,211680.0
Haryana,SIRSA,2008,Kharif,Rice,57477.0,196000.0,3.4100596760443307,3.297,274400.0,219520.0
Haryana,SIRSA,2009,Kharif,Rice,61374.0,204000.0,3.323883077524685,3.297,285600.0,228480.0
Haryana,SIRSA,2010,Kharif,Rice,61372.0,195000.0,3.1773447174607314,3.297,273000.0,218400.0
Haryana,SIRSA,2011,Kharif,Rice,63082.0,20300.0,0.32180336704606705,3.297,28420.0,22736.0
Haryana,SIRSA,2012,Kharif,Rice,65218.0,230000.0,3.52663375141832,3.297,322000.0,257600.0
Haryana,SONIPAT,1997,Kharif,Rice,62000.0,130000.0,2.096774193548387,2.169,182000.0,145600.0
Haryana,SONIPAT,1998,Kharif,Rice,79400.0,133000.0,1.6750629722921915,2.169,186200.0,148960.0
Haryana,SONIPAT,1999,Kharif,Rice,77681.0,139000.0,1.7893693438549967,2.169,194600.0,155680.0
Haryana,SONIPAT,2000,Kharif,Rice,77247.0,138000.0,1.7864771447434853,2.169,193200.0,154560.0
Haryana,SONIPAT,2001,Kharif,Rice,78764.0,148000.0,1.8790310294042964,2.169,207200.0,165760.0
Haryana,SONIPAT,2002,Kharif,Rice,43976.0,96000.0,2.1830089139530653,2.169,134400.0,107520.0
Haryana,SONIPAT,2003,Kharif,Rice,65954.0,149000.0,2.2591503168875278,2.169,208600.0,166880.0
Haryana,SONIPAT,2004,Kharif,Rice,65954.0,124000.0,1.8800982502956607,2.169,173600.0,138880.0
Haryana,SONIPAT,2005,Kharif,Rice,71450.0,167000.0,2.337298810356893,2.169,233800.0,187040.0
Haryana,SONIPAT,2006,Kharif,Rice,67865.0,178000.0,2.6228541958299565,2.169,249200.0,199360.0
Haryana,SONIPAT,2007,Kharif,Rice,71325.0,192000.0,2.6919032597266037,2.169,268800.0,215040.0
Haryana,SONIPAT,2008,Kharif,Rice,92641.0,186000.0,2.007750348118004,2.169,260400.0,208320.0
Haryana,SONIPAT,2009,Kharif,Rice,90214.0,219000.0,2.4275611324184716,2.169,306600.0,245280.0
Haryana,SONIPAT,2010,Kharif,Rice,93752.0,202000.0,2.1546207014250363,2.169,282800.0,226240.0
Haryana,SONIPAT,2011,Kharif,Rice,94753.0,229000.0,2.416810021846274,2.169,320600.0,256480.0
Haryana,SONIPAT,2012,Kharif,Rice,88355.0,216000.0,2.4446833795484126,2.169,302400.0,241920.0
Haryana,YAMUNANAGAR,1997,Kharif,Rice,54000.0,168000.0,3.111111111111111,3.182,235200.0,188160.0
Haryana,YAMUNANAGAR,1998,Kharif,Rice,58461.0,130000.0,2.2237046920169004,3.182,182000.0,145600.0
Haryana,YAMUNANAGAR,1999,Kharif,Rice,54804.0,160000.0,2.919494927377564,3.182,224000.0,179200.0
Haryana,YAMUNANAGAR,2000,Kharif,Rice,55512.0,164000.0,2.954316183888168,3.182,229600.0,183680.0
Haryana,YAMUNANAGAR,2001,Kharif,Rice,53818.0,161000.0,2.991564160689732,3.182,225400.0,180320.0
Haryana,YAMUNANAGAR,2002,Kharif,Rice,50192.0,151000.0,3.0084475613643606,3.182,211400.0,169120.0
Haryana,YAMUNANAGAR,2003,Kharif,Rice,56776.0,172000.0,3.0294490629843596,3.182,240800.0,192640.0
Haryana,YAMUNANAGAR,2004,Kharif,Rice,58720.0,191000.0,3.252724795640327,3.182,267400.0,213920.0
Haryana,YAMUNANAGAR,2005,Kharif,Rice,59276.0,200000.0,3.374046831770025,3.182,280000.0,224000.0
Haryana,YAMUNANAGAR,2006,Kharif,Rice,59379.0,213000.0,3.587126761986561,3.182,298200.0,238560.0
Haryana,YAMUNANAGAR,2007,Kharif,Rice,59305.0,227000.0,3.8276705168198295,3.182,317800.0,254240.0
Haryana,YAMUNANAGAR,2008,Kharif,Rice,71634.0,221000.0,3.085127174246866,3.182,309400.0,247520.0
Haryana,YAMUNANAGAR,2009,Kharif,Rice,73525.0,267000.0,3.6314178850731045,3.182,373800.0,299040.0
Haryana,YAMUNANAGAR,2010,Kharif,Rice,74578.0,244000.0,3.2717423368821903,3.182,341600.0,273280.0
Haryana,YAMUNANAGAR,2011,Kharif,Rice,72653.0,268000.0,3.6887671534554665,3.182,375200.0,300160.0
Haryana,YAMUNANAGAR,2012,Kharif,Rice,70040.0,277000.0,3.9548829240434036,3.182,387800.0,310240.0
Punjab,AMRITSAR,1997,Kharif,Rice,292000.0,879000.0,3.01027397260274,2.907,1230600.0,984480.0
Punjab,AMRITSAR,1998,Kharif,Rice,305000.0,878000.0,2.878688524590164,2.907,1229200.0,983360.0
Punjab,AMRITSAR,1999,Kharif,Rice,319000.0,991000.0,3.1065830721003134,2.907,1387400.0,1109920.0
Punjab,AMRITSAR,2000,Kharif,Rice,319000.0,972000.0,3.0470219435736676,2.907,1360800.0,1088640.0
Punjab,AMRITSAR,2001,Kharif,Rice,319000.0,958000.0,3.0031347962382444,2.907,1341200.0,1072960.0
Punjab,AMRITSAR,2002,Kharif,Rice,311000.0,879000.0,2.8263665594855305,2.907,1230600.0,984480.0
Punjab,AMRITSAR,2003,Kharif,Rice,326000.0,872000.0,2.6748466257668713,2.907,1220800.0,976640.0
Punjab,AMRITSAR,2004,Kharif,Rice,334000.0,1034000.0,3.095808383233533,2.907,1447600.0,1158080.0
Punjab,AMRITSAR,2005,Kharif,Rice,345000.0,1003000.0,2.907246376811594,2.907,1404200.0,1123360.0
Punjab,AMRITSAR,2006,Kharif,Rice,178000.0,538000.0,3.0224719101123596,2.907,753200.0,602560.0
Punjab,AMRITSAR,2007,Kharif,Rice,178000.0,546000.0,3.067415730337079,2.907,764400.0,611520.0
Punjab,AMRITSAR,2008,Kharif,Rice,183000.0,532000.0,2.907103825136612,2.907,744800.0,595840.0
Punjab,AMRITSAR,2009,Kharif,Rice,185000.0,501000.0,2.708108108108108,2.907,701400.0,561120.0
Punjab,AMRITSAR,2010,Kharif,Rice,186000.0,503000.0,2.704301075268817,2.907,704200.0,563360.0
Punjab,AMRITSAR,2011,Kharif,Rice,184000.0,482000.0,2.619565217391304,2.907,674800.0,539840.0
Punjab,AMRITSAR,2012,Kharif,Rice,185000.0,544000.0,2.9405405405405407,2.907,761600.0,609280.0
Punjab,AMRITSAR,2013,Kharif,Rice,182000.0,518000.0,2.8461538461538463,2.907,725200.0,580160.0
Punjab,AMRITSAR,2014,Kharif,Rice,182000.0,505000.0,2.7747252747252746,2.907,707000.0,565600.0
Punjab,BARNALA,2007,Kharif,Rice,99000.0,466000.0,4.707070707070707,4.684,652400.0,521920.0
Punjab,BARNALA,2008,Kharif,Rice,102000.0,485000.0,4.754901960784314,4.684,679000.0,543200.0
Punjab,BARNALA,2009,Kharif,Rice,104000.0,496000.0,4.769230769230769,4.684,694400.0,555520.0
Punjab,BARNALA,2010,Kharif,Rice,105000.0,465000.0,4.428571428571429,4.684,651000.0,520800.0
Punjab,BARNALA,2011,Kharif,Rice,105000.0,459000.0,4.371428571428571,4.684,642600.0,514080.0
Punjab,BARNALA,2012,Kharif,Rice,106000.0,490000.0,4.622641509433962,4.684,686000.0,548800.0
Punjab,BARNALA,2013,Kharif,Rice,107000.0,500000.0,4.672897196261682,4.684,700000.0,560000.0
Punjab,BARNALA,2014,Kharif,Rice,108000.0,507000.0,4.694444444444445,4.684,709800.0,567840.0
Punjab,BATHINDA,1997,Kharif,Rice,53000.0,212000.0,4.0,4.061,296800.0,237440.0
Punjab,BATHINDA,1998,Kharif,Rice,84000.0,287000.0,3.4166666666666665,4.061,401800.0,321440.0
Punjab,BATHINDA,1999,Kharif,Rice,99000.0,392000.0,3.95959595959596,4.061,548800.0,439040.0
Punjab,BATHINDA,2000,Kharif,Rice,99000.0,350000.0,3.5353535353535355,4.061,490000.0,392000.0
Punjab,BATHINDA,2001,Kharif,Rice,82000.0,307000.0,3.7439024390243905,4.061,429800.0,343840.0
Punjab,BATHINDA,2002,Kharif,Rice,107000.0,367000.0,3.4299065420560746,4.061,513800.0,411040.0
Punjab,BATHINDA,2003,Kharif,Rice,105000.0,419000.0,3.9904761904761905,4.061,586600.0,469280.0
Punjab,BATHINDA,2004,Kharif,Rice,102000.0,415000.0,4.068627450980392,4.061,581000.0,464800.0
Punjab,BATHINDA,2005,Kharif,Rice,95000.0,385000.0,4.052631578947368,4.061,539000.0,431200.0
Punjab,BATHINDA,2006,Kharif,Rice,87000.0,358000.0,4.114942528735632,4.061,501200.0,400960.0
Punjab,BATHINDA,2007,Kharif,Rice,86000.0,368000.0,4.27906976744186,4.061,515200.0,412160.0
Punjab,BATHINDA,2008,Kharif,Rice,97000.0,427000.0,4.402061855670103,4.061,597800.0,478240.0
Punjab,BATHINDA,2009,Kharif,Rice,104000.0,476000.0,4.576923076923077,4.061,666400.0,533120.0
Punjab,BATHINDA,2010,Kharif,Rice,107000.0,437000.0,4.08411214953271,4.061,611800.0,489440.0
Punjab,BATHINDA,2011,Kharif,Rice,101000.0,409000.0,4.0495049504950495,4.061,572600.0,458080.0
Punjab,BATHINDA,2012,Kharif,Rice,107000.0,458000.0,4.280373831775701,4.061,641200.0,512960.0
Punjab,BATHINDA,2013,Kharif,Rice,111000.0,501000.0,4.513513513513513,4.061,701400.0,561120.0
Punjab,BATHINDA,2014,Kharif,Rice,119000.0,529000.0,4.445378151260504,4.061,740600.0,592480.0
Punjab,FARIDKOT,1997,Kharif,Rice,56000.0,214000.0,3.8214285714285716,3.957,299600.0,239680.0
Punjab,FARIDKOT,1998,Kharif,Rice,82000.0,246000.0,3.0,3.957,344400.0,275520.0
Punjab,FARIDKOT,1999,Kharif,Rice,90000.0,305000.0,3.388888888888889,3.957,427000.0,341600.0
Punjab,FARIDKOT,2000,Kharif,Rice,90000.0,310000.0,3.4444444444444446,3.957,434000.0,347200.0
Punjab,FARIDKOT,2001,Kharif,Rice,70000.0,267000.0,3.8142857142857145,3.957,373800.0,299040.0
Punjab,FARIDKOT,2002,Kharif,Rice,86000.0,280000.0,3.255813953488372,3.957,392000.0,313600.0
Punjab,FARIDKOT,2003,Kharif,Rice,84000.0,308000.0,3.6666666666666665,3.957,431200.0,344960.0
Punjab,FARIDKOT,2004,Kharif,Rice,88000.0,337000.0,3.8295454545454546,3.957,471800.0,377440.0
Punjab,FARIDKOT,2005,Kharif,Rice,86000.0,339000.0,3.941860465116279,3.957,474600.0,379680.0
Punjab,FARIDKOT,2006,Kharif,Rice,85000.0,338000.0,3.976470588235294,3.957,473200.0,378560.0
Punjab,FARIDKOT,2007,Kharif,Rice,87000.0,351000.0,4.0344827586206895,3.957,491400.0,393120.0
Punjab,FARIDKOT,2008,Kharif,Rice,95000.0,414000.0,4.3578947368421055,3.957,579600.0,463680.0
Punjab,FARIDKOT,2009,Kharif,Rice,98000.0,414000.0,4.224489795918367,3.957,579600.0,463680.0
Punjab,FARIDKOT,2010,Kharif,Rice,101000.0,409000.0,4.0495049504950495,3.957,572600.0,458080.0
Punjab,FARIDKOT,2011,Kharif,Rice,101000.0,405000.0,4.00990099009901,3.957,567000.0,453600.0
Punjab,FARIDKOT,2012,Kharif,Rice,102000.0,444000.0,4.352941176470588,3.957,621600.0,497280.0
Punjab,FARIDKOT,2013,Kharif,Rice,104000.0,443000.0,4.259615384615385,3.957,620200.0,496160.0
Punjab,FARIDKOT,2014,Kharif,Rice,106000.0,421000.0,3.9716981132075473,3.957,589400.0,471520.0
Punjab,FATEHGARH SAHIB,1997,Kharif,Rice,82000.0,302000.0,3.682926829268293,4.22,422800.0,338240.0
Punjab,FATEHGARH SAHIB,1998,Kharif,Rice,83000.0,271000.0,3.2650602409638556,4.22,379400.0,303520.0
Punjab,FATEHGARH SAHIB,1999,Kharif,Rice,82000.0,302000.0,3.682926829268293,4.22,422800.0,338240.0
Punjab,FATEHGARH SAHIB,2000,Kharif,Rice,84000.0,350000.0,4.166666666666667,4.22,490000.0,392000.0
Punjab,FATEHGARH SAHIB,2001,Kharif,Rice,81000.0,324000.0,4.0,4.22,453600.0,362880.0
Punjab,FATEHGARH SAHIB,2002,Kharif,Rice,80000.0,312000.0,3.9,4.22,436800.0,349440.0
Punjab,FATEHGARH SAHIB,2003,Kharif,Rice,83000.0,364000.0,4.385542168674699,4.22,509600.0,407680.0
Punjab,FATEHGARH SAHIB,2004,Kharif,Rice,85000.0,371000.0,4.364705882352941,4.22,519400.0,415520.0
Punjab,FATEHGARH SAHIB,2005,Kharif,Rice,85000.0,361000.0,4.247058823529412,4.22,505400.0,404320.0
Punjab,FATEHGARH SAHIB,2006,Kharif,Rice,84000.0,340000.0,4.0476190476190474,4.22,476000.0,380800.0
Punjab,FATEHGARH SAHIB,2007,Kharif,Rice,84000.0,383000.0,4.559523809523809,4.22,536200.0,428960.0
Punjab,FATEHGARH SAHIB,2008,Kharif,Rice,85000.0,363000.0,4.270588235294118,4.22,508200.0,406560.0
Punjab,FATEHGARH SAHIB,2009,Kharif,Rice,86000.0,391000.0,4.546511627906977,4.22,547400.0,437920.0
Punjab,FATEHGARH SAHIB,2010,Kharif,Rice,87000.0,366000.0,4.206896551724138,4.22,512400.0,409920.0
Punjab,FATEHGARH SAHIB,2011,Kharif,Rice,86000.0,364000.0,4.232558139534884,4.22,509600.0,407680.0
Punjab,FATEHGARH SAHIB,2012,Kharif,Rice,86000.0,384000.0,4.465116279069767,4.22,537600.0,430080.0
Punjab,FATEHGARH SAHIB,2013,Kharif,Rice,86000.0,351000.0,4.0813953488372094,4.22,491400.0,393120.0
Punjab,FATEHGARH SAHIB,2014,Kharif,Rice,86000.0,374000.0,4.348837209302325,4.22,523600.0,418880.0
Punjab,FAZILKA,2012,Kharif,Rice,85000.0,291000.0,3.4235294117647057,3.185,407400.0,325920.0
Punjab,FAZILKA,2013,Kharif,Rice,92000.0,293000.0,3.1847826086956523,3.185,410200.0,328160.0
Punjab,FAZILKA,2014,Kharif,Rice,97000.0,297000.0,3.0618556701030926,3.185,415800.0,332640.0
Punjab,FIROZEPUR,1997,Kharif,Rice,252000.0,910000.0,3.611111111111111,3.729,1274000.0,1019200.0
Punjab,FIROZEPUR,1998,Kharif,Rice,275000.0,922000.0,3.3527272727272726,3.729,1290800.0,1032640.0
Punjab,FIROZEPUR,1999,Kharif,Rice,280000.0,982000.0,3.507142857142857,3.729,1374800.0,1099840.0
Punjab,FIROZEPUR,2000,Kharif,Rice,248000.0,898000.0,3.620967741935484,3.729,1257200.0,1005760.0
Punjab,FIROZEPUR,2001,Kharif,Rice,230000.0,864000.0,3.756521739130435,3.729,1209600.0,967680.0
Punjab,FIROZEPUR,2002,Kharif,Rice,234000.0,824000.0,3.5213675213675213,3.729,1153600.0,922880.0
Punjab,FIROZEPUR,2003,Kharif,Rice,244000.0,903000.0,3.7008196721311477,3.729,1264200.0,1011360.0
Punjab,FIROZEPUR,2004,Kharif,Rice,238000.0,941000.0,3.953781512605042,3.729,1317400.0,1053920.0
Punjab,FIROZEPUR,2005,Kharif,Rice,236000.0,956000.0,4.0508474576271185,3.729,1338400.0,1070720.0
Punjab,FIROZEPUR,2006,Kharif,Rice,235000.0,948000.0,4.034042553191489,3.729,1327200.0,1061760.0
Punjab,FIROZEPUR,2007,Kharif,Rice,243000.0,1010000.0,4.156378600823046,3.729,1414000.0,1131200.0
Punjab,FIROZEPUR,2008,Kharif,Rice,260000.0,1051000.0,4.042307692307692,3.729,1471400.0,1177120.0
Punjab,FIROZEPUR,2009,Kharif,Rice,262000.0,964000.0,3.6793893129770994,3.729,1349600.0,1079680.0
Punjab,FIROZEPUR,2010,Kharif,Rice,258000.0,954000.0,3.697674418604651,3.729,1335600.0,1068480.0
Punjab,FIROZEPUR,2011,Kharif,Rice,257000.0,889000.0,3.4591439688715955,3.729,1244600.0,995680.0
Punjab,FIROZEPUR,2012,Kharif,Rice,182000.0,766000.0,4.208791208791209,3.729,1072400.0,857920.0
Punjab,FIROZEPUR,2013,Kharif,Rice,183000.0,766000.0,4.185792349726776,3.729,1072400.0,857920.0
Punjab,FIROZEPUR,2014,Kharif,Rice,189000.0,733000.0,3.878306878306878,3.729,1026200.0,820960.0
Punjab,GURDASPUR,1997,Kharif,Rice,181000.0,509000.0,2.8121546961325965,3.073,712600.0,570080.0
Punjab,GURDASPUR,1998,Kharif,Rice,187000.0,465000.0,2.486631016042781,3.073,651000.0,520800.0
Punjab,GURDASPUR,1999,Kharif,Rice,198000.0,561000.0,2.8333333333333335,3.073,785400.0,628320.0
Punjab,GURDASPUR,2000,Kharif,Rice,191000.0,569000.0,2.979057591623037,3.073,796600.0,637280.0
Punjab,GURDASPUR,2001,Kharif,Rice,194000.0,571000.0,2.943298969072165,3.073,799400.0,639520.0
Punjab,GURDASPUR,2002,Kharif,Rice,189000.0,547000.0,2.894179894179894,3.073,765800.0,612640.0
Punjab,GURDASPUR,2003,Kharif,Rice,193000.0,587000.0,3.0414507772020727,3.073,821800.0,657440.0
Punjab,GURDASPUR,2004,Kharif,Rice,202000.0,641000.0,3.1732673267326734,3.073,897400.0,717920.0
Punjab,GURDASPUR,2005,Kharif,Rice,190000.0,590000.0,3.1052631578947367,3.073,826000.0,660800.0
Punjab,GURDASPUR,2006,Kharif,Rice,201000.0,636000.0,3.1641791044776117,3.073,890400.0,712320.0
Punjab,GURDASPUR,2007,Kharif,Rice,191000.0,617000.0,3.230366492146597,3.073,863800.0,691040.0
Punjab,GURDASPUR,2008,Kharif,Rice,201000.0,663000.0,3.298507462686567,3.073,928200.0,742560.0
Punjab,GURDASPUR,2009,Kharif,Rice,204000.0,640000.0,3.1372549019607843,3.073,896000.0,716800.0
Punjab,GURDASPUR,2010,Kharif,Rice,204000.0,705000.0,3.4558823529411766,3.073,987000.0,789600.0
Punjab,GURDASPUR,2011,Kharif,Rice,201000.0,649000.0,3.228855721393035,3.073,908600.0,726880.0
Punjab,GURDASPUR,2012,Kharif,Rice,174000.0,542000.0,3.1149425287356323,3.073,758800.0,607040.0
Punjab,GURDASPUR,2013,Kharif,Rice,173000.0,507000.0,2.930635838150289,3.073,709800.0,567840.0
Punjab,GURDASPUR,2014,Kharif,Rice,173000.0,452000.0,2.61271676300578,3.073,632800.0,506240.0
Punjab,HOSHIARPUR,1997,Kharif,Rice,56000.0,169000.0,3.017857142857143,3.067,236600.0,189280.0
Punjab,HOSHIARPUR,1998,Kharif,Rice,59000.0,171000.0,2.8983050847457625,3.067,239400.0,191520.0
Punjab,HOSHIARPUR,1999,Kharif,Rice,61000.0,178000.0,2.918032786885246,3.067,249200.0,199360.0
Punjab,HOSHIARPUR,2000,Kharif,Rice,63000.0,192000.0,3.0476190476190474,3.067,268800.0,215040.0
Punjab,HOSHIARPUR,2001,Kharif,Rice,60000.0,171000.0,2.85,3.067,239400.0,191520.0
Punjab,HOSHIARPUR,2002,Kharif,Rice,56000.0,159000.0,2.8392857142857144,3.067,222600.0,178080.0
Punjab,HOSHIARPUR,2003,Kharif,Rice,58000.0,179000.0,3.086206896551724,3.067,250600.0,200480.0
Punjab,HOSHIARPUR,2004,Kharif,Rice,58000.0,171000.0,2.9482758620689653,3.067,239400.0,191520.0
Punjab,HOSHIARPUR,2005,Kharif,Rice,61000.0,182000.0,2.9836065573770494,3.067,254800.0,203840.0
Punjab,HOSHIARPUR,2006,Kharif,Rice,56000.0,157000.0,2.8035714285714284,3.067,219800.0,175840.0
Punjab,HOSHIARPUR,2007,Kharif,Rice,56000.0,185000.0,3.3035714285714284,3.067,259000.0,207200.0
Punjab,HOSHIARPUR,2008,Kharif,Rice,60000.0,209000.0,3.4833333333333334,3.067,292600.0,234080.0
Punjab,HOSHIARPUR,2009,Kharif,Rice,70000.0,248000.0,3.5428571428571427,3.067,347200.0,277760.0
Punjab,HOSHIARPUR,2010,Kharif,Rice,73000.0,261000.0,3.5753424657534247,3.067,365400.0,292320.0
Punjab,HOSHIARPUR,2011,Kharif,Rice,74000.0,269000.0,3.635135135135135,3.067,376600.0,301280.0
Punjab,HOSHIARPUR,2012,Kharif,Rice,70000.0,252000.0,3.6,3.067,352800.0,282240.0
Punjab,HOSHIARPUR,2013,Kharif,Rice,70000.0,252000.0,3.6,3.067,352800.0,282240.0
Punjab,HOSHIARPUR,2014,Kharif,Rice,71000.0,244000.0,3.436619718309859,3.067,341600.0,273280.0
Punjab,JALANDHAR,1997,Kharif,Rice,126000.0,422000.0,3.3492063492063493,3.579,590800.0,472640.0
Punjab,JALANDHAR,1998,Kharif,Rice,134000.0,436000.0,3.253731343283582,3.579,610400.0,488320.0
Punjab,JALANDHAR,1999,Kharif,Rice,133000.0,464000.0,3.488721804511278,3.579,649600.0,519680.0
Punjab,JALANDHAR,2000,Kharif,Rice,136000.0,488000.0,3.588235294117647,3.579,683200.0,546560.0
Punjab,JALANDHAR,2001,Kharif,Rice,132000.0,445000.0,3.371212121212121,3.579,623000.0,498400.0
Punjab,JALANDHAR,2002,Kharif,Rice,133000.0,495000.0,3.7218045112781954,3.579,693000.0,554400.0
Punjab,JALANDHAR,2003,Kharif,Rice,138000.0,465000.0,3.369565217391304,3.579,651000.0,520800.0
Punjab,JALANDHAR,2004,Kharif,Rice,145000.0,538000.0,3.7103448275862068,3.579,753200.0,602560.0
Punjab,JALANDHAR,2005,Kharif,Rice,151000.0,526000.0,3.4834437086092715,3.579,736400.0,589120.0
Punjab,JALANDHAR,2006,Kharif,Rice,147000.0,514000.0,3.496598639455782,3.579,719600.0,575680.0
Punjab,JALANDHAR,2007,Kharif,Rice,149000.0,554000.0,3.7181208053691277,3.579,775600.0,620480.0
Punjab,JALANDHAR,2008,Kharif,Rice,155000.0,588000.0,3.793548387096774,3.579,823200.0,658560.0
Punjab,JALANDHAR,2009,Kharif,Rice,161000.0,636000.0,3.950310559006211,3.579,890400.0,712320.0
Punjab,JALANDHAR,2010,Kharif,Rice,163000.0,588000.0,3.607361963190184,3.579,823200.0,658560.0
Punjab,JALANDHAR,2011,Kharif,Rice,165000.0,583000.0,3.533333333333333,3.579,816200.0,652960.0
Punjab,JALANDHAR,2012,Kharif,Rice,165000.0,625000.0,3.787878787878788,3.579,875000.0,700000.0
Punjab,JALANDHAR,2013,Kharif,Rice,167000.0,596000.0,3.568862275449102,3.579,834400.0,667520.0
Punjab,JALANDHAR,2014,Kharif,Rice,167000.0,616000.0,3.688622754491018,3.579,862400.0,689920.0
Punjab,KAPURTHALA,1997,Kharif,Rice,97000.0,290000.0,2.9896907216494846,3.753,406000.0,324800.0
Punjab,KAPURTHALA,1998,Kharif,Rice,99000.0,314000.0,3.1717171717171717,3.753,439600.0,351680.0
Punjab,KAPURTHALA,1999,Kharif,Rice,100000.0,319000.0,3.19,3.753,446600.0,357280.0
Punjab,KAPURTHALA,2000,Kharif,Rice,103000.0,358000.0,3.4757281553398056,3.753,501200.0,400960.0
Punjab,KAPURTHALA,2001,Kharif,Rice,103000.0,357000.0,3.466019417475728,3.753,499800.0,399840.0
Punjab,KAPURTHALA,2002,Kharif,Rice,102000.0,362000.0,3.549019607843137,3.753,506800.0,405440.0
Punjab,KAPURTHALA,2003,Kharif,Rice,104000.0,361000.0,3.4711538461538463,3.753,505400.0,404320.0
Punjab,KAPURTHALA,2004,Kharif,Rice,105000.0,423000.0,4.0285714285714285,3.753,592200.0,473760.0
Punjab,KAPURTHALA,2005,Kharif,Rice,108000.0,422000.0,3.9074074074074074,3.753,590800.0,472640.0
Punjab,KAPURTHALA,2006,Kharif,Rice,110000.0,414000.0,3.7636363636363637,3.753,579600.0,463680.0
Punjab,KAPURTHALA,2007,Kharif,Rice,110000.0,428000.0,3.890909090909091,3.753,599200.0,479360.0
Punjab,KAPURTHALA,2008,Kharif,Rice,114000.0,428000.0,3.754385964912281,3.753,599200.0,479360.0
Punjab,KAPURTHALA,2009,Kharif,Rice,115000.0,452000.0,3.9304347826086956,3.753,632800.0,506240.0
Punjab,KAPURTHALA,2010,Kharif,Rice,118000.0,460000.0,3.8983050847457625,3.753,644000.0,515200.0
Punjab,KAPURTHALA,2011,Kharif,Rice,118000.0,433000.0,3.669491525423729,3.753,606200.0,484960.0
Punjab,KAPURTHALA,2012,Kharif,Rice,117000.0,445000.0,3.8034188034188032,3.753,623000.0,498400.0
Punjab,KAPURTHALA,2013,Kharif,Rice,117000.0,451000.0,3.8547008547008548,3.753,631400.0,505120.0
Punjab,KAPURTHALA,2014,Kharif,Rice,117000.0,439000.0,3.752136752136752,3.753,614600.0,491680.0
Punjab,LUDHIANA,1997,Kharif,Rice,234000.0,899000.0,3.841880341880342,4.349,1258600.0,1006880.0
Punjab,LUDHIANA,1998,Kharif,Rice,241000.0,789000.0,3.2738589211618256,4.349,1104600.0,883680.0
Punjab,LUDHIANA,1999,Kharif,Rice,237000.0,856000.0,3.611814345991561,4.349,1198400.0,958720.0
Punjab,LUDHIANA,2000,Kharif,Rice,238000.0,939000.0,3.9453781512605044,4.349,1314600.0,1051680.0
Punjab,LUDHIANA,2001,Kharif,Rice,235000.0,916000.0,3.8978723404255318,4.349,1282400.0,1025920.0
Punjab,LUDHIANA,2002,Kharif,Rice,236000.0,1020000.0,4.322033898305085,4.349,1428000.0,1142400.0
Punjab,LUDHIANA,2003,Kharif,Rice,241000.0,1047000.0,4.344398340248962,4.349,1465800.0,1172640.0
Punjab,LUDHIANA,2004,Kharif,Rice,400000.0,1144000.0,2.86,4.349,1601600.0,1281280.0
Punjab,LUDHIANA,2005,Kharif,Rice,250000.0,1130000.0,4.52,4.349,1582000.0,1265600.0
Punjab,LUDHIANA,2006,Kharif,Rice,248000.0,1084000.0,4.370967741935484,4.349,1517600.0,1214080.0
Punjab,LUDHIANA,2007,Kharif,Rice,250000.0,1133000.0,4.532,4.349,1586200.0,1268960.0
Punjab,LUDHIANA,2008,Kharif,Rice,254000.0,1135000.0,4.468503937007874,4.349,1589000.0,1271200.0
Punjab,LUDHIANA,2009,Kharif,Rice,257000.0,1206000.0,4.692607003891051,4.349,1688400.0,1350720.0
Punjab,LUDHIANA,2010,Kharif,Rice,257000.0,1133000.0,4.408560311284047,4.349,1586200.0,1268960.0
Punjab,LUDHIANA,2011,Kharif,Rice,257000.0,1094000.0,4.256809338521401,4.349,1531600.0,1225280.0
Punjab,LUDHIANA,2012,Kharif,Rice,257000.0,1169000.0,4.54863813229572,4.349,1636600.0,1309280.0
Punjab,LUDHIANA,2013,Kharif,Rice,257000.0,1137000.0,4.424124513618677,4.349,1591800.0,1273440.0
Punjab,LUDHIANA,2014,Kharif,Rice,257000.0,1119000.0,4.35408560311284,4.349,1566600.0,1253280.0
Punjab,MANSA,1997,Kharif,Rice,58000.0,220000.0,3.793103448275862,3.999,308000.0,246400.0
Punjab,MANSA,1998,Kharif,Rice,84000.0,215000.0,2.5595238095238093,3.999,301000.0,240800.0
Punjab,MANSA,1999,Kharif,Rice,91000.0,291000.0,3.197802197802198,3.999,407400.0,325920.0
Punjab,MANSA,2000,Kharif,Rice,84000.0,306000.0,3.642857142857143,3.999,428400.0,342720.0
Punjab,MANSA,2001,Kharif,Rice,68000.0,242000.0,3.5588235294117645,3.999,338800.0,271040.0
Punjab,MANSA,2002,Kharif,Rice,88000.0,267000.0,3.034090909090909,3.999,373800.0,299040.0
Punjab,MANSA,2003,Kharif,Rice,78000.0,299000.0,3.8333333333333335,3.999,418600.0,334880.0
Punjab,MANSA,2004,Kharif,Rice,75000.0,307000.0,4.093333333333334,3.999,429800.0,343840.0
Punjab,MANSA,2005,Kharif,Rice,70000.0,291000.0,4.1571428571428575,3.999,407400.0,325920.0
Punjab,MANSA,2006,Kharif,Rice,62000.0,259000.0,4.17741935483871,3.999,362600.0,290080.0
Punjab,MANSA,2007,Kharif,Rice,61000.0,252000.0,4.131147540983607,3.999,352800.0,282240.0
Punjab,MANSA,2008,Kharif,Rice,71000.0,296000.0,4.169014084507042,3.999,414400.0,331520.0
Punjab,MANSA,2009,Kharif,Rice,77000.0,324000.0,4.207792207792208,3.999,453600.0,362880.0
Punjab,MANSA,2010,Kharif,Rice,78000.0,316000.0,4.051282051282051,3.999,442400.0,353920.0
Punjab,MANSA,2011,Kharif,Rice,74000.0,292000.0,3.945945945945946,3.999,408800.0,327040.0
Punjab,MANSA,2012,Kharif,Rice,78000.0,321000.0,4.115384615384615,3.999,449400.0,359520.0
Punjab,MANSA,2013,Kharif,Rice,81000.0,334000.0,4.1234567901234565,3.999,467600.0,374080.0
Punjab,MANSA,2014,Kharif,Rice,82000.0,296000.0,3.6097560975609757,3.999,414400.0,331520.0
Punjab,MOGA,1997,Kharif,Rice,107000.0,429000.0,4.009345794392523,4.347,600600.0,480480.0
Punjab,MOGA,1998,Kharif,Rice,118000.0,413000.0,3.5,4.347,578200.0,462560.0
Punjab,MOGA,1999,Kharif,Rice,117000.0,393000.0,3.358974358974359,4.347,550200.0,440160.0
Punjab,MOGA,2000,Kharif,Rice,159000.0,596000.0,3.748427672955975,4.347,834400.0,667520.0
Punjab,MOGA,2001,Kharif,Rice,151000.0,579000.0,3.834437086092715,4.347,810600.0,648480.0
Punjab,MOGA,2002,Kharif,Rice,149000.0,568000.0,3.8120805369127515,4.347,795200.0,636160.0
Punjab,MOGA,2003,Kharif,Rice,163000.0,667000.0,4.0920245398773005,4.347,933800.0,747040.0
Punjab,MOGA,2004,Kharif,Rice,164000.0,731000.0,4.4573170731707314,4.347,1023400.0,818720.0
Punjab,MOGA,2005,Kharif,Rice,167000.0,735000.0,4.401197604790419,4.347,1029000.0,823200.0
Punjab,MOGA,2006,Kharif,Rice,168000.0,711000.0,4.232142857142857,4.347,995400.0,796320.0
Punjab,MOGA,2007,Kharif,Rice,169000.0,749000.0,4.431952662721893,4.347,1048600.0,838880.0
Punjab,MOGA,2008,Kharif,Rice,174000.0,800000.0,4.597701149425287,4.347,1120000.0,896000.0
Punjab,MOGA,2009,Kharif,Rice,172000.0,812000.0,4.72093023255814,4.347,1136800.0,909440.0
Punjab,MOGA,2010,Kharif,Rice,172000.0,745000.0,4.3313953488372094,4.347,1043000.0,834400.0
Punjab,MOGA,2011,Kharif,Rice,174000.0,759000.0,4.362068965517241,4.347,1062600.0,850080.0
Punjab,MOGA,2012,Kharif,Rice,176000.0,794000.0,4.511363636363637,4.347,1111600.0,889280.0
Punjab,MOGA,2013,Kharif,Rice,176000.0,815000.0,4.630681818181818,4.347,1141000.0,912800.0
Punjab,MOGA,2014,Kharif,Rice,177000.0,815000.0,4.604519774011299,4.347,1141000.0,912800.0
Punjab,MUKTSAR,1997,Kharif,Rice,28000.0,97000.0,3.4642857142857144,3.839,135800.0,108640.0
Punjab,MUKTSAR,1998,Kharif,Rice,77000.0,221000.0,2.8701298701298703,3.839,309400.0,247520.0
Punjab,MUKTSAR,1999,Kharif,Rice,91000.0,272000.0,2.989010989010989,3.839,380800.0,304640.0
Punjab,MUKTSAR,2000,Kharif,Rice,89000.0,309000.0,3.4719101123595504,3.839,432600.0,346080.0
Punjab,MUKTSAR,2001,Kharif,Rice,65000.0,239000.0,3.6769230769230767,3.839,334600.0,267680.0
Punjab,MUKTSAR,2002,Kharif,Rice,83000.0,261000.0,3.144578313253012,3.839,365400.0,292320.0
Punjab,MUKTSAR,2003,Kharif,Rice,87000.0,328000.0,3.7701149425287355,3.839,459200.0,367360.0
Punjab,MUKTSAR,2004,Kharif,Rice,86000.0,334000.0,3.883720930232558,3.839,467600.0,374080.0
Punjab,MUKTSAR,2005,Kharif,Rice,77000.0,298000.0,3.8701298701298703,3.839,417200.0,333760.0
Punjab,MUKTSAR,2006,Kharif,Rice,68000.0,272000.0,4.0,3.839,380800.0,304640.0
Punjab,MUKTSAR,2007,Kharif,Rice,68000.0,283000.0,4.161764705882353,3.839,396200.0,316960.0
Punjab,MUKTSAR,2008,Kharif,Rice,95000.0,402000.0,4.231578947368421,3.839,562800.0,450240.0
Punjab,MUKTSAR,2009,Kharif,Rice,100000.0,387000.0,3.87,3.839,541800.0,433440.0
Punjab,MUKTSAR,2010,Kharif,Rice,111000.0,432000.0,3.891891891891892,3.839,604800.0,483840.0
Punjab,MUKTSAR,2011,Kharif,Rice,113000.0,402000.0,3.5575221238938055,3.839,562800.0,450240.0
Punjab,MUKTSAR,2012,Kharif,Rice,118000.0,471000.0,3.9915254237288136,3.839,659400.0,527520.0
Punjab,MUKTSAR,2013,Kharif,Rice,115000.0,457000.0,3.973913043478261,3.839,639800.0,511840.0
Punjab,MUKTSAR,2014,Kharif,Rice,135000.0,514000.0,3.8074074074074074,3.839,719600.0,575680.0
Punjab,NAWANSHAHR,1997,Kharif,Rice,43000.0,145000.0,3.372093023255814,3.759,203000.0,162400.0
Punjab,NAWANSHAHR,1998,Kharif,Rice,46000.0,150000.0,3.260869565217391,3.759,210000.0,168000.0
Punjab,NAWANSHAHR,1999,Kharif,Rice,46000.0,160000.0,3.4782608695652173,3.759,224000.0,179200.0
Punjab,NAWANSHAHR,2000,Kharif,Rice,47000.0,158000.0,3.3617021276595747,3.759,221200.0,176960.0
Punjab,NAWANSHAHR,2001,Kharif,Rice,45000.0,143000.0,3.1777777777777776,3.759,200200.0,160160.0
Punjab,NAWANSHAHR,2002,Kharif,Rice,43000.0,151000.0,3.511627906976744,3.759,211400.0,169120.0
Punjab,NAWANSHAHR,2003,Kharif,Rice,47000.0,171000.0,3.6382978723404253,3.759,239400.0,191520.0
Punjab,NAWANSHAHR,2004,Kharif,Rice,50000.0,199000.0,3.98,3.759,278600.0,222880.0
Punjab,NAWANSHAHR,2005,Kharif,Rice,49000.0,171000.0,3.489795918367347,3.759,239400.0,191520.0
Punjab,NAWANSHAHR,2006,Kharif,Rice,53000.0,209000.0,3.943396226415094,3.759,292600.0,234080.0
Punjab,NAWANSHAHR,2007,Kharif,Rice,50000.0,194000.0,3.88,3.759,271600.0,217280.0
Punjab,NAWANSHAHR,2008,Kharif,Rice,52000.0,213000.0,4.096153846153846,3.759,298200.0,238560.0
Punjab,NAWANSHAHR,2009,Kharif,Rice,56000.0,232000.0,4.142857142857143,3.759,324800.0,259840.0
Punjab,NAWANSHAHR,2010,Kharif,Rice,58000.0,231000.0,3.9827586206896552,3.759,323400.0,258720.0
Punjab,NAWANSHAHR,2011,Kharif,Rice,57000.0,226000.0,3.9649122807017543,3.759,316400.0,253120.0
Punjab,NAWANSHAHR,2012,Kharif,Rice,57000.0,236000.0,4.140350877192983,3.759,330400.0,264320.0
Punjab,NAWANSHAHR,2013,Kharif,Rice,56000.0,202000.0,3.607142857142857,3.759,282800.0,226240.0
Punjab,NAWANSHAHR,2014,Kharif,Rice,57000.0,226000.0,3.9649122807017543,3.759,316400.0,253120.0
Punjab,PATHANKOT,2012,Kharif,Rice,27000.0,76000.0,2.814814814814815,2.69,106400.0,85120.0
Punjab,PATHANKOT,2013,Kharif,Rice,29000.0,78000.0,2.689655172413793,2.69,109200.0,87360.0
Punjab,PATHANKOT,2014,Kharif,Rice,29000.0,72000.0,2.4827586206896552,2.69,100800.0,80640.0
Punjab,PATIALA,1997,Kharif,Rice,240000.0,792000.0,3.3,3.861,1108800.0,887040.0
Punjab,PATIALA,1998,Kharif,Rice,246000.0,772000.0,3.138211382113821,3.861,1080800.0,864640.0
Punjab,PATIALA,1999,Kharif,Rice,250000.0,812000.0,3.248,3.861,1136800.0,909440.0
Punjab,PATIALA,2000,Kharif,Rice,255000.0,854000.0,3.3490196078431373,3.861,1195600.0,956480.0
Punjab,PATIALA,2001,Kharif,Rice,252000.0,908000.0,3.6031746031746033,3.861,1271200.0,1016960.0
Punjab,PATIALA,2002,Kharif,Rice,237000.0,818000.0,3.451476793248945,3.861,1145200.0,916160.0
Punjab,PATIALA,2003,Kharif,Rice,246000.0,950000.0,3.861788617886179,3.861,1330000.0,1064000.0
Punjab,PATIALA,2004,Kharif,Rice,250000.0,965000.0,3.86,3.861,1351000.0,1080800.0
Punjab,PATIALA,2005,Kharif,Rice,252000.0,996000.0,3.9523809523809526,3.861,1394400.0,1115520.0
Punjab,PATIALA,2006,Kharif,Rice,237000.0,989000.0,4.172995780590718,3.861,1384600.0,1107680.0
Punjab,PATIALA,2007,Kharif,Rice,234000.0,999000.0,4.269230769230769,3.861,1398600.0,1118880.0
Punjab,PATIALA,2008,Kharif,Rice,238000.0,1009000.0,4.239495798319328,3.861,1412600.0,1130080.0
Punjab,PATIALA,2009,Kharif,Rice,240000.0,1021000.0,4.254166666666666,3.861,1429400.0,1143520.0
Punjab,PATIALA,2010,Kharif,Rice,234000.0,873000.0,3.730769230769231,3.861,1222200.0,977760.0
Punjab,PATIALA,2011,Kharif,Rice,234000.0,903000.0,3.858974358974359,3.861,1264200.0,1011360.0
Punjab,PATIALA,2012,Kharif,Rice,233000.0,922000.0,3.9570815450643777,3.861,1290800.0,1032640.0
Punjab,PATIALA,2013,Kharif,Rice,231000.0,959000.0,4.151515151515151,3.861,1342600.0,1074080.0
Punjab,PATIALA,2014,Kharif,Rice,230000.0,904000.0,3.9304347826086956,3.861,1265600.0,1012480.0
Punjab,RUPNAGAR,1997,Kharif,Rice,43000.0,138000.0,3.2093023255813953,3.452,193200.0,154560.0
Punjab,RUPNAGAR,1998,Kharif,Rice,46000.0,128000.0,2.782608695652174,3.452,179200.0,143360.0
Punjab,RUPNAGAR,1999,Kharif,Rice,50000.0,156000.0,3.12,3.452,218400.0,174720.0
Punjab,RUPNAGAR,2000,Kharif,Rice,49000.0,163000.0,3.326530612244898,3.452,228200.0,182560.0
Punjab,RUPNAGAR,2001,Kharif,Rice,51000.0,163000.0,3.196078431372549,3.452,228200.0,182560.0
Punjab,RUPNAGAR,2002,Kharif,Rice,44000.0,141000.0,3.2045454545454546,3.452,197400.0,157920.0
Punjab,RUPNAGAR,2003,Kharif,Rice,51000.0,170000.0,3.3333333333333335,3.452,238000.0,190400.0
Punjab,RUPNAGAR,2004,Kharif,Rice,51000.0,176000.0,3.450980392156863,3.452,246400.0,197120.0
Punjab,RUPNAGAR,2005,Kharif,Rice,53000.0,183000.0,3.452830188679245,3.452,256200.0,204960.0
Punjab,RUPNAGAR,2006,Kharif,Rice,38000.0,138000.0,3.6315789473684212,3.452,193200.0,154560.0
Punjab,RUPNAGAR,2007,Kharif,Rice,33000.0,122000.0,3.696969696969697,3.452,170800.0,136640.0
Punjab,RUPNAGAR,2008,Kharif,Rice,36000.0,139000.0,3.861111111111111,3.452,194600.0,155680.0
Punjab,RUPNAGAR,2009,Kharif,Rice,38000.0,135000.0,3.5526315789473686,3.452,189000.0,151200.0
Punjab,RUPNAGAR,2010,Kharif,Rice,38000.0,147000.0,3.8684210526315788,3.452,205800.0,164640.0
Punjab,RUPNAGAR,2011,Kharif,Rice,38000.0,127000.0,3.3421052631578947,3.452,177800.0,142240.0
Punjab,RUPNAGAR,2012,Kharif,Rice,38000.0,145000.0,3.8157894736842106,3.452,203000.0,162400.0
Punjab,RUPNAGAR,2013,Kharif,Rice,37000.0,128000.0,3.4594594594594597,3.452,179200.0,143360.0
Punjab,RUPNAGAR,2014,Kharif,Rice,36000.0,129000.0,3.5833333333333335,3.452,180600.0,144480.0
Punjab,S.A.S NAGAR,2006,Kharif,Rice,29000.0,82000.0,2.8275862068965516,3.432,114800.0,91840.0
Punjab,S.A.S NAGAR,2007,Kharif,Rice,29000.0,103000.0,3.5517241379310347,3.432,144200.0,115360.0
Punjab,S.A.S NAGAR,2008,Kharif,Rice,27000.0,88000.0,3.259259259259259,3.432,123200.0,98560.0
Punjab,S.A.S NAGAR,2009,Kharif,Rice,30000.0,98000.0,3.2666666666666666,3.432,137200.0,109760.0
Punjab,S.A.S NAGAR,2010,Kharif,Rice,37000.0,127000.0,3.4324324324324325,3.432,177800.0,142240.0
Punjab,S.A.S NAGAR,2011,Kharif,Rice,32000.0,119000.0,3.71875,3.432,166600.0,133280.0
Punjab,S.A.S NAGAR,2012,Kharif,Rice,31000.0,117000.0,3.774193548387097,3.432,163800.0,131040.0
Punjab,S.A.S NAGAR,2013,Kharif,Rice,27000.0,95000.0,3.5185185185185186,3.432,133000.0,106400.0
Punjab,S.A.S NAGAR,2014,Kharif,Rice,29000.0,94000.0,3.2413793103448274,3.432,131600.0,105280.0
Punjab,SANGRUR,1997,Kharif,Rice,333000.0,1277000.0,3.834834834834835,4.392,1787800.0,1430240.0
Punjab,SANGRUR,1998,Kharif,Rice,353000.0,1262000.0,3.575070821529745,4.392,1766800.0,1413440.0
Punjab,SANGRUR,1999,Kharif,Rice,360000.0,1282000.0,3.561111111111111,4.392,1794800.0,1435840.0
Punjab,SANGRUR,2000,Kharif,Rice,357000.0,1342000.0,3.7591036414565826,4.392,1878800.0,1503040.0
Punjab,SANGRUR,2001,Kharif,Rice,349000.0,1362000.0,3.902578796561605,4.392,1906800.0,1525440.0
Punjab,SANGRUR,2002,Kharif,Rice,352000.0,1429000.0,4.059659090909091,4.392,2000600.0,1600480.0
Punjab,SANGRUR,2003,Kharif,Rice,366000.0,1566000.0,4.278688524590164,4.392,2192400.0,1753920.0
Punjab,SANGRUR,2004,Kharif,Rice,367000.0,1710000.0,4.659400544959128,4.392,2394000.0,1915200.0
Punjab,SANGRUR,2005,Kharif,Rice,367000.0,1625000.0,4.427792915531335,4.392,2275000.0,1820000.0
Punjab,SANGRUR,2006,Kharif,Rice,362000.0,1637000.0,4.5220994475138125,4.392,2291800.0,1833440.0
Punjab,SANGRUR,2007,Kharif,Rice,262000.0,1207000.0,4.606870229007634,4.392,1689800.0,1351840.0
Punjab,SANGRUR,2008,Kharif,Rice,267000.0,1233000.0,4.617977528089888,4.392,1726200.0,1380960.0
Punjab,SANGRUR,2009,Kharif,Rice,271000.0,1273000.0,4.697416974169742,4.392,1782200.0,1425760.0
Punjab,SANGRUR,2010,Kharif,Rice,272000.0,1185000.0,4.356617647058823,4.392,1659000.0,1327200.0
Punjab,SANGRUR,2011,Kharif,Rice,274000.0,1188000.0,4.335766423357664,4.392,1663200.0,1330560.0
Punjab,SANGRUR,2012,Kharif,Rice,276000.0,1299000.0,4.706521739130435,4.392,1818600.0,1454880.0
Punjab,SANGRUR,2013,Kharif,Rice,273000.0,1290000.0,4.725274725274725,4.392,1806000.0,1444800.0
Punjab,SANGRUR,2014,Kharif,Rice,271000.0,1281000.0,4.726937269372693,4.392,1793400.0,1434720.0
Punjab,TARN TARAN,2006,Kharif,Rice,173000.0,514000.0,2.9710982658959537,3.081,719600.0,575680.0
Punjab,TARN TARAN,2007,Kharif,Rice,171000.0,539000.0,3.152046783625731,3.081,754600.0,603680.0
Punjab,TARN TARAN,2008,Kharif,Rice,169000.0,525000.0,3.106508875739645,3.081,735000.0,588000.0
Punjab,TARN TARAN,2009,Kharif,Rice,172000.0,530000.0,3.0813953488372094,3.081,742000.0,593600.0
Punjab,TARN TARAN,2010,Kharif,Rice,172000.0,500000.0,2.9069767441860463,3.081,700000.0,560000.0
Punjab,TARN TARAN,2011,Kharif,Rice,173000.0,490000.0,2.832369942196532,3.081,686000.0,548800.0
Punjab,TARN TARAN,2012,Kharif,Rice,179000.0,599000.0,3.346368715083799,3.081,838600.0,670880.0
Punjab,TARN TARAN,2013,Kharif,Rice,177000.0,594000.0,3.3559322033898304,3.081,831600.0,665280.0
Punjab,TARN TARAN,2014,Kharif,Rice,176000.0,540000.0,3.0681818181818183,3.081,756000.0,604800.0
Rajasthan,AJMER,1997,Kharif,Rice,100.0,100.0,1.0,1.481,140.0,112.0
Rajasthan,AJMER,1998,Kharif,Rice,28.0,34.0,1.2142857142857142,1.481,47.6,38.08
Rajasthan,AJMER,1999,Kharif,Rice,69.0,87.0,1.2608695652173914,1.481,121.8,97.44
Rajasthan,AJMER,2000,Kharif,Rice,31.0,29.0,0.9354838709677419,1.481,40.6,32.48
Rajasthan,AJMER,2001,Kharif,Rice,51.0,64.0,1.2549019607843137,1.481,89.6,71.68
Rajasthan,AJMER,2002,Kharif,Rice,2.0,2.0,1.0,1.481,2.8,2.24
Rajasthan,AJMER,2003,Kharif,Rice,26.0,43.0,1.6538461538461537,1.481,60.2,48.16
Rajasthan,AJMER,2004,Kharif,Rice,18.0,27.0,1.5,1.481,37.8,30.24
Rajasthan,AJMER,2005,Kharif,Rice,13.0,19.0,1.4615384615384615,1.481,26.6,21.28
Rajasthan,AJMER,2006,Kharif,Rice,15.0,24.0,1.6,1.481,33.6,26.88
Rajasthan,AJMER,2007,Kharif,Rice,6.0,12.0,2.0,1.481,16.8,13.44
Rajasthan,AJMER,2008,Kharif,Rice,4.0,7.0,1.75,1.481,9.8,7.84
Rajasthan,AJMER,2009,Kharif,Rice,7.0,11.0,1.5714285714285714,1.481,15.4,12.32
Rajasthan,AJMER,2010,Kharif,Rice,9.0,18.0,2.0,1.481,25.2,20.16
Rajasthan,ALWAR,1997,Kharif,Rice,300.0,300.0,1.0,1.472,420.0,336.0
Rajasthan,ALWAR,1998,Kharif,Rice,381.0,466.0,1.2230971128608923,1.472,652.4,521.92
Rajasthan,ALWAR,1999,Kharif,Rice,605.0,763.0,1.2611570247933885,1.472,1068.2,854.56
Rajasthan,ALWAR,2000,Kharif,Rice,396.0,371.0,0.9368686868686869,1.472,519.4,415.52
Rajasthan,ALWAR,2001,Kharif,Rice,274.0,342.0,1.2481751824817517,1.472,478.8,383.04
Rajasthan,ALWAR,2002,Kharif,Rice,104.0,84.0,0.8076923076923077,1.472,117.6,94.08
Rajasthan,ALWAR,2003,Kharif,Rice,160.0,265.0,1.65625,1.472,371.0,296.8
Rajasthan,ALWAR,2004,Kharif,Rice,139.0,206.0,1.4820143884892085,1.472,288.4,230.72
Rajasthan,ALWAR,2005,Kharif,Rice,132.0,193.0,1.4621212121212122,1.472,270.2,216.16
Rajasthan,ALWAR,2006,Kharif,Rice,127.0,200.0,1.5748031496062993,1.472,280.0,224.0
Rajasthan,ALWAR,2007,Kharif,Rice,155.0,315.0,2.032258064516129,1.472,441.0,352.8
Rajasthan,ALWAR,2008,Kharif,Rice,265.0,479.0,1.8075471698113208,1.472,670.6,536.48
Rajasthan,ALWAR,2009,Kharif,Rice,346.0,524.0,1.5144508670520231,1.472,733.6,586.88
Rajasthan,ALWAR,2010,Kharif,Rice,378.0,766.0,2.0264550264550265,1.472,1072.4,857.92
Rajasthan,BANSWARA,1997,Kharif,Rice,48100.0,45400.0,0.9438669438669439,0.656,63560.0,50848.0
Rajasthan,BANSWARA,1998,Kharif,Rice,45830.0,48058.0,1.0486144446868864,0.656,67281.2,53824.96
Rajasthan,BANSWARA,1999,Kharif,Rice,45290.0,29946.0,0.6612055641421948,0.656,41924.4,33539.52
Rajasthan,BANSWARA,2001,Kharif,Rice,37606.0,12917.0,0.34348242301760357,0.656,18083.8,14467.04
Rajasthan,BANSWARA,2002,Kharif,Rice,27082.0,8081.0,0.2983900745882874,0.656,11313.4,9050.72
Rajasthan,BANSWARA,2003,Kharif,Rice,28631.0,23750.0,0.8295204498620377,0.656,33250.0,26600.0
Rajasthan,BANSWARA,2004,Kharif,Rice,31966.0,21080.0,0.6594506663329788,0.656,29512.0,23609.6
Rajasthan,BANSWARA,2005,Kharif,Rice,33179.0,21774.0,0.6562584767473402,0.656,30483.6,24386.88
Rajasthan,BANSWARA,2006,Kharif,Rice,33252.0,18756.0,0.564056297365572,0.656,26258.4,21006.72
Rajasthan,BANSWARA,2007,Kharif,Rice,35853.0,46686.0,1.3021504476612835,0.656,65360.4,52288.32
Rajasthan,BANSWARA,2008,Kharif,Rice,31530.0,12376.0,0.3925150650174437,0.656,17326.4,13861.12
Rajasthan,BANSWARA,2009,Kharif,Rice,28142.0,11416.0,0.4056570250870585,0.656,15982.4,12785.92
Rajasthan,BANSWARA,2010,Kharif,Rice,27027.0,17610.0,0.6515706515706515,0.656,24654.0,19723.2
Rajasthan,BARAN,1997,Kharif,Rice,1200.0,1300.0,1.0833333333333333,1.969,1820.0,1456.0
Rajasthan,BARAN,1998,Kharif,Rice,1438.0,1386.0,0.9638386648122392,1.969,1940.4,1552.32
Rajasthan,BARAN,1999,Kharif,Rice,2922.0,1730.0,0.5920602327173169,1.969,2422.0,1937.6
Rajasthan,BARAN,2000,Kharif,Rice,3215.0,2618.0,0.8143079315707621,1.969,3665.2,2932.16
Rajasthan,BARAN,2001,Kharif,Rice,4792.0,7422.0,1.5488313856427378,1.969,10390.8,8312.64
Rajasthan,BARAN,2002,Kharif,Rice,1611.0,1758.0,1.091247672253259,1.969,2461.2,1968.96
Rajasthan,BARAN,2003,Kharif,Rice,1813.0,3616.0,1.9944842801985658,1.969,5062.4,4049.92
Rajasthan,BARAN,2004,Kharif,Rice,1860.0,4552.0,2.447311827956989,1.969,6372.8,5098.24
Rajasthan,BARAN,2005,Kharif,Rice,2722.0,6800.0,2.4981631153563555,1.969,9520.0,7616.0
Rajasthan,BARAN,2006,Kharif,Rice,1838.0,3571.0,1.942872687704026,1.969,4999.4,3999.52
Rajasthan,BARAN,2007,Kharif,Rice,3408.0,10595.0,3.108861502347418,1.969,14833.0,11866.4
Rajasthan,BARAN,2008,Kharif,Rice,6401.0,20058.0,3.133572879237619,1.969,28081.2,22464.96
Rajasthan,BARAN,2009,Kharif,Rice,8298.0,18491.0,2.228368281513618,1.969,25887.4,20709.92
Rajasthan,BARAN,2010,Kharif,Rice,8231.0,23800.0,2.89150771473697,1.969,33320.0,26656.0
Rajasthan,BHARATPUR,1997,Kharif,Rice,3200.0,3300.0,1.03125,1.233,4620.0,3696.0
Rajasthan,BHARATPUR,1998,Kharif,Rice,5844.0,6881.0,1.1774469541409993,1.233,9633.4,7706.72
Rajasthan,BHARATPUR,1999,Kharif,Rice,5659.0,9119.0,1.61141544442481,1.233,12766.6,10213.28
Rajasthan,BHARATPUR,2000,Kharif,Rice,2617.0,3279.0,1.2529614061902943,1.233,4590.6,3672.48
Rajasthan,BHARATPUR,2001,Kharif,Rice,1880.0,2505.0,1.3324468085106382,1.233,3507.0,2805.6
Rajasthan,BHARATPUR,2002,Kharif,Rice,484.0,306.0,0.6322314049586777,1.233,428.4,342.72
Rajasthan,BHARATPUR,2003,Kharif,Rice,2044.0,2428.0,1.187866927592955,1.233,3399.2,2719.36
Rajasthan,BHARATPUR,2004,Kharif,Rice,1354.0,1206.0,0.8906942392909897,1.233,1688.4,1350.72
Rajasthan,BHARATPUR,2005,Kharif,Rice,3368.0,7351.0,2.182600950118765,1.233,10291.4,8233.12
Rajasthan,BHARATPUR,2006,Kharif,Rice,878.0,638.0,0.7266514806378133,1.233,893.2,714.56
Rajasthan,BHARATPUR,2007,Kharif,Rice,684.0,1114.0,1.628654970760234,1.233,1559.6,1247.68
Rajasthan,BHARATPUR,2008,Kharif,Rice,2281.0,2766.0,1.2126260412099956,1.233,3872.4,3097.92
Rajasthan,BHARATPUR,2009,Kharif,Rice,1865.0,3303.0,1.7710455764075066,1.233,4624.2,3699.36
Rajasthan,BHARATPUR,2010,Kharif,Rice,1536.0,3095.0,2.0149739583333335,1.233,4333.0,3466.4
Rajasthan,BHILWARA,1997,Kharif,Rice,200.0,200.0,1.0,1.477,280.0,224.0
Rajasthan,BHILWARA,1998,Kharif,Rice,335.0,410.0,1.2238805970149254,1.477,574.0,459.2
Rajasthan,BHILWARA,1999,Kharif,Rice,819.0,1033.0,1.2612942612942613,1.477,1446.2,1156.96
Rajasthan,BHILWARA,2000,Kharif,Rice,314.0,294.0,0.9363057324840764,1.477,411.6,329.28
Rajasthan,BHILWARA,2001,Kharif,Rice,256.0,319.0,1.24609375,1.477,446.6,357.28
Rajasthan,BHILWARA,2002,Kharif,Rice,242.0,197.0,0.8140495867768595,1.477,275.8,220.64
Rajasthan,BHILWARA,2003,Kharif,Rice,190.0,314.0,1.6526315789473685,1.477,439.6,351.68
Rajasthan,BHILWARA,2004,Kharif,Rice,241.0,358.0,1.4854771784232366,1.477,501.2,400.96
Rajasthan,BHILWARA,2005,Kharif,Rice,288.0,423.0,1.46875,1.477,592.2,473.76
Rajasthan,BHILWARA,2006,Kharif,Rice,207.0,326.0,1.5748792270531402,1.477,456.4,365.12
Rajasthan,BHILWARA,2007,Kharif,Rice,247.0,502.0,2.032388663967611,1.477,702.8,562.24
Rajasthan,BHILWARA,2008,Kharif,Rice,278.0,502.0,1.8057553956834533,1.477,702.8,562.24
Rajasthan,BHILWARA,2009,Kharif,Rice,430.0,651.0,1.513953488372093,1.477,911.4,729.12
Rajasthan,BHILWARA,2010,Kharif,Rice,392.0,794.0,2.0255102040816326,1.477,1111.6,889.28
Rajasthan,BIKANER,1998,Kharif,Rice,2.0,2.0,1.0,1.489,2.8,2.24
Rajasthan,BIKANER,1999,Kharif,Rice,32.0,40.0,1.25,1.489,56.0,44.8
Rajasthan,BIKANER,2000,Kharif,Rice,33.0,31.0,0.9393939393939394,1.489,43.4,34.72
Rajasthan,BIKANER,2002,Kharif,Rice,5.0,4.0,0.8,1.489,5.6,4.48
Rajasthan,BIKANER,2003,Kharif,Rice,13.0,21.0,1.6153846153846154,1.489,29.4,23.52
Rajasthan,BIKANER,2004,Kharif,Rice,17.0,25.0,1.4705882352941178,1.489,35.0,28.0
Rajasthan,BIKANER,2005,Kharif,Rice,17.0,25.0,1.4705882352941178,1.489,35.0,28.0
Rajasthan,BIKANER,2006,Kharif,Rice,7.0,11.0,1.5714285714285714,1.489,15.4,12.32
Rajasthan,BIKANER,2007,Kharif,Rice,1.0,2.0,2.0,1.489,2.8,2.24
Rajasthan,BIKANER,2008,Kharif,Rice,179.0,323.0,1.8044692737430168,1.489,452.2,361.76
Rajasthan,BIKANER,2009,Kharif,Rice,63.0,95.0,1.507936507936508,1.489,133.0,106.4
Rajasthan,BIKANER,2010,Kharif,Rice,37.0,75.0,2.027027027027027,1.489,105.0,84.0
Rajasthan,BUNDI,1997,Kharif,Rice,33100.0,45300.0,1.3685800604229608,1.395,63420.0,50736.0
Rajasthan,BUNDI,1998,Kharif,Rice,41051.0,54335.0,1.3235974763099558,1.395,76069.0,60855.2
Rajasthan,BUNDI,1999,Kharif,Rice,57860.0,76293.0,1.3185793294158312,1.395,106810.2,85448.16
Rajasthan,BUNDI,2000,Kharif,Rice,47883.0,37633.0,0.7859365536829355,1.395,52686.2,42148.96
Rajasthan,BUNDI,2001,Kharif,Rice,29295.0,31079.0,1.0608977641235706,1.395,43510.6,34808.48
Rajasthan,BUNDI,2002,Kharif,Rice,9255.0,3965.0,0.4284170718530524,1.395,5551.0,4440.8
Rajasthan,BUNDI,2003,Kharif,Rice,7442.0,14763.0,1.9837409298575652,1.395,20668.2,16534.56
Rajasthan,BUNDI,2004,Kharif,Rice,6053.0,11200.0,1.850322154303651,1.395,15680.0,12544.0
Rajasthan,BUNDI,2005,Kharif,Rice,8788.0,12485.0,1.4206873008648158,1.395,17479.0,13983.2
Rajasthan,BUNDI,2006,Kharif,Rice,9421.0,16208.0,1.7204118458762339,1.395,22691.2,18152.96
Rajasthan,BUNDI,2007,Kharif,Rice,16967.0,39552.0,2.3311133376554487,1.395,55372.8,44298.24
Rajasthan,BUNDI,2008,Kharif,Rice,24506.0,45335.0,1.8499551130335428,1.395,63469.0,50775.2
Rajasthan,BUNDI,2009,Kharif,Rice,36145.0,31357.0,0.8675335454419698,1.395,43899.8,35119.84
Rajasthan,BUNDI,2010,Kharif,Rice,22898.0,42971.0,1.876626779631409,1.395,60159.4,48127.52
Rajasthan,CHITTORGARH,1997,Kharif,Rice,1000.0,1200.0,1.2,1.476,1680.0,1344.0
Rajasthan,CHITTORGARH,1998,Kharif,Rice,1245.0,1522.0,1.2224899598393575,1.476,2130.8,1704.64
Rajasthan,CHITTORGARH,1999,Kharif,Rice,1069.0,1349.0,1.2619270346117868,1.476,1888.6,1510.88
Rajasthan,CHITTORGARH,2000,Kharif,Rice,857.0,803.0,0.9369894982497082,1.476,1124.2,899.36
Rajasthan,CHITTORGARH,2001,Kharif,Rice,732.0,913.0,1.2472677595628416,1.476,1278.2,1022.56
Rajasthan,CHITTORGARH,2002,Kharif,Rice,725.0,589.0,0.8124137931034483,1.476,824.6,659.68
Rajasthan,CHITTORGARH,2003,Kharif,Rice,776.0,1283.0,1.6533505154639174,1.476,1796.2,1436.96
Rajasthan,CHITTORGARH,2004,Kharif,Rice,706.0,1048.0,1.4844192634560907,1.476,1467.2,1173.76
Rajasthan,CHITTORGARH,2005,Kharif,Rice,664.0,974.0,1.466867469879518,1.476,1363.6,1090.88
Rajasthan,CHITTORGARH,2006,Kharif,Rice,608.0,958.0,1.575657894736842,1.476,1341.2,1072.96
Rajasthan,CHITTORGARH,2007,Kharif,Rice,860.0,1747.0,2.031395348837209,1.476,2445.8,1956.64
Rajasthan,CHITTORGARH,2008,Kharif,Rice,369.0,667.0,1.8075880758807588,1.476,933.8,747.04
Rajasthan,CHITTORGARH,2009,Kharif,Rice,748.0,1133.0,1.5147058823529411,1.476,1586.2,1268.96
Rajasthan,CHITTORGARH,2010,Kharif,Rice,836.0,1693.0,2.02511961722488,1.476,2370.2,1896.16
Rajasthan,DAUSA,1998,Kharif,Rice,14.0,17.0,1.2142857142857142,1.214,23.8,19.04
Rajasthan,DAUSA,1999,Kharif,Rice,74.0,93.0,1.2567567567567568,1.214,130.2,104.16
Rajasthan,DAUSA,2000,Kharif,Rice,3.0,3.0,1.0,1.214,4.2,3.36
Rajasthan,DAUSA,2001,Kharif,Rice,1.0,1.0,1.0,1.214,1.4,1.12
Rajasthan,DAUSA,2004,Kharif,Rice,3.0,4.0,1.3333333333333333,1.214,5.6,4.48
Rajasthan,DHOLPUR,1997,Kharif,Rice,1300.0,1500.0,1.1538461538461537,1.475,2100.0,1680.0
Rajasthan,DHOLPUR,1998,Kharif,Rice,1201.0,1468.0,1.222314737718568,1.475,2055.2,1644.16
Rajasthan,DHOLPUR,1999,Kharif,Rice,1220.0,1539.0,1.2614754098360657,1.475,2154.6,1723.68
Rajasthan,DHOLPUR,2000,Kharif,Rice,1138.0,1066.0,0.9367311072056239,1.475,1492.4,1193.92
Rajasthan,DHOLPUR,2001,Kharif,Rice,1178.0,1469.0,1.2470288624787775,1.475,2056.6,1645.28
Rajasthan,DHOLPUR,2002,Kharif,Rice,628.0,510.0,0.8121019108280255,1.475,714.0,571.2
Rajasthan,DHOLPUR,2003,Kharif,Rice,779.0,1287.0,1.6521181001283698,1.475,1801.8,1441.44
Rajasthan,DHOLPUR,2004,Kharif,Rice,647.0,960.0,1.4837712519319939,1.475,1344.0,1075.2
Rajasthan,DHOLPUR,2005,Kharif,Rice,837.0,1228.0,1.4671445639187575,1.475,1719.2,1375.36
Rajasthan,DHOLPUR,2006,Kharif,Rice,536.0,845.0,1.5764925373134329,1.475,1183.0,946.4
Rajasthan,DHOLPUR,2007,Kharif,Rice,484.0,983.0,2.03099173553719,1.475,1376.2,1100.96
Rajasthan,DHOLPUR,2008,Kharif,Rice,574.0,1037.0,1.8066202090592334,1.475,1451.8,1161.44
Rajasthan,DHOLPUR,2009,Kharif,Rice,569.0,862.0,1.5149384885764499,1.475,1206.8,965.44
Rajasthan,DHOLPUR,2010,Kharif,Rice,679.0,1375.0,2.0250368188512518,1.475,1925.0,1540.0
Rajasthan,DUNGARPUR,1997,Kharif,Rice,31900.0,34900.0,1.0940438871473355,0.558,48860.0,39088.0
Rajasthan,DUNGARPUR,1998,Kharif,Rice,17197.0,7860.0,0.45705646333662847,0.558,11004.0,8803.2
Rajasthan,DUNGARPUR,1999,Kharif,Rice,21366.0,5818.0,0.2723017878872976,0.558,8145.2,6516.16
Rajasthan,DUNGARPUR,2001,Kharif,Rice,20576.0,8516.0,0.41388024883359253,0.558,11922.4,9537.92
Rajasthan,DUNGARPUR,2003,Kharif,Rice,19193.0,20126.0,1.0486114729328402,0.558,28176.4,22541.12
Rajasthan,DUNGARPUR,2004,Kharif,Rice,25153.0,20267.0,0.8057488172385003,0.558,28373.8,22699.04
Rajasthan,DUNGARPUR,2005,Kharif,Rice,21879.0,7234.0,0.33063668357786,0.558,10127.6,8102.08
Rajasthan,DUNGARPUR,2006,Kharif,Rice,27161.0,18171.0,0.6690107138912411,0.558,25439.4,20351.52
Rajasthan,DUNGARPUR,2007,Kharif,Rice,29975.0,39241.0,1.3091242702251877,0.558,54937.4,43949.92
Rajasthan,DUNGARPUR,2008,Kharif,Rice,14842.0,3288.0,0.2215334860530926,0.558,4603.2,3682.56
Rajasthan,DUNGARPUR,2009,Kharif,Rice,13961.0,5060.0,0.3624382207578254,0.558,7084.0,5667.2
Rajasthan,DUNGARPUR,2010,Kharif,Rice,13727.0,9058.0,0.6598674145843957,0.558,12681.2,10144.96
Rajasthan,GANGANAGAR,1997,Kharif,Rice,3900.0,5600.0,1.435897435897436,2.328,7840.0,6272.0
Rajasthan,GANGANAGAR,1998,Kharif,Rice,4961.0,7094.0,1.429953638379359,2.328,9931.6,7945.28
Rajasthan,GANGANAGAR,1999,Kharif,Rice,6583.0,11887.0,1.8057116816041319,2.328,16641.8,13313.44
Rajasthan,GANGANAGAR,2000,Kharif,Rice,4588.0,8829.0,1.9243679163034002,2.328,12360.6,9888.48
Rajasthan,GANGANAGAR,2001,Kharif,Rice,3512.0,7888.0,2.2460136674259683,2.328,11043.2,8834.56
Rajasthan,GANGANAGAR,2002,Kharif,Rice,2490.0,5222.0,2.0971887550200803,2.328,7310.8,5848.64
Rajasthan,GANGANAGAR,2003,Kharif,Rice,3971.0,10259.0,2.5834802316796774,2.328,14362.6,11490.08
Rajasthan,GANGANAGAR,2004,Kharif,Rice,2383.0,5741.0,2.4091481326059587,2.328,8037.4,6429.92
Rajasthan,GANGANAGAR,2005,Kharif,Rice,2897.0,4681.0,1.6158094580600622,2.328,6553.4,5242.72
Rajasthan,GANGANAGAR,2006,Kharif,Rice,2779.0,8825.0,3.1756027347966893,2.328,12355.0,9884.0
Rajasthan,GANGANAGAR,2007,Kharif,Rice,3581.0,13166.0,3.6766266406031836,2.328,18432.4,14745.92
Rajasthan,GANGANAGAR,2008,Kharif,Rice,6422.0,16143.0,2.5137028962939896,2.328,22600.2,18080.16
Rajasthan,GANGANAGAR,2009,Kharif,Rice,8740.0,23388.0,2.6759725400457666,2.328,32743.2,26194.56
Rajasthan,GANGANAGAR,2010,Kharif,Rice,8026.0,20046.0,2.4976326937453277,2.328,28064.4,22451.52
Rajasthan,HANUMANGARH,1997,Kharif,Rice,22600.0,34700.0,1.5353982300884956,3.319,48580.0,38864.0
Rajasthan,HANUMANGARH,1998,Kharif,Rice,31214.0,59881.0,1.9184019991029666,3.319,83833.4,67066.72
Rajasthan,HANUMANGARH,1999,Kharif,Rice,37006.0,91185.0,2.464059882181268,3.319,127659.0,102127.2
Rajasthan,HANUMANGARH,2000,Kharif,Rice,33537.0,86021.0,2.564958105972508,3.319,120429.4,96343.52
Rajasthan,HANUMANGARH,2001,Kharif,Rice,28345.0,86387.0,3.047698006703122,3.319,120941.8,96753.44
Rajasthan,HANUMANGARH,2002,Kharif,Rice,22232.0,38653.0,1.7386200071968334,3.319,54114.2,43291.36
Rajasthan,HANUMANGARH,2003,Kharif,Rice,20869.0,67043.0,3.212564090277445,3.319,93860.2,75088.16
Rajasthan,HANUMANGARH,2004,Kharif,Rice,17590.0,64671.0,3.676577600909608,3.319,90539.4,72431.52
Rajasthan,HANUMANGARH,2005,Kharif,Rice,16969.0,65501.0,3.860038894454594,3.319,91701.4,73361.12
Rajasthan,HANUMANGARH,2006,Kharif,Rice,15550.0,72134.0,4.638842443729904,3.319,100987.6,80790.08
Rajasthan,HANUMANGARH,2007,Kharif,Rice,18169.0,76206.0,4.194286972315482,3.319,106688.4,85350.72
Rajasthan,HANUMANGARH,2008,Kharif,Rice,24241.0,88500.0,3.6508394868198506,3.319,123900.0,99120.0
Rajasthan,HANUMANGARH,2009,Kharif,Rice,24635.0,84380.0,3.4252080373452407,3.319,118132.0,94505.6
Rajasthan,HANUMANGARH,2010,Kharif,Rice,22311.0,88450.0,3.964412173367397,3.319,123830.0,99064.0
Rajasthan,JAIPUR,1999,Kharif,Rice,2.0,3.0,1.5,1.222,4.2,3.36
Rajasthan,JAIPUR,2000,Kharif,Rice,12.0,11.0,0.9166666666666666,1.222,15.4,12.32
Rajasthan,JAIPUR,2001,Kharif,Rice,9.0,11.0,1.2222222222222223,1.222,15.4,12.32
Rajasthan,JHALAWAR,1997,Kharif,Rice,300.0,400.0,1.3333333333333333,1.476,560.0,448.0
Rajasthan,JHALAWAR,1998,Kharif,Rice,278.0,340.0,1.223021582733813,1.476,476.0,380.8
Rajasthan,JHALAWAR,1999,Kharif,Rice,241.0,304.0,1.2614107883817427,1.476,425.6,340.48
Rajasthan,JHALAWAR,2000,Kharif,Rice,230.0,215.0,0.9347826086956522,1.476,301.0,240.8
Rajasthan,JHALAWAR,2001,Kharif,Rice,223.0,278.0,1.2466367713004485,1.476,389.2,311.36
Rajasthan,JHALAWAR,2002,Kharif,Rice,357.0,290.0,0.8123249299719888,1.476,406.0,324.8
Rajasthan,JHALAWAR,2003,Kharif,Rice,457.0,755.0,1.6520787746170678,1.476,1057.0,845.6
Rajasthan,JHALAWAR,2004,Kharif,Rice,446.0,662.0,1.484304932735426,1.476,926.8,741.44
Rajasthan,JHALAWAR,2005,Kharif,Rice,719.0,1055.0,1.467315716272601,1.476,1477.0,1181.6
Rajasthan,JHALAWAR,2006,Kharif,Rice,720.0,1135.0,1.5763888888888888,1.476,1589.0,1271.2
Rajasthan,JHALAWAR,2007,Kharif,Rice,1176.0,2389.0,2.0314625850340136,1.476,3344.6,2675.68
Rajasthan,JHALAWAR,2008,Kharif,Rice,1679.0,3034.0,1.8070279928528887,1.476,4247.6,3398.08
Rajasthan,JHALAWAR,2009,Kharif,Rice,2397.0,3631.0,1.5148101793909052,1.476,5083.4,4066.72
Rajasthan,JHALAWAR,2010,Kharif,Rice,2294.0,5858.0,2.5536181342632958,1.476,8201.2,6560.96
Rajasthan,JODHPUR,1999,Kharif,Rice,5.0,6.0,1.2,1.2,8.4,6.72
Rajasthan,KARAULI,1998,Kharif,Rice,2718.0,2241.0,0.8245033112582781,1.169,3137.4,2509.92
Rajasthan,KARAULI,1999,Kharif,Rice,2598.0,2949.0,1.1351039260969977,1.169,4128.6,3302.88
Rajasthan,KARAULI,2001,Kharif,Rice,2436.0,566.0,0.23234811165845648,1.169,792.4,633.92
Rajasthan,KARAULI,2003,Kharif,Rice,2058.0,2405.0,1.1686103012633624,1.169,3367.0,2693.6
Rajasthan,KARAULI,2004,Kharif,Rice,1987.0,3139.0,1.579768495218923,1.169,4394.6,3515.68
Rajasthan,KARAULI,2005,Kharif,Rice,2295.0,2810.0,1.224400871459695,1.169,3934.0,3147.2
Rajasthan,KARAULI,2006,Kharif,Rice,1840.0,4327.0,2.3516304347826087,1.169,6057.8,4846.24
Rajasthan,KARAULI,2007,Kharif,Rice,1892.0,1816.0,0.959830866807611,1.169,2542.4,2033.92
Rajasthan,KARAULI,2008,Kharif,Rice,2445.0,4692.0,1.9190184049079755,1.169,6568.8,5255.04
Rajasthan,KARAULI,2009,Kharif,Rice,1046.0,1078.0,1.0305927342256214,1.169,1509.2,1207.36
Rajasthan,KARAULI,2010,Kharif,Rice,1832.0,2241.0,1.2232532751091703,1.169,3137.4,2509.92
Rajasthan,KOTA,1997,Kharif,Rice,3100.0,4700.0,1.5161290322580645,1.99,6580.0,5264.0
Rajasthan,KOTA,1998,Kharif,Rice,4033.0,5957.0,1.4770642201834863,1.99,8339.8,6671.84
Rajasthan,KOTA,1999,Kharif,Rice,8799.0,13634.0,1.5494942607114446,1.99,19087.6,15270.08
Rajasthan,KOTA,2000,Kharif,Rice,7508.0,8347.0,1.1117474693660097,1.99,11685.8,9348.64
Rajasthan,KOTA,2001,Kharif,Rice,6318.0,11557.0,1.8292181069958848,1.99,16179.8,12943.84
Rajasthan,KOTA,2002,Kharif,Rice,5261.0,5741.0,1.0912374073370081,1.99,8037.4,6429.92
Rajasthan,KOTA,2003,Kharif,Rice,5931.0,9997.0,1.6855504973866127,1.99,13995.8,11196.64
Rajasthan,KOTA,2004,Kharif,Rice,5018.0,10791.0,2.150458349940215,1.99,15107.4,12085.92
Rajasthan,KOTA,2005,Kharif,Rice,6642.0,15606.0,2.3495934959349594,1.99,21848.4,17478.72
Rajasthan,KOTA,2006,Kharif,Rice,6505.0,17751.0,2.728823981552652,1.99,24851.4,19881.12
Rajasthan,KOTA,2007,Kharif,Rice,8402.0,20645.0,2.457153058795525,1.99,28903.0,23122.4
Rajasthan,KOTA,2008,Kharif,Rice,12011.0,36786.0,3.062692531845808,1.99,51500.4,41200.32
Rajasthan,KOTA,2009,Kharif,Rice,17348.0,37733.0,2.1750634078856352,1.99,52826.2,42260.96
Rajasthan,KOTA,2010,Kharif,Rice,13974.0,38259.0,2.7378703306139975,1.99,53562.6,42850.08
Rajasthan,PALI,1998,Kharif,Rice,7.0,9.0,1.2857142857142858,1.29,12.6,10.08
Rajasthan,PALI,1999,Kharif,Rice,17.0,22.0,1.2941176470588236,1.29,30.8,24.64
Rajasthan,PRATAPGARH,2008,Kharif,Rice,1530.0,2765.0,1.8071895424836601,2.005,3871.0,3096.8
Rajasthan,PRATAPGARH,2009,Kharif,Rice,1530.0,2318.0,1.515032679738562,2.005,3245.2,2596.16
Rajasthan,PRATAPGARH,2010,Kharif,Rice,1324.0,2681.0,2.0249244712990935,2.005,3753.4,3002.72
Rajasthan,RAJSAMAND,1997,Kharif,Rice,400.0,500.0,1.25,1.474,700.0,560.0
Rajasthan,RAJSAMAND,1998,Kharif,Rice,234.0,286.0,1.2222222222222223,1.474,400.4,320.32
Rajasthan,RAJSAMAND,1999,Kharif,Rice,217.0,274.0,1.262672811059908,1.474,383.6,306.88
Rajasthan,RAJSAMAND,2000,Kharif,Rice,164.0,154.0,0.9390243902439024,1.474,215.6,172.48
Rajasthan,RAJSAMAND,2001,Kharif,Rice,248.0,309.0,1.2459677419354838,1.474,432.6,346.08
Rajasthan,RAJSAMAND,2002,Kharif,Rice,93.0,76.0,0.8172043010752689,1.474,106.4,85.12
Rajasthan,RAJSAMAND,2003,Kharif,Rice,93.0,154.0,1.6559139784946237,1.474,215.6,172.48
Rajasthan,RAJSAMAND,2004,Kharif,Rice,67.0,99.0,1.4776119402985075,1.474,138.6,110.88
Rajasthan,RAJSAMAND,2005,Kharif,Rice,83.0,122.0,1.4698795180722892,1.474,170.8,136.64
Rajasthan,RAJSAMAND,2006,Kharif,Rice,105.0,165.0,1.5714285714285714,1.474,231.0,184.8
Rajasthan,RAJSAMAND,2007,Kharif,Rice,160.0,325.0,2.03125,1.474,455.0,364.0
Rajasthan,RAJSAMAND,2008,Kharif,Rice,105.0,190.0,1.8095238095238095,1.474,266.0,212.8
Rajasthan,RAJSAMAND,2009,Kharif,Rice,61.0,92.0,1.5081967213114753,1.474,128.8,103.04
Rajasthan,RAJSAMAND,2010,Kharif,Rice,86.0,174.0,2.0232558139534884,1.474,243.6,194.88
Rajasthan,SAWAI MADHOPUR,1998,Kharif,Rice,1579.0,1930.0,1.2222925902469917,1.483,2702.0,2161.6
Rajasthan,SAWAI MADHOPUR,1999,Kharif,Rice,1142.0,1441.0,1.2618213660245183,1.483,2017.4,1613.92
Rajasthan,SAWAI MADHOPUR,2000,Kharif,Rice,216.0,202.0,0.9351851851851852,1.483,282.8,226.24
Rajasthan,SAWAI MADHOPUR,2001,Kharif,Rice,355.0,443.0,1.2478873239436619,1.483,620.2,496.16
Rajasthan,SAWAI MADHOPUR,2002,Kharif,Rice,17.0,14.0,0.8235294117647058,1.483,19.6,15.68
Rajasthan,SAWAI MADHOPUR,2003,Kharif,Rice,158.0,261.0,1.6518987341772151,1.483,365.4,292.32
Rajasthan,SAWAI MADHOPUR,2004,Kharif,Rice,143.0,212.0,1.4825174825174825,1.483,296.8,237.44
Rajasthan,SAWAI MADHOPUR,2005,Kharif,Rice,210.0,308.0,1.4666666666666666,1.483,431.2,344.96
Rajasthan,SAWAI MADHOPUR,2006,Kharif,Rice,27.0,42.0,1.5555555555555556,1.483,58.8,47.04
Rajasthan,SAWAI MADHOPUR,2007,Kharif,Rice,49.0,99.0,2.020408163265306,1.483,138.6,110.88
Rajasthan,SAWAI MADHOPUR,2008,Kharif,Rice,64.0,116.0,1.8125,1.483,162.4,129.92
Rajasthan,SAWAI MADHOPUR,2009,Kharif,Rice,103.0,156.0,1.5145631067961165,1.483,218.4,174.72
Rajasthan,SAWAI MADHOPUR,2010,Kharif,Rice,646.0,1308.0,2.024767801857585,1.483,1831.2,1464.96
Rajasthan,SIROHI,1998,Kharif,Rice,11.0,14.0,1.2727272727272727,1.571,19.6,15.68
Rajasthan,SIROHI,1999,Kharif,Rice,8.0,10.0,1.25,1.571,14.0,11.2
Rajasthan,SIROHI,2000,Kharif,Rice,7.0,6.0,0.8571428571428571,1.571,8.4,6.72
Rajasthan,SIROHI,2001,Kharif,Rice,7.0,9.0,1.2857142857142858,1.571,12.6,10.08
Rajasthan,SIROHI,2002,Kharif,Rice,3.0,2.0,0.6666666666666666,1.571,2.8,2.24
Rajasthan,SIROHI,2003,Kharif,Rice,6.0,10.0,1.6666666666666667,1.571,14.0,11.2
Rajasthan,SIROHI,2004,Kharif,Rice,1.0,2.0,2.0,1.571,2.8,2.24
Rajasthan,SIROHI,2005,Kharif,Rice,1.0,2.0,2.0,1.571,2.8,2.24
Rajasthan,SIROHI,2006,Kharif,Rice,7.0,11.0,1.5714285714285714,1.571,15.4,12.32
Rajasthan,SIROHI,2007,Kharif,Rice,3.0,6.0,2.0,1.571,8.4,6.72
Rajasthan,SIROHI,2008,Kharif,Rice,3.0,5.0,1.6666666666666667,1.571,7.0,5.6
Rajasthan,TONK,1998,Kharif,Rice,33.0,40.0,1.2121212121212122,1.382,56.0,44.8
Rajasthan,TONK,1999,Kharif,Rice,155.0,196.0,1.264516129032258,1.382,274.4,219.52
Rajasthan,TONK,2000,Kharif,Rice,70.0,66.0,0.9428571428571428,1.382,92.4,73.92
Rajasthan,TONK,2001,Kharif,Rice,12.0,15.0,1.25,1.382,21.0,16.8
Rajasthan,TONK,2002,Kharif,Rice,10.0,8.0,0.8,1.382,11.2,8.96
Rajasthan,TONK,2003,Kharif,Rice,5.0,8.0,1.6,1.382,11.2,8.96
Rajasthan,TONK,2004,Kharif,Rice,5.0,8.0,1.6,1.382,11.2,8.96
Rajasthan,TONK,2005,Kharif,Rice,4.0,6.0,1.5,1.382,8.4,6.72
Rajasthan,TONK,2009,Kharif,Rice,7.0,11.0,1.5714285714285714,1.382,15.4,12.32
Rajasthan,TONK,2010,Kharif,Rice,2.0,4.0,2.0,1.382,5.6,4.48
Rajasthan,UDAIPUR,1997,Kharif,Rice,10200.0,8700.0,0.8529411764705882,0.744,12180.0,9744.0
Rajasthan,UDAIPUR,1998,Kharif,Rice,8444.0,5257.0,0.6225722406442444,0.744,7359.8,5887.84
Rajasthan,UDAIPUR,1999,Kharif,Rice,6452.0,2877.0,0.4459082455052697,0.744,4027.8,3222.24
Rajasthan,UDAIPUR,2000,Kharif,Rice,5879.0,1663.0,0.2828712366048648,0.744,2328.2,1862.56
Rajasthan,UDAIPUR,2001,Kharif,Rice,6272.0,7038.0,1.1221301020408163,0.744,9853.2,7882.56
Rajasthan,UDAIPUR,2002,Kharif,Rice,3683.0,880.0,0.23893565028509367,0.744,1232.0,985.6
Rajasthan,UDAIPUR,2003,Kharif,Rice,5141.0,6070.0,1.1807041431628087,0.744,8498.0,6798.4
Rajasthan,UDAIPUR,2004,Kharif,Rice,5564.0,4165.0,0.7485621854780733,0.744,5831.0,4664.8
Rajasthan,UDAIPUR,2005,Kharif,Rice,5785.0,4477.0,0.7738980121002593,0.744,6267.8,5014.24
Rajasthan,UDAIPUR,2006,Kharif,Rice,6175.0,5725.0,0.9271255060728745,0.744,8015.0,6412.0
Rajasthan,UDAIPUR,2007,Kharif,Rice,5759.0,4256.0,0.7390171904844591,0.744,5958.4,4766.72
Rajasthan,UDAIPUR,2008,Kharif,Rice,3689.0,2013.0,0.5456763350501491,0.744,2818.2,2254.56
Rajasthan,UDAIPUR,2009,Kharif,Rice,4253.0,2594.0,0.6099224077122032,0.744,3631.6,2905.28
Rajasthan,UDAIPUR,2010,Kharif,Rice,4881.0,5269.0,1.0794919073960254,0.744,7376.6,5901.28
Uttar Pradesh,AGRA,1997,Kharif,Rice,935.0,2073.0,2.217112299465241,2.183,2902.2,2321.76
Uttar Pradesh,AGRA,1998,Kharif,Rice,1536.0,3478.0,2.2643229166666665,2.183,4869.2,3895.36
Uttar Pradesh,AGRA,1999,Kharif,Rice,2142.0,3781.0,1.765172735760971,2.183,5293.4,4234.72
Uttar Pradesh,AGRA,2000,Kharif,Rice,1322.0,2502.0,1.892586989409985,2.183,3502.8,2802.24
Uttar Pradesh,AGRA,2001,Kharif,Rice,1318.0,2476.0,1.8786039453717753,2.183,3466.4,2773.12
Uttar Pradesh,AGRA,2002,Kharif,Rice,1134.0,1900.0,1.6754850088183422,2.183,2660.0,2128.0
Uttar Pradesh,AGRA,2003,Kharif,Rice,824.0,1436.0,1.7427184466019416,2.183,2010.4,1608.32
Uttar Pradesh,AGRA,2004,Kharif,Rice,1097.0,2575.0,2.3473108477666362,2.183,3605.0,2884.0
Uttar Pradesh,AGRA,2005,Kharif,Rice,1021.0,2314.0,2.266405484818805,2.183,3239.6,2591.68
Uttar Pradesh,AGRA,2006,Kharif,Rice,1086.0,2056.0,1.8931860036832413,2.183,2878.4,2302.72
Uttar Pradesh,AGRA,2007,Kharif,Rice,1395.0,2763.0,1.9806451612903226,2.183,3868.2,3094.56
Uttar Pradesh,AGRA,2008,Kharif,Rice,4176.0,9183.0,2.1989942528735633,2.183,12856.2,10284.96
Uttar Pradesh,AGRA,2009,Kharif,Rice,4816.0,8467.0,1.7580980066445182,2.183,11853.8,9483.04
Uttar Pradesh,AGRA,2010,Kharif,Rice,4342.0,9413.0,2.1678949792722246,2.183,13178.2,10542.56
Uttar Pradesh,AGRA,2011,Kharif,Rice,6724.0,16803.0,2.498958953004164,2.183,23524.2,18819.36
Uttar Pradesh,AGRA,2012,Kharif,Rice,3556.0,8975.0,2.5239032620922384,2.183,12565.0,10052.0
Uttar Pradesh,AGRA,2013,Kharif,Rice,8691.0,22475.0,2.586008514555287,2.183,31465.0,25172.0
Uttar Pradesh,AGRA,2014,Kharif,Rice,10164.0,24231.0,2.3840023612750887,2.183,33923.4,27138.72
Uttar Pradesh,ALIGARH,1997,Kharif,Rice,17167.0,36571.0,2.130308149356323,2.06,51199.4,40959.52
Uttar Pradesh,ALIGARH,1998,Kharif,Rice,22174.0,35078.0,1.5819428159105258,2.06,49109.2,39287.36
Uttar Pradesh,ALIGARH,1999,Kharif,Rice,31898.0,56313.0,1.765408489560474,2.06,78838.2,63070.56
Uttar Pradesh,ALIGARH,2000,Kharif,Rice,34648.0,68335.0,1.9722639113368736,2.06,95669.0,76535.2
Uttar Pradesh,ALIGARH,2001,Kharif,Rice,33654.0,65137.0,1.9354905806144886,2.06,91191.8,72953.44
Uttar Pradesh,ALIGARH,2002,Kharif,Rice,26117.0,45992.0,1.7609985832982349,2.06,64388.8,51511.04
Uttar Pradesh,ALIGARH,2003,Kharif,Rice,30731.0,63252.0,2.0582473723601575,2.06,88552.8,70842.24
Uttar Pradesh,ALIGARH,2004,Kharif,Rice,38381.0,86421.0,2.2516609780881165,2.06,120989.4,96791.52
Uttar Pradesh,ALIGARH,2005,Kharif,Rice,36832.0,76868.0,2.086989574283232,2.06,107615.2,86092.16
Uttar Pradesh,ALIGARH,2006,Kharif,Rice,38447.0,79239.0,2.0609930553749316,2.06,110934.6,88747.68
Uttar Pradesh,ALIGARH,2007,Kharif,Rice,47382.0,95096.0,2.0070068802498837,2.06,133134.4,106507.52
Uttar Pradesh,ALIGARH,2008,Kharif,Rice,47544.0,102410.0,2.1540047114252063,2.06,143374.0,114699.2
Uttar Pradesh,ALIGARH,2009,Kharif,Rice,66448.0,115088.0,1.732000963159162,2.06,161123.2,128898.56
Uttar Pradesh,ALIGARH,2010,Kharif,Rice,64485.0,131614.0,2.0410017833604712,2.06,184259.6,147407.68
Uttar Pradesh,ALIGARH,2011,Kharif,Rice,70307.0,154394.0,2.195997553586414,2.06,216151.6,172921.28
Uttar Pradesh,ALIGARH,2012,Kharif,Rice,85311.0,209609.0,2.456998511329137,2.06,293452.6,234762.08
Uttar Pradesh,ALIGARH,2013,Kharif,Rice,87525.0,196144.0,2.241005427020851,2.06,274601.6,219681.28
Uttar Pradesh,ALIGARH,2014,Kharif,Rice,90420.0,201998.0,2.233996903339969,2.06,282797.2,226237.76
Uttar Pradesh,ALLAHABAD,1997,Kharif,Rice,142391.0,264382.0,1.8567325182069092,2.108,370134.8,296107.84
Uttar Pradesh,ALLAHABAD,1998,Kharif,Rice,187453.0,334437.0,1.784111217211781,2.108,468211.8,374569.44
Uttar Pradesh,ALLAHABAD,1999,Kharif,Rice,205329.0,431418.0,2.1011060298350452,2.108,603985.2,483188.16
Uttar Pradesh,ALLAHABAD,2000,Kharif,Rice,210540.0,385279.0,1.8299563028403154,2.108,539390.6,431512.48
Uttar Pradesh,ALLAHABAD,2001,Kharif,Rice,182098.0,364115.0,1.9995551845709454,2.108,509761.0,407808.8
Uttar Pradesh,ALLAHABAD,2002,Kharif,Rice,165627.0,315023.0,1.9020026927976719,2.108,441032.2,352825.76
Uttar Pradesh,ALLAHABAD,2003,Kharif,Rice,175078.0,408380.0,2.332560344532151,2.108,571732.0,457385.6
Uttar Pradesh,ALLAHABAD,2004,Kharif,Rice,162912.0,291720.0,1.7906599882144962,2.108,408408.0,326726.4
Uttar Pradesh,ALLAHABAD,2005,Kharif,Rice,187745.0,378494.0,2.016000426109883,2.108,529891.6,423913.28
Uttar Pradesh,ALLAHABAD,2006,Kharif,Rice,162136.0,342918.0,2.115002220358218,2.108,480085.2,384068.16
Uttar Pradesh,ALLAHABAD,2007,Kharif,Rice,165636.0,356449.0,2.1520019802458403,2.108,499028.6,399222.88
Uttar Pradesh,ALLAHABAD,2008,Kharif,Rice,185494.0,453347.0,2.443998188620656,2.108,634685.8,507748.64
Uttar Pradesh,ALLAHABAD,2009,Kharif,Rice,105361.0,228633.0,2.1699964882641583,2.108,320086.2,256068.96
Uttar Pradesh,ALLAHABAD,2010,Kharif,Rice,141316.0,328560.0,2.325002122901865,2.108,459984.0,367987.2
Uttar Pradesh,ALLAHABAD,2011,Kharif,Rice,155232.0,397083.0,2.5579970624613484,2.108,555916.2,444732.96
Uttar Pradesh,ALLAHABAD,2012,Kharif,Rice,148937.0,427300.0,2.8689983012951785,2.108,598220.0,478576.0
Uttar Pradesh,ALLAHABAD,2013,Kharif,Rice,159525.0,420986.0,2.6389970224102806,2.108,589380.4,471504.32
Uttar Pradesh,ALLAHABAD,2014,Kharif,Rice,149419.0,313780.0,2.1000006692589297,2.108,439292.0,351433.6
Uttar Pradesh,AMBEDKAR NAGAR,1997,Kharif,Rice,110693.0,270417.0,2.4429458050644577,2.512,378583.8,302867.04
Uttar Pradesh,AMBEDKAR NAGAR,1998,Kharif,Rice,110093.0,256380.0,2.328758413341448,2.512,358932.0,287145.6
Uttar Pradesh,AMBEDKAR NAGAR,1999,Kharif,Rice,111467.0,317373.0,2.8472372989315224,2.512,444322.2,355457.76
Uttar Pradesh,AMBEDKAR NAGAR,2000,Kharif,Rice,116502.0,288186.0,2.4736571045990625,2.512,403460.4,322768.32
Uttar Pradesh,AMBEDKAR NAGAR,2001,Kharif,Rice,122588.0,296503.0,2.418695141449408,2.512,415104.2,332083.36
Uttar Pradesh,AMBEDKAR NAGAR,2002,Kharif,Rice,113857.0,243408.0,2.137839570689549,2.512,340771.2,272616.96
Uttar Pradesh,AMBEDKAR NAGAR,2003,Kharif,Rice,114092.0,298678.0,2.6178697892928513,2.512,418149.2,334519.36
Uttar Pradesh,AMBEDKAR NAGAR,2004,Kharif,Rice,116438.0,233800.0,2.0079355536852233,2.512,327320.0,261856.0
Uttar Pradesh,AMBEDKAR NAGAR,2005,Kharif,Rice,114474.0,273020.0,2.384995719552038,2.512,382228.0,305782.4
Uttar Pradesh,AMBEDKAR NAGAR,2006,Kharif,Rice,113782.0,204580.0,1.7979996836054912,2.512,286412.0,229129.6
Uttar Pradesh,AMBEDKAR NAGAR,2007,Kharif,Rice,113450.0,289411.0,2.5510004407227855,2.512,405175.4,324140.32
Uttar Pradesh,AMBEDKAR NAGAR,2008,Kharif,Rice,132870.0,358749.0,2.7,2.512,502248.6,401798.88
Uttar Pradesh,AMBEDKAR NAGAR,2009,Kharif,Rice,111508.0,288806.0,2.590002511030599,2.512,404328.4,323462.72
Uttar Pradesh,AMBEDKAR NAGAR,2010,Kharif,Rice,113002.0,298099.0,2.637997557565353,2.512,417338.6,333870.88
Uttar Pradesh,AMBEDKAR NAGAR,2011,Kharif,Rice,116323.0,313374.0,2.693998607326152,2.512,438723.6,350978.88
Uttar Pradesh,AMBEDKAR NAGAR,2012,Kharif,Rice,115800.0,319492.0,2.7589982728842832,2.512,447288.8,357831.04
Uttar Pradesh,AMBEDKAR NAGAR,2013,Kharif,Rice,115279.0,314251.0,2.7260038688746433,2.512,439951.4,351961.12
Uttar Pradesh,AMBEDKAR NAGAR,2014,Kharif,Rice,118607.0,290706.0,2.4510020487829554,2.512,406988.4,325590.72
Uttar Pradesh,AMETHI,2010,Kharif,Rice,113314.0,236940.0,2.09100375946485,2.227,331716.0,265372.8
Uttar Pradesh,AMETHI,2011,Kharif,Rice,122203.0,272146.0,2.2269993371684818,2.227,381004.4,304803.52
Uttar Pradesh,AMETHI,2012,Kharif,Rice,118227.0,308454.0,2.6089979446319367,2.227,431835.6,345468.48
Uttar Pradesh,AMETHI,2013,Kharif,Rice,123251.0,280396.0,2.274999797161889,2.227,392554.4,314043.52
Uttar Pradesh,AMETHI,2014,Kharif,Rice,97395.0,147846.0,1.5180040043123364,2.227,206984.4,165587.52
Uttar Pradesh,AMROHA,1997,Kharif,Rice,31690.0,76136.0,2.4025244556642473,2.157,106590.4,85272.32
Uttar Pradesh,AMROHA,1998,Kharif,Rice,32346.0,76964.0,2.3793977617016013,2.157,107749.6,86199.68
Uttar Pradesh,AMROHA,1999,Kharif,Rice,29503.0,60476.0,2.0498254414805275,2.157,84666.4,67733.12
Uttar Pradesh,AMROHA,2000,Kharif,Rice,28486.0,66368.0,2.3298462402583726,2.157,92915.2,74332.16
Uttar Pradesh,AMROHA,2001,Kharif,Rice,29610.0,65900.0,2.225599459642013,2.157,92260.0,73808.0
Uttar Pradesh,AMROHA,2002,Kharif,Rice,24588.0,55423.0,2.2540670245648284,2.157,77592.2,62073.76
Uttar Pradesh,AMROHA,2003,Kharif,Rice,23717.0,51949.0,2.1903697769532404,2.157,72728.6,58182.88
Uttar Pradesh,AMROHA,2004,Kharif,Rice,26017.0,59524.0,2.28788868816543,2.157,83333.6,66666.88
Uttar Pradesh,AMROHA,2005,Kharif,Rice,21783.0,46267.0,2.1239957765229764,2.157,64773.8,51819.04
Uttar Pradesh,AMROHA,2006,Kharif,Rice,23621.0,48683.0,2.061005037890013,2.157,68156.2,54524.96
Uttar Pradesh,AMROHA,2007,Kharif,Rice,21178.0,46761.0,2.2079988667485124,2.157,65465.4,52372.32
Uttar Pradesh,AMROHA,2008,Kharif,Rice,31620.0,62418.0,1.9740037950664138,2.157,87385.2,69908.16
Uttar Pradesh,AMROHA,2009,Kharif,Rice,26586.0,53916.0,2.0279846535770707,2.157,75482.4,60385.92
Uttar Pradesh,AMROHA,2010,Kharif,Rice,24355.0,47127.0,1.935003079449805,2.157,65977.8,52782.24
Uttar Pradesh,AMROHA,2011,Kharif,Rice,28429.0,57370.0,2.018009778747054,2.157,80318.0,64254.4
Uttar Pradesh,AMROHA,2012,Kharif,Rice,22530.0,40914.0,1.8159786950732357,2.157,57279.6,45823.68
Uttar Pradesh,AMROHA,2013,Kharif,Rice,28126.0,59177.0,2.103996302353694,2.157,82847.8,66278.24
Uttar Pradesh,AMROHA,2014,Kharif,Rice,23134.0,61606.0,2.663006829774358,2.157,86248.4,68998.72
Uttar Pradesh,AURAIYA,1997,Kharif,Rice,41064.0,94537.0,2.302186830313657,2.712,132351.8,105881.44
Uttar Pradesh,AURAIYA,1998,Kharif,Rice,42018.0,109833.0,2.6139511637869486,2.712,153766.2,123012.96
Uttar Pradesh,AURAIYA,1999,Kharif,Rice,49516.0,121005.0,2.4437555537604005,2.712,169407.0,135525.6
Uttar Pradesh,AURAIYA,2000,Kharif,Rice,48622.0,89219.0,1.8349512566328,2.712,124906.6,99925.28
Uttar Pradesh,AURAIYA,2001,Kharif,Rice,51471.0,125273.0,2.433855957723767,2.712,175382.2,140305.76
Uttar Pradesh,AURAIYA,2002,Kharif,Rice,36993.0,81678.0,2.207931230232747,2.712,114349.2,91479.36
Uttar Pradesh,AURAIYA,2003,Kharif,Rice,43191.0,97961.0,2.268088259128059,2.712,137145.4,109716.32
Uttar Pradesh,AURAIYA,2004,Kharif,Rice,45897.0,129492.0,2.82136087325969,2.712,181288.8,145031.04
Uttar Pradesh,AURAIYA,2005,Kharif,Rice,42877.0,108007.0,2.5189961984280616,2.712,151209.8,120967.84
Uttar Pradesh,AURAIYA,2006,Kharif,Rice,48919.0,135457.0,2.7690059077250146,2.712,189639.8,151711.84
Uttar Pradesh,AURAIYA,2007,Kharif,Rice,44161.0,121045.0,2.7409931840311588,2.712,169463.0,135570.4
Uttar Pradesh,AURAIYA,2008,Kharif,Rice,52031.0,159631.0,3.067997924314351,2.712,223483.4,178786.72
Uttar Pradesh,AURAIYA,2009,Kharif,Rice,35567.0,100406.0,2.823010093626114,2.712,140568.4,112454.72
Uttar Pradesh,AURAIYA,2010,Kharif,Rice,37124.0,99641.0,2.684004956362461,2.712,139497.4,111597.92
Uttar Pradesh,AURAIYA,2011,Kharif,Rice,50179.0,145519.0,2.8999980071344584,2.712,203726.6,162981.28
Uttar Pradesh,AURAIYA,2012,Kharif,Rice,52566.0,164321.0,3.1259939885096832,2.712,230049.4,184039.52
Uttar Pradesh,AURAIYA,2013,Kharif,Rice,53582.0,176070.0,3.2859915643313053,2.712,246498.0,197198.4
Uttar Pradesh,AURAIYA,2014,Kharif,Rice,55752.0,175898.0,3.155007892093557,2.712,246257.2,197005.76
Uttar Pradesh,AZAMGARH,1997,Kharif,Rice,202707.0,419064.0,2.0673385724222646,1.972,586689.6,469351.68
Uttar Pradesh,AZAMGARH,1998,Kharif,Rice,199011.0,346646.0,1.74184341569059,1.972,485304.4,388243.52
Uttar Pradesh,AZAMGARH,1999,Kharif,Rice,203833.0,445549.0,2.185853124862019,1.972,623768.6,499014.88
Uttar Pradesh,AZAMGARH,2000,Kharif,Rice,211031.0,390953.0,1.8525856390767232,1.972,547334.2,437867.36
Uttar Pradesh,AZAMGARH,2001,Kharif,Rice,209614.0,433548.0,2.068316047592241,1.972,606967.2,485573.76
Uttar Pradesh,AZAMGARH,2002,Kharif,Rice,180384.0,303911.0,1.6848002040092247,1.972,425475.4,340380.32
Uttar Pradesh,AZAMGARH,2003,Kharif,Rice,205352.0,417537.0,2.0332745724414663,1.972,584551.8,467641.44
Uttar Pradesh,AZAMGARH,2004,Kharif,Rice,212127.0,187398.0,0.8834236094415138,1.972,262357.2,209885.76
Uttar Pradesh,AZAMGARH,2005,Kharif,Rice,201562.0,353338.0,1.7529990772070132,1.972,494673.2,395738.56
Uttar Pradesh,AZAMGARH,2006,Kharif,Rice,207566.0,304914.0,1.4689978127438983,1.972,426879.6,341503.68
Uttar Pradesh,AZAMGARH,2007,Kharif,Rice,215737.0,416372.0,1.9299980995378632,1.972,582920.8,466336.64
Uttar Pradesh,AZAMGARH,2008,Kharif,Rice,213081.0,419343.0,1.9679980852351922,1.972,587080.2,469664.16
Uttar Pradesh,AZAMGARH,2009,Kharif,Rice,190222.0,332128.0,1.746002039722009,1.972,464979.2,371983.36
Uttar Pradesh,AZAMGARH,2010,Kharif,Rice,203577.0,417536.0,2.0509979025135454,1.972,584550.4,467640.32
Uttar Pradesh,AZAMGARH,2011,Kharif,Rice,210944.0,469350.0,2.224998103762136,1.972,657090.0,525672.0
Uttar Pradesh,AZAMGARH,2012,Kharif,Rice,210961.0,453777.0,2.1509994738363964,1.972,635287.8,508230.24
Uttar Pradesh,AZAMGARH,2013,Kharif,Rice,217062.0,477971.0,2.202002192921838,1.972,669159.4,535327.52
Uttar Pradesh,AZAMGARH,2014,Kharif,Rice,202341.0,400028.0,1.9769992240821188,1.972,560039.2,448031.36
Uttar Pradesh,BAGHPAT,1997,Kharif,Rice,3307.0,9518.0,2.8781372845479285,2.608,13325.2,10660.16
Uttar Pradesh,BAGHPAT,1998,Kharif,Rice,4591.0,9200.0,2.003920714441298,2.608,12880.0,10304.0
Uttar Pradesh,BAGHPAT,1999,Kharif,Rice,5342.0,13777.0,2.5789966304754772,2.608,19287.8,15430.24
Uttar Pradesh,BAGHPAT,2000,Kharif,Rice,5949.0,16013.0,2.69171289292318,2.608,22418.2,17934.56
Uttar Pradesh,BAGHPAT,2001,Kharif,Rice,5949.0,13576.0,2.2820642124726844,2.608,19006.4,15205.12
Uttar Pradesh,BAGHPAT,2002,Kharif,Rice,2806.0,6252.0,2.2280826799714895,2.608,8752.8,7002.24
Uttar Pradesh,BAGHPAT,2003,Kharif,Rice,3147.0,8514.0,2.7054337464251668,2.608,11919.6,9535.68
Uttar Pradesh,BAGHPAT,2004,Kharif,Rice,3230.0,8459.0,2.6188854489164086,2.608,11842.6,9474.08
Uttar Pradesh,BAGHPAT,2005,Kharif,Rice,3010.0,7429.0,2.4681063122923588,2.608,10400.6,8320.48
Uttar Pradesh,BAGHPAT,2006,Kharif,Rice,2637.0,6848.0,2.596890405764126,2.608,9587.2,7669.76
Uttar Pradesh,BAGHPAT,2007,Kharif,Rice,1866.0,5643.0,3.0241157556270095,2.608,7900.2,6320.16
Uttar Pradesh,BAGHPAT,2008,Kharif,Rice,3279.0,7594.0,2.3159499847514486,2.608,10631.6,8505.28
Uttar Pradesh,BAGHPAT,2009,Kharif,Rice,3646.0,9906.0,2.716950082281953,2.608,13868.4,11094.72
Uttar Pradesh,BAGHPAT,2010,Kharif,Rice,4575.0,10756.0,2.3510382513661203,2.608,15058.4,12046.72
Uttar Pradesh,BAGHPAT,2011,Kharif,Rice,5108.0,14292.0,2.79796397807361,2.608,20008.8,16007.04
Uttar Pradesh,BAGHPAT,2012,Kharif,Rice,5088.0,15483.0,3.0430424528301887,2.608,21676.2,17340.96
Uttar Pradesh,BAGHPAT,2013,Kharif,Rice,7931.0,24126.0,3.041987139074518,2.608,33776.4,27021.12
Uttar Pradesh,BAGHPAT,2014,Kharif,Rice,5792.0,14515.0,2.506042817679558,2.608,20321.0,16256.8
Uttar Pradesh,BAHRAICH,1997,Kharif,Rice,123564.0,202315.0,1.6373296429380726,1.874,283241.0,226592.8
Uttar Pradesh,BAHRAICH,1998,Kharif,Rice,120967.0,202696.0,1.6756305438673358,1.874,283774.4,227019.52
Uttar Pradesh,BAHRAICH,1999,Kharif,Rice,121579.0,216828.0,1.783432994184851,1.874,303559.2,242847.36
Uttar Pradesh,BAHRAICH,2000,Kharif,Rice,122059.0,224983.0,1.8432315519543827,1.874,314976.2,251980.96
Uttar Pradesh,BAHRAICH,2001,Kharif,Rice,151827.0,299111.0,1.9700777859010585,1.874,418755.4,335004.32
Uttar Pradesh,BAHRAICH,2002,Kharif,Rice,157356.0,224311.0,1.4255001398103664,1.874,314035.4,251228.32
Uttar Pradesh,BAHRAICH,2003,Kharif,Rice,156432.0,291867.0,1.8657755446455968,1.874,408613.8,326891.04
Uttar Pradesh,BAHRAICH,2004,Kharif,Rice,159114.0,291375.0,1.831234209434745,1.874,407925.0,326340.0
Uttar Pradesh,BAHRAICH,2005,Kharif,Rice,157629.0,296815.0,1.8829974179878068,1.874,415541.0,332432.8
Uttar Pradesh,BAHRAICH,2006,Kharif,Rice,153920.0,254892.0,1.6560031185031185,1.874,356848.8,285479.04
Uttar Pradesh,BAHRAICH,2007,Kharif,Rice,163515.0,302339.0,1.8489985628229826,1.874,423274.6,338619.68
Uttar Pradesh,BAHRAICH,2008,Kharif,Rice,159350.0,312804.0,1.9629996862252903,1.874,437925.6,350340.48
Uttar Pradesh,BAHRAICH,2009,Kharif,Rice,160636.0,323039.0,2.0110000249010183,1.874,452254.6,361803.68
Uttar Pradesh,BAHRAICH,2010,Kharif,Rice,159111.0,329519.0,2.07100074790555,1.874,461326.6,369061.28
Uttar Pradesh,BAHRAICH,2011,Kharif,Rice,159686.0,352427.0,2.2069999874754207,1.874,493397.8,394718.24
Uttar Pradesh,BAHRAICH,2012,Kharif,Rice,159182.0,380445.0,2.3900001256423464,1.874,532623.0,426098.4
Uttar Pradesh,BAHRAICH,2013,Kharif,Rice,159025.0,375935.0,2.363999371168055,1.874,526309.0,421047.2
Uttar Pradesh,BAHRAICH,2014,Kharif,Rice,165249.0,367679.0,2.224999848713154,1.874,514750.6,411800.48
Uttar Pradesh,BALLIA,1997,Kharif,Rice,112791.0,213555.0,1.893369151794026,1.874,298977.0,239181.6
Uttar Pradesh,BALLIA,1998,Kharif,Rice,119290.0,218751.0,1.833774834437086,1.874,306251.4,245001.12
Uttar Pradesh,BALLIA,1999,Kharif,Rice,117170.0,227541.0,1.9419732013313988,1.874,318557.4,254845.92
Uttar Pradesh,BALLIA,2000,Kharif,Rice,119614.0,207163.0,1.731929372815891,1.874,290028.2,232022.56
Uttar Pradesh,BALLIA,2001,Kharif,Rice,120779.0,233776.0,1.9355682693183418,1.874,327286.4,261829.12
Uttar Pradesh,BALLIA,2002,Kharif,Rice,116396.0,167845.0,1.442016907797519,1.874,234983.0,187986.4
Uttar Pradesh,BALLIA,2003,Kharif,Rice,122943.0,219624.0,1.7863888143285913,1.874,307473.6,245978.88
Uttar Pradesh,BALLIA,2004,Kharif,Rice,120195.0,64687.0,0.5381837846832231,1.874,90561.8,72449.44
Uttar Pradesh,BALLIA,2005,Kharif,Rice,122495.0,179210.0,1.462998489734275,1.874,250894.0,200715.2
Uttar Pradesh,BALLIA,2006,Kharif,Rice,119243.0,159309.0,1.336002951955251,1.874,223032.6,178426.08
Uttar Pradesh,BALLIA,2007,Kharif,Rice,118660.0,220114.0,1.8549974717680768,1.874,308159.6,246527.68
Uttar Pradesh,BALLIA,2008,Kharif,Rice,123485.0,242401.0,1.9629995546017736,1.874,339361.4,271489.12
Uttar Pradesh,BALLIA,2009,Kharif,Rice,82351.0,89433.0,1.0859977413753323,1.874,125206.2,100164.96
Uttar Pradesh,BALLIA,2010,Kharif,Rice,108568.0,206931.0,1.906003610640336,1.874,289703.4,231762.72
Uttar Pradesh,BALLIA,2011,Kharif,Rice,117098.0,297663.0,2.5419990093767613,1.874,416728.2,333382.56
Uttar Pradesh,BALLIA,2012,Kharif,Rice,112168.0,244302.0,2.1780008558590684,1.874,342022.8,273618.24
Uttar Pradesh,BALLIA,2013,Kharif,Rice,118000.0,261960.0,2.22,1.874,366744.0,293395.2
Uttar Pradesh,BALLIA,2014,Kharif,Rice,122464.0,251908.0,2.056996341782075,1.874,352671.2,282136.96
Uttar Pradesh,BALRAMPUR,1997,Kharif,Rice,81826.0,160619.0,1.9629335419059957,1.866,224866.6,179893.28
Uttar Pradesh,BALRAMPUR,1998,Kharif,Rice,79453.0,135837.0,1.709652247240507,1.866,190171.8,152137.44
Uttar Pradesh,BALRAMPUR,1999,Kharif,Rice,79413.0,144816.0,1.8235805220807677,1.866,202742.4,162193.92
Uttar Pradesh,BALRAMPUR,2000,Kharif,Rice,117161.0,189759.0,1.6196430552829013,1.866,265662.6,212530.08
Uttar Pradesh,BALRAMPUR,2001,Kharif,Rice,116107.0,220172.0,1.8962853230210064,1.866,308240.8,246592.64
Uttar Pradesh,BALRAMPUR,2002,Kharif,Rice,106445.0,83699.0,0.7863121799990606,1.866,117178.6,93742.88
Uttar Pradesh,BALRAMPUR,2003,Kharif,Rice,98272.0,171771.0,1.7479139531097363,1.866,240479.4,192383.52
Uttar Pradesh,BALRAMPUR,2004,Kharif,Rice,110144.0,173215.0,1.5726231115630447,1.866,242501.0,194000.8
Uttar Pradesh,BALRAMPUR,2005,Kharif,Rice,98272.0,192122.0,1.9550024422012373,1.866,268970.8,215176.64
Uttar Pradesh,BALRAMPUR,2006,Kharif,Rice,122512.0,222727.0,1.8180015018936921,1.866,311817.8,249454.24
Uttar Pradesh,BALRAMPUR,2007,Kharif,Rice,100608.0,204838.0,2.0360011132315523,1.866,286773.2,229418.56
Uttar Pradesh,BALRAMPUR,2008,Kharif,Rice,108039.0,284035.0,2.6290043410250004,1.866,397649.0,318119.2
Uttar Pradesh,BALRAMPUR,2009,Kharif,Rice,101195.0,179419.0,1.7730026187064578,1.866,251186.6,200949.28
Uttar Pradesh,BALRAMPUR,2010,Kharif,Rice,105641.0,230192.0,2.1790024706316675,1.866,322268.8,257815.04
Uttar Pradesh,BALRAMPUR,2011,Kharif,Rice,107106.0,235098.0,2.1950030810598844,1.866,329137.2,263309.76
Uttar Pradesh,BALRAMPUR,2012,Kharif,Rice,106533.0,247370.0,2.3220035106492825,1.866,346318.0,277054.4
Uttar Pradesh,BALRAMPUR,2013,Kharif,Rice,105387.0,232800.0,2.209001110193857,1.866,325920.0,260736.0
Uttar Pradesh,BALRAMPUR,2014,Kharif,Rice,108030.0,198235.0,1.834999537165602,1.866,277529.0,222023.2
Uttar Pradesh,BANDA,1997,Kharif,Rice,59411.0,71202.0,1.1984649307367323,1.189,99682.8,79746.24
Uttar Pradesh,BANDA,1998,Kharif,Rice,61300.0,91229.0,1.4882381729200653,1.189,127720.6,102176.48
Uttar Pradesh,BANDA,1999,Kharif,Rice,64840.0,86354.0,1.3318013571869216,1.189,120895.6,96716.48
Uttar Pradesh,BANDA,2000,Kharif,Rice,65618.0,66153.0,1.0081532506324484,1.189,92614.2,74091.36
Uttar Pradesh,BANDA,2001,Kharif,Rice,66005.0,92333.0,1.3988788728126658,1.189,129266.2,103412.96
Uttar Pradesh,BANDA,2002,Kharif,Rice,58582.0,47473.0,0.8103683725376396,1.189,66462.2,53169.76
Uttar Pradesh,BANDA,2003,Kharif,Rice,60840.0,71378.0,1.1732084155161078,1.189,99929.2,79943.36
Uttar Pradesh,BANDA,2004,Kharif,Rice,64353.0,75917.0,1.179696362251954,1.189,106283.8,85027.04
Uttar Pradesh,BANDA,2005,Kharif,Rice,14460.0,11929.0,0.8249654218533886,1.189,16700.6,13360.48
Uttar Pradesh,BANDA,2006,Kharif,Rice,57838.0,51129.0,0.8840035962515993,1.189,71580.6,57264.48
Uttar Pradesh,BANDA,2007,Kharif,Rice,28577.0,17975.0,0.6290023445428141,1.189,25165.0,20132.0
Uttar Pradesh,BANDA,2008,Kharif,Rice,56371.0,80949.0,1.4360043284667647,1.189,113328.6,90662.88
Uttar Pradesh,BANDA,2009,Kharif,Rice,30889.0,32650.0,1.0570105862928552,1.189,45710.0,36568.0
Uttar Pradesh,BANDA,2010,Kharif,Rice,47536.0,54761.0,1.1519900706832715,1.189,76665.4,61332.32
Uttar Pradesh,BANDA,2011,Kharif,Rice,55840.0,82587.0,1.478993553008596,1.189,115621.8,92497.44
Uttar Pradesh,BANDA,2012,Kharif,Rice,49833.0,87208.0,1.7500050167559649,1.189,122091.2,97672.96
Uttar Pradesh,BANDA,2013,Kharif,Rice,56350.0,101881.0,1.8080035492457853,1.189,142633.4,114106.72
Uttar Pradesh,BANDA,2014,Kharif,Rice,45895.0,81923.0,1.785009260268003,1.189,114692.2,91753.76
Uttar Pradesh,BARABANKI,1997,Kharif,Rice,139476.0,276910.0,1.985359488370759,2.233,387674.0,310139.2
Uttar Pradesh,BARABANKI,1998,Kharif,Rice,149413.0,321486.0,2.1516601634395935,2.233,450080.4,360064.32
Uttar Pradesh,BARABANKI,1999,Kharif,Rice,154008.0,330481.0,2.1458690457638565,2.233,462673.4,370138.72
Uttar Pradesh,BARABANKI,2000,Kharif,Rice,159139.0,282912.0,1.7777666065515052,2.233,396076.8,316861.44
Uttar Pradesh,BARABANKI,2001,Kharif,Rice,158817.0,336886.0,2.1212212798378007,2.233,471640.4,377312.32
Uttar Pradesh,BARABANKI,2002,Kharif,Rice,146179.0,310333.0,2.1229656790647082,2.233,434466.2,347572.96
Uttar Pradesh,BARABANKI,2003,Kharif,Rice,176642.0,415220.0,2.3506300879745474,2.233,581308.0,465046.4
Uttar Pradesh,BARABANKI,2004,Kharif,Rice,186987.0,461762.0,2.469487183600999,2.233,646466.8,517173.44
Uttar Pradesh,BARABANKI,2005,Kharif,Rice,179338.0,416602.0,2.3229990297650245,2.233,583242.8,466594.24
Uttar Pradesh,BARABANKI,2006,Kharif,Rice,182527.0,376553.0,2.0629988987930554,2.233,527174.2,421739.36
Uttar Pradesh,BARABANKI,2007,Kharif,Rice,195339.0,294767.0,1.5090022985681302,2.233,412673.8,330139.04
Uttar Pradesh,BARABANKI,2008,Kharif,Rice,161107.0,331397.0,2.056999385501561,2.233,463955.8,371164.64
Uttar Pradesh,BARABANKI,2009,Kharif,Rice,172786.0,399827.0,2.314001134351163,2.233,559757.8,447806.24
Uttar Pradesh,BARABANKI,2010,Kharif,Rice,176864.0,420936.0,2.379998190700199,2.233,589310.4,471448.32
Uttar Pradesh,BARABANKI,2011,Kharif,Rice,177698.0,486004.0,2.7349998311742394,2.233,680405.6,544324.48
Uttar Pradesh,BARABANKI,2012,Kharif,Rice,183962.0,562372.0,3.05700090236027,2.233,787320.8,629856.64
Uttar Pradesh,BARABANKI,2013,Kharif,Rice,181235.0,517970.0,2.858002041548266,2.233,725158.0,580126.4
Uttar Pradesh,BARABANKI,2014,Kharif,Rice,191884.0,529600.0,2.76000083383711,2.233,741440.0,593152.0
Uttar Pradesh,BAREILLY,1997,Kharif,Rice,162862.0,376411.0,2.311226682712972,1.998,526975.4,421580.32
Uttar Pradesh,BAREILLY,1998,Kharif,Rice,172969.0,361703.0,2.091143499702259,1.998,506384.2,405107.36
Uttar Pradesh,BAREILLY,1999,Kharif,Rice,181820.0,386081.0,2.1234242657573423,1.998,540513.4,432410.72
Uttar Pradesh,BAREILLY,2000,Kharif,Rice,179743.0,348088.0,1.9365872384460034,1.998,487323.2,389858.56
Uttar Pradesh,BAREILLY,2001,Kharif,Rice,175784.0,363683.0,2.0689198106767397,1.998,509156.2,407324.96
Uttar Pradesh,BAREILLY,2002,Kharif,Rice,122792.0,229487.0,1.868908397941234,1.998,321281.8,257025.44
Uttar Pradesh,BAREILLY,2003,Kharif,Rice,159862.0,338695.0,2.118671103827051,1.998,474173.0,379338.4
Uttar Pradesh,BAREILLY,2004,Kharif,Rice,187526.0,359792.0,1.918624617386389,1.998,503708.8,402967.04
Uttar Pradesh,BAREILLY,2005,Kharif,Rice,159862.0,301819.0,1.887997147539753,1.998,422546.6,338037.28
Uttar Pradesh,BAREILLY,2006,Kharif,Rice,187526.0,335484.0,1.7889999253436857,1.998,469677.6,375742.08
Uttar Pradesh,BAREILLY,2007,Kharif,Rice,151272.0,292711.0,1.9349978846052145,1.998,409795.4,327836.32
Uttar Pradesh,BAREILLY,2008,Kharif,Rice,186648.0,326447.0,1.748998114097124,1.998,457025.8,365620.64
Uttar Pradesh,BAREILLY,2009,Kharif,Rice,149116.0,266321.0,1.7859988197108292,1.998,372849.4,298279.52
Uttar Pradesh,BAREILLY,2010,Kharif,Rice,163015.0,270279.0,1.6580007974726252,1.998,378390.6,302712.48
Uttar Pradesh,BAREILLY,2011,Kharif,Rice,166888.0,420558.0,2.5200014380902163,1.998,588781.2,471024.96
Uttar Pradesh,BAREILLY,2012,Kharif,Rice,145203.0,324384.0,2.234003429681205,1.998,454137.6,363310.08
Uttar Pradesh,BAREILLY,2013,Kharif,Rice,162916.0,366561.0,2.25,1.998,513185.4,410548.32
Uttar Pradesh,BAREILLY,2014,Kharif,Rice,162390.0,334361.0,2.0589999384198534,1.998,468105.4,374484.32
Uttar Pradesh,BASTI,1997,Kharif,Rice,115757.0,205182.0,1.7725234759021053,2.055,287254.8,229803.84
Uttar Pradesh,BASTI,1998,Kharif,Rice,111703.0,164962.0,1.4767911336311468,2.055,230946.8,184757.44
Uttar Pradesh,BASTI,1999,Kharif,Rice,111806.0,252057.0,2.2544138954975583,2.055,352879.8,282303.84
Uttar Pradesh,BASTI,2000,Kharif,Rice,111560.0,240346.0,2.1544101828612408,2.055,336484.4,269187.52
Uttar Pradesh,BASTI,2001,Kharif,Rice,119463.0,254295.0,2.1286507119359133,2.055,356013.0,284810.4
Uttar Pradesh,BASTI,2002,Kharif,Rice,117509.0,133227.0,1.1337599673216519,2.055,186517.8,149214.24
Uttar Pradesh,BASTI,2003,Kharif,Rice,118834.0,263294.0,2.2156453540232595,2.055,368611.6,294889.28
Uttar Pradesh,BASTI,2004,Kharif,Rice,118438.0,176170.0,1.487444907884294,2.055,246638.0,197310.4
Uttar Pradesh,BASTI,2005,Kharif,Rice,118834.0,197502.0,1.661999091169194,2.055,276502.8,221202.24
Uttar Pradesh,BASTI,2006,Kharif,Rice,109692.0,165525.0,1.508997921452795,2.055,231735.0,185388.0
Uttar Pradesh,BASTI,2007,Kharif,Rice,114107.0,210984.0,1.849001375901566,2.055,295377.6,236302.08
Uttar Pradesh,BASTI,2008,Kharif,Rice,111663.0,223884.0,2.004997179011848,2.055,313437.6,250750.08
Uttar Pradesh,BASTI,2009,Kharif,Rice,108375.0,231056.0,2.13200461361015,2.055,323478.4,258782.72
Uttar Pradesh,BASTI,2010,Kharif,Rice,102314.0,215473.0,2.105997224231288,2.055,301662.2,241329.76
Uttar Pradesh,BASTI,2011,Kharif,Rice,122176.0,316802.0,2.5929969879518073,2.055,443522.8,354818.24
Uttar Pradesh,BASTI,2012,Kharif,Rice,107977.0,265084.0,2.4550043064726745,2.055,371117.6,296894.08
Uttar Pradesh,BASTI,2013,Kharif,Rice,104860.0,263933.0,2.517003623879458,2.055,369506.2,295604.96
Uttar Pradesh,BASTI,2014,Kharif,Rice,104328.0,202814.0,1.9440035273368608,2.055,283939.6,227151.68
Uttar Pradesh,BIJNOR,1997,Kharif,Rice,62687.0,186400.0,2.9735032781916506,2.609,260960.0,208768.0
Uttar Pradesh,BIJNOR,1998,Kharif,Rice,65312.0,183983.0,2.816986158745713,2.609,257576.2,206060.96
Uttar Pradesh,BIJNOR,1999,Kharif,Rice,63349.0,176290.0,2.782837929564792,2.609,246806.0,197444.8
Uttar Pradesh,BIJNOR,2000,Kharif,Rice,65831.0,183353.0,2.785207576977412,2.609,256694.2,205355.36
Uttar Pradesh,BIJNOR,2001,Kharif,Rice,64581.0,194561.0,3.012666264071476,2.609,272385.4,217908.32
Uttar Pradesh,BIJNOR,2002,Kharif,Rice,52924.0,141933.0,2.681826770463306,2.609,198706.2,158964.96
Uttar Pradesh,BIJNOR,2003,Kharif,Rice,55591.0,142603.0,2.5652173913043477,2.609,199644.2,159715.36
Uttar Pradesh,BIJNOR,2004,Kharif,Rice,61346.0,175022.0,2.8530303524272163,2.609,245030.8,196024.64
Uttar Pradesh,BIJNOR,2005,Kharif,Rice,53816.0,140567.0,2.6119927159209158,2.609,196793.8,157435.04
Uttar Pradesh,BIJNOR,2006,Kharif,Rice,61346.0,158641.0,2.5860039774394417,2.609,222097.4,177677.92
Uttar Pradesh,BIJNOR,2007,Kharif,Rice,60515.0,157763.0,2.6070065273072793,2.609,220868.2,176694.56
Uttar Pradesh,BIJNOR,2008,Kharif,Rice,52426.0,131747.0,2.5130088124213175,2.609,184445.8,147556.64
Uttar Pradesh,BIJNOR,2009,Kharif,Rice,49403.0,118024.0,2.3890047163127743,2.609,165233.6,132186.88
Uttar Pradesh,BIJNOR,2010,Kharif,Rice,55816.0,131000.0,2.3469972767665186,2.609,183400.0,146720.0
Uttar Pradesh,BIJNOR,2011,Kharif,Rice,53734.0,128800.0,2.3969925931440055,2.609,180320.0,144256.0
Uttar Pradesh,BIJNOR,2012,Kharif,Rice,51390.0,129708.0,2.5239929947460595,2.609,181591.2,145272.96
Uttar Pradesh,BIJNOR,2013,Kharif,Rice,52943.0,123304.0,2.3289953346051413,2.609,172625.6,138100.48
Uttar Pradesh,BIJNOR,2014,Kharif,Rice,54742.0,143205.0,2.615998684739323,2.609,200487.0,160389.6
Uttar Pradesh,BUDAUN,1997,Kharif,Rice,75479.0,141053.0,1.8687714463625644,1.851,197474.2,157979.36
Uttar Pradesh,BUDAUN,1998,Kharif,Rice,86247.0,150611.0,1.7462752327617193,1.851,210855.4,168684.32
Uttar Pradesh,BUDAUN,1999,Kharif,Rice,108043.0,200329.0,1.8541599178105013,1.851,280460.6,224368.48
Uttar Pradesh,BUDAUN,2000,Kharif,Rice,110184.0,169222.0,1.5358128221883396,1.851,236910.8,189528.64
Uttar Pradesh,BUDAUN,2001,Kharif,Rice,103869.0,162355.0,1.5630746420972572,1.851,227297.0,181837.6
Uttar Pradesh,BUDAUN,2002,Kharif,Rice,56688.0,76092.0,1.34229466553768,1.851,106528.8,85223.04
Uttar Pradesh,BUDAUN,2003,Kharif,Rice,73263.0,146059.0,1.9936257046530992,1.851,204482.6,163586.08
Uttar Pradesh,BUDAUN,2004,Kharif,Rice,90405.0,142174.0,1.5726342569548144,1.851,199043.6,159234.88
Uttar Pradesh,BUDAUN,2005,Kharif,Rice,67430.0,118407.0,1.755998813584458,1.851,165769.8,132615.84
Uttar Pradesh,BUDAUN,2006,Kharif,Rice,87564.0,161030.0,1.8389977616372024,1.851,225442.0,180353.6
Uttar Pradesh,BUDAUN,2007,Kharif,Rice,88595.0,163724.0,1.848004966420227,1.851,229213.6,183370.88
Uttar Pradesh,BUDAUN,2008,Kharif,Rice,77267.0,137149.0,1.7750009706601784,1.851,192008.6,153606.88
Uttar Pradesh,BUDAUN,2009,Kharif,Rice,67293.0,135124.0,2.0079948880269867,1.851,189173.6,151338.88
Uttar Pradesh,BUDAUN,2010,Kharif,Rice,84311.0,158167.0,1.875994828670043,1.851,221433.8,177147.04
Uttar Pradesh,BUDAUN,2011,Kharif,Rice,87728.0,187299.0,2.134996808316615,1.851,262218.6,209774.88
Uttar Pradesh,BUDAUN,2012,Kharif,Rice,83806.0,191329.0,2.2829988306326516,1.851,267860.6,214288.48
Uttar Pradesh,BUDAUN,2013,Kharif,Rice,79975.0,176185.0,2.2030009377930604,1.851,246659.0,197327.2
Uttar Pradesh,BUDAUN,2014,Kharif,Rice,81242.0,166790.0,2.0530021417493414,1.851,233506.0,186804.8
Uttar Pradesh,BULANDSHAHR,1997,Kharif,Rice,14777.0,42533.0,2.878324423089937,2.29,59546.2,47636.96
Uttar Pradesh,BULANDSHAHR,1998,Kharif,Rice,21946.0,49298.0,2.2463319055864392,2.29,69017.2,55213.76
Uttar Pradesh,BULANDSHAHR,1999,Kharif,Rice,34970.0,79529.0,2.274206462682299,2.29,111340.6,89072.48
Uttar Pradesh,BULANDSHAHR,2000,Kharif,Rice,45683.0,93141.0,2.038854716196397,2.29,130397.4,104317.92
Uttar Pradesh,BULANDSHAHR,2001,Kharif,Rice,39615.0,89141.0,2.2501830114855483,2.29,124797.4,99837.92
Uttar Pradesh,BULANDSHAHR,2002,Kharif,Rice,39646.0,91108.0,2.2980376330525147,2.29,127551.2,102040.96
Uttar Pradesh,BULANDSHAHR,2003,Kharif,Rice,44941.0,102596.0,2.282904252241828,2.29,143634.4,114907.52
Uttar Pradesh,BULANDSHAHR,2004,Kharif,Rice,50510.0,122273.0,2.4207681647198576,2.29,171182.2,136945.76
Uttar Pradesh,BULANDSHAHR,2005,Kharif,Rice,45027.0,102031.0,2.265995957980767,2.29,142843.4,114274.72
Uttar Pradesh,BULANDSHAHR,2006,Kharif,Rice,46033.0,100444.0,2.181999869658723,2.29,140621.6,112497.28
Uttar Pradesh,BULANDSHAHR,2007,Kharif,Rice,58105.0,135908.0,2.339006970140263,2.29,190271.2,152216.96
Uttar Pradesh,BULANDSHAHR,2008,Kharif,Rice,69306.0,160374.0,2.3139987879837243,2.29,224523.6,179618.88
Uttar Pradesh,BULANDSHAHR,2009,Kharif,Rice,61431.0,138220.0,2.2500040696065504,2.29,193508.0,154806.4
Uttar Pradesh,BULANDSHAHR,2010,Kharif,Rice,74827.0,168885.0,2.257006160877758,2.29,236439.0,189151.2
Uttar Pradesh,BULANDSHAHR,2011,Kharif,Rice,88300.0,209271.0,2.37,2.29,292979.4,234383.52
Uttar Pradesh,BULANDSHAHR,2012,Kharif,Rice,83783.0,216328.0,2.582003509065085,2.29,302859.2,242287.36
Uttar Pradesh,BULANDSHAHR,2013,Kharif,Rice,95669.0,251801.0,2.632002006919692,2.29,352521.4,282017.12
Uttar Pradesh,BULANDSHAHR,2014,Kharif,Rice,107595.0,275551.0,2.561001905292997,2.29,385771.4,308617.12
Uttar Pradesh,CHANDAULI,1997,Kharif,Rice,102240.0,314455.0,3.0756553208137714,2.677,440237.0,352189.6
Uttar Pradesh,CHANDAULI,1998,Kharif,Rice,102928.0,279799.0,2.7183953831804755,2.677,391718.6,313374.88
Uttar Pradesh,CHANDAULI,1999,Kharif,Rice,103837.0,298636.0,2.8760075888170884,2.677,418090.4,334472.32
Uttar Pradesh,CHANDAULI,2000,Kharif,Rice,102824.0,224044.0,2.1789076480199174,2.677,313661.6,250929.28
Uttar Pradesh,CHANDAULI,2001,Kharif,Rice,113079.0,322634.0,2.853173445113593,2.677,451687.6,361350.08
Uttar Pradesh,CHANDAULI,2002,Kharif,Rice,111195.0,282086.0,2.5368586717028645,2.677,394920.4,315936.32
Uttar Pradesh,CHANDAULI,2003,Kharif,Rice,111549.0,332782.0,2.9832808900124608,2.677,465894.8,372715.84
Uttar Pradesh,CHANDAULI,2004,Kharif,Rice,110987.0,212735.0,1.9167560164703974,2.677,297829.0,238263.2
Uttar Pradesh,CHANDAULI,2005,Kharif,Rice,108759.0,233288.0,2.144999494294725,2.677,326603.2,261282.56
Uttar Pradesh,CHANDAULI,2006,Kharif,Rice,140300.0,359168.0,2.56,2.677,502835.2,402268.16
Uttar Pradesh,CHANDAULI,2007,Kharif,Rice,94847.0,247456.0,2.6090018661634,2.677,346438.4,277150.72
Uttar Pradesh,CHANDAULI,2008,Kharif,Rice,116198.0,310365.0,2.6710012220520145,2.677,434511.0,347608.8
Uttar Pradesh,CHANDAULI,2009,Kharif,Rice,86936.0,174654.0,2.0089951228489924,2.677,244515.6,195612.48
Uttar Pradesh,CHANDAULI,2010,Kharif,Rice,98325.0,270984.0,2.756003051106026,2.677,379377.6,303502.08
Uttar Pradesh,CHANDAULI,2011,Kharif,Rice,111777.0,299451.0,2.6790037306422607,2.677,419231.4,335385.12
Uttar Pradesh,CHANDAULI,2012,Kharif,Rice,108200.0,302203.0,2.793003696857671,2.677,423084.2,338467.36
Uttar Pradesh,CHANDAULI,2013,Kharif,Rice,112455.0,300817.0,2.6749988884442666,2.677,421143.8,336915.04
Uttar Pradesh,CHANDAULI,2014,Kharif,Rice,102598.0,303793.0,2.961003138462738,2.677,425310.2,340248.16
Uttar Pradesh,CHITRAKOOT,1997,Kharif,Rice,14170.0,11661.0,0.8229357798165138,0.844,16325.4,13060.32
Uttar Pradesh,CHITRAKOOT,1998,Kharif,Rice,15134.0,24526.0,1.6205894013479583,0.844,34336.4,27469.12
Uttar Pradesh,CHITRAKOOT,1999,Kharif,Rice,17044.0,18527.0,1.0870100915278105,0.844,25937.8,20750.24
Uttar Pradesh,CHITRAKOOT,2000,Kharif,Rice,17088.0,14775.0,0.8646418539325843,0.844,20685.0,16548.0
Uttar Pradesh,CHITRAKOOT,2001,Kharif,Rice,18842.0,21379.0,1.1346460036089587,0.844,29930.6,23944.48
Uttar Pradesh,CHITRAKOOT,2002,Kharif,Rice,10259.0,7435.0,0.7247295057997856,0.844,10409.0,8327.2
Uttar Pradesh,CHITRAKOOT,2003,Kharif,Rice,13864.0,15805.0,1.140002885170225,0.844,22127.0,17701.6
Uttar Pradesh,CHITRAKOOT,2004,Kharif,Rice,15140.0,12356.0,0.8161162483487451,0.844,17298.4,13838.72
Uttar Pradesh,CHITRAKOOT,2005,Kharif,Rice,10047.0,7565.0,0.7529610829103215,0.844,10591.0,8472.8
Uttar Pradesh,CHITRAKOOT,2006,Kharif,Rice,10584.0,4953.0,0.4679705215419501,0.844,6934.2,5547.36
Uttar Pradesh,CHITRAKOOT,2007,Kharif,Rice,12979.0,3271.0,0.2520224978811927,0.844,4579.4,3663.52
Uttar Pradesh,CHITRAKOOT,2008,Kharif,Rice,9532.0,7187.0,0.7539865715484683,0.844,10061.8,8049.44
Uttar Pradesh,CHITRAKOOT,2009,Kharif,Rice,7026.0,3864.0,0.5499573014517506,0.844,5409.6,4327.68
Uttar Pradesh,CHITRAKOOT,2010,Kharif,Rice,7506.0,5892.0,0.7849720223820943,0.844,8248.8,6599.04
Uttar Pradesh,CHITRAKOOT,2011,Kharif,Rice,7886.0,7949.0,1.0079888409840223,0.844,11128.6,8902.88
Uttar Pradesh,CHITRAKOOT,2012,Kharif,Rice,8494.0,12741.0,1.5,0.844,17837.4,14269.92
Uttar Pradesh,CHITRAKOOT,2013,Kharif,Rice,10155.0,18208.0,1.7930083702609552,0.844,25491.2,20392.96
Uttar Pradesh,CHITRAKOOT,2014,Kharif,Rice,12662.0,12763.0,1.007976622966356,0.844,17868.2,14294.56
Uttar Pradesh,DEORIA,1997,Kharif,Rice,121281.0,234686.0,1.9350599022105688,1.985,328560.4,262848.32
Uttar Pradesh,DEORIA,1998,Kharif,Rice,120846.0,206791.0,1.7111944127236318,1.985,289507.4,231605.92
Uttar Pradesh,DEORIA,1999,Kharif,Rice,123788.0,280524.0,2.266164733253627,1.985,392733.6,314186.88
Uttar Pradesh,DEORIA,2000,Kharif,Rice,123132.0,300532.0,2.4407302732027416,1.985,420744.8,336595.84
Uttar Pradesh,DEORIA,2001,Kharif,Rice,126977.0,247386.0,1.9482740968836876,1.985,346340.4,277072.32
Uttar Pradesh,DEORIA,2002,Kharif,Rice,128478.0,223404.0,1.738850231167982,1.985,312765.6,250212.48
Uttar Pradesh,DEORIA,2003,Kharif,Rice,130793.0,281680.0,2.1536320751110534,1.985,394352.0,315481.6
Uttar Pradesh,DEORIA,2004,Kharif,Rice,130539.0,213166.0,1.6329679252943565,1.985,298432.4,238745.92
Uttar Pradesh,DEORIA,2005,Kharif,Rice,130793.0,237128.0,1.8130022248897113,1.985,331979.2,265583.36
Uttar Pradesh,DEORIA,2006,Kharif,Rice,121228.0,207785.0,1.7140017157752334,1.985,290899.0,232719.2
Uttar Pradesh,DEORIA,2007,Kharif,Rice,129723.0,255814.0,1.9720018809309066,1.985,358139.6,286511.68
Uttar Pradesh,DEORIA,2008,Kharif,Rice,129385.0,278695.0,2.1539977586273524,1.985,390173.0,312138.4
Uttar Pradesh,DEORIA,2009,Kharif,Rice,118768.0,169244.0,1.4249966320894516,1.985,236941.6,189553.28
Uttar Pradesh,DEORIA,2010,Kharif,Rice,128344.0,256303.0,1.997000249329926,1.985,358824.2,287059.36
Uttar Pradesh,DEORIA,2011,Kharif,Rice,130611.0,287736.0,2.202999747341342,1.985,402830.4,322264.32
Uttar Pradesh,DEORIA,2012,Kharif,Rice,132142.0,295337.0,2.2349971999818377,1.985,413471.8,330777.44
Uttar Pradesh,DEORIA,2013,Kharif,Rice,135616.0,333480.0,2.459001887682869,1.985,466872.0,373497.6
Uttar Pradesh,DEORIA,2014,Kharif,Rice,132892.0,266980.0,2.0089997893025915,1.985,373772.0,299017.6
Uttar Pradesh,ETAH,1997,Kharif,Rice,38760.0,71267.0,1.838673890608875,2.134,99773.8,79819.04
Uttar Pradesh,ETAH,1998,Kharif,Rice,37560.0,77436.0,2.061661341853035,2.134,108410.4,86728.32
Uttar Pradesh,ETAH,1999,Kharif,Rice,37477.0,64489.0,1.7207620674013395,2.134,90284.6,72227.68
Uttar Pradesh,ETAH,2000,Kharif,Rice,40199.0,72599.0,1.8059901987611633,2.134,101638.6,81310.88
Uttar Pradesh,ETAH,2001,Kharif,Rice,51795.0,77583.0,1.4978858963220387,2.134,108616.2,86892.96
Uttar Pradesh,ETAH,2002,Kharif,Rice,41099.0,63128.0,1.535998442784496,2.134,88379.2,70703.36
Uttar Pradesh,ETAH,2003,Kharif,Rice,36048.0,64971.0,1.8023468708388815,2.134,90959.4,72767.52
Uttar Pradesh,ETAH,2004,Kharif,Rice,40518.0,82558.0,2.0375635520015796,2.134,115581.2,92464.96
Uttar Pradesh,ETAH,2005,Kharif,Rice,37875.0,83666.0,2.209003300330033,2.134,117132.4,93705.92
Uttar Pradesh,ETAH,2006,Kharif,Rice,41564.0,90028.0,2.1660090462900587,2.134,126039.2,100831.36
Uttar Pradesh,ETAH,2007,Kharif,Rice,30937.0,70784.0,2.2880046546206807,2.134,99097.6,79278.08
Uttar Pradesh,ETAH,2008,Kharif,Rice,45774.0,101527.0,2.2180058548520996,2.134,142137.8,113710.24
Uttar Pradesh,ETAH,2009,Kharif,Rice,16367.0,36400.0,2.2239872915011913,2.134,50960.0,40768.0
Uttar Pradesh,ETAH,2010,Kharif,Rice,21823.0,45872.0,2.1020024744535584,2.134,64220.8,51376.64
Uttar Pradesh,ETAH,2011,Kharif,Rice,27072.0,69358.0,2.5619828605200947,2.134,97101.2,77680.96
Uttar Pradesh,ETAH,2012,Kharif,Rice,18727.0,49608.0,2.649009451593955,2.134,69451.2,55560.96
Uttar Pradesh,ETAH,2013,Kharif,Rice,19297.0,45001.0,2.332020521324558,2.134,63001.4,50401.12
Uttar Pradesh,ETAH,2014,Kharif,Rice,18244.0,40283.0,2.208013593510195,2.134,56396.2,45116.96
Uttar Pradesh,ETAWAH,1997,Kharif,Rice,41202.0,110865.0,2.6907674384738605,2.582,155211.0,124168.8
Uttar Pradesh,ETAWAH,1998,Kharif,Rice,43453.0,96948.0,2.231100269256438,2.582,135727.2,108581.76
Uttar Pradesh,ETAWAH,1999,Kharif,Rice,45212.0,113986.0,2.5211448288065115,2.582,159580.4,127664.32
Uttar Pradesh,ETAWAH,2000,Kharif,Rice,47332.0,94299.0,1.9922885151694414,2.582,132018.6,105614.88
Uttar Pradesh,ETAWAH,2001,Kharif,Rice,48308.0,106787.0,2.21054483729403,2.582,149501.8,119601.44
Uttar Pradesh,ETAWAH,2002,Kharif,Rice,38965.0,90273.0,2.316771461568074,2.582,126382.2,101105.76
Uttar Pradesh,ETAWAH,2003,Kharif,Rice,42058.0,98652.0,2.345617956155785,2.582,138112.8,110490.24
Uttar Pradesh,ETAWAH,2004,Kharif,Rice,44493.0,121859.0,2.738835322410267,2.582,170602.6,136482.08
Uttar Pradesh,ETAWAH,2005,Kharif,Rice,41868.0,107936.0,2.57800706983854,2.582,151110.4,120888.32
Uttar Pradesh,ETAWAH,2006,Kharif,Rice,31781.0,85046.0,2.6760013844750006,2.582,119064.4,95251.52
Uttar Pradesh,ETAWAH,2007,Kharif,Rice,44284.0,113633.0,2.5660057808689367,2.582,159086.2,127268.96
Uttar Pradesh,ETAWAH,2008,Kharif,Rice,45157.0,125040.0,2.769005912704564,2.582,175056.0,140044.8
Uttar Pradesh,ETAWAH,2009,Kharif,Rice,37865.0,98260.0,2.5950085831242573,2.582,137564.0,110051.2
Uttar Pradesh,ETAWAH,2010,Kharif,Rice,43727.0,108224.0,2.474992567521211,2.582,151513.6,121210.88
Uttar Pradesh,ETAWAH,2011,Kharif,Rice,50571.0,136997.0,2.7090031836427992,2.582,191795.8,153436.64
Uttar Pradesh,ETAWAH,2012,Kharif,Rice,49251.0,145734.0,2.959005908509472,2.582,204027.6,163222.08
Uttar Pradesh,ETAWAH,2013,Kharif,Rice,58263.0,169604.0,2.9110069855654532,2.582,237445.6,189956.48
Uttar Pradesh,ETAWAH,2014,Kharif,Rice,52797.0,136533.0,2.5859992045002556,2.582,191146.2,152916.96
Uttar Pradesh,FAIZABAD,1997,Kharif,Rice,101815.0,230758.0,2.266444040661985,2.289,323061.2,258448.96
Uttar Pradesh,FAIZABAD,1998,Kharif,Rice,104169.0,195720.0,1.8788699133139417,2.289,274008.0,219206.4
Uttar Pradesh,FAIZABAD,1999,Kharif,Rice,101251.0,209220.0,2.066349961975684,2.289,292908.0,234326.4
Uttar Pradesh,FAIZABAD,2000,Kharif,Rice,100564.0,213450.0,2.122528936796468,2.289,298830.0,239064.0
Uttar Pradesh,FAIZABAD,2001,Kharif,Rice,104185.0,249943.0,2.399030570619571,2.289,349920.2,279936.16
Uttar Pradesh,FAIZABAD,2002,Kharif,Rice,85292.0,194284.0,2.277868967781269,2.289,271997.6,217598.08
Uttar Pradesh,FAIZABAD,2003,Kharif,Rice,72165.0,197095.0,2.7311716205916996,2.289,275933.0,220746.4
Uttar Pradesh,FAIZABAD,2004,Kharif,Rice,72651.0,171176.0,2.356141002876767,2.289,239646.4,191717.12
Uttar Pradesh,FAIZABAD,2005,Kharif,Rice,88399.0,220379.0,2.4930033145171326,2.289,308530.6,246824.48
Uttar Pradesh,FAIZABAD,2006,Kharif,Rice,72337.0,125866.0,1.7399947468100696,2.289,176212.4,140969.92
Uttar Pradesh,FAIZABAD,2007,Kharif,Rice,70484.0,149144.0,2.1159979569831453,2.289,208801.6,167041.28
Uttar Pradesh,FAIZABAD,2008,Kharif,Rice,104233.0,247762.0,2.377001525428607,2.289,346866.8,277493.44
Uttar Pradesh,FAIZABAD,2009,Kharif,Rice,82232.0,189216.0,2.3010020430002918,2.289,264902.4,211921.92
Uttar Pradesh,FAIZABAD,2010,Kharif,Rice,97099.0,214200.0,2.2059959422857083,2.289,299880.0,239904.0
Uttar Pradesh,FAIZABAD,2011,Kharif,Rice,99295.0,236719.0,2.3839971801198447,2.289,331406.6,265125.28
Uttar Pradesh,FAIZABAD,2012,Kharif,Rice,99791.0,253569.0,2.54100069144512,2.289,354996.6,283997.28
Uttar Pradesh,FAIZABAD,2013,Kharif,Rice,103896.0,272519.0,2.622997997997998,2.289,381526.6,305221.28
Uttar Pradesh,FAIZABAD,2014,Kharif,Rice,94586.0,207805.0,2.1969953270039966,2.289,290927.0,232741.6
Uttar Pradesh,FARRUKHABAD,1997,Kharif,Rice,13215.0,25031.0,1.8941354521377223,2.188,35043.4,28034.72
Uttar Pradesh,FARRUKHABAD,1998,Kharif,Rice,11278.0,22788.0,2.0205710232310694,2.188,31903.2,25522.56
Uttar Pradesh,FARRUKHABAD,1999,Kharif,Rice,13251.0,28315.0,2.1368198626518753,2.188,39641.0,31712.8
Uttar Pradesh,FARRUKHABAD,2000,Kharif,Rice,13743.0,28025.0,2.0392199665284143,2.188,39235.0,31388.0
Uttar Pradesh,FARRUKHABAD,2001,Kharif,Rice,14306.0,30081.0,2.1026841884523977,2.188,42113.4,33690.72
Uttar Pradesh,FARRUKHABAD,2002,Kharif,Rice,9501.0,19468.0,2.0490474686875064,2.188,27255.2,21804.16
Uttar Pradesh,FARRUKHABAD,2003,Kharif,Rice,12582.0,21304.0,1.6932125258305515,2.188,29825.6,23860.48
Uttar Pradesh,FARRUKHABAD,2004,Kharif,Rice,15644.0,35859.0,2.292188698542572,2.188,50202.6,40162.08
Uttar Pradesh,FARRUKHABAD,2005,Kharif,Rice,13144.0,27458.0,2.0890139987827148,2.188,38441.2,30752.96
Uttar Pradesh,FARRUKHABAD,2006,Kharif,Rice,14986.0,34108.0,2.2759909248632058,2.188,47751.2,38200.96
Uttar Pradesh,FARRUKHABAD,2007,Kharif,Rice,13047.0,29734.0,2.278991339005135,2.188,41627.6,33302.08
Uttar Pradesh,FARRUKHABAD,2008,Kharif,Rice,14975.0,37048.0,2.473989983305509,2.188,51867.2,41493.76
Uttar Pradesh,FARRUKHABAD,2009,Kharif,Rice,8899.0,19934.0,2.240026969322396,2.188,27907.6,22326.08
Uttar Pradesh,FARRUKHABAD,2010,Kharif,Rice,14963.0,24075.0,1.6089687896812137,2.188,33705.0,26964.0
Uttar Pradesh,FARRUKHABAD,2011,Kharif,Rice,14915.0,33469.0,2.2439825678846796,2.188,46856.6,37485.28
Uttar Pradesh,FARRUKHABAD,2012,Kharif,Rice,15283.0,42471.0,2.7789700974939477,2.188,59459.4,47567.52
Uttar Pradesh,FARRUKHABAD,2013,Kharif,Rice,16524.0,44202.0,2.6750181554103123,2.188,61882.8,49506.24
Uttar Pradesh,FARRUKHABAD,2014,Kharif,Rice,11900.0,33213.0,2.7910084033613445,2.188,46498.2,37198.56
Uttar Pradesh,FATEHPUR,1997,Kharif,Rice,81838.0,162415.0,1.984591510056453,1.921,227381.0,181904.8
Uttar Pradesh,FATEHPUR,1998,Kharif,Rice,89110.0,163432.0,1.8340478060823702,1.921,228804.8,183043.84
Uttar Pradesh,FATEHPUR,1999,Kharif,Rice,89904.0,170543.0,1.896945630895177,1.921,238760.2,191008.16
Uttar Pradesh,FATEHPUR,2000,Kharif,Rice,91781.0,162713.0,1.772839694490145,1.921,227798.2,182238.56
Uttar Pradesh,FATEHPUR,2001,Kharif,Rice,97302.0,198290.0,2.037882057922756,1.921,277606.0,222084.8
Uttar Pradesh,FATEHPUR,2002,Kharif,Rice,69093.0,114885.0,1.6627588901914812,1.921,160839.0,128671.2
Uttar Pradesh,FATEHPUR,2003,Kharif,Rice,85350.0,155333.0,1.8199531341534856,1.921,217466.2,173972.96
Uttar Pradesh,FATEHPUR,2004,Kharif,Rice,86201.0,160017.0,1.856324172573404,1.921,224023.8,179219.04
Uttar Pradesh,FATEHPUR,2005,Kharif,Rice,71543.0,120765.0,1.6880058146848749,1.921,169071.0,135256.8
Uttar Pradesh,FATEHPUR,2006,Kharif,Rice,80582.0,136425.0,1.6929959544315107,1.921,190995.0,152796.0
Uttar Pradesh,FATEHPUR,2007,Kharif,Rice,84135.0,158258.0,1.8810007725678968,1.921,221561.2,177248.96
Uttar Pradesh,FATEHPUR,2008,Kharif,Rice,79122.0,182139.0,2.302001971638735,1.921,254994.6,203995.68
Uttar Pradesh,FATEHPUR,2009,Kharif,Rice,61678.0,133410.0,2.163007879632932,1.921,186774.0,149419.2
Uttar Pradesh,FATEHPUR,2010,Kharif,Rice,63527.0,134105.0,2.1109921765548507,1.921,187747.0,150197.6
Uttar Pradesh,FATEHPUR,2011,Kharif,Rice,77736.0,182446.0,2.346994957291345,1.921,255424.4,204339.52
Uttar Pradesh,FATEHPUR,2012,Kharif,Rice,77164.0,189515.0,2.456002799232803,1.921,265321.0,212256.8
Uttar Pradesh,FATEHPUR,2013,Kharif,Rice,86459.0,225226.0,2.605003527683642,1.921,315316.4,252253.12
Uttar Pradesh,FATEHPUR,2014,Kharif,Rice,80702.0,157046.0,1.9459988600034694,1.921,219864.4,175891.52
Uttar Pradesh,FIROZABAD,1997,Kharif,Rice,14013.0,31220.0,2.227931206736602,2.754,43708.0,34966.4
Uttar Pradesh,FIROZABAD,1998,Kharif,Rice,19291.0,35053.0,1.8170649525685554,2.754,49074.2,39259.36
Uttar Pradesh,FIROZABAD,1999,Kharif,Rice,20570.0,34018.0,1.65376762275158,2.754,47625.2,38100.16
Uttar Pradesh,FIROZABAD,2000,Kharif,Rice,21506.0,34330.0,1.5962987073374872,2.754,48062.0,38449.6
Uttar Pradesh,FIROZABAD,2001,Kharif,Rice,19184.0,33752.0,1.7593828190158465,2.754,47252.8,37802.24
Uttar Pradesh,FIROZABAD,2002,Kharif,Rice,13947.0,26639.0,1.910016491001649,2.754,37294.6,29835.68
Uttar Pradesh,FIROZABAD,2003,Kharif,Rice,13865.0,26784.0,1.9317706455102777,2.754,37497.6,29998.08
Uttar Pradesh,FIROZABAD,2004,Kharif,Rice,14649.0,40988.0,2.798006689876442,2.754,57383.2,45906.56
Uttar Pradesh,FIROZABAD,2005,Kharif,Rice,14433.0,44381.0,3.074967089309222,2.754,62133.4,49706.72
Uttar Pradesh,FIROZABAD,2006,Kharif,Rice,14989.0,43963.0,2.933017546200547,2.754,61548.2,49238.56
Uttar Pradesh,FIROZABAD,2007,Kharif,Rice,16103.0,48905.0,3.037011736943427,2.754,68467.0,54773.6
Uttar Pradesh,FIROZABAD,2008,Kharif,Rice,18713.0,56176.0,3.001977235077219,2.754,78646.4,62917.12
Uttar Pradesh,FIROZABAD,2009,Kharif,Rice,16939.0,49513.0,2.923017887714741,2.754,69318.2,55454.56
Uttar Pradesh,FIROZABAD,2010,Kharif,Rice,19919.0,54976.0,2.7599779105376774,2.754,76966.4,61573.12
Uttar Pradesh,FIROZABAD,2011,Kharif,Rice,25410.0,72164.0,2.8399842581660764,2.754,101029.6,80823.68
Uttar Pradesh,FIROZABAD,2012,Kharif,Rice,19297.0,54726.0,2.8359848681142146,2.754,76616.4,61293.12
Uttar Pradesh,FIROZABAD,2013,Kharif,Rice,21599.0,59354.0,2.7479975924811333,2.754,83095.6,66476.48
Uttar Pradesh,FIROZABAD,2014,Kharif,Rice,23319.0,56619.0,2.4280200694712466,2.754,79266.6,63413.28
Uttar Pradesh,GAUTAM BUDDHA NAGAR,1997,Kharif,Rice,19479.0,52056.0,2.6724164484829815,2.197,72878.4,58302.72
Uttar Pradesh,GAUTAM BUDDHA NAGAR,1998,Kharif,Rice,15584.0,31620.0,2.029004106776181,2.197,44268.0,35414.4
Uttar Pradesh,GAUTAM BUDDHA NAGAR,1999,Kharif,Rice,15049.0,32261.0,2.143730480430593,2.197,45165.4,36132.32
Uttar Pradesh,GAUTAM BUDDHA NAGAR,2000,Kharif,Rice,15652.0,30547.0,1.951635573728597,2.197,42765.8,34212.64
Uttar Pradesh,GAUTAM BUDDHA NAGAR,2001,Kharif,Rice,15784.0,42375.0,2.684680689305626,2.197,59325.0,47460.0
Uttar Pradesh,GAUTAM BUDDHA NAGAR,2002,Kharif,Rice,6498.0,14078.0,2.1665127731609726,2.197,19709.2,15767.36
Uttar Pradesh,GAUTAM BUDDHA NAGAR,2003,Kharif,Rice,17908.0,35343.0,1.9735872235872236,2.197,49480.2,39584.16
Uttar Pradesh,GAUTAM BUDDHA NAGAR,2004,Kharif,Rice,20021.0,52898.0,2.642125767943659,2.197,74057.2,59245.76
Uttar Pradesh,GAUTAM BUDDHA NAGAR,2005,Kharif,Rice,15994.0,35619.0,2.227022633487558,2.197,49866.6,39893.28
Uttar Pradesh,GAUTAM BUDDHA NAGAR,2006,Kharif,Rice,20170.0,40078.0,1.9870104115022311,2.197,56109.2,44887.36
Uttar Pradesh,GAUTAM BUDDHA NAGAR,2007,Kharif,Rice,25054.0,62510.0,2.49501077672228,2.197,87514.0,70011.2
Uttar Pradesh,GAUTAM BUDDHA NAGAR,2008,Kharif,Rice,29549.0,56941.0,1.9270026058411451,2.197,79717.4,63773.92
Uttar Pradesh,GAUTAM BUDDHA NAGAR,2009,Kharif,Rice,22014.0,52966.0,2.4060143545016808,2.197,74152.4,59321.92
Uttar Pradesh,GAUTAM BUDDHA NAGAR,2010,Kharif,Rice,23459.0,48701.0,2.076004944797306,2.197,68181.4,54545.12
Uttar Pradesh,GAUTAM BUDDHA NAGAR,2011,Kharif,Rice,22276.0,49809.0,2.235993894774645,2.197,69732.6,55786.08
Uttar Pradesh,GAUTAM BUDDHA NAGAR,2012,Kharif,Rice,23455.0,49772.0,2.1220208910680025,2.197,69680.8,55744.64
Uttar Pradesh,GAUTAM BUDDHA NAGAR,2013,Kharif,Rice,13750.0,33660.0,2.448,2.197,47124.0,37699.2
Uttar Pradesh,GAUTAM BUDDHA NAGAR,2014,Kharif,Rice,22522.0,62701.0,2.783988988544534,2.197,87781.4,70225.12
Uttar Pradesh,GHAZIABAD,1997,Kharif,Rice,13719.0,31372.0,2.286755594431081,2.388,43920.8,35136.64
Uttar Pradesh,GHAZIABAD,1998,Kharif,Rice,18134.0,36424.0,2.0086026249034963,2.388,50993.6,40794.88
Uttar Pradesh,GHAZIABAD,1999,Kharif,Rice,20830.0,44729.0,2.1473355736917905,2.388,62620.6,50096.48
Uttar Pradesh,GHAZIABAD,2000,Kharif,Rice,21726.0,43067.0,1.9822792966952039,2.388,60293.8,48235.04
Uttar Pradesh,GHAZIABAD,2001,Kharif,Rice,21142.0,49840.0,2.3573928672784032,2.388,69776.0,55820.8
Uttar Pradesh,GHAZIABAD,2002,Kharif,Rice,17552.0,41996.0,2.392661804922516,2.388,58794.4,47035.52
Uttar Pradesh,GHAZIABAD,2003,Kharif,Rice,19549.0,45904.0,2.348150800552458,2.388,64265.6,51412.48
Uttar Pradesh,GHAZIABAD,2004,Kharif,Rice,20309.0,49123.0,2.4187798512974545,2.388,68772.2,55017.76
Uttar Pradesh,GHAZIABAD,2005,Kharif,Rice,21841.0,50584.0,2.3160111716496496,2.388,70817.6,56654.08
Uttar Pradesh,GHAZIABAD,2006,Kharif,Rice,21606.0,49326.0,2.282976950846987,2.388,69056.4,55245.12
Uttar Pradesh,GHAZIABAD,2007,Kharif,Rice,20949.0,49921.0,2.3829777077664804,2.388,69889.4,55911.52
Uttar Pradesh,GHAZIABAD,2008,Kharif,Rice,23436.0,59035.0,2.518987881891108,2.388,82649.0,66119.2
Uttar Pradesh,GHAZIABAD,2009,Kharif,Rice,22340.0,61368.0,2.7470008952551477,2.388,85915.2,68732.16
Uttar Pradesh,GHAZIABAD,2010,Kharif,Rice,30102.0,76730.0,2.549000066440768,2.388,107422.0,85937.6
Uttar Pradesh,GHAZIABAD,2011,Kharif,Rice,29971.0,81731.0,2.727002769343699,2.388,114423.4,91538.72
Uttar Pradesh,GHAZIABAD,2012,Kharif,Rice,10098.0,26083.0,2.582986730045554,2.388,36516.2,29212.96
Uttar Pradesh,GHAZIABAD,2013,Kharif,Rice,9296.0,25267.0,2.718050774526678,2.388,35373.8,28299.04
Uttar Pradesh,GHAZIABAD,2014,Kharif,Rice,8650.0,23727.0,2.7430057803468206,2.388,33217.8,26574.24
Uttar Pradesh,GHAZIPUR,1997,Kharif,Rice,134838.0,298115.0,2.21091235408416,2.145,417361.0,333888.8
Uttar Pradesh,GHAZIPUR,1998,Kharif,Rice,134616.0,265915.0,1.9753595412135259,2.145,372281.0,297824.8
Uttar Pradesh,GHAZIPUR,1999,Kharif,Rice,136533.0,314658.0,2.304629649974731,2.145,440521.2,352416.96
Uttar Pradesh,GHAZIPUR,2000,Kharif,Rice,137877.0,261830.0,1.899011437730731,2.145,366562.0,293249.6
Uttar Pradesh,GHAZIPUR,2001,Kharif,Rice,156348.0,343647.0,2.1979622380842736,2.145,481105.8,384884.64
Uttar Pradesh,GHAZIPUR,2002,Kharif,Rice,151011.0,298868.0,1.9791141042705498,2.145,418415.2,334732.16
Uttar Pradesh,GHAZIPUR,2003,Kharif,Rice,155599.0,344404.0,2.2134075411795706,2.145,482165.6,385732.48
Uttar Pradesh,GHAZIPUR,2004,Kharif,Rice,151689.0,157236.0,1.0365682415995887,2.145,220130.4,176104.32
Uttar Pradesh,GHAZIPUR,2005,Kharif,Rice,144930.0,278990.0,1.9249982750293244,2.145,390586.0,312468.8
Uttar Pradesh,GHAZIPUR,2006,Kharif,Rice,149754.0,288576.0,1.9270002804599544,2.145,404006.4,323205.12
Uttar Pradesh,GHAZIPUR,2007,Kharif,Rice,149871.0,324021.0,2.1619993194146967,2.145,453629.4,362903.52
Uttar Pradesh,GHAZIPUR,2008,Kharif,Rice,151654.0,339402.0,2.2380022946971394,2.145,475162.8,380130.24
Uttar Pradesh,GHAZIPUR,2009,Kharif,Rice,121103.0,224041.0,1.8500037158451896,2.145,313657.4,250925.92
Uttar Pradesh,GHAZIPUR,2010,Kharif,Rice,149321.0,314321.0,2.105001975609593,2.145,440049.4,352039.52
Uttar Pradesh,GHAZIPUR,2011,Kharif,Rice,154085.0,336830.0,2.1860012330856344,2.145,471562.0,377249.6
Uttar Pradesh,GHAZIPUR,2012,Kharif,Rice,149175.0,348622.0,2.337000167588403,2.145,488070.8,390456.64
Uttar Pradesh,GHAZIPUR,2013,Kharif,Rice,148895.0,318040.0,2.1360018805198293,2.145,445256.0,356204.8
Uttar Pradesh,GHAZIPUR,2014,Kharif,Rice,136673.0,294257.0,2.153000226818757,2.145,411959.8,329567.84
Uttar Pradesh,GONDA,1997,Kharif,Rice,115201.0,249365.0,2.164607946111579,2.04,349111.0,279288.8
Uttar Pradesh,GONDA,1998,Kharif,Rice,117169.0,213740.0,1.8242026474579454,2.04,299236.0,239388.8
Uttar Pradesh,GONDA,1999,Kharif,Rice,124736.0,258547.0,2.0727536557208825,2.04,361965.8,289572.64
Uttar Pradesh,GONDA,2000,Kharif,Rice,123698.0,241421.0,1.9516968746463161,2.04,337989.4,270391.52
Uttar Pradesh,GONDA,2001,Kharif,Rice,144714.0,290604.0,2.0081263733985653,2.04,406845.6,325476.48
Uttar Pradesh,GONDA,2002,Kharif,Rice,129875.0,166254.0,1.2801077959576517,2.04,232755.6,186204.48
Uttar Pradesh,GONDA,2003,Kharif,Rice,130399.0,245990.0,1.8864408469390104,2.04,344386.0,275508.8
Uttar Pradesh,GONDA,2004,Kharif,Rice,137035.0,219000.0,1.5981318641223046,2.04,306600.0,245280.0
Uttar Pradesh,GONDA,2005,Kharif,Rice,132082.0,265617.0,2.011000741963326,2.04,371863.8,297491.04
Uttar Pradesh,GONDA,2006,Kharif,Rice,139035.0,217868.0,1.5670011148272018,2.04,305015.2,244012.16
Uttar Pradesh,GONDA,2007,Kharif,Rice,127327.0,251725.0,1.9769962380327817,2.04,352415.0,281932.0
Uttar Pradesh,GONDA,2008,Kharif,Rice,116178.0,247343.0,2.129000327084302,2.04,346280.2,277024.16
Uttar Pradesh,GONDA,2009,Kharif,Rice,116741.0,256363.0,2.1959979784308854,2.04,358908.2,287126.56
Uttar Pradesh,GONDA,2010,Kharif,Rice,117388.0,263888.0,2.2479980917981397,2.04,369443.2,295554.56
Uttar Pradesh,GONDA,2011,Kharif,Rice,121429.0,279651.0,2.3030001070584456,2.04,391511.4,313209.12
Uttar Pradesh,GONDA,2012,Kharif,Rice,122264.0,287932.0,2.355002290126284,2.04,403104.8,322483.84
Uttar Pradesh,GONDA,2013,Kharif,Rice,126768.0,310582.0,2.4500031553704407,2.04,434814.8,347851.84
Uttar Pradesh,GONDA,2014,Kharif,Rice,134534.0,278485.0,2.069997175435206,2.04,389879.0,311903.2
Uttar Pradesh,GORAKHPUR,1997,Kharif,Rice,152774.0,245823.0,1.6090630604684044,1.874,344152.2,275321.76
Uttar Pradesh,GORAKHPUR,1998,Kharif,Rice,139260.0,197081.0,1.4152017808415913,1.874,275913.4,220730.72
Uttar Pradesh,GORAKHPUR,1999,Kharif,Rice,151577.0,285787.0,1.8854245696906522,1.874,400101.8,320081.44
Uttar Pradesh,GORAKHPUR,2000,Kharif,Rice,149402.0,278272.0,1.8625721208551425,1.874,389580.8,311664.64
Uttar Pradesh,GORAKHPUR,2001,Kharif,Rice,155864.0,262873.0,1.6865536621670174,1.874,368022.2,294417.76
Uttar Pradesh,GORAKHPUR,2002,Kharif,Rice,151601.0,227291.0,1.4992711129873812,1.874,318207.4,254565.92
Uttar Pradesh,GORAKHPUR,2003,Kharif,Rice,150889.0,305263.0,2.023096448382586,1.874,427368.2,341894.56
Uttar Pradesh,GORAKHPUR,2004,Kharif,Rice,148255.0,224879.0,1.5168392297055748,1.874,314830.6,251864.48
Uttar Pradesh,GORAKHPUR,2005,Kharif,Rice,150889.0,271902.0,1.8020001458025436,1.874,380662.8,304530.24
Uttar Pradesh,GORAKHPUR,2006,Kharif,Rice,145171.0,246210.0,1.6959998897851498,1.874,344694.0,275755.2
Uttar Pradesh,GORAKHPUR,2007,Kharif,Rice,149578.0,282104.0,1.8859992779686852,1.874,394945.6,315956.48
Uttar Pradesh,GORAKHPUR,2008,Kharif,Rice,152772.0,296072.0,1.9379991097845155,1.874,414500.8,331600.64
Uttar Pradesh,GORAKHPUR,2009,Kharif,Rice,152407.0,277533.0,1.820999035477373,1.874,388546.2,310836.96
Uttar Pradesh,GORAKHPUR,2010,Kharif,Rice,153977.0,312111.0,2.0269975385934265,1.874,436955.4,349564.32
Uttar Pradesh,GORAKHPUR,2011,Kharif,Rice,152103.0,332041.0,2.183000992748335,1.874,464857.4,371885.92
Uttar Pradesh,GORAKHPUR,2012,Kharif,Rice,151122.0,344256.0,2.2780005558422998,1.874,481958.4,385566.72
Uttar Pradesh,GORAKHPUR,2013,Kharif,Rice,150740.0,362228.0,2.402998540533369,1.874,507119.2,405695.36
Uttar Pradesh,GORAKHPUR,2014,Kharif,Rice,152431.0,336873.0,2.210003214569215,1.874,471622.2,377297.76
Uttar Pradesh,HAMIRPUR,1997,Kharif,Rice,1573.0,1771.0,1.1258741258741258,1.12,2479.4,1983.52
Uttar Pradesh,HAMIRPUR,1998,Kharif,Rice,1019.0,1651.0,1.620215897939156,1.12,2311.4,1849.12
Uttar Pradesh,HAMIRPUR,1999,Kharif,Rice,1407.0,1529.0,1.0867093105899075,1.12,2140.6,1712.48
Uttar Pradesh,HAMIRPUR,2000,Kharif,Rice,1668.0,1657.0,0.9934052757793765,1.12,2319.8,1855.84
Uttar Pradesh,HAMIRPUR,2001,Kharif,Rice,1320.0,1759.0,1.3325757575757575,1.12,2462.6,1970.08
Uttar Pradesh,HAMIRPUR,2002,Kharif,Rice,546.0,447.0,0.8186813186813187,1.12,625.8,500.64
Uttar Pradesh,HAMIRPUR,2003,Kharif,Rice,478.0,556.0,1.1631799163179917,1.12,778.4,622.72
Uttar Pradesh,HAMIRPUR,2004,Kharif,Rice,630.0,683.0,1.084126984126984,1.12,956.2,764.96
Uttar Pradesh,HAMIRPUR,2005,Kharif,Rice,203.0,158.0,0.7783251231527094,1.12,221.2,176.96
Uttar Pradesh,HAMIRPUR,2006,Kharif,Rice,630.0,537.0,0.8523809523809524,1.12,751.8,601.44
Uttar Pradesh,HAMIRPUR,2007,Kharif,Rice,254.0,125.0,0.4921259842519685,1.12,175.0,140.0
Uttar Pradesh,HAMIRPUR,2008,Kharif,Rice,201.0,259.0,1.2885572139303483,1.12,362.6,290.08
Uttar Pradesh,HAMIRPUR,2009,Kharif,Rice,64.0,61.0,0.953125,1.12,85.4,68.32
Uttar Pradesh,HAMIRPUR,2010,Kharif,Rice,159.0,177.0,1.1132075471698113,1.12,247.8,198.24
Uttar Pradesh,HAMIRPUR,2011,Kharif,Rice,76.0,119.0,1.5657894736842106,1.12,166.6,133.28
Uttar Pradesh,HAMIRPUR,2012,Kharif,Rice,97.0,181.0,1.865979381443299,1.12,253.4,202.72
Uttar Pradesh,HAMIRPUR,2013,Kharif,Rice,84.0,152.0,1.8095238095238095,1.12,212.8,170.24
Uttar Pradesh,HAMIRPUR,2014,Kharif,Rice,41.0,66.0,1.6097560975609757,1.12,92.4,73.92
Uttar Pradesh,HAPUR,2012,Kharif,Rice,20160.0,59593.0,2.956001984126984,2.951,83430.2,66744.16
Uttar Pradesh,HAPUR,2013,Kharif,Rice,20322.0,59422.0,2.9240232260604273,2.951,83190.8,66552.64
Uttar Pradesh,HAPUR,2014,Kharif,Rice,20839.0,61496.0,2.951005326551178,2.951,86094.4,68875.52
Uttar Pradesh,HARDOI,1997,Kharif,Rice,113939.0,250053.0,2.1946216835324166,2.054,350074.2,280059.36
Uttar Pradesh,HARDOI,1998,Kharif,Rice,114318.0,234782.0,2.0537623121468185,2.054,328694.8,262955.84
Uttar Pradesh,HARDOI,1999,Kharif,Rice,111718.0,224346.0,2.0081455092285934,2.054,314084.4,251267.52
Uttar Pradesh,HARDOI,2000,Kharif,Rice,127531.0,216441.0,1.69716382683426,2.054,303017.4,242413.92
Uttar Pradesh,HARDOI,2001,Kharif,Rice,154011.0,264047.0,1.7144684470589764,2.054,369665.8,295732.64
Uttar Pradesh,HARDOI,2002,Kharif,Rice,85917.0,143964.0,1.6756171654038199,2.054,201549.6,161239.68
Uttar Pradesh,HARDOI,2003,Kharif,Rice,130256.0,267702.0,2.055198992752733,2.054,374782.8,299826.24
Uttar Pradesh,HARDOI,2004,Kharif,Rice,147130.0,345455.0,2.347957588527153,2.054,483637.0,386909.6
Uttar Pradesh,HARDOI,2005,Kharif,Rice,127800.0,278476.0,2.178998435054773,2.054,389866.4,311893.12
Uttar Pradesh,HARDOI,2006,Kharif,Rice,147130.0,298674.0,2.0300006796710393,2.054,418143.6,334514.88
Uttar Pradesh,HARDOI,2007,Kharif,Rice,151320.0,294469.0,1.9460018503832937,2.054,412256.6,329805.28
Uttar Pradesh,HARDOI,2008,Kharif,Rice,161906.0,339517.0,2.097000728817956,2.054,475323.8,380259.04
Uttar Pradesh,HARDOI,2009,Kharif,Rice,123955.0,279271.0,2.253003105965875,2.054,390979.4,312783.52
Uttar Pradesh,HARDOI,2010,Kharif,Rice,130217.0,265252.0,2.0369997772948234,2.054,371352.8,297082.24
Uttar Pradesh,HARDOI,2011,Kharif,Rice,152396.0,342586.0,2.2479986351347803,2.054,479620.4,383696.32
Uttar Pradesh,HARDOI,2012,Kharif,Rice,144505.0,354615.0,2.4539981315525417,2.054,496461.0,397168.8
Uttar Pradesh,HARDOI,2013,Kharif,Rice,149084.0,375095.0,2.5159976925759975,2.054,525133.0,420106.4
Uttar Pradesh,HARDOI,2014,Kharif,Rice,142184.0,279392.0,1.9650030945816688,2.054,391148.8,312919.04
Uttar Pradesh,HATHRAS,1997,Kharif,Rice,8294.0,18393.0,2.217627200385821,1.998,25750.2,20600.16
Uttar Pradesh,HATHRAS,1998,Kharif,Rice,8394.0,19007.0,2.264355492018108,1.998,26609.8,21287.84
Uttar Pradesh,HATHRAS,1999,Kharif,Rice,9048.0,15969.0,1.764920424403183,1.998,22356.6,17885.28
Uttar Pradesh,HATHRAS,2000,Kharif,Rice,9989.0,21446.0,2.146961657823606,1.998,30024.4,24019.52
Uttar Pradesh,HATHRAS,2001,Kharif,Rice,10296.0,14187.0,1.3779137529137528,1.998,19861.8,15889.44
Uttar Pradesh,HATHRAS,2002,Kharif,Rice,13872.0,21805.0,1.5718713956170705,1.998,30527.0,24421.6
Uttar Pradesh,HATHRAS,2003,Kharif,Rice,7129.0,13766.0,1.930986113059335,1.998,19272.4,15417.92
Uttar Pradesh,HATHRAS,2004,Kharif,Rice,9536.0,20936.0,2.1954697986577183,1.998,29310.4,23448.32
Uttar Pradesh,HATHRAS,2005,Kharif,Rice,7755.0,16045.0,2.0689877498388136,1.998,22463.0,17970.4
Uttar Pradesh,HATHRAS,2006,Kharif,Rice,8922.0,16952.0,1.9000224164985429,1.998,23732.8,18986.24
Uttar Pradesh,HATHRAS,2007,Kharif,Rice,9837.0,20127.0,2.046050625190607,1.998,28177.8,22542.24
Uttar Pradesh,HATHRAS,2008,Kharif,Rice,11098.0,21630.0,1.948999819787349,1.998,30282.0,24225.6
Uttar Pradesh,HATHRAS,2009,Kharif,Rice,16011.0,28227.0,1.762975454375117,1.998,39517.8,31614.24
Uttar Pradesh,HATHRAS,2010,Kharif,Rice,17158.0,30044.0,1.7510199323930529,1.998,42061.6,33649.28
Uttar Pradesh,HATHRAS,2011,Kharif,Rice,18259.0,38472.0,2.107015718275919,1.998,53860.8,43088.64
Uttar Pradesh,HATHRAS,2012,Kharif,Rice,20857.0,47137.0,2.260008630196097,1.998,65991.8,52793.44
Uttar Pradesh,HATHRAS,2013,Kharif,Rice,23223.0,54690.0,2.3549928949748096,1.998,76566.0,61252.8
Uttar Pradesh,HATHRAS,2014,Kharif,Rice,29465.0,56956.0,1.933005260478534,1.998,79738.4,63790.72
Uttar Pradesh,JALAUN,1997,Kharif,Rice,1754.0,1053.0,0.6003420752565565,0.937,1474.2,1179.36
Uttar Pradesh,JALAUN,1998,Kharif,Rice,1654.0,1253.0,0.7575574365175333,0.937,1754.2,1403.36
Uttar Pradesh,JALAUN,1999,Kharif,Rice,1661.0,1361.0,0.8193859121011439,0.937,1905.4,1524.32
Uttar Pradesh,JALAUN,2000,Kharif,Rice,2211.0,2164.0,0.9787426503844414,0.937,3029.6,2423.68
Uttar Pradesh,JALAUN,2001,Kharif,Rice,1089.0,769.0,0.7061524334251607,0.937,1076.6,861.28
Uttar Pradesh,JALAUN,2002,Kharif,Rice,395.0,221.0,0.5594936708860759,0.937,309.4,247.52
Uttar Pradesh,JALAUN,2003,Kharif,Rice,861.0,770.0,0.8943089430894309,0.937,1078.0,862.4
Uttar Pradesh,JALAUN,2004,Kharif,Rice,930.0,519.0,0.5580645161290323,0.937,726.6,581.28
Uttar Pradesh,JALAUN,2005,Kharif,Rice,818.0,869.0,1.0623471882640587,0.937,1216.6,973.28
Uttar Pradesh,JALAUN,2006,Kharif,Rice,1485.0,1217.0,0.8195286195286196,0.937,1703.8,1363.04
Uttar Pradesh,JALAUN,2007,Kharif,Rice,233.0,130.0,0.5579399141630901,0.937,182.0,145.6
Uttar Pradesh,JALAUN,2008,Kharif,Rice,432.0,496.0,1.1481481481481481,0.937,694.4,555.52
Uttar Pradesh,JALAUN,2009,Kharif,Rice,227.0,230.0,1.013215859030837,0.937,322.0,257.6
Uttar Pradesh,JALAUN,2010,Kharif,Rice,339.0,458.0,1.351032448377581,0.937,641.2,512.96
Uttar Pradesh,JALAUN,2011,Kharif,Rice,1062.0,1951.0,1.8370998116760828,0.937,2731.4,2185.12
Uttar Pradesh,JALAUN,2012,Kharif,Rice,512.0,555.0,1.083984375,0.937,777.0,621.6
Uttar Pradesh,JALAUN,2013,Kharif,Rice,520.0,934.0,1.7961538461538462,0.937,1307.6,1046.08
Uttar Pradesh,JALAUN,2014,Kharif,Rice,509.0,890.0,1.7485265225933202,0.937,1246.0,996.8
Uttar Pradesh,JAUNPUR,1997,Kharif,Rice,123113.0,276701.0,2.2475368157708773,2.079,387381.4,309905.12
Uttar Pradesh,JAUNPUR,1998,Kharif,Rice,124648.0,231524.0,1.8574225017649701,2.079,324133.6,259306.88
Uttar Pradesh,JAUNPUR,1999,Kharif,Rice,126076.0,303487.0,2.4071750372791016,2.079,424881.8,339905.44
Uttar Pradesh,JAUNPUR,2000,Kharif,Rice,126846.0,260090.0,2.0504391151475017,2.079,364126.0,291300.8
Uttar Pradesh,JAUNPUR,2001,Kharif,Rice,129896.0,268798.0,2.0693323889881134,2.079,376317.2,301053.76
Uttar Pradesh,JAUNPUR,2002,Kharif,Rice,123457.0,243387.0,1.9714313485667074,2.079,340741.8,272593.44
Uttar Pradesh,JAUNPUR,2003,Kharif,Rice,129566.0,293353.0,2.2641202167235233,2.079,410694.2,328555.36
Uttar Pradesh,JAUNPUR,2004,Kharif,Rice,137757.0,162226.0,1.177624367545751,2.079,227116.4,181693.12
Uttar Pradesh,JAUNPUR,2005,Kharif,Rice,112040.0,214557.0,1.9150035701535166,2.079,300379.8,240303.84
Uttar Pradesh,JAUNPUR,2006,Kharif,Rice,144237.0,266983.0,1.8510021700395876,2.079,373776.2,299020.96
Uttar Pradesh,JAUNPUR,2007,Kharif,Rice,138085.0,265261.0,1.9209979360538798,2.079,371365.4,297092.32
Uttar Pradesh,JAUNPUR,2008,Kharif,Rice,144174.0,309686.0,2.148001720143715,2.079,433560.4,346848.32
Uttar Pradesh,JAUNPUR,2009,Kharif,Rice,129556.0,255484.0,1.971996665534595,2.079,357677.6,286142.08
Uttar Pradesh,JAUNPUR,2010,Kharif,Rice,139885.0,292220.0,2.0890016799513886,2.079,409108.0,327286.4
Uttar Pradesh,JAUNPUR,2011,Kharif,Rice,139160.0,311301.0,2.2370005748778383,2.079,435821.4,348657.12
Uttar Pradesh,JAUNPUR,2012,Kharif,Rice,147185.0,343971.0,2.3369976560111425,2.079,481559.4,385247.52
Uttar Pradesh,JAUNPUR,2013,Kharif,Rice,149517.0,342394.0,2.2900004681741875,2.079,479351.6,383481.28
Uttar Pradesh,JAUNPUR,2014,Kharif,Rice,140428.0,338993.0,2.413998632751303,2.079,474590.2,379672.16
Uttar Pradesh,JHANSI,1997,Kharif,Rice,2306.0,1385.0,0.6006071118820469,1.409,1939.0,1551.2
Uttar Pradesh,JHANSI,1998,Kharif,Rice,1976.0,1498.0,0.7580971659919028,1.409,2097.2,1677.76
Uttar Pradesh,JHANSI,1999,Kharif,Rice,1575.0,1291.0,0.8196825396825397,1.409,1807.4,1445.92
Uttar Pradesh,JHANSI,2000,Kharif,Rice,2972.0,2910.0,0.9791386271870794,1.409,4074.0,3259.2
Uttar Pradesh,JHANSI,2001,Kharif,Rice,2986.0,2107.0,0.7056262558606832,1.409,2949.8,2359.84
Uttar Pradesh,JHANSI,2002,Kharif,Rice,688.0,384.0,0.5581395348837209,1.409,537.6,430.08
Uttar Pradesh,JHANSI,2003,Kharif,Rice,2220.0,3455.0,1.5563063063063063,1.409,4837.0,3869.6
Uttar Pradesh,JHANSI,2004,Kharif,Rice,3461.0,2911.0,0.8410863912164115,1.409,4075.4,3260.32
Uttar Pradesh,JHANSI,2005,Kharif,Rice,1909.0,3581.0,1.8758512310110005,1.409,5013.4,4010.72
Uttar Pradesh,JHANSI,2006,Kharif,Rice,1082.0,1365.0,1.2615526802218116,1.409,1911.0,1528.8
Uttar Pradesh,JHANSI,2007,Kharif,Rice,3994.0,3047.0,0.7628943415122684,1.409,4265.8,3412.64
Uttar Pradesh,JHANSI,2008,Kharif,Rice,1689.0,3197.0,1.8928359976317348,1.409,4475.8,3580.64
Uttar Pradesh,JHANSI,2009,Kharif,Rice,1823.0,3167.0,1.7372462973121228,1.409,4433.8,3547.04
Uttar Pradesh,JHANSI,2010,Kharif,Rice,2067.0,4738.0,2.2922109337203675,1.409,6633.2,5306.56
Uttar Pradesh,JHANSI,2011,Kharif,Rice,10590.0,21265.0,2.0080264400377716,1.409,29771.0,23816.8
Uttar Pradesh,JHANSI,2012,Kharif,Rice,10042.0,19893.0,1.9809798844851623,1.409,27850.2,22280.16
Uttar Pradesh,JHANSI,2013,Kharif,Rice,10738.0,20907.0,1.947010616502142,1.409,29269.8,23415.84
Uttar Pradesh,JHANSI,2014,Kharif,Rice,9590.0,17694.0,1.8450469238790406,1.409,24771.6,19817.28
Uttar Pradesh,KANNAUJ,1997,Kharif,Rice,15841.0,40925.0,2.583485891042232,2.473,57295.0,45836.0
Uttar Pradesh,KANNAUJ,1998,Kharif,Rice,20370.0,41452.0,2.034953362788414,2.473,58032.8,46426.24
Uttar Pradesh,KANNAUJ,1999,Kharif,Rice,23585.0,49882.0,2.1149883400466396,2.473,69834.8,55867.84
Uttar Pradesh,KANNAUJ,2000,Kharif,Rice,20703.0,33539.0,1.6200067623049799,2.473,46954.6,37563.68
Uttar Pradesh,KANNAUJ,2001,Kharif,Rice,22922.0,45047.0,1.9652299101300061,2.473,63065.8,50452.64
Uttar Pradesh,KANNAUJ,2002,Kharif,Rice,16078.0,34519.0,2.1469710162955593,2.473,48326.6,38661.28
Uttar Pradesh,KANNAUJ,2003,Kharif,Rice,19017.0,36763.0,1.9331650628385129,2.473,51468.2,41174.56
Uttar Pradesh,KANNAUJ,2004,Kharif,Rice,18978.0,45665.0,2.40620718726947,2.473,63931.0,51144.8
Uttar Pradesh,KANNAUJ,2005,Kharif,Rice,19679.0,49965.0,2.5390009654962142,2.473,69951.0,55960.8
Uttar Pradesh,KANNAUJ,2006,Kharif,Rice,17211.0,41289.0,2.398989018650863,2.473,57804.6,46243.68
Uttar Pradesh,KANNAUJ,2007,Kharif,Rice,16925.0,44682.0,2.64,2.473,62554.8,50043.84
Uttar Pradesh,KANNAUJ,2008,Kharif,Rice,19972.0,54384.0,2.7230122171039457,2.473,76137.6,60910.08
Uttar Pradesh,KANNAUJ,2009,Kharif,Rice,13821.0,36764.0,2.66001012951306,2.473,51469.6,41175.68
Uttar Pradesh,KANNAUJ,2010,Kharif,Rice,15388.0,42933.0,2.79003119313751,2.473,60106.2,48084.96
Uttar Pradesh,KANNAUJ,2011,Kharif,Rice,16289.0,45577.0,2.798023205844435,2.473,63807.8,51046.24
Uttar Pradesh,KANNAUJ,2012,Kharif,Rice,17275.0,52257.0,3.0250072358900146,2.473,73159.8,58527.84
Uttar Pradesh,KANNAUJ,2013,Kharif,Rice,21390.0,63165.0,2.953015427769986,2.473,88431.0,70744.8
Uttar Pradesh,KANNAUJ,2014,Kharif,Rice,22007.0,52355.0,2.379015767710274,2.473,73297.0,58637.6
Uttar Pradesh,KANPUR DEHAT,1997,Kharif,Rice,45187.0,101835.0,2.2536348949919223,2.296,142569.0,114055.2
Uttar Pradesh,KANPUR DEHAT,1998,Kharif,Rice,45393.0,104018.0,2.291498689225211,2.296,145625.2,116500.16
Uttar Pradesh,KANPUR DEHAT,2003,Kharif,Rice,52617.0,109175.0,2.0748997472299826,2.296,152845.0,122276.0
Uttar Pradesh,KANPUR DEHAT,2004,Kharif,Rice,52802.0,126264.0,2.3912730578387182,2.296,176769.6,141415.68
Uttar Pradesh,KANPUR DEHAT,2005,Kharif,Rice,55080.0,123765.0,2.247004357298475,2.296,173271.0,138616.8
Uttar Pradesh,KANPUR DEHAT,2006,Kharif,Rice,56707.0,107290.0,1.8920062778845645,2.296,150206.0,120164.8
Uttar Pradesh,KANPUR DEHAT,2007,Kharif,Rice,56442.0,114747.0,2.033007334963325,2.296,160645.8,128516.64
Uttar Pradesh,KANPUR DEHAT,2008,Kharif,Rice,52436.0,125374.0,2.390990922267145,2.296,175523.6,140418.88
Uttar Pradesh,KANPUR DEHAT,2009,Kharif,Rice,29397.0,66114.0,2.249005000510256,2.296,92559.6,74047.68
Uttar Pradesh,KANPUR DEHAT,2010,Kharif,Rice,43449.0,99976.0,2.300996570692076,2.296,139966.4,111973.12
Uttar Pradesh,KANPUR DEHAT,2011,Kharif,Rice,43053.0,115425.0,2.680997839871786,2.296,161595.0,129276.0
Uttar Pradesh,KANPUR DEHAT,2012,Kharif,Rice,39670.0,119367.0,3.0089992437610285,2.296,167113.8,133691.04
Uttar Pradesh,KANPUR DEHAT,2013,Kharif,Rice,41454.0,112299.0,2.7090027500361846,2.296,157218.6,125774.88
Uttar Pradesh,KANPUR DEHAT,2014,Kharif,Rice,37513.0,92770.0,2.4730093567563243,2.296,129878.0,103902.4
Uttar Pradesh,KANPUR NAGAR,1997,Kharif,Rice,37026.0,79325.0,2.142413439204883,2.108,111055.0,88844.0
Uttar Pradesh,KANPUR NAGAR,1998,Kharif,Rice,37150.0,77053.0,2.0741049798115747,2.108,107874.2,86299.36
Uttar Pradesh,KANPUR NAGAR,1999,Kharif,Rice,81418.0,182417.0,2.2404996438134073,2.108,255383.8,204307.04
Uttar Pradesh,KANPUR NAGAR,2000,Kharif,Rice,79780.0,139920.0,1.753823013286538,2.108,195888.0,156710.4
Uttar Pradesh,KANPUR NAGAR,2001,Kharif,Rice,102651.0,199417.0,1.9426698229924697,2.108,279183.8,223347.04
Uttar Pradesh,KANPUR NAGAR,2002,Kharif,Rice,83843.0,154159.0,1.8386627386901708,2.108,215822.6,172658.08
Uttar Pradesh,KANPUR NAGAR,2003,Kharif,Rice,36528.0,74896.0,2.050372317126588,2.108,104854.4,83883.52
Uttar Pradesh,KANPUR NAGAR,2004,Kharif,Rice,37165.0,71748.0,1.9305260325575138,2.108,100447.2,80357.76
Uttar Pradesh,KANPUR NAGAR,2005,Kharif,Rice,32279.0,64493.0,1.9979863068868304,2.108,90290.2,72232.16
Uttar Pradesh,KANPUR NAGAR,2006,Kharif,Rice,30487.0,49480.0,1.6229868468527568,2.108,69272.0,55417.6
Uttar Pradesh,KANPUR NAGAR,2007,Kharif,Rice,33909.0,63986.0,1.886991654133121,2.108,89580.4,71664.32
Uttar Pradesh,KANPUR NAGAR,2008,Kharif,Rice,34040.0,74003.0,2.1740011750881316,2.108,103604.2,82883.36
Uttar Pradesh,KANPUR NAGAR,2009,Kharif,Rice,24103.0,55485.0,2.301995602207194,2.108,77679.0,62143.2
Uttar Pradesh,KANPUR NAGAR,2010,Kharif,Rice,31353.0,70638.0,2.2529901444837814,2.108,98893.2,79114.56
Uttar Pradesh,KANPUR NAGAR,2011,Kharif,Rice,33478.0,90658.0,2.7079873349662464,2.108,126921.2,101536.96
Uttar Pradesh,KANPUR NAGAR,2012,Kharif,Rice,31891.0,74689.0,2.3420087171929382,2.108,104564.6,83651.68
Uttar Pradesh,KANPUR NAGAR,2013,Kharif,Rice,33584.0,85941.0,2.5589864221057645,2.108,120317.4,96253.92
Uttar Pradesh,KANPUR NAGAR,2014,Kharif,Rice,29881.0,69204.0,2.315986747431478,2.108,96885.6,77508.48
Uttar Pradesh,KASGANJ,2009,Kharif,Rice,14317.0,29679.0,2.072990151568066,2.31,41550.6,33240.48
Uttar Pradesh,KASGANJ,2010,Kharif,Rice,17901.0,37216.0,2.078990000558628,2.31,52102.4,41681.92
Uttar Pradesh,KASGANJ,2011,Kharif,Rice,16107.0,41411.0,2.5709939777736386,2.31,57975.4,46380.32
Uttar Pradesh,KASGANJ,2012,Kharif,Rice,17238.0,46974.0,2.7250261051166027,2.31,65763.6,52610.88
Uttar Pradesh,KASGANJ,2013,Kharif,Rice,17015.0,37977.0,2.231971789597414,2.31,53167.8,42534.24
Uttar Pradesh,KASGANJ,2014,Kharif,Rice,19146.0,45740.0,2.3890107594275567,2.31,64036.0,51228.8
Uttar Pradesh,KAUSHAMBI,1997,Kharif,Rice,30563.0,43697.0,1.4297353008539737,1.964,61175.8,48940.64
Uttar Pradesh,KAUSHAMBI,1998,Kharif,Rice,30650.0,47496.0,1.5496247960848286,1.964,66494.4,53195.52
Uttar Pradesh,KAUSHAMBI,1999,Kharif,Rice,24975.0,50043.0,2.0037237237237235,1.964,70060.2,56048.16
Uttar Pradesh,KAUSHAMBI,2000,Kharif,Rice,31025.0,67116.0,2.163287671232877,1.964,93962.4,75169.92
Uttar Pradesh,KAUSHAMBI,2001,Kharif,Rice,49500.0,108109.0,2.184020202020202,1.964,151352.6,121082.08
Uttar Pradesh,KAUSHAMBI,2002,Kharif,Rice,23959.0,37592.0,1.569013731791811,1.964,52628.8,42103.04
Uttar Pradesh,KAUSHAMBI,2003,Kharif,Rice,41462.0,77682.0,1.8735709806569871,1.964,108754.8,87003.84
Uttar Pradesh,KAUSHAMBI,2004,Kharif,Rice,44335.0,85788.0,1.9349949250028193,1.964,120103.2,96082.56
Uttar Pradesh,KAUSHAMBI,2005,Kharif,Rice,41745.0,69130.0,1.6560067073901066,1.964,96782.0,77425.6
Uttar Pradesh,KAUSHAMBI,2006,Kharif,Rice,44367.0,67260.0,1.5159916153898167,1.964,94164.0,75331.2
Uttar Pradesh,KAUSHAMBI,2007,Kharif,Rice,40533.0,64042.0,1.5799965460242271,1.964,89658.8,71727.04
Uttar Pradesh,KAUSHAMBI,2008,Kharif,Rice,57888.0,122086.0,2.1090035931453843,1.964,170920.4,136736.32
Uttar Pradesh,KAUSHAMBI,2009,Kharif,Rice,28255.0,51594.0,1.8260130950274287,1.964,72231.6,57785.28
Uttar Pradesh,KAUSHAMBI,2010,Kharif,Rice,40103.0,79965.0,1.99399047452809,1.964,111951.0,89560.8
Uttar Pradesh,KAUSHAMBI,2011,Kharif,Rice,45799.0,111108.0,2.425991833882836,1.964,155551.2,124440.96
Uttar Pradesh,KAUSHAMBI,2012,Kharif,Rice,46141.0,100357.0,2.1750070436271427,1.964,140499.8,112399.84
Uttar Pradesh,KAUSHAMBI,2013,Kharif,Rice,50894.0,112425.0,2.2090030258969624,1.964,157395.0,125916.0
Uttar Pradesh,KAUSHAMBI,2014,Kharif,Rice,43224.0,93494.0,2.163011290024061,1.964,130891.6,104713.28
Uttar Pradesh,KHERI,1997,Kharif,Rice,184332.0,475902.0,2.581765510057939,2.318,666262.8,533010.24
Uttar Pradesh,KHERI,1998,Kharif,Rice,189267.0,421981.0,2.229554016283874,2.318,590773.4,472618.72
Uttar Pradesh,KHERI,1999,Kharif,Rice,188822.0,481946.0,2.5523826672739407,2.318,674724.4,539779.52
Uttar Pradesh,KHERI,2000,Kharif,Rice,188067.0,477644.0,2.539754449212249,2.318,668701.6,534961.28
Uttar Pradesh,KHERI,2001,Kharif,Rice,187416.0,484045.0,2.5827303965509882,2.318,677663.0,542130.4
Uttar Pradesh,KHERI,2002,Kharif,Rice,172651.0,363489.0,2.1053396736769554,2.318,508884.6,407107.68
Uttar Pradesh,KHERI,2003,Kharif,Rice,179692.0,428236.0,2.383166751997863,2.318,599530.4,479624.32
Uttar Pradesh,KHERI,2004,Kharif,Rice,190686.0,397276.0,2.083404130350419,2.318,556186.4,444949.12
Uttar Pradesh,KHERI,2005,Kharif,Rice,176122.0,396803.0,2.2530007608362386,2.318,555524.2,444419.36
Uttar Pradesh,KHERI,2006,Kharif,Rice,183844.0,376880.0,2.049998912121146,2.318,527632.0,422105.6
Uttar Pradesh,KHERI,2007,Kharif,Rice,179820.0,372227.0,2.069997775553331,2.318,521117.8,416894.24
Uttar Pradesh,KHERI,2008,Kharif,Rice,187595.0,334107.0,1.7810016258429062,2.318,467749.8,374199.84
Uttar Pradesh,KHERI,2009,Kharif,Rice,163394.0,321886.0,1.9699988983683612,2.318,450640.4,360512.32
Uttar Pradesh,KHERI,2010,Kharif,Rice,181676.0,393329.0,2.1650025319800084,2.318,550660.6,440528.48
Uttar Pradesh,KHERI,2011,Kharif,Rice,184419.0,443159.0,2.4030007754081737,2.318,620422.6,496338.08
Uttar Pradesh,KHERI,2012,Kharif,Rice,183167.0,469457.0,2.562999885350527,2.318,657239.8,525791.84
Uttar Pradesh,KHERI,2013,Kharif,Rice,173556.0,467907.0,2.696000138283897,2.318,655069.8,524055.84
Uttar Pradesh,KHERI,2014,Kharif,Rice,155403.0,423318.0,2.7240014671531436,2.318,592645.2,474116.16
Uttar Pradesh,KUSHI NAGAR,1997,Kharif,Rice,111830.0,290944.0,2.601663238844675,2.511,407321.6,325857.28
Uttar Pradesh,KUSHI NAGAR,1998,Kharif,Rice,112395.0,292763.0,2.604768895413497,2.511,409868.2,327894.56
Uttar Pradesh,KUSHI NAGAR,1999,Kharif,Rice,115083.0,288530.0,2.5071470156321958,2.511,403942.0,323153.6
Uttar Pradesh,KUSHI NAGAR,2000,Kharif,Rice,118027.0,340514.0,2.8850517254526507,2.511,476719.6,381375.68
Uttar Pradesh,KUSHI NAGAR,2001,Kharif,Rice,118068.0,286058.0,2.4228241352440967,2.511,400481.2,320384.96
Uttar Pradesh,KUSHI NAGAR,2002,Kharif,Rice,117743.0,313789.0,2.665033165453573,2.511,439304.6,351443.68
Uttar Pradesh,KUSHI NAGAR,2003,Kharif,Rice,120358.0,317165.0,2.635180046195517,2.511,444031.0,355224.8
Uttar Pradesh,KUSHI NAGAR,2004,Kharif,Rice,123633.0,289803.0,2.34405862512436,2.511,405724.2,324579.36
Uttar Pradesh,KUSHI NAGAR,2005,Kharif,Rice,120335.0,305651.0,2.540000831013421,2.511,427911.4,342329.12
Uttar Pradesh,KUSHI NAGAR,2006,Kharif,Rice,119909.0,264879.0,2.209000158453494,2.511,370830.6,296664.48
Uttar Pradesh,KUSHI NAGAR,2007,Kharif,Rice,122757.0,308611.0,2.5139992016748534,2.511,432055.4,345644.32
Uttar Pradesh,KUSHI NAGAR,2008,Kharif,Rice,121337.0,313049.0,2.579996208905775,2.511,438268.6,350614.88
Uttar Pradesh,KUSHI NAGAR,2009,Kharif,Rice,122496.0,265081.0,2.1639971917450365,2.511,371113.4,296890.72
Uttar Pradesh,KUSHI NAGAR,2010,Kharif,Rice,125415.0,292844.0,2.334999800661803,2.511,409981.6,327985.28
Uttar Pradesh,KUSHI NAGAR,2011,Kharif,Rice,127193.0,303991.0,2.389997877241672,2.511,425587.4,340469.92
Uttar Pradesh,KUSHI NAGAR,2012,Kharif,Rice,132485.0,327370.0,2.4709967166094273,2.511,458318.0,366654.4
Uttar Pradesh,KUSHI NAGAR,2013,Kharif,Rice,122607.0,320863.0,2.6170039231039013,2.511,449208.2,359366.56
Uttar Pradesh,KUSHI NAGAR,2014,Kharif,Rice,118425.0,253666.0,2.1419970445429595,2.511,355132.4,284105.92
Uttar Pradesh,LALITPUR,1997,Kharif,Rice,6709.0,4023.0,0.5996422715754957,0.705,5632.2,4505.76
Uttar Pradesh,LALITPUR,1998,Kharif,Rice,9983.0,7581.0,0.7593909646398878,0.705,10613.4,8490.72
Uttar Pradesh,LALITPUR,1999,Kharif,Rice,7330.0,6002.0,0.8188267394270122,0.705,8402.8,6722.24
Uttar Pradesh,LALITPUR,2000,Kharif,Rice,7337.0,7183.0,0.9790104947526237,0.705,10056.2,8044.96
Uttar Pradesh,LALITPUR,2001,Kharif,Rice,7435.0,5239.0,0.704640215198386,0.705,7334.6,5867.68
Uttar Pradesh,LALITPUR,2003,Kharif,Rice,6004.0,3870.0,0.6445702864756829,0.705,5418.0,4334.4
Uttar Pradesh,LALITPUR,2004,Kharif,Rice,5668.0,2203.0,0.3886732533521524,0.705,3084.2,2467.36
Uttar Pradesh,LALITPUR,2005,Kharif,Rice,3484.0,2146.0,0.6159586681974741,0.705,3004.4,2403.52
Uttar Pradesh,LALITPUR,2006,Kharif,Rice,4996.0,3612.0,0.7229783827061649,0.705,5056.8,4045.44
Uttar Pradesh,LALITPUR,2007,Kharif,Rice,3485.0,1049.0,0.3010043041606887,0.705,1468.6,1174.88
Uttar Pradesh,LALITPUR,2008,Kharif,Rice,3207.0,2402.0,0.7489865918303711,0.705,3362.8,2690.24
Uttar Pradesh,LALITPUR,2009,Kharif,Rice,3434.0,2136.0,0.6220151426907397,0.705,2990.4,2392.32
Uttar Pradesh,LALITPUR,2010,Kharif,Rice,2833.0,1856.0,0.6551358983409813,0.705,2598.4,2078.72
Uttar Pradesh,LALITPUR,2011,Kharif,Rice,1631.0,1132.0,0.6940527283874923,0.705,1584.8,1267.84
Uttar Pradesh,LALITPUR,2012,Kharif,Rice,1315.0,1427.0,1.0851711026615969,0.705,1997.8,1598.24
Uttar Pradesh,LALITPUR,2013,Kharif,Rice,1355.0,963.0,0.7107011070110701,0.705,1348.2,1078.56
Uttar Pradesh,LALITPUR,2014,Kharif,Rice,962.0,750.0,0.7796257796257796,0.705,1050.0,840.0
Uttar Pradesh,LUCKNOW,1997,Kharif,Rice,53897.0,91903.0,1.7051598419207006,1.918,128664.2,102931.36
Uttar Pradesh,LUCKNOW,1998,Kharif,Rice,55254.0,91055.0,1.6479349911318637,1.918,127477.0,101981.6
Uttar Pradesh,LUCKNOW,1999,Kharif,Rice,55483.0,94571.0,1.704504082331525,1.918,132399.4,105919.52
Uttar Pradesh,LUCKNOW,2000,Kharif,Rice,51533.0,65339.0,1.2679060019793142,1.918,91474.6,73179.68
Uttar Pradesh,LUCKNOW,2001,Kharif,Rice,52458.0,90256.0,1.720538335430249,1.918,126358.4,101086.72
Uttar Pradesh,LUCKNOW,2002,Kharif,Rice,40753.0,74299.0,1.8231541236228008,1.918,104018.6,83214.88
Uttar Pradesh,LUCKNOW,2003,Kharif,Rice,48397.0,102433.0,2.116515486497097,1.918,143406.2,114724.96
Uttar Pradesh,LUCKNOW,2004,Kharif,Rice,52825.0,99033.0,1.8747373402744913,1.918,138646.2,110916.96
Uttar Pradesh,LUCKNOW,2005,Kharif,Rice,35499.0,68300.0,1.9239978590946223,1.918,95620.0,76496.0
Uttar Pradesh,LUCKNOW,2006,Kharif,Rice,48107.0,93520.0,1.9439998337040347,1.918,130928.0,104742.4
Uttar Pradesh,LUCKNOW,2007,Kharif,Rice,47542.0,87097.0,1.8320011779058516,1.918,121935.8,97548.64
Uttar Pradesh,LUCKNOW,2008,Kharif,Rice,56308.0,118810.0,2.1100021311358956,1.918,166334.0,133067.2
Uttar Pradesh,LUCKNOW,2009,Kharif,Rice,43549.0,95329.0,2.1890054880709084,1.918,133460.6,106768.48
Uttar Pradesh,LUCKNOW,2010,Kharif,Rice,48833.0,93320.0,1.9110028054799009,1.918,130648.0,104518.4
Uttar Pradesh,LUCKNOW,2011,Kharif,Rice,52978.0,106645.0,2.013005398467288,1.918,149303.0,119442.4
Uttar Pradesh,LUCKNOW,2012,Kharif,Rice,51138.0,104833.0,2.05000195549298,1.918,146766.2,117412.96
Uttar Pradesh,LUCKNOW,2013,Kharif,Rice,52159.0,105674.0,2.0259974309323416,1.918,147943.6,118354.88
Uttar Pradesh,LUCKNOW,2014,Kharif,Rice,54126.0,125843.0,2.3250009237704616,1.918,176180.2,140944.16
Uttar Pradesh,MAHARAJGANJ,1997,Kharif,Rice,164729.0,373051.0,2.264634642351984,2.365,522271.4,417817.12
Uttar Pradesh,MAHARAJGANJ,1998,Kharif,Rice,163828.0,348183.0,2.12529604219059,2.365,487456.2,389964.96
Uttar Pradesh,MAHARAJGANJ,1999,Kharif,Rice,162602.0,446907.0,2.7484717285150246,2.365,625669.8,500535.84
Uttar Pradesh,MAHARAJGANJ,2000,Kharif,Rice,166489.0,418224.0,2.512021815255062,2.365,585513.6,468410.88
Uttar Pradesh,MAHARAJGANJ,2001,Kharif,Rice,165097.0,370150.0,2.2420153000963072,2.365,518210.0,414568.0
Uttar Pradesh,MAHARAJGANJ,2002,Kharif,Rice,162597.0,436958.0,2.6873681556240276,2.365,611741.2,489392.96
Uttar Pradesh,MAHARAJGANJ,2003,Kharif,Rice,163882.0,450103.0,2.746506632821176,2.365,630144.2,504115.36
Uttar Pradesh,MAHARAJGANJ,2004,Kharif,Rice,171788.0,385422.0,2.2435909376673573,2.365,539590.8,431672.64
Uttar Pradesh,MAHARAJGANJ,2005,Kharif,Rice,158717.0,370763.0,2.3360005544459637,2.365,519068.2,415254.56
Uttar Pradesh,MAHARAJGANJ,2006,Kharif,Rice,168666.0,389281.0,2.30799924110372,2.365,544993.4,435994.72
Uttar Pradesh,MAHARAJGANJ,2007,Kharif,Rice,161982.0,358952.0,2.215999308565149,2.365,502532.8,402026.24
Uttar Pradesh,MAHARAJGANJ,2008,Kharif,Rice,165274.0,381287.0,2.306999286034101,2.365,533801.8,427041.44
Uttar Pradesh,MAHARAJGANJ,2009,Kharif,Rice,167645.0,407210.0,2.429001759670733,2.365,570094.0,456075.2
Uttar Pradesh,MAHARAJGANJ,2010,Kharif,Rice,167451.0,363536.0,2.170999277400553,2.365,508950.4,407160.32
Uttar Pradesh,MAHARAJGANJ,2011,Kharif,Rice,166780.0,399271.0,2.3939980813047126,2.365,558979.4,447183.52
Uttar Pradesh,MAHARAJGANJ,2012,Kharif,Rice,164762.0,405150.0,2.4590014687852784,2.365,567210.0,453768.0
Uttar Pradesh,MAHARAJGANJ,2013,Kharif,Rice,161164.0,398397.0,2.4719974684172645,2.365,557755.8,446204.64
Uttar Pradesh,MAHARAJGANJ,2014,Kharif,Rice,165814.0,406742.0,2.453001555960293,2.365,569438.8,455551.04
Uttar Pradesh,MAHOBA,1997,Kharif,Rice,1042.0,1173.0,1.1257197696737045,1.122,1642.2,1313.76
Uttar Pradesh,MAHOBA,1998,Kharif,Rice,869.0,1408.0,1.620253164556962,1.122,1971.2,1576.96
Uttar Pradesh,MAHOBA,1999,Kharif,Rice,1139.0,1238.0,1.086918349429324,1.122,1733.2,1386.56
Uttar Pradesh,MAHOBA,2000,Kharif,Rice,1206.0,1198.0,0.9933665008291874,1.122,1677.2,1341.76
Uttar Pradesh,MAHOBA,2001,Kharif,Rice,940.0,1252.0,1.3319148936170213,1.122,1752.8,1402.24
Uttar Pradesh,MAHOBA,2002,Kharif,Rice,758.0,621.0,0.8192612137203166,1.122,869.4,695.52
Uttar Pradesh,MAHOBA,2003,Kharif,Rice,759.0,884.0,1.1646903820816865,1.122,1237.6,990.08
Uttar Pradesh,MAHOBA,2004,Kharif,Rice,724.0,784.0,1.0828729281767955,1.122,1097.6,878.08
Uttar Pradesh,MAHOBA,2005,Kharif,Rice,406.0,315.0,0.7758620689655172,1.122,441.0,352.8
Uttar Pradesh,MAHOBA,2006,Kharif,Rice,109.0,93.0,0.8532110091743119,1.122,130.2,104.16
Uttar Pradesh,MAHOBA,2007,Kharif,Rice,330.0,163.0,0.49393939393939396,1.122,228.2,182.56
Uttar Pradesh,MAHOBA,2008,Kharif,Rice,293.0,378.0,1.2901023890784984,1.122,529.2,423.36
Uttar Pradesh,MAHOBA,2009,Kharif,Rice,212.0,203.0,0.9575471698113207,1.122,284.2,227.36
Uttar Pradesh,MAHOBA,2010,Kharif,Rice,76.0,85.0,1.118421052631579,1.122,119.0,95.2
Uttar Pradesh,MAHOBA,2011,Kharif,Rice,58.0,90.0,1.5517241379310345,1.122,126.0,100.8
Uttar Pradesh,MAHOBA,2012,Kharif,Rice,56.0,105.0,1.875,1.122,147.0,117.6
Uttar Pradesh,MAHOBA,2013,Kharif,Rice,48.0,86.0,1.7916666666666667,1.122,120.4,96.32
Uttar Pradesh,MAHOBA,2014,Kharif,Rice,12.0,19.0,1.5833333333333333,1.122,26.6,21.28
Uttar Pradesh,MAINPURI,1997,Kharif,Rice,60647.0,137159.0,2.2615957920424754,2.312,192022.6,153618.08
Uttar Pradesh,MAINPURI,1998,Kharif,Rice,63872.0,136170.0,2.1319200901803605,2.312,190638.0,152510.4
Uttar Pradesh,MAINPURI,1999,Kharif,Rice,61188.0,124111.0,2.0283552330522325,2.312,173755.4,139004.32
Uttar Pradesh,MAINPURI,2000,Kharif,Rice,64729.0,130602.0,2.017673685674118,2.312,182842.8,146274.24
Uttar Pradesh,MAINPURI,2001,Kharif,Rice,67429.0,141118.0,2.092838392976316,2.312,197565.2,158052.16
Uttar Pradesh,MAINPURI,2002,Kharif,Rice,52388.0,100585.0,1.9200007635336336,2.312,140819.0,112655.2
Uttar Pradesh,MAINPURI,2003,Kharif,Rice,57993.0,93556.0,1.6132291828324108,2.312,130978.4,104782.72
Uttar Pradesh,MAINPURI,2004,Kharif,Rice,81474.0,179085.0,2.1980631858016055,2.312,250719.0,200575.2
Uttar Pradesh,MAINPURI,2005,Kharif,Rice,56735.0,133441.0,2.3520049352251697,2.312,186817.4,149453.92
Uttar Pradesh,MAINPURI,2006,Kharif,Rice,81474.0,204174.0,2.506001914721261,2.312,285843.6,228674.88
Uttar Pradesh,MAINPURI,2007,Kharif,Rice,75962.0,185195.0,2.437995313446197,2.312,259273.0,207418.4
Uttar Pradesh,MAINPURI,2008,Kharif,Rice,83634.0,209336.0,2.5030011717722456,2.312,293070.4,234456.32
Uttar Pradesh,MAINPURI,2009,Kharif,Rice,60622.0,137673.0,2.271007225099799,2.312,192742.2,154193.76
Uttar Pradesh,MAINPURI,2010,Kharif,Rice,49602.0,120434.0,2.4280069352042255,2.312,168607.6,134886.08
Uttar Pradesh,MAINPURI,2011,Kharif,Rice,64437.0,168825.0,2.620000931142046,2.312,236355.0,189084.0
Uttar Pradesh,MAINPURI,2012,Kharif,Rice,59963.0,157943.0,2.6340076380434603,2.312,221120.2,176896.16
Uttar Pradesh,MAINPURI,2013,Kharif,Rice,65174.0,172059.0,2.639994476324915,2.312,240882.6,192706.08
Uttar Pradesh,MAINPURI,2014,Kharif,Rice,73176.0,190843.0,2.607999890674538,2.312,267180.2,213744.16
Uttar Pradesh,MATHURA,1997,Kharif,Rice,25931.0,56690.0,2.1861864178010877,2.174,79366.0,63492.8
Uttar Pradesh,MATHURA,1998,Kharif,Rice,31123.0,59471.0,1.9108376441859718,2.174,83259.4,66607.52
Uttar Pradesh,MATHURA,1999,Kharif,Rice,39971.0,82441.0,2.062520327237247,2.174,115417.4,92333.92
Uttar Pradesh,MATHURA,2000,Kharif,Rice,38821.0,80997.0,2.0864222972102726,2.174,113395.8,90716.64
Uttar Pradesh,MATHURA,2001,Kharif,Rice,36964.0,75917.0,2.053809111568012,2.174,106283.8,85027.04
Uttar Pradesh,MATHURA,2002,Kharif,Rice,25096.0,43496.0,1.7331845712464138,2.174,60894.4,48715.52
Uttar Pradesh,MATHURA,2003,Kharif,Rice,33054.0,67858.0,2.0529436679373148,2.174,95001.2,76000.96
Uttar Pradesh,MATHURA,2004,Kharif,Rice,37089.0,94625.0,2.5512955323680875,2.174,132475.0,105980.0
Uttar Pradesh,MATHURA,2005,Kharif,Rice,32880.0,82858.0,2.5200121654501215,2.174,116001.2,92800.96
Uttar Pradesh,MATHURA,2006,Kharif,Rice,37089.0,77442.0,2.088004529644908,2.174,108418.8,86735.04
Uttar Pradesh,MATHURA,2007,Kharif,Rice,42229.0,103377.0,2.4480096616069527,2.174,144727.8,115782.24
Uttar Pradesh,MATHURA,2008,Kharif,Rice,45394.0,119522.0,2.63299114420408,2.174,167330.8,133864.64
Uttar Pradesh,MATHURA,2009,Kharif,Rice,42931.0,92817.0,2.1620041461880692,2.174,129943.8,103955.04
Uttar Pradesh,MATHURA,2010,Kharif,Rice,47142.0,101167.0,2.1460056849518474,2.174,141633.8,113307.04
Uttar Pradesh,MATHURA,2011,Kharif,Rice,45927.0,104300.0,2.2709952751105016,2.174,146020.0,116816.0
Uttar Pradesh,MATHURA,2012,Kharif,Rice,48596.0,120081.0,2.4710058441023954,2.174,168113.4,134490.72
Uttar Pradesh,MATHURA,2013,Kharif,Rice,52654.0,126580.0,2.4039958977475595,2.174,177212.0,141769.6
Uttar Pradesh,MATHURA,2014,Kharif,Rice,49400.0,114756.0,2.322995951417004,2.174,160658.4,128526.72
Uttar Pradesh,MAU,1997,Kharif,Rice,87189.0,151667.0,1.739519893564555,1.862,212333.8,169867.04
Uttar Pradesh,MAU,1998,Kharif,Rice,88317.0,155987.0,1.7662171495861498,1.862,218381.8,174705.44
Uttar Pradesh,MAU,1999,Kharif,Rice,89139.0,186084.0,2.087571096826305,1.862,260517.6,208414.08
Uttar Pradesh,MAU,2000,Kharif,Rice,90471.0,169071.0,1.8687866830254998,1.862,236699.4,189359.52
Uttar Pradesh,MAU,2001,Kharif,Rice,91166.0,174232.0,1.9111510870280588,1.862,243924.8,195139.84
Uttar Pradesh,MAU,2002,Kharif,Rice,90346.0,195837.0,2.167633320788967,1.862,274171.8,219337.44
Uttar Pradesh,MAU,2003,Kharif,Rice,91170.0,192364.0,2.109948447954371,1.862,269309.6,215447.68
Uttar Pradesh,MAU,2004,Kharif,Rice,90051.0,116405.0,1.2926563836048461,1.862,162967.0,130373.6
Uttar Pradesh,MAU,2005,Kharif,Rice,90387.0,158629.0,1.754997953245489,1.862,222080.6,177664.48
Uttar Pradesh,MAU,2006,Kharif,Rice,85278.0,88433.0,1.036996646262811,1.862,123806.2,99044.96
Uttar Pradesh,MAU,2007,Kharif,Rice,74202.0,133489.0,1.7989946362631735,1.862,186884.6,149507.68
Uttar Pradesh,MAU,2008,Kharif,Rice,91102.0,182022.0,1.998002239248315,1.862,254830.8,203864.64
Uttar Pradesh,MAU,2009,Kharif,Rice,76241.0,111464.0,1.4619955142246297,1.862,156049.6,124839.68
Uttar Pradesh,MAU,2010,Kharif,Rice,84040.0,155894.0,1.8549976201808662,1.862,218251.6,174601.28
Uttar Pradesh,MAU,2011,Kharif,Rice,91733.0,218691.0,2.383994854632466,1.862,306167.4,244933.92
Uttar Pradesh,MAU,2012,Kharif,Rice,84412.0,180557.0,2.138996825095958,1.862,252779.8,202223.84
Uttar Pradesh,MAU,2013,Kharif,Rice,88001.0,184626.0,2.097998886376291,1.862,258476.4,206781.12
Uttar Pradesh,MAU,2014,Kharif,Rice,91396.0,160583.0,1.757002494638715,1.862,224816.2,179852.96
Uttar Pradesh,MEERUT,1997,Kharif,Rice,17696.0,44758.0,2.5292721518987342,2.421,62661.2,50128.96
Uttar Pradesh,MEERUT,1998,Kharif,Rice,18878.0,41048.0,2.1743828795423243,2.421,57467.2,45973.76
Uttar Pradesh,MEERUT,1999,Kharif,Rice,20624.0,51208.0,2.482932505818464,2.421,71691.2,57352.96
Uttar Pradesh,MEERUT,2000,Kharif,Rice,21226.0,48008.0,2.261754452087063,2.421,67211.2,53768.96
Uttar Pradesh,MEERUT,2001,Kharif,Rice,19823.0,42559.0,2.1469505120314785,2.421,59582.6,47666.08
Uttar Pradesh,MEERUT,2002,Kharif,Rice,13220.0,30021.0,2.2708774583963693,2.421,42029.4,33623.52
Uttar Pradesh,MEERUT,2003,Kharif,Rice,14320.0,33423.0,2.3340083798882683,2.421,46792.2,37433.76
Uttar Pradesh,MEERUT,2004,Kharif,Rice,15186.0,38020.0,2.503621756881338,2.421,53228.0,42582.4
Uttar Pradesh,MEERUT,2005,Kharif,Rice,12110.0,27199.0,2.245995045417011,2.421,38078.6,30462.88
Uttar Pradesh,MEERUT,2006,Kharif,Rice,15848.0,39921.0,2.518992932862191,2.421,55889.4,44711.52
Uttar Pradesh,MEERUT,2007,Kharif,Rice,13707.0,32335.0,2.359013642664332,2.421,45269.0,36215.2
Uttar Pradesh,MEERUT,2008,Kharif,Rice,17372.0,39938.0,2.298986875431729,2.421,55913.2,44730.56
Uttar Pradesh,MEERUT,2009,Kharif,Rice,17629.0,45113.0,2.5590220659141187,2.421,63158.2,50526.56
Uttar Pradesh,MEERUT,2010,Kharif,Rice,17605.0,38608.0,2.1930133484805454,2.421,54051.2,43240.96
Uttar Pradesh,MEERUT,2011,Kharif,Rice,16159.0,42143.0,2.608020298285785,2.421,59000.2,47200.16
Uttar Pradesh,MEERUT,2012,Kharif,Rice,16117.0,44273.0,2.7469752435316748,2.421,61982.2,49585.76
Uttar Pradesh,MEERUT,2013,Kharif,Rice,14493.0,39305.0,2.7119988960187675,2.421,55027.0,44021.6
Uttar Pradesh,MEERUT,2014,Kharif,Rice,14466.0,42892.0,2.965021429558966,2.421,60048.8,48039.04
Uttar Pradesh,MIRZAPUR,1997,Kharif,Rice,100385.0,187366.0,1.866474074811974,2.054,262312.4,209849.92
Uttar Pradesh,MIRZAPUR,1998,Kharif,Rice,105655.0,230950.0,2.1858880318016185,2.054,323330.0,258664.0
Uttar Pradesh,MIRZAPUR,1999,Kharif,Rice,107865.0,261050.0,2.420154823158578,2.054,365470.0,292376.0
Uttar Pradesh,MIRZAPUR,2000,Kharif,Rice,106923.0,207490.0,1.9405553529175201,2.054,290486.0,232388.8
Uttar Pradesh,MIRZAPUR,2001,Kharif,Rice,110842.0,246817.0,2.2267461792461343,2.054,345543.8,276435.04
Uttar Pradesh,MIRZAPUR,2002,Kharif,Rice,89277.0,167705.0,1.8784793395835433,2.054,234787.0,187829.6
Uttar Pradesh,MIRZAPUR,2003,Kharif,Rice,103594.0,215028.0,2.075680058690658,2.054,301039.2,240831.36
Uttar Pradesh,MIRZAPUR,2004,Kharif,Rice,90318.0,99621.0,1.1030027237095597,2.054,139469.4,111575.52
Uttar Pradesh,MIRZAPUR,2005,Kharif,Rice,103594.0,151765.0,1.4649979728555709,2.054,212471.0,169976.8
Uttar Pradesh,MIRZAPUR,2006,Kharif,Rice,99740.0,194094.0,1.945999598957289,2.054,271731.6,217385.28
Uttar Pradesh,MIRZAPUR,2007,Kharif,Rice,78848.0,111806.0,1.4179941152597402,2.054,156528.4,125222.72
Uttar Pradesh,MIRZAPUR,2008,Kharif,Rice,108567.0,221368.0,2.0389989591680715,2.054,309915.2,247932.16
Uttar Pradesh,MIRZAPUR,2009,Kharif,Rice,61987.0,96080.0,1.550002419862229,2.054,134512.0,107609.6
Uttar Pradesh,MIRZAPUR,2010,Kharif,Rice,64224.0,132879.0,2.068992899850523,2.054,186030.6,148824.48
Uttar Pradesh,MIRZAPUR,2011,Kharif,Rice,91949.0,199897.0,2.173998629675146,2.054,279855.8,223884.64
Uttar Pradesh,MIRZAPUR,2012,Kharif,Rice,89158.0,208630.0,2.34000314049216,2.054,292082.0,233665.6
Uttar Pradesh,MIRZAPUR,2013,Kharif,Rice,81099.0,186771.0,2.3030000369918247,2.054,261479.4,209183.52
Uttar Pradesh,MIRZAPUR,2014,Kharif,Rice,81132.0,187821.0,2.3150051767490014,2.054,262949.4,210359.52
Uttar Pradesh,MORADABAD,1997,Kharif,Rice,108473.0,266267.0,2.4546845758852434,2.261,372773.8,298219.04
Uttar Pradesh,MORADABAD,1998,Kharif,Rice,113283.0,242782.0,2.1431459265732724,2.261,339894.8,271915.84
Uttar Pradesh,MORADABAD,1999,Kharif,Rice,128647.0,279097.0,2.169479272738579,2.261,390735.8,312588.64
Uttar Pradesh,MORADABAD,2000,Kharif,Rice,134465.0,308851.0,2.2968876659353734,2.261,432391.4,345913.12
Uttar Pradesh,MORADABAD,2001,Kharif,Rice,136399.0,314024.0,2.302245617636493,2.261,439633.6,351706.88
Uttar Pradesh,MORADABAD,2002,Kharif,Rice,96795.0,215401.0,2.2253318869776333,2.261,301561.4,241249.12
Uttar Pradesh,MORADABAD,2003,Kharif,Rice,122354.0,291505.0,2.3824721709139056,2.261,408107.0,326485.6
Uttar Pradesh,MORADABAD,2004,Kharif,Rice,138207.0,326147.0,2.359844291533714,2.261,456605.8,365284.64
Uttar Pradesh,MORADABAD,2005,Kharif,Rice,114978.0,233865.0,2.033997808276366,2.261,327411.0,261928.8
Uttar Pradesh,MORADABAD,2006,Kharif,Rice,138207.0,289405.0,2.093996686130225,2.261,405167.0,324133.6
Uttar Pradesh,MORADABAD,2007,Kharif,Rice,139065.0,325690.0,2.341998346097149,2.261,455966.0,364772.8
Uttar Pradesh,MORADABAD,2008,Kharif,Rice,136178.0,302043.0,2.2180014392926903,2.261,422860.2,338288.16
Uttar Pradesh,MORADABAD,2009,Kharif,Rice,120321.0,279506.0,2.3230026346190606,2.261,391308.4,313046.72
Uttar Pradesh,MORADABAD,2010,Kharif,Rice,125006.0,224136.0,1.7930019359070763,2.261,313790.4,251032.32
Uttar Pradesh,MORADABAD,2011,Kharif,Rice,128889.0,277111.0,2.1499972844850994,2.261,387955.4,310364.32
Uttar Pradesh,MORADABAD,2012,Kharif,Rice,90672.0,215799.0,2.379996029645315,2.261,302118.6,241694.88
Uttar Pradesh,MORADABAD,2013,Kharif,Rice,95250.0,207931.0,2.183002624671916,2.261,291103.4,232882.72
Uttar Pradesh,MORADABAD,2014,Kharif,Rice,87934.0,205941.0,2.3419951327131714,2.261,288317.4,230653.92
Uttar Pradesh,MUZAFFARNAGAR,1997,Kharif,Rice,39413.0,117226.0,2.9742978205160733,2.457,164116.4,131293.12
Uttar Pradesh,MUZAFFARNAGAR,1998,Kharif,Rice,41593.0,105401.0,2.5341042963960283,2.457,147561.4,118049.12
Uttar Pradesh,MUZAFFARNAGAR,1999,Kharif,Rice,41988.0,105345.0,2.508931123178051,2.457,147483.0,117986.4
Uttar Pradesh,MUZAFFARNAGAR,2000,Kharif,Rice,41836.0,93538.0,2.235825604742327,2.457,130953.2,104762.56
Uttar Pradesh,MUZAFFARNAGAR,2001,Kharif,Rice,38253.0,101853.0,2.6626146968865188,2.457,142594.2,114075.36
Uttar Pradesh,MUZAFFARNAGAR,2002,Kharif,Rice,19082.0,44682.0,2.3415784508961326,2.457,62554.8,50043.84
Uttar Pradesh,MUZAFFARNAGAR,2003,Kharif,Rice,26432.0,66673.0,2.522434927360775,2.457,93342.2,74673.76
Uttar Pradesh,MUZAFFARNAGAR,2004,Kharif,Rice,31015.0,80429.0,2.593229082701918,2.457,112600.6,90080.48
Uttar Pradesh,MUZAFFARNAGAR,2005,Kharif,Rice,22442.0,50876.0,2.266999376169682,2.457,71226.4,56981.12
Uttar Pradesh,MUZAFFARNAGAR,2006,Kharif,Rice,25690.0,57854.0,2.2520046710782404,2.457,80995.6,64796.48
Uttar Pradesh,MUZAFFARNAGAR,2007,Kharif,Rice,22302.0,55911.0,2.5069948883508206,2.457,78275.4,62620.32
Uttar Pradesh,MUZAFFARNAGAR,2008,Kharif,Rice,29373.0,68938.0,2.3469853266605387,2.457,96513.2,77210.56
Uttar Pradesh,MUZAFFARNAGAR,2009,Kharif,Rice,35635.0,92794.0,2.6040129086572192,2.457,129911.6,103929.28
Uttar Pradesh,MUZAFFARNAGAR,2010,Kharif,Rice,37128.0,82944.0,2.2340012928248223,2.457,116121.6,92897.28
Uttar Pradesh,MUZAFFARNAGAR,2011,Kharif,Rice,37144.0,86880.0,2.3390049536937325,2.457,121632.0,97305.6
Uttar Pradesh,MUZAFFARNAGAR,2012,Kharif,Rice,14646.0,36644.0,2.501980062815786,2.457,51301.6,41041.28
Uttar Pradesh,MUZAFFARNAGAR,2013,Kharif,Rice,11064.0,25857.0,2.337039045553145,2.457,36199.8,28959.84
Uttar Pradesh,MUZAFFARNAGAR,2014,Kharif,Rice,10667.0,25729.0,2.412018374425799,2.457,36020.6,28816.48
Uttar Pradesh,PILIBHIT,1997,Kharif,Rice,144926.0,434147.0,2.9956460538481706,2.667,607805.8,486244.64
Uttar Pradesh,PILIBHIT,1998,Kharif,Rice,148002.0,385748.0,2.6063701841867,2.667,540047.2,432037.76
Uttar Pradesh,PILIBHIT,1999,Kharif,Rice,149592.0,397044.0,2.6541793678806354,2.667,555861.6,444689.28
Uttar Pradesh,PILIBHIT,2000,Kharif,Rice,150878.0,404330.0,2.6798472938400564,2.667,566062.0,452849.6
Uttar Pradesh,PILIBHIT,2001,Kharif,Rice,140480.0,426304.0,3.034624145785877,2.667,596825.6,477460.48
Uttar Pradesh,PILIBHIT,2002,Kharif,Rice,144387.0,405772.0,2.8103084072665823,2.667,568080.8,454464.64
Uttar Pradesh,PILIBHIT,2003,Kharif,Rice,157680.0,428098.0,2.71497970573313,2.667,599337.2,479469.76
Uttar Pradesh,PILIBHIT,2004,Kharif,Rice,165534.0,418292.0,2.5269249821788877,2.667,585608.8,468487.04
Uttar Pradesh,PILIBHIT,2005,Kharif,Rice,151953.0,380642.0,2.5049982560396966,2.667,532898.8,426319.04
Uttar Pradesh,PILIBHIT,2006,Kharif,Rice,165534.0,397116.0,2.3989996012903694,2.667,555962.4,444769.92
Uttar Pradesh,PILIBHIT,2007,Kharif,Rice,160112.0,455198.0,2.8429974018187267,2.667,637277.2,509821.76
Uttar Pradesh,PILIBHIT,2008,Kharif,Rice,154385.0,345822.0,2.2399974090747157,2.667,484150.8,387320.64
Uttar Pradesh,PILIBHIT,2009,Kharif,Rice,154810.0,403280.0,2.6049996770234483,2.667,564592.0,451673.6
Uttar Pradesh,PILIBHIT,2010,Kharif,Rice,149172.0,370692.0,2.4849971844582095,2.667,518968.8,415175.04
Uttar Pradesh,PILIBHIT,2011,Kharif,Rice,152550.0,427750.0,2.803998688954441,2.667,598850.0,479080.0
Uttar Pradesh,PILIBHIT,2012,Kharif,Rice,152957.0,423844.0,2.771001000281125,2.667,593381.6,474705.28
Uttar Pradesh,PILIBHIT,2013,Kharif,Rice,135908.0,380135.0,2.7970023839656237,2.667,532189.0,425751.2
Uttar Pradesh,PILIBHIT,2014,Kharif,Rice,118036.0,309963.0,2.6260039310041003,2.667,433948.2,347158.56
Uttar Pradesh,PRATAPGARH,1997,Kharif,Rice,109370.0,228671.0,2.0908018652281246,2.005,320139.4,256111.52
Uttar Pradesh,PRATAPGARH,1998,Kharif,Rice,111838.0,174882.0,1.5637082208193995,2.005,244834.8,195867.84
Uttar Pradesh,PRATAPGARH,1999,Kharif,Rice,112157.0,228834.0,2.040300649981722,2.005,320367.6,256294.08
Uttar Pradesh,PRATAPGARH,2000,Kharif,Rice,109804.0,172170.0,1.5679756657316672,2.005,241038.0,192830.4
Uttar Pradesh,PRATAPGARH,2001,Kharif,Rice,116257.0,231694.0,1.9929466612763103,2.005,324371.6,259497.28
Uttar Pradesh,PRATAPGARH,2002,Kharif,Rice,99302.0,179042.0,1.8030049747235706,2.005,250658.8,200527.04
Uttar Pradesh,PRATAPGARH,2003,Kharif,Rice,107856.0,239818.0,2.2235017059783413,2.005,335745.2,268596.16
Uttar Pradesh,PRATAPGARH,2004,Kharif,Rice,96432.0,157306.0,1.631263481002157,2.005,220228.4,176182.72
Uttar Pradesh,PRATAPGARH,2005,Kharif,Rice,106016.0,198038.0,1.8680010564443104,2.005,277253.2,221802.56
Uttar Pradesh,PRATAPGARH,2006,Kharif,Rice,98612.0,184503.0,1.8709994726808097,2.005,258304.2,206643.36
Uttar Pradesh,PRATAPGARH,2007,Kharif,Rice,102207.0,196340.0,1.9210034537751817,2.005,274876.0,219900.8
Uttar Pradesh,PRATAPGARH,2008,Kharif,Rice,95782.0,209092.0,2.182998893320248,2.005,292728.8,234183.04
Uttar Pradesh,PRATAPGARH,2009,Kharif,Rice,97382.0,207132.0,2.127004990655357,2.005,289984.8,231987.84
Uttar Pradesh,PRATAPGARH,2010,Kharif,Rice,96664.0,193811.0,2.0049966895638502,2.005,271335.4,217068.32
Uttar Pradesh,PRATAPGARH,2011,Kharif,Rice,97289.0,225516.0,2.318001007308123,2.005,315722.4,252577.92
Uttar Pradesh,PRATAPGARH,2012,Kharif,Rice,99174.0,240993.0,2.4300018149918325,2.005,337390.2,269912.16
Uttar Pradesh,PRATAPGARH,2013,Kharif,Rice,99245.0,237791.0,2.395999798478513,2.005,332907.4,266325.92
Uttar Pradesh,PRATAPGARH,2014,Kharif,Rice,104143.0,235676.0,2.263003754453012,2.005,329946.4,263957.12
Uttar Pradesh,RAE BARELI,1997,Kharif,Rice,139896.0,240099.0,1.7162677989363526,2.076,336138.6,268910.88
Uttar Pradesh,RAE BARELI,1998,Kharif,Rice,140703.0,240025.0,1.7058982395542384,2.076,336035.0,268828.0
Uttar Pradesh,RAE BARELI,1999,Kharif,Rice,136174.0,252465.0,1.8539882797009708,2.076,353451.0,282760.8
Uttar Pradesh,RAE BARELI,2000,Kharif,Rice,136455.0,209971.0,1.5387563665677328,2.076,293959.4,235167.52
Uttar Pradesh,RAE BARELI,2001,Kharif,Rice,142774.0,299278.0,2.0961659685937217,2.076,418989.2,335191.36
Uttar Pradesh,RAE BARELI,2002,Kharif,Rice,114773.0,223545.0,1.9477141836494647,2.076,312963.0,250370.4
Uttar Pradesh,RAE BARELI,2003,Kharif,Rice,137691.0,274443.0,1.993180382160054,2.076,384220.2,307376.16
Uttar Pradesh,RAE BARELI,2004,Kharif,Rice,136369.0,279701.0,2.051059991640329,2.076,391581.4,313265.12
Uttar Pradesh,RAE BARELI,2005,Kharif,Rice,136732.0,281121.0,2.0560000585086153,2.076,393569.4,314855.52
Uttar Pradesh,RAE BARELI,2006,Kharif,Rice,136669.0,248738.0,1.820003073118264,2.076,348233.2,278586.56
Uttar Pradesh,RAE BARELI,2007,Kharif,Rice,135591.0,287182.0,2.1180019322816412,2.076,402054.8,321643.84
Uttar Pradesh,RAE BARELI,2008,Kharif,Rice,142503.0,318922.0,2.2380020069752917,2.076,446490.8,357192.64
Uttar Pradesh,RAE BARELI,2009,Kharif,Rice,123177.0,269388.0,2.186999196278526,2.076,377143.2,301714.56
Uttar Pradesh,RAE BARELI,2010,Kharif,Rice,80776.0,172941.0,2.1409948499554323,2.076,242117.4,193693.92
Uttar Pradesh,RAE BARELI,2011,Kharif,Rice,83159.0,188438.0,2.2659964646039517,2.076,263813.2,211050.56
Uttar Pradesh,RAE BARELI,2012,Kharif,Rice,84448.0,204618.0,2.423005873436908,2.076,286465.2,229172.16
Uttar Pradesh,RAE BARELI,2013,Kharif,Rice,89513.0,219665.0,2.454001094813044,2.076,307531.0,246024.8
Uttar Pradesh,RAE BARELI,2014,Kharif,Rice,104251.0,246449.0,2.3639965084267778,2.076,345028.6,276022.88
Uttar Pradesh,RAMPUR,1997,Kharif,Rice,129699.0,328252.0,2.530875334428176,2.243,459552.8,367642.24
Uttar Pradesh,RAMPUR,1998,Kharif,Rice,133421.0,245914.0,1.8431431333897963,2.243,344279.6,275423.68
Uttar Pradesh,RAMPUR,1999,Kharif,Rice,133293.0,306205.0,2.2972324128048736,2.243,428687.0,342949.6
Uttar Pradesh,RAMPUR,2000,Kharif,Rice,136636.0,307990.0,2.25409116191926,2.243,431186.0,344948.8
Uttar Pradesh,RAMPUR,2001,Kharif,Rice,138520.0,332478.0,2.4002165752237943,2.243,465469.2,372375.36
Uttar Pradesh,RAMPUR,2002,Kharif,Rice,133921.0,301776.0,2.253388191545762,2.243,422486.4,337989.12
Uttar Pradesh,RAMPUR,2003,Kharif,Rice,137198.0,290515.0,2.117487135380982,2.243,406721.0,325376.8
Uttar Pradesh,RAMPUR,2004,Kharif,Rice,144038.0,319405.0,2.217505102820089,2.243,447167.0,357733.6
Uttar Pradesh,RAMPUR,2005,Kharif,Rice,129443.0,257333.0,1.9880024412289579,2.243,360266.2,288212.96
Uttar Pradesh,RAMPUR,2006,Kharif,Rice,144038.0,303776.0,2.108999014149044,2.243,425286.4,340229.12
Uttar Pradesh,RAMPUR,2007,Kharif,Rice,134046.0,301335.0,2.2479969562687434,2.243,421869.0,337495.2
Uttar Pradesh,RAMPUR,2008,Kharif,Rice,139590.0,274294.0,1.964997492657067,2.243,384011.6,307209.28
Uttar Pradesh,RAMPUR,2009,Kharif,Rice,116154.0,260766.0,2.2450023245002324,2.243,365072.4,292057.92
Uttar Pradesh,RAMPUR,2010,Kharif,Rice,140906.0,267580.0,1.898996494116645,2.243,374612.0,299689.6
Uttar Pradesh,RAMPUR,2011,Kharif,Rice,140595.0,306075.0,2.1769977595220316,2.243,428505.0,342804.0
Uttar Pradesh,RAMPUR,2012,Kharif,Rice,133026.0,302368.0,2.272999263301911,2.243,423315.2,338652.16
Uttar Pradesh,RAMPUR,2013,Kharif,Rice,136970.0,306950.0,2.2410016791998246,2.243,429730.0,343784.0
Uttar Pradesh,RAMPUR,2014,Kharif,Rice,124076.0,280412.0,2.2600019342983333,2.243,392576.8,314061.44
Uttar Pradesh,SAHARANPUR,1997,Kharif,Rice,74098.0,197286.0,2.662501012173068,2.293,276200.4,220960.32
Uttar Pradesh,SAHARANPUR,1998,Kharif,Rice,76479.0,185236.0,2.4220504975221955,2.293,259330.4,207464.32
Uttar Pradesh,SAHARANPUR,1999,Kharif,Rice,73505.0,174750.0,2.3773892932453573,2.293,244650.0,195720.0
Uttar Pradesh,SAHARANPUR,2000,Kharif,Rice,71743.0,170555.0,2.3773051029368717,2.293,238777.0,191021.6
Uttar Pradesh,SAHARANPUR,2001,Kharif,Rice,64769.0,146049.0,2.254921335824237,2.293,204468.6,163574.88
Uttar Pradesh,SAHARANPUR,2002,Kharif,Rice,57907.0,134817.0,2.328164125235291,2.293,188743.8,150995.04
Uttar Pradesh,SAHARANPUR,2003,Kharif,Rice,57924.0,119053.0,2.0553311235411917,2.293,166674.2,133339.36
Uttar Pradesh,SAHARANPUR,2004,Kharif,Rice,59988.0,134030.0,2.2342801893712076,2.293,187642.0,150113.6
Uttar Pradesh,SAHARANPUR,2005,Kharif,Rice,50264.0,115205.0,2.2919982492439916,2.293,161287.0,129029.6
Uttar Pradesh,SAHARANPUR,2006,Kharif,Rice,56475.0,127803.0,2.2630013280212484,2.293,178924.2,143139.36
Uttar Pradesh,SAHARANPUR,2007,Kharif,Rice,49206.0,112879.0,2.2940088607080438,2.293,158030.6,126424.48
Uttar Pradesh,SAHARANPUR,2008,Kharif,Rice,47858.0,106580.0,2.2270048894646663,2.293,149212.0,119369.6
Uttar Pradesh,SAHARANPUR,2009,Kharif,Rice,51884.0,118140.0,2.277002544136921,2.293,165396.0,132316.8
Uttar Pradesh,SAHARANPUR,2010,Kharif,Rice,54830.0,120023.0,2.1890023709648,2.293,168032.2,134425.76
Uttar Pradesh,SAHARANPUR,2011,Kharif,Rice,52344.0,119920.0,2.2909980131438177,2.293,167888.0,134310.4
Uttar Pradesh,SAHARANPUR,2012,Kharif,Rice,54042.0,141428.0,2.6170015913548723,2.293,197999.2,158399.36
Uttar Pradesh,SAHARANPUR,2013,Kharif,Rice,57786.0,141345.0,2.44600768352196,2.293,197883.0,158306.4
Uttar Pradesh,SAHARANPUR,2014,Kharif,Rice,62552.0,155629.0,2.487993989001151,2.293,217880.6,174304.48
Uttar Pradesh,SAMBHAL,2012,Kharif,Rice,35823.0,86262.0,2.408006029645758,2.302,120766.8,96613.44
Uttar Pradesh,SAMBHAL,2013,Kharif,Rice,40134.0,92388.0,2.301988339064135,2.302,129343.2,103474.56
Uttar Pradesh,SAMBHAL,2014,Kharif,Rice,35060.0,76746.0,2.1889903023388477,2.302,107444.4,85955.52
Uttar Pradesh,SANT KABEER NAGAR,1997,Kharif,Rice,82567.0,151002.0,1.8288420313200189,1.929,211402.8,169122.24
Uttar Pradesh,SANT KABEER NAGAR,1998,Kharif,Rice,81670.0,110377.0,1.3514999387780091,1.929,154527.8,123622.24
Uttar Pradesh,SANT KABEER NAGAR,1999,Kharif,Rice,89701.0,201454.0,2.2458389538578167,1.929,282035.6,225628.48
Uttar Pradesh,SANT KABEER NAGAR,2000,Kharif,Rice,85220.0,174596.0,2.0487678948603616,1.929,244434.4,195547.52
Uttar Pradesh,SANT KABEER NAGAR,2001,Kharif,Rice,89102.0,196191.0,2.2018697672330587,1.929,274667.4,219733.92
Uttar Pradesh,SANT KABEER NAGAR,2002,Kharif,Rice,89895.0,89921.0,1.000289226319595,1.929,125889.4,100711.52
Uttar Pradesh,SANT KABEER NAGAR,2003,Kharif,Rice,89836.0,205872.0,2.2916425486441963,1.929,288220.8,230576.64
Uttar Pradesh,SANT KABEER NAGAR,2004,Kharif,Rice,91204.0,128752.0,1.4116924696285251,1.929,180252.8,144202.24
Uttar Pradesh,SANT KABEER NAGAR,2005,Kharif,Rice,86338.0,158258.0,1.8330051657439366,1.929,221561.2,177248.96
Uttar Pradesh,SANT KABEER NAGAR,2006,Kharif,Rice,85996.0,121168.0,1.4089957672449882,1.929,169635.2,135708.16
Uttar Pradesh,SANT KABEER NAGAR,2007,Kharif,Rice,92217.0,172907.0,1.875001355498444,1.929,242069.8,193655.84
Uttar Pradesh,SANT KABEER NAGAR,2008,Kharif,Rice,108544.0,210033.0,1.9350033166273586,1.929,294046.2,235236.96
Uttar Pradesh,SANT KABEER NAGAR,2009,Kharif,Rice,86158.0,166113.0,1.9280043640753035,1.929,232558.2,186046.56
Uttar Pradesh,SANT KABEER NAGAR,2010,Kharif,Rice,90035.0,173768.0,1.9300049980563114,1.929,243275.2,194620.16
Uttar Pradesh,SANT KABEER NAGAR,2011,Kharif,Rice,90665.0,190578.0,2.1020018750344676,1.929,266809.2,213447.36
Uttar Pradesh,SANT KABEER NAGAR,2012,Kharif,Rice,87731.0,200202.0,2.281998381415919,1.929,280282.8,224226.24
Uttar Pradesh,SANT KABEER NAGAR,2013,Kharif,Rice,89987.0,208230.0,2.314000911242735,1.929,291522.0,233217.6
Uttar Pradesh,SANT KABEER NAGAR,2014,Kharif,Rice,90918.0,162561.0,1.7879957764139114,1.929,227585.4,182068.32
Uttar Pradesh,SANT RAVIDAS NAGAR,1997,Kharif,Rice,25492.0,58265.0,2.2856190177310527,2.102,81571.0,65256.8
Uttar Pradesh,SANT RAVIDAS NAGAR,1998,Kharif,Rice,25915.0,54970.0,2.121165348253907,2.102,76958.0,61566.4
Uttar Pradesh,SANT RAVIDAS NAGAR,1999,Kharif,Rice,28176.0,71301.0,2.5305579216354346,2.102,99821.4,79857.12
Uttar Pradesh,SANT RAVIDAS NAGAR,2000,Kharif,Rice,27806.0,56897.0,2.0462130475436955,2.102,79655.8,63724.64
Uttar Pradesh,SANT RAVIDAS NAGAR,2001,Kharif,Rice,28129.0,58604.0,2.083401471790679,2.102,82045.6,65636.48
Uttar Pradesh,SANT RAVIDAS NAGAR,2002,Kharif,Rice,28652.0,65832.0,2.297640653357532,2.102,92164.8,73731.84
Uttar Pradesh,SANT RAVIDAS NAGAR,2003,Kharif,Rice,29014.0,78633.0,2.7101743985662092,2.102,110086.2,88068.96
Uttar Pradesh,SANT RAVIDAS NAGAR,2004,Kharif,Rice,26519.0,16851.0,0.6354312002715035,2.102,23591.4,18873.12
Uttar Pradesh,SANT RAVIDAS NAGAR,2005,Kharif,Rice,30057.0,49895.0,1.6600126426456399,2.102,69853.0,55882.4
Uttar Pradesh,SANT RAVIDAS NAGAR,2006,Kharif,Rice,33388.0,52553.0,1.5740086258536001,2.102,73574.2,58859.36
Uttar Pradesh,SANT RAVIDAS NAGAR,2007,Kharif,Rice,25758.0,43016.0,1.6700054352045965,2.102,60222.4,48177.92
Uttar Pradesh,SANT RAVIDAS NAGAR,2008,Kharif,Rice,27762.0,55274.0,1.9909948850947339,2.102,77383.6,61906.88
Uttar Pradesh,SANT RAVIDAS NAGAR,2009,Kharif,Rice,22857.0,44320.0,1.9390121188257428,2.102,62048.0,49638.4
Uttar Pradesh,SANT RAVIDAS NAGAR,2010,Kharif,Rice,22116.0,44918.0,2.031018267317779,2.102,62885.2,50308.16
Uttar Pradesh,SANT RAVIDAS NAGAR,2011,Kharif,Rice,27635.0,67098.0,2.4280079609191243,2.102,93937.2,75149.76
Uttar Pradesh,SANT RAVIDAS NAGAR,2012,Kharif,Rice,23422.0,59750.0,2.5510204081632653,2.102,83650.0,66920.0
Uttar Pradesh,SANT RAVIDAS NAGAR,2013,Kharif,Rice,27721.0,70938.0,2.558998593124346,2.102,99313.2,79450.56
Uttar Pradesh,SANT RAVIDAS NAGAR,2014,Kharif,Rice,27981.0,61950.0,2.214002358743433,2.102,86730.0,69384.0
Uttar Pradesh,SHAHJAHANPUR,1997,Kharif,Rice,161820.0,424904.0,2.625781732789519,2.369,594865.6,475892.48
Uttar Pradesh,SHAHJAHANPUR,1998,Kharif,Rice,171346.0,379215.0,2.21315350227026,2.369,530901.0,424720.8
Uttar Pradesh,SHAHJAHANPUR,1999,Kharif,Rice,190128.0,467747.0,2.4601689388201633,2.369,654845.8,523876.64
Uttar Pradesh,SHAHJAHANPUR,2000,Kharif,Rice,195853.0,443656.0,2.265249957876571,2.369,621118.4,496894.72
Uttar Pradesh,SHAHJAHANPUR,2001,Kharif,Rice,213911.0,509203.0,2.3804432684621175,2.369,712884.2,570307.36
Uttar Pradesh,SHAHJAHANPUR,2002,Kharif,Rice,141350.0,293162.0,2.074014856738592,2.369,410426.8,328341.44
Uttar Pradesh,SHAHJAHANPUR,2003,Kharif,Rice,186774.0,421045.0,2.2543019906410957,2.369,589463.0,471570.4
Uttar Pradesh,SHAHJAHANPUR,2004,Kharif,Rice,204915.0,483179.0,2.357948417636581,2.369,676450.6,541160.48
Uttar Pradesh,SHAHJAHANPUR,2005,Kharif,Rice,191956.0,408482.0,2.1279980828939964,2.369,571874.8,457499.84
Uttar Pradesh,SHAHJAHANPUR,2006,Kharif,Rice,204915.0,459829.0,2.2439987311812213,2.369,643760.6,515008.48
Uttar Pradesh,SHAHJAHANPUR,2007,Kharif,Rice,183655.0,442792.0,2.4109988837766463,2.369,619908.8,495927.04
Uttar Pradesh,SHAHJAHANPUR,2008,Kharif,Rice,217806.0,490281.0,2.2509985950800253,2.369,686393.4,549114.72
Uttar Pradesh,SHAHJAHANPUR,2009,Kharif,Rice,162992.0,425246.0,2.6089992146853835,2.369,595344.4,476275.52
Uttar Pradesh,SHAHJAHANPUR,2010,Kharif,Rice,211075.0,430171.0,2.038000710647874,2.369,602239.4,481791.52
Uttar Pradesh,SHAHJAHANPUR,2011,Kharif,Rice,191093.0,500281.0,2.6179975195323744,2.369,700393.4,560314.72
Uttar Pradesh,SHAHJAHANPUR,2012,Kharif,Rice,215646.0,579441.0,2.6870009181714476,2.369,811217.4,648973.92
Uttar Pradesh,SHAHJAHANPUR,2013,Kharif,Rice,198105.0,531714.0,2.684000908609071,2.369,744399.6,595519.68
Uttar Pradesh,SHAHJAHANPUR,2014,Kharif,Rice,203946.0,572069.0,2.8050023045315915,2.369,800896.6,640717.28
Uttar Pradesh,SHAMLI,2012,Kharif,Rice,20766.0,53639.0,2.5830203216796686,2.641,75094.6,60075.68
Uttar Pradesh,SHAMLI,2013,Kharif,Rice,19778.0,52234.0,2.641015269491354,2.641,73127.6,58502.08
Uttar Pradesh,SHAMLI,2014,Kharif,Rice,22666.0,59952.0,2.64501897114621,2.641,83932.8,67146.24
Uttar Pradesh,SHRAVASTI,1997,Kharif,Rice,69338.0,102960.0,1.4849000548040037,1.864,144144.0,115315.2
Uttar Pradesh,SHRAVASTI,1998,Kharif,Rice,70718.0,115290.0,1.630278005599706,1.864,161406.0,129124.8
Uttar Pradesh,SHRAVASTI,1999,Kharif,Rice,73377.0,124666.0,1.6989792441773308,1.864,174532.4,139625.92
Uttar Pradesh,SHRAVASTI,2000,Kharif,Rice,77496.0,138415.0,1.7860921854031175,1.864,193781.0,155024.8
Uttar Pradesh,SHRAVASTI,2001,Kharif,Rice,73835.0,142250.0,1.9265930791629986,1.864,199150.0,159320.0
Uttar Pradesh,SHRAVASTI,2002,Kharif,Rice,68489.0,62505.0,0.9126283052752997,1.864,87507.0,70005.6
Uttar Pradesh,SHRAVASTI,2003,Kharif,Rice,66303.0,125715.0,1.896068051219402,1.864,176001.0,140800.8
Uttar Pradesh,SHRAVASTI,2004,Kharif,Rice,69819.0,112400.0,1.6098769675876194,1.864,157360.0,125888.0
Uttar Pradesh,SHRAVASTI,2005,Kharif,Rice,72030.0,129294.0,1.7950020824656394,1.864,181011.6,144809.28
Uttar Pradesh,SHRAVASTI,2006,Kharif,Rice,66170.0,95152.0,1.4379930482091583,1.864,133212.8,106570.24
Uttar Pradesh,SHRAVASTI,2007,Kharif,Rice,69358.0,129561.0,1.86800369099455,1.864,181385.4,145108.32
Uttar Pradesh,SHRAVASTI,2008,Kharif,Rice,71092.0,162801.0,2.2900045012097,1.864,227921.4,182337.12
Uttar Pradesh,SHRAVASTI,2009,Kharif,Rice,68558.0,147125.0,2.1459931736631757,1.864,205975.0,164780.0
Uttar Pradesh,SHRAVASTI,2010,Kharif,Rice,71137.0,135658.0,1.9069963591380013,1.864,189921.2,151936.96
Uttar Pradesh,SHRAVASTI,2011,Kharif,Rice,74974.0,139452.0,1.8600048016645772,1.864,195232.8,156186.24
Uttar Pradesh,SHRAVASTI,2012,Kharif,Rice,73500.0,163832.0,2.2290068027210883,1.864,229364.8,183491.84
Uttar Pradesh,SHRAVASTI,2013,Kharif,Rice,75337.0,155119.0,2.0590015530217554,1.864,217166.6,173733.28
Uttar Pradesh,SHRAVASTI,2014,Kharif,Rice,79949.0,173889.0,2.1749990619019623,1.864,243444.6,194755.68
Uttar Pradesh,SIDDHARTH NAGAR,1997,Kharif,Rice,180716.0,325255.0,1.799812966201111,2.07,455357.0,364285.6
Uttar Pradesh,SIDDHARTH NAGAR,1998,Kharif,Rice,149112.0,156394.0,1.0488357744514192,2.07,218951.6,175161.28
Uttar Pradesh,SIDDHARTH NAGAR,1999,Kharif,Rice,165261.0,339177.0,2.052371702942618,2.07,474847.8,379878.24
Uttar Pradesh,SIDDHARTH NAGAR,2000,Kharif,Rice,165059.0,273971.0,1.6598367856342278,2.07,383559.4,306847.52
Uttar Pradesh,SIDDHARTH NAGAR,2001,Kharif,Rice,152097.0,280586.0,1.8447832633122283,2.07,392820.4,314256.32
Uttar Pradesh,SIDDHARTH NAGAR,2002,Kharif,Rice,169559.0,137859.0,0.8130444270136059,2.07,193002.6,154402.08
Uttar Pradesh,SIDDHARTH NAGAR,2003,Kharif,Rice,173147.0,362578.0,2.094047254644897,2.07,507609.2,406087.36
Uttar Pradesh,SIDDHARTH NAGAR,2004,Kharif,Rice,169257.0,149191.0,0.8814465576017535,2.07,208867.4,167093.92
Uttar Pradesh,SIDDHARTH NAGAR,2005,Kharif,Rice,173147.0,288290.0,1.6650014149826449,2.07,403606.0,322884.8
Uttar Pradesh,SIDDHARTH NAGAR,2006,Kharif,Rice,170011.0,236995.0,1.3939980354212373,2.07,331793.0,265434.4
Uttar Pradesh,SIDDHARTH NAGAR,2007,Kharif,Rice,187537.0,391390.0,2.087001498370988,2.07,547946.0,438356.8
Uttar Pradesh,SIDDHARTH NAGAR,2008,Kharif,Rice,171877.0,405973.0,2.3619972422139086,2.07,568362.2,454689.76
Uttar Pradesh,SIDDHARTH NAGAR,2009,Kharif,Rice,172893.0,363940.0,2.105001359222178,2.07,509516.0,407612.8
Uttar Pradesh,SIDDHARTH NAGAR,2010,Kharif,Rice,175157.0,415297.0,2.3709985898365464,2.07,581415.8,465132.64
Uttar Pradesh,SIDDHARTH NAGAR,2011,Kharif,Rice,169824.0,435429.0,2.5640015545505936,2.07,609600.6,487680.48
Uttar Pradesh,SIDDHARTH NAGAR,2012,Kharif,Rice,160991.0,411332.0,2.5549999689423633,2.07,575864.8,460691.84
Uttar Pradesh,SIDDHARTH NAGAR,2013,Kharif,Rice,173903.0,477016.0,2.743000408273578,2.07,667822.4,534257.92
Uttar Pradesh,SIDDHARTH NAGAR,2014,Kharif,Rice,170404.0,414082.0,2.4300016431539166,2.07,579714.8,463771.84
Uttar Pradesh,SITAPUR,1997,Kharif,Rice,141093.0,313355.0,2.2209110303133395,1.814,438697.0,350957.6
Uttar Pradesh,SITAPUR,1998,Kharif,Rice,141182.0,250568.0,1.774787154169795,1.814,350795.2,280636.16
Uttar Pradesh,SITAPUR,1999,Kharif,Rice,156206.0,320394.0,2.0510991895317723,1.814,448551.6,358841.28
Uttar Pradesh,SITAPUR,2000,Kharif,Rice,163309.0,232696.0,1.424881666044125,1.814,325774.4,260619.52
Uttar Pradesh,SITAPUR,2001,Kharif,Rice,160975.0,276372.0,1.716862866904799,1.814,386920.8,309536.64
Uttar Pradesh,SITAPUR,2002,Kharif,Rice,119808.0,188830.0,1.5761051014957266,1.814,264362.0,211489.6
Uttar Pradesh,SITAPUR,2003,Kharif,Rice,140773.0,262915.0,1.8676521776192878,1.814,368081.0,294464.8
Uttar Pradesh,SITAPUR,2004,Kharif,Rice,158642.0,241358.0,1.521400385774259,1.814,337901.2,270320.96
Uttar Pradesh,SITAPUR,2005,Kharif,Rice,133490.0,221860.0,1.66199715334482,1.814,310604.0,248483.2
Uttar Pradesh,SITAPUR,2006,Kharif,Rice,158642.0,257317.0,1.6219979576656876,1.814,360243.8,288195.04
Uttar Pradesh,SITAPUR,2007,Kharif,Rice,149280.0,260494.0,1.745002679528403,1.814,364691.6,291753.28
Uttar Pradesh,SITAPUR,2008,Kharif,Rice,148440.0,257098.0,1.7319994610617084,1.814,359937.2,287949.76
Uttar Pradesh,SITAPUR,2009,Kharif,Rice,148649.0,275595.0,1.8539983450948208,1.814,385833.0,308666.4
Uttar Pradesh,SITAPUR,2010,Kharif,Rice,156947.0,310441.0,1.9779989423181075,1.814,434617.4,347693.92
Uttar Pradesh,SITAPUR,2011,Kharif,Rice,155655.0,346177.0,2.2240017988500207,1.814,484647.8,387718.24
Uttar Pradesh,SITAPUR,2012,Kharif,Rice,162205.0,388481.0,2.3950001541259516,1.814,543873.4,435098.72
Uttar Pradesh,SITAPUR,2013,Kharif,Rice,169741.0,413998.0,2.4389982384927626,1.814,579597.2,463677.76
Uttar Pradesh,SITAPUR,2014,Kharif,Rice,164128.0,382911.0,2.3330022908949113,1.814,536075.4,428860.32
Uttar Pradesh,SONBHADRA,1997,Kharif,Rice,80194.0,126656.0,1.579370027682869,1.555,177318.4,141854.72
Uttar Pradesh,SONBHADRA,1998,Kharif,Rice,80496.0,147115.0,1.827606340687736,1.555,205961.0,164768.8
Uttar Pradesh,SONBHADRA,1999,Kharif,Rice,85193.0,174875.0,2.052692122592232,1.555,244825.0,195860.0
Uttar Pradesh,SONBHADRA,2000,Kharif,Rice,86337.0,125793.0,1.4569998957573231,1.555,176110.2,140888.16
Uttar Pradesh,SONBHADRA,2001,Kharif,Rice,89244.0,181172.0,2.030074850970373,1.555,253640.8,202912.64
Uttar Pradesh,SONBHADRA,2002,Kharif,Rice,79557.0,113616.0,1.4281081488743919,1.555,159062.4,127249.92
Uttar Pradesh,SONBHADRA,2003,Kharif,Rice,96168.0,182495.0,1.897668663172781,1.555,255493.0,204394.4
Uttar Pradesh,SONBHADRA,2004,Kharif,Rice,68909.0,34420.0,0.49949933970889143,1.555,48188.0,38550.4
Uttar Pradesh,SONBHADRA,2005,Kharif,Rice,82683.0,83841.0,1.0140052973404448,1.555,117377.4,93901.92
Uttar Pradesh,SONBHADRA,2006,Kharif,Rice,82060.0,120218.0,1.4650012186205215,1.555,168305.2,134644.16
Uttar Pradesh,SONBHADRA,2007,Kharif,Rice,30582.0,31408.0,1.0270093519063501,1.555,43971.2,35176.96
Uttar Pradesh,SONBHADRA,2008,Kharif,Rice,27301.0,37703.0,1.3810116845536793,1.555,52784.2,42227.36
Uttar Pradesh,SONBHADRA,2009,Kharif,Rice,17327.0,21399.0,1.2350089455762683,1.555,29958.6,23966.88
Uttar Pradesh,SONBHADRA,2010,Kharif,Rice,27442.0,42014.0,1.5310108592668172,1.555,58819.6,47055.68
Uttar Pradesh,SONBHADRA,2011,Kharif,Rice,32987.0,67260.0,2.0389850547185255,1.555,94164.0,75331.2
Uttar Pradesh,SONBHADRA,2012,Kharif,Rice,35344.0,73586.0,2.081994114984156,1.555,103020.4,82416.32
Uttar Pradesh,SONBHADRA,2013,Kharif,Rice,30842.0,66680.0,2.1619869009791843,1.555,93352.0,74681.6
Uttar Pradesh,SONBHADRA,2014,Kharif,Rice,29426.0,52290.0,1.776999932032896,1.555,73206.0,58564.8
Uttar Pradesh,SULTANPUR,1997,Kharif,Rice,158244.0,334187.0,2.1118462627335,2.129,467861.8,374289.44
Uttar Pradesh,SULTANPUR,1998,Kharif,Rice,159948.0,317796.0,1.9868707329882211,2.129,444914.4,355931.52
Uttar Pradesh,SULTANPUR,1999,Kharif,Rice,159882.0,340777.0,2.1314281782814826,2.129,477087.8,381670.24
Uttar Pradesh,SULTANPUR,2000,Kharif,Rice,160083.0,329111.0,2.0558772636694713,2.129,460755.4,368604.32
Uttar Pradesh,SULTANPUR,2001,Kharif,Rice,160521.0,358439.0,2.232972632864236,2.129,501814.6,401451.68
Uttar Pradesh,SULTANPUR,2002,Kharif,Rice,127534.0,263269.0,2.0643044207819092,2.129,368576.6,294861.28
Uttar Pradesh,SULTANPUR,2003,Kharif,Rice,157553.0,358923.0,2.2781095885194187,2.129,502492.2,401993.76
Uttar Pradesh,SULTANPUR,2004,Kharif,Rice,155041.0,315565.0,2.0353648389780767,2.129,441791.0,353432.8
Uttar Pradesh,SULTANPUR,2005,Kharif,Rice,156578.0,333041.0,2.126997407043135,2.129,466257.4,373005.92
Uttar Pradesh,SULTANPUR,2006,Kharif,Rice,157713.0,281833.0,1.7869991693772866,2.129,394566.2,315652.96
Uttar Pradesh,SULTANPUR,2007,Kharif,Rice,156243.0,320923.0,2.0539992191650187,2.129,449292.2,359433.76
Uttar Pradesh,SULTANPUR,2008,Kharif,Rice,173487.0,380110.0,2.1909999020099487,2.129,532154.0,425723.2
Uttar Pradesh,SULTANPUR,2009,Kharif,Rice,133285.0,303223.0,2.274997186480099,2.129,424512.2,339609.76
Uttar Pradesh,SULTANPUR,2010,Kharif,Rice,90048.0,216836.0,2.408004619758351,2.129,303570.4,242856.32
Uttar Pradesh,SULTANPUR,2011,Kharif,Rice,93636.0,227161.0,2.4260006834978,2.129,318025.4,254420.32
Uttar Pradesh,SULTANPUR,2012,Kharif,Rice,93861.0,236060.0,2.5149955785683082,2.129,330484.0,264387.2
Uttar Pradesh,SULTANPUR,2013,Kharif,Rice,93449.0,227735.0,2.436997720681869,2.129,318829.0,255063.2
Uttar Pradesh,SULTANPUR,2014,Kharif,Rice,85103.0,151568.0,1.780994794543083,2.129,212195.2,169756.16
Uttar Pradesh,UNNAO,1997,Kharif,Rice,93169.0,158595.0,1.7022292822720004,1.712,222033.0,177626.4
Uttar Pradesh,UNNAO,1998,Kharif,Rice,96125.0,141883.0,1.4760260078023406,1.712,198636.2,158908.96
Uttar Pradesh,UNNAO,1999,Kharif,Rice,97663.0,146633.0,1.5014181419780266,1.712,205286.2,164228.96
Uttar Pradesh,UNNAO,2000,Kharif,Rice,93204.0,105622.0,1.1332346251233854,1.712,147870.8,118296.64
Uttar Pradesh,UNNAO,2001,Kharif,Rice,99276.0,155812.0,1.5694830573351062,1.712,218136.8,174509.44
Uttar Pradesh,UNNAO,2002,Kharif,Rice,59042.0,84666.0,1.433996138342197,1.712,118532.4,94825.92
Uttar Pradesh,UNNAO,2003,Kharif,Rice,87407.0,169705.0,1.9415493038315008,1.712,237587.0,190069.6
Uttar Pradesh,UNNAO,2004,Kharif,Rice,94154.0,164546.0,1.7476262293689062,1.712,230364.4,184291.52
Uttar Pradesh,UNNAO,2005,Kharif,Rice,87407.0,150078.0,1.7170020707723637,1.712,210109.2,168087.36
Uttar Pradesh,UNNAO,2006,Kharif,Rice,89698.0,129883.0,1.448003299962095,1.712,181836.2,145468.96
Uttar Pradesh,UNNAO,2007,Kharif,Rice,90658.0,171525.0,1.8920007059498334,1.712,240135.0,192108.0
Uttar Pradesh,UNNAO,2008,Kharif,Rice,91689.0,193922.0,2.1149974369880793,1.712,271490.8,217192.64
Uttar Pradesh,UNNAO,2009,Kharif,Rice,56056.0,100452.0,1.791993720565149,1.712,140632.8,112506.24
Uttar Pradesh,UNNAO,2010,Kharif,Rice,81000.0,138186.0,1.706,1.712,193460.4,154768.32
Uttar Pradesh,UNNAO,2011,Kharif,Rice,96881.0,173708.0,1.7930037881524756,1.712,243191.2,194552.96
Uttar Pradesh,UNNAO,2012,Kharif,Rice,98269.0,192804.0,1.9620022591051094,1.712,269925.6,215940.48
Uttar Pradesh,UNNAO,2013,Kharif,Rice,102455.0,218229.0,2.129998535942609,1.712,305520.6,244416.48
Uttar Pradesh,UNNAO,2014,Kharif,Rice,96435.0,161818.0,1.678000725877534,1.712,226545.2,181236.16
Uttar Pradesh,VARANASI,1997,Kharif,Rice,43189.0,115352.0,2.670865266618815,2.183,161492.8,129194.24
Uttar Pradesh,VARANASI,1998,Kharif,Rice,49869.0,121321.0,2.432793920070585,2.183,169849.4,135879.52
Uttar Pradesh,VARANASI,1999,Kharif,Rice,50073.0,136151.0,2.719050186727378,2.183,190611.4,152489.12
Uttar Pradesh,VARANASI,2000,Kharif,Rice,50174.0,120656.0,2.4047514649021404,2.183,168918.4,135134.72
Uttar Pradesh,VARANASI,2001,Kharif,Rice,50666.0,126909.0,2.504815852840169,2.183,177672.6,142138.08
Uttar Pradesh,VARANASI,2002,Kharif,Rice,49582.0,89166.0,1.7983542414585938,2.183,124832.4,99865.92
Uttar Pradesh,VARANASI,2003,Kharif,Rice,50096.0,133775.0,2.6703728840626,2.183,187285.0,149828.0
Uttar Pradesh,VARANASI,2004,Kharif,Rice,48948.0,28319.0,0.5785527498569911,2.183,39646.6,31717.28
Uttar Pradesh,VARANASI,2005,Kharif,Rice,47369.0,72048.0,1.5209947433975808,2.183,100867.2,80693.76
Uttar Pradesh,VARANASI,2006,Kharif,Rice,60959.0,95645.0,1.5690053970701618,2.183,133903.0,107122.4
Uttar Pradesh,VARANASI,2007,Kharif,Rice,50910.0,86343.0,1.6959929286977018,2.183,120880.2,96704.16
Uttar Pradesh,VARANASI,2008,Kharif,Rice,51740.0,111034.0,2.1459992269037493,2.183,155447.6,124358.08
Uttar Pradesh,VARANASI,2009,Kharif,Rice,39295.0,58274.0,1.4829876574627816,2.183,81583.6,65266.88
Uttar Pradesh,VARANASI,2010,Kharif,Rice,42021.0,84882.0,2.019990004997501,2.183,118834.8,95067.84
Uttar Pradesh,VARANASI,2011,Kharif,Rice,50950.0,112854.0,2.2149950932286555,2.183,157995.6,126396.48
Uttar Pradesh,VARANASI,2012,Kharif,Rice,42757.0,103814.0,2.428000093551933,2.183,145339.6,116271.68
Uttar Pradesh,VARANASI,2013,Kharif,Rice,46938.0,100964.0,2.151007712301334,2.183,141349.6,113079.68
Uttar Pradesh,VARANASI,2014,Kharif,Rice,43862.0,101848.0,2.322009940267202,2.183,142587.2,114069.76
Uttarakhand,ALMORA,2000,Kharif,Rice,21297.0,21003.0,0.9861952387660233,1.056,29404.2,23523.36
Uttarakhand,ALMORA,2001,Kharif,Rice,20696.0,25969.0,1.2547835330498647,1.056,36356.6,29085.28
Uttarakhand,ALMORA,2002,Kharif,Rice,23828.0,15941.0,0.6690028537854624,1.056,22317.4,17853.92
Uttarakhand,ALMORA,2003,Kharif,Rice,20137.0,20615.0,1.023737398818096,1.056,28861.0,23088.8
Uttarakhand,ALMORA,2004,Kharif,Rice,21444.0,21008.0,0.9796679723932102,1.056,29411.2,23528.96
Uttarakhand,ALMORA,2005,Kharif,Rice,21212.0,22000.0,1.0371487837073354,1.056,30800.0,24640.0
Uttarakhand,ALMORA,2006,Kharif,Rice,23031.0,28882.0,1.2540488906256784,1.056,40434.8,32347.84
Uttarakhand,ALMORA,2007,Kharif,Rice,22299.0,25409.0,1.1394681375846452,1.056,35572.6,28458.08
Uttarakhand,ALMORA,2008,Kharif,Rice,20493.0,20160.0,0.9837505489679402,1.056,28224.0,22579.2
Uttarakhand,ALMORA,2009,Kharif,Rice,21069.0,20655.0,0.9803502776591201,1.056,28917.0,23133.6
Uttarakhand,ALMORA,2010,Kharif,Rice,19294.0,19886.0,1.0306831139214263,1.056,27840.4,22272.32
Uttarakhand,ALMORA,2011,Kharif,Rice,18736.0,21252.0,1.1342869342442357,1.056,29752.8,23802.24
Uttarakhand,ALMORA,2012,Kharif,Rice,18288.0,19656.0,1.0748031496062993,1.056,27518.4,22014.72
Uttarakhand,ALMORA,2013,Kharif,Rice,15597.0,18545.0,1.1890107071872795,1.056,25963.0,20770.4
Uttarakhand,ALMORA,2014,Kharif,Rice,16897.0,19776.0,1.1703852754926911,1.056,27686.4,22149.12
Uttarakhand,ALMORA,2014,Whole Year,Rice,16897.0,19776.0,1.1703852754926911,1.056,27686.4,22149.12
Uttarakhand,BAGESHWAR,2000,Kharif,Rice,13020.0,25585.0,1.9650537634408602,1.396,35819.0,28655.2
Uttarakhand,BAGESHWAR,2001,Kharif,Rice,14239.0,17553.0,1.2327410632769156,1.396,24574.2,19659.36
Uttarakhand,BAGESHWAR,2002,Kharif,Rice,13348.0,13177.0,0.9871890919988013,1.396,18447.8,14758.24
Uttarakhand,BAGESHWAR,2003,Kharif,Rice,12602.0,18981.0,1.5061894937311537,1.396,26573.4,21258.72
Uttarakhand,BAGESHWAR,2004,Kharif,Rice,12481.0,16619.0,1.3315439467991348,1.396,23266.6,18613.28
Uttarakhand,BAGESHWAR,2005,Kharif,Rice,15699.0,22304.0,1.4207274348684629,1.396,31225.6,24980.48
Uttarakhand,BAGESHWAR,2006,Kharif,Rice,13759.0,16922.0,1.2298858928701213,1.396,23690.8,18952.64
Uttarakhand,BAGESHWAR,2007,Kharif,Rice,12781.0,16239.0,1.2705578593224318,1.396,22734.6,18187.68
Uttarakhand,BAGESHWAR,2008,Kharif,Rice,14862.0,20439.0,1.3752523213564796,1.396,28614.6,22891.68
Uttarakhand,BAGESHWAR,2009,Kharif,Rice,12629.0,16972.0,1.3438910444215695,1.396,23760.8,19008.64
Uttarakhand,BAGESHWAR,2010,Kharif,Rice,13700.0,16519.0,1.2057664233576642,1.396,23126.6,18501.28
Uttarakhand,BAGESHWAR,2011,Kharif,Rice,13727.0,19455.0,1.4172798135062286,1.396,27237.0,21789.6
Uttarakhand,BAGESHWAR,2012,Kharif,Rice,13272.0,19740.0,1.4873417721518987,1.396,27636.0,22108.8
Uttarakhand,BAGESHWAR,2013,Kharif,Rice,13580.0,19492.0,1.4353460972017673,1.396,27288.8,21831.04
Uttarakhand,BAGESHWAR,2014,Kharif,Rice,13130.0,19916.0,1.5168316831683168,1.396,27882.4,22305.92
Uttarakhand,BAGESHWAR,2014,Whole Year,Rice,13130.0,19916.0,1.5168316831683168,1.396,27882.4,22305.92
Uttarakhand,CHAMOLI,2000,Kharif,Rice,14294.0,15263.0,1.0677906814047853,1.296,21368.2,17094.56
Uttarakhand,CHAMOLI,2001,Kharif,Rice,11108.0,13503.0,1.215610370903853,1.296,18904.2,15123.36
Uttarakhand,CHAMOLI,2002,Kharif,Rice,11321.0,12945.0,1.1434502252451197,1.296,18123.0,14498.4
Uttarakhand,CHAMOLI,2003,Kharif,Rice,14193.0,17611.0,1.2408229408863525,1.296,24655.4,19724.32
Uttarakhand,CHAMOLI,2004,Kharif,Rice,12768.0,16579.0,1.2984805764411027,1.296,23210.6,18568.48
Uttarakhand,CHAMOLI,2005,Kharif,Rice,10219.0,14658.0,1.4343869263137294,1.296,20521.2,16416.96
Uttarakhand,CHAMOLI,2006,Kharif,Rice,12317.0,16421.0,1.3331980189981327,1.296,22989.4,18391.52
Uttarakhand,CHAMOLI,2007,Kharif,Rice,11905.0,17754.0,1.4913061738765225,1.296,24855.6,19884.48
Uttarakhand,CHAMOLI,2008,Kharif,Rice,11714.0,15380.0,1.3129588526549427,1.296,21532.0,17225.6
Uttarakhand,CHAMOLI,2009,Kharif,Rice,11673.0,13813.0,1.1833290499443159,1.296,19338.2,15470.56
Uttarakhand,CHAMOLI,2010,Kharif,Rice,12407.0,17532.0,1.4130732650922866,1.296,24544.8,19635.84
Uttarakhand,CHAMOLI,2011,Kharif,Rice,11001.0,14557.0,1.3232433415144078,1.296,20379.8,16303.84
Uttarakhand,CHAMOLI,2012,Kharif,Rice,11983.0,16414.0,1.369773846282233,1.296,22979.6,18383.68
Uttarakhand,CHAMOLI,2013,Kharif,Rice,11779.0,15234.0,1.2933186178792766,1.296,21327.6,17062.08
Uttarakhand,CHAMOLI,2014,Kharif,Rice,11265.0,14414.0,1.2795383932534399,1.296,20179.6,16143.68
Uttarakhand,CHAMOLI,2014,Whole Year,Rice,11265.0,14414.0,1.2795383932534399,1.296,20179.6,16143.68
Uttarakhand,CHAMPAWAT,2000,Kharif,Rice,11388.0,13786.0,1.2105725324903407,1.239,19300.4,15440.32
Uttarakhand,CHAMPAWAT,2001,Kharif,Rice,11458.0,13187.0,1.1508989352417525,1.239,18461.8,14769.44
Uttarakhand,CHAMPAWAT,2002,Kharif,Rice,8625.0,10526.0,1.2204057971014493,1.239,14736.4,11789.12
Uttarakhand,CHAMPAWAT,2003,Kharif,Rice,8726.0,11134.0,1.2759569103827642,1.239,15587.6,12470.08
Uttarakhand,CHAMPAWAT,2004,Kharif,Rice,9861.0,12201.0,1.2372984484332217,1.239,17081.4,13665.12
Uttarakhand,CHAMPAWAT,2005,Kharif,Rice,9395.0,11923.0,1.2690792974986695,1.239,16692.2,13353.76
Uttarakhand,CHAMPAWAT,2006,Kharif,Rice,10109.0,12137.0,1.2006133148679394,1.239,16991.8,13593.44
Uttarakhand,CHAMPAWAT,2007,Kharif,Rice,6948.0,9490.0,1.365860679332182,1.239,13286.0,10628.8
Uttarakhand,CHAMPAWAT,2008,Kharif,Rice,10060.0,9498.0,0.9441351888667993,1.239,13297.2,10637.76
Uttarakhand,CHAMPAWAT,2009,Kharif,Rice,6848.0,8222.0,1.200642523364486,1.239,11510.8,9208.64
Uttarakhand,CHAMPAWAT,2010,Kharif,Rice,7216.0,7455.0,1.0331208425720622,1.239,10437.0,8349.6
Uttarakhand,CHAMPAWAT,2011,Kharif,Rice,7360.0,9130.0,1.2404891304347827,1.239,12782.0,10225.6
Uttarakhand,CHAMPAWAT,2012,Kharif,Rice,6006.0,8150.0,1.3569763569763569,1.239,11410.0,9128.0
Uttarakhand,CHAMPAWAT,2013,Kharif,Rice,6406.0,9417.0,1.4700280986575085,1.239,13183.8,10547.04
Uttarakhand,CHAMPAWAT,2014,Kharif,Rice,6312.0,8191.0,1.2976869455006337,1.239,11467.4,9173.92
Uttarakhand,CHAMPAWAT,2014,Whole Year,Rice,6312.0,8191.0,1.2976869455006337,1.239,11467.4,9173.92
Uttarakhand,DEHRADUN,2000,Kharif,Rice,13786.0,25606.0,1.8573915566516757,1.998,35848.4,28678.72
Uttarakhand,DEHRADUN,2001,Kharif,Rice,13364.0,24396.0,1.825501346902125,1.998,34154.4,27323.52
Uttarakhand,DEHRADUN,2002,Kharif,Rice,13106.0,25244.0,1.9261406989165268,1.998,35341.6,28273.28
Uttarakhand,DEHRADUN,2003,Kharif,Rice,13220.0,27981.0,2.1165658093797277,1.998,39173.4,31338.72
Uttarakhand,DEHRADUN,2004,Kharif,Rice,12317.0,23415.0,1.901031095234229,1.998,32781.0,26224.8
Uttarakhand,DEHRADUN,2005,Kharif,Rice,12344.0,25667.0,2.079309786130914,1.998,35933.8,28747.04
Uttarakhand,DEHRADUN,2006,Kharif,Rice,12091.0,24734.0,2.0456537920767515,1.998,34627.6,27702.08
Uttarakhand,DEHRADUN,2007,Kharif,Rice,11795.0,25112.0,2.1290377278507844,1.998,35156.8,28125.44
Uttarakhand,DEHRADUN,2008,Kharif,Rice,11428.0,23706.0,2.0743787189359466,1.998,33188.4,26550.72
Uttarakhand,DEHRADUN,2009,Kharif,Rice,11168.0,21268.0,1.9043696275071633,1.998,29775.2,23820.16
Uttarakhand,DEHRADUN,2010,Kharif,Rice,11193.0,21827.0,1.9500580720092915,1.998,30557.8,24446.24
Uttarakhand,DEHRADUN,2011,Kharif,Rice,10905.0,23083.0,2.116735442457588,1.998,32316.2,25852.96
Uttarakhand,DEHRADUN,2012,Kharif,Rice,11047.0,22704.0,2.055218611387707,1.998,31785.6,25428.48
Uttarakhand,DEHRADUN,2013,Kharif,Rice,10112.0,21537.0,2.1298457278481013,1.998,30151.8,24121.44
Uttarakhand,DEHRADUN,2014,Kharif,Rice,9179.0,17672.0,1.9252641899989105,1.998,24740.8,19792.64
Uttarakhand,DEHRADUN,2014,Whole Year,Rice,9179.0,17672.0,1.9252641899989105,1.998,24740.8,19792.64
Uttarakhand,HARIDWAR,2000,Kharif,Rice,23046.0,48675.0,2.1120801874511845,2.109,68145.0,54516.0
Uttarakhand,HARIDWAR,2001,Kharif,Rice,21616.0,45520.0,2.1058475203552924,2.109,63728.0,50982.4
Uttarakhand,HARIDWAR,2002,Kharif,Rice,16208.0,34127.0,2.105565153010859,2.109,47777.8,38222.24
Uttarakhand,HARIDWAR,2003,Kharif,Rice,18833.0,38260.0,2.031540381245686,2.109,53564.0,42851.2
Uttarakhand,HARIDWAR,2004,Kharif,Rice,19891.0,45130.0,2.2688653159720475,2.109,63182.0,50545.6
Uttarakhand,HARIDWAR,2005,Kharif,Rice,17137.0,31462.0,1.8359106027892864,2.109,44046.8,35237.44
Uttarakhand,HARIDWAR,2006,Kharif,Rice,12611.0,24586.0,1.9495678376020935,2.109,34420.4,27536.32
Uttarakhand,HARIDWAR,2007,Kharif,Rice,10953.0,24659.0,2.251346663014699,2.109,34522.6,27618.08
Uttarakhand,HARIDWAR,2008,Kharif,Rice,17140.0,37098.0,2.1644107351225204,2.109,51937.2,41549.76
Uttarakhand,HARIDWAR,2009,Kharif,Rice,19245.0,42373.0,2.201766692647441,2.109,59322.2,47457.76
Uttarakhand,HARIDWAR,2010,Kharif,Rice,18237.0,29285.0,1.6058013927729342,2.109,40999.0,32799.2
Uttarakhand,HARIDWAR,2011,Kharif,Rice,15440.0,30652.0,1.9852331606217617,2.109,42912.8,34330.24
Uttarakhand,HARIDWAR,2012,Kharif,Rice,13575.0,30673.0,2.259521178637201,2.109,42942.2,34353.76
Uttarakhand,HARIDWAR,2013,Kharif,Rice,11781.0,23232.0,1.9719887955182074,2.109,32524.8,26019.84
Uttarakhand,HARIDWAR,2014,Kharif,Rice,12985.0,28856.0,2.222256449749711,2.109,40398.4,32318.72
Uttarakhand,HARIDWAR,2014,Whole Year,Rice,13033.0,29007.0,2.2256579452159904,2.109,40609.8,32487.84
Uttarakhand,NAINITAL,2000,Kharif,Rice,15012.0,36426.0,2.426458832933653,2.549,50996.4,40797.12
Uttarakhand,NAINITAL,2001,Kharif,Rice,15546.0,37644.0,2.4214588961790815,2.549,52701.6,42161.28
Uttarakhand,NAINITAL,2002,Kharif,Rice,11960.0,28567.0,2.388545150501672,2.549,39993.8,31995.04
Uttarakhand,NAINITAL,2003,Kharif,Rice,11985.0,30665.0,2.5586149353358363,2.549,42931.0,34344.8
Uttarakhand,NAINITAL,2004,Kharif,Rice,12032.0,29665.0,2.4655086436170213,2.549,41531.0,33224.8
Uttarakhand,NAINITAL,2005,Kharif,Rice,12251.0,32381.0,2.643131172965472,2.549,45333.4,36266.72
Uttarakhand,NAINITAL,2006,Kharif,Rice,11584.0,29414.0,2.539191988950276,2.549,41179.6,32943.68
Uttarakhand,NAINITAL,2007,Kharif,Rice,12778.0,32173.0,2.517843167944905,2.549,45042.2,36033.76
Uttarakhand,NAINITAL,2008,Kharif,Rice,13320.0,29248.0,2.195795795795796,2.549,40947.2,32757.76
Uttarakhand,NAINITAL,2009,Kharif,Rice,13190.0,38931.0,2.9515542077331314,2.549,54503.4,43602.72
Uttarakhand,NAINITAL,2010,Kharif,Rice,12543.0,29300.0,2.3359642828669376,2.549,41020.0,32816.0
Uttarakhand,NAINITAL,2011,Kharif,Rice,12914.0,36461.0,2.8233699860616386,2.549,51045.4,40836.32
Uttarakhand,NAINITAL,2012,Kharif,Rice,11777.0,34682.0,2.9448925872463274,2.549,48554.8,38843.84
Uttarakhand,NAINITAL,2013,Kharif,Rice,12158.0,31691.0,2.6065964796841588,2.549,44367.4,35493.92
Uttarakhand,NAINITAL,2014,Kharif,Rice,11597.0,32544.0,2.806242993877727,2.549,45561.6,36449.28
Uttarakhand,NAINITAL,2014,Whole Year,Rice,11793.0,33161.0,2.8119223268040363,2.549,46425.4,37140.32
Uttarakhand,PAURI GARHWAL,2000,Kharif,Rice,21654.0,23225.0,1.0725501062159417,1.096,32515.0,26012.0
Uttarakhand,PAURI GARHWAL,2001,Kharif,Rice,22633.0,25051.0,1.1068351522113729,1.096,35071.4,28057.12
Uttarakhand,PAURI GARHWAL,2002,Kharif,Rice,24263.0,17844.0,0.7354407946255616,1.096,24981.6,19985.28
Uttarakhand,PAURI GARHWAL,2003,Kharif,Rice,23354.0,26596.0,1.1388199023721846,1.096,37234.4,29787.52
Uttarakhand,PAURI GARHWAL,2004,Kharif,Rice,21854.0,25259.0,1.1558067173057565,1.096,35362.6,28290.08
Uttarakhand,PAURI GARHWAL,2005,Kharif,Rice,22335.0,22878.0,1.0243116185359302,1.096,32029.2,25623.36
Uttarakhand,PAURI GARHWAL,2006,Kharif,Rice,23476.0,24496.0,1.0434486283864373,1.096,34294.4,27435.52
Uttarakhand,PAURI GARHWAL,2007,Kharif,Rice,21179.0,20499.0,0.9678927239246423,1.096,28698.6,22958.88
Uttarakhand,PAURI GARHWAL,2008,Kharif,Rice,19373.0,20652.0,1.0660197181644557,1.096,28912.8,23130.24
Uttarakhand,PAURI GARHWAL,2009,Kharif,Rice,18829.0,20304.0,1.078336608423177,1.096,28425.6,22740.48
Uttarakhand,PAURI GARHWAL,2010,Kharif,Rice,17180.0,18646.0,1.0853317811408614,1.096,26104.4,20883.52
Uttarakhand,PAURI GARHWAL,2011,Kharif,Rice,15980.0,18438.0,1.1538172715894868,1.096,25813.2,20650.56
Uttarakhand,PAURI GARHWAL,2012,Kharif,Rice,15526.0,18211.0,1.1729357207265232,1.096,25495.4,20396.32
Uttarakhand,PAURI GARHWAL,2013,Kharif,Rice,13923.0,17909.0,1.2862888745241687,1.096,25072.6,20058.08
Uttarakhand,PAURI GARHWAL,2014,Kharif,Rice,14566.0,17359.0,1.1917479060826583,1.096,24302.6,19442.08
Uttarakhand,PAURI GARHWAL,2014,Whole Year,Rice,14566.0,17359.0,1.1917479060826583,1.096,24302.6,19442.08
Uttarakhand,PITHORAGARH,2000,Kharif,Rice,23052.0,26656.0,1.1563421828908556,1.288,37318.4,29854.72
Uttarakhand,PITHORAGARH,2001,Kharif,Rice,23070.0,28672.0,1.2428261811876897,1.288,40140.8,32112.64
Uttarakhand,PITHORAGARH,2002,Kharif,Rice,23911.0,29266.0,1.2239555016519594,1.288,40972.4,32777.92
Uttarakhand,PITHORAGARH,2003,Kharif,Rice,19629.0,25879.0,1.3184064394518316,1.288,36230.6,28984.48
Uttarakhand,PITHORAGARH,2004,Kharif,Rice,25060.0,32672.0,1.3037509976057462,1.288,45740.8,36592.64
Uttarakhand,PITHORAGARH,2005,Kharif,Rice,22696.0,28472.0,1.2544941839971802,1.288,39860.8,31888.64
Uttarakhand,PITHORAGARH,2006,Kharif,Rice,21000.0,27134.0,1.2920952380952382,1.288,37987.6,30390.08
Uttarakhand,PITHORAGARH,2007,Kharif,Rice,21247.0,28915.0,1.3608980091307008,1.288,40481.0,32384.8
Uttarakhand,PITHORAGARH,2008,Kharif,Rice,20875.0,29805.0,1.4277844311377246,1.288,41727.0,33381.6
Uttarakhand,PITHORAGARH,2009,Kharif,Rice,21239.0,27527.0,1.2960591364941851,1.288,38537.8,30830.24
Uttarakhand,PITHORAGARH,2010,Kharif,Rice,22525.0,28454.0,1.2632186459489456,1.288,39835.6,31868.48
Uttarakhand,PITHORAGARH,2011,Kharif,Rice,21606.0,27841.0,1.2885772470610015,1.288,38977.4,31181.92
Uttarakhand,PITHORAGARH,2012,Kharif,Rice,20204.0,26027.0,1.2882102553949712,1.288,36437.8,29150.24
Uttarakhand,PITHORAGARH,2013,Kharif,Rice,20597.0,28280.0,1.3730154876923824,1.288,39592.0,31673.6
Uttarakhand,PITHORAGARH,2014,Kharif,Rice,20131.0,25550.0,1.2691868262878148,1.288,35770.0,28616.0
Uttarakhand,PITHORAGARH,2014,Whole Year,Rice,20131.0,25550.0,1.2691868262878148,1.288,35770.0,28616.0
Uttarakhand,RUDRA PRAYAG,2000,Kharif,Rice,10050.0,12865.0,1.280099502487562,1.34,18011.0,14408.8
Uttarakhand,RUDRA PRAYAG,2001,Kharif,Rice,9307.0,11419.0,1.2269259697002257,1.34,15986.6,12789.28
Uttarakhand,RUDRA PRAYAG,2002,Kharif,Rice,8675.0,11012.0,1.2693948126801153,1.34,15416.8,12333.44
Uttarakhand,RUDRA PRAYAG,2003,Kharif,Rice,9274.0,12151.0,1.3102221263748113,1.34,17011.4,13609.12
Uttarakhand,RUDRA PRAYAG,2004,Kharif,Rice,8799.0,11669.0,1.3261734287987272,1.34,16336.6,13069.28
Uttarakhand,RUDRA PRAYAG,2005,Kharif,Rice,8016.0,10720.0,1.3373253493013972,1.34,15008.0,12006.4
Uttarakhand,RUDRA PRAYAG,2006,Kharif,Rice,8876.0,13713.0,1.5449526813880126,1.34,19198.2,15358.56
Uttarakhand,RUDRA PRAYAG,2007,Kharif,Rice,9614.0,15150.0,1.575826919076347,1.34,21210.0,16968.0
Uttarakhand,RUDRA PRAYAG,2008,Kharif,Rice,9719.0,16340.0,1.6812429262269781,1.34,22876.0,18300.8
Uttarakhand,RUDRA PRAYAG,2009,Kharif,Rice,7940.0,11077.0,1.395088161209068,1.34,15507.8,12406.24
Uttarakhand,RUDRA PRAYAG,2010,Kharif,Rice,9726.0,14897.0,1.531667694838577,1.34,20855.8,16684.64
Uttarakhand,RUDRA PRAYAG,2011,Kharif,Rice,9017.0,12658.0,1.4037928357546856,1.34,17721.2,14176.96
Uttarakhand,RUDRA PRAYAG,2012,Kharif,Rice,9268.0,12439.0,1.3421450151057401,1.34,17414.6,13931.68
Uttarakhand,RUDRA PRAYAG,2013,Kharif,Rice,8495.0,11408.0,1.3429075927015892,1.34,15971.2,12776.96
Uttarakhand,RUDRA PRAYAG,2014,Kharif,Rice,8944.0,11675.0,1.3053443649373881,1.34,16345.0,13076.0
Uttarakhand,RUDRA PRAYAG,2014,Whole Year,Rice,8944.0,11675.0,1.3053443649373881,1.34,16345.0,13076.0
Uttarakhand,TEHRI GARHWAL,2000,Kharif,Rice,14289.0,24913.0,1.7435089929316256,1.519,34878.2,27902.56
Uttarakhand,TEHRI GARHWAL,2001,Kharif,Rice,12750.0,20753.0,1.627686274509804,1.519,29054.2,23243.36
Uttarakhand,TEHRI GARHWAL,2002,Kharif,Rice,12642.0,15232.0,1.204872646733112,1.519,21324.8,17059.84
Uttarakhand,TEHRI GARHWAL,2003,Kharif,Rice,13038.0,19395.0,1.4875747814081914,1.519,27153.0,21722.4
Uttarakhand,TEHRI GARHWAL,2004,Kharif,Rice,13909.0,19229.0,1.3824861600402616,1.519,26920.6,21536.48
Uttarakhand,TEHRI GARHWAL,2005,Kharif,Rice,12164.0,17668.0,1.4524827359421244,1.519,24735.2,19788.16
Uttarakhand,TEHRI GARHWAL,2006,Kharif,Rice,12573.0,19964.0,1.5878469736737453,1.519,27949.6,22359.68
Uttarakhand,TEHRI GARHWAL,2007,Kharif,Rice,12991.0,20457.0,1.5747055653914248,1.519,28639.8,22911.84
Uttarakhand,TEHRI GARHWAL,2008,Kharif,Rice,13844.0,22795.0,1.6465616873735915,1.519,31913.0,25530.4
Uttarakhand,TEHRI GARHWAL,2009,Kharif,Rice,11129.0,13318.0,1.1966933237487645,1.519,18645.2,14916.16
Uttarakhand,TEHRI GARHWAL,2010,Kharif,Rice,11396.0,16656.0,1.4615654615654616,1.519,23318.4,18654.72
Uttarakhand,TEHRI GARHWAL,2011,Kharif,Rice,12377.0,18413.0,1.4876787589884464,1.519,25778.2,20622.56
Uttarakhand,TEHRI GARHWAL,2012,Kharif,Rice,11108.0,16012.0,1.4414836154123154,1.519,22416.8,17933.44
Uttarakhand,TEHRI GARHWAL,2013,Kharif,Rice,11352.0,17596.0,1.5500352360817478,1.519,24634.4,19707.52
Uttarakhand,TEHRI GARHWAL,2014,Kharif,Rice,11291.0,18985.0,1.6814276857674253,1.519,26579.0,21263.2
Uttarakhand,TEHRI GARHWAL,2014,Whole Year,Rice,11291.0,18985.0,1.6814276857674253,1.519,26579.0,21263.2
Uttarakhand,UDAM SINGH NAGAR,2000,Kharif,Rice,94531.0,290122.0,3.0690672900953127,2.893,406170.8,324936.64
Uttarakhand,UDAM SINGH NAGAR,2001,Kharif,Rice,94713.0,289134.0,3.052738272465237,2.893,404787.6,323830.08
Uttarakhand,UDAM SINGH NAGAR,2002,Kharif,Rice,94281.0,288037.0,3.0550906333195447,2.893,403251.8,322601.44
Uttarakhand,UDAM SINGH NAGAR,2003,Kharif,Rice,96566.0,254699.0,2.6375639459022846,2.893,356578.6,285262.88
Uttarakhand,UDAM SINGH NAGAR,2004,Kharif,Rice,100560.0,270220.0,2.6871519490851234,2.893,378308.0,302646.4
Uttarakhand,UDAM SINGH NAGAR,2005,Kharif,Rice,101780.0,269787.0,2.650687757909216,2.893,377701.8,302161.44
Uttarakhand,UDAM SINGH NAGAR,2006,Kharif,Rice,100822.0,283757.0,2.814435341492928,2.893,397259.8,317807.84
Uttarakhand,UDAM SINGH NAGAR,2007,Kharif,Rice,94447.0,268565.0,2.843552468580262,2.893,375991.0,300792.8
Uttarakhand,UDAM SINGH NAGAR,2008,Kharif,Rice,102098.0,265223.0,2.597729632314051,2.893,371312.2,297049.76
Uttarakhand,UDAM SINGH NAGAR,2009,Kharif,Rice,105297.0,303122.0,2.8787334871838706,2.893,424370.8,339496.64
Uttarakhand,UDAM SINGH NAGAR,2010,Kharif,Rice,104602.0,257494.0,2.461654652874706,2.893,360491.6,288393.28
Uttarakhand,UDAM SINGH NAGAR,2011,Kharif,Rice,101637.0,295392.0,2.9063431624310043,2.893,413548.8,330839.04
Uttarakhand,UDAM SINGH NAGAR,2012,Kharif,Rice,103064.0,318027.0,3.085723433982768,2.893,445237.8,356190.24
Uttarakhand,UDAM SINGH NAGAR,2013,Kharif,Rice,102169.0,321436.0,3.146120643247952,2.893,450010.4,360008.32
Uttarakhand,UDAM SINGH NAGAR,2014,Kharif,Rice,101482.0,330419.0,3.2559370134605152,2.893,462586.6,370069.28
Uttarakhand,UDAM SINGH NAGAR,2014,Whole Year,Rice,113632.0,368655.0,3.244288580681498,2.893,516117.0,412893.6
Uttarakhand,UTTAR KASHI,2000,Kharif,Rice,10126.0,14949.0,1.4762986371716373,1.637,20928.6,16742.88
Uttarakhand,UTTAR KASHI,2001,Kharif,Rice,10316.0,14861.0,1.440577743311361,1.637,20805.4,16644.32
Uttarakhand,UTTAR KASHI,2002,Kharif,Rice,9051.0,9608.0,1.0615401613081428,1.637,13451.2,10760.96
Uttarakhand,UTTAR KASHI,2003,Kharif,Rice,10114.0,16864.0,1.6673917342297806,1.637,23609.6,18887.68
Uttarakhand,UTTAR KASHI,2004,Kharif,Rice,10488.0,14210.0,1.354881769641495,1.637,19894.0,15915.2
Uttarakhand,UTTAR KASHI,2005,Kharif,Rice,10211.0,16600.0,1.625697776907257,1.637,23240.0,18592.0
Uttarakhand,UTTAR KASHI,2006,Kharif,Rice,11413.0,17968.0,1.5743450451239813,1.637,25155.2,20124.16
Uttarakhand,UTTAR KASHI,2007,Kharif,Rice,10868.0,18781.0,1.7281008465218992,1.637,26293.4,21034.72
Uttarakhand,UTTAR KASHI,2008,Kharif,Rice,10785.0,18180.0,1.6856745479833102,1.637,25452.0,20361.6
Uttarakhand,UTTAR KASHI,2009,Kharif,Rice,10352.0,14134.0,1.365340030911901,1.637,19787.6,15830.08
Uttarakhand,UTTAR KASHI,2010,Kharif,Rice,10397.0,17132.0,1.647783014331057,1.637,23984.8,19187.84
Uttarakhand,UTTAR KASHI,2011,Kharif,Rice,10619.0,17165.0,1.6164422261983238,1.637,24031.0,19224.8
Uttarakhand,UTTAR KASHI,2012,Kharif,Rice,9919.0,18604.0,1.8755922976106463,1.637,26045.6,20836.48
Uttarakhand,UTTAR KASHI,2013,Kharif,Rice,9010.0,15981.0,1.7736958934517204,1.637,22373.4,17898.72
Uttarakhand,UTTAR KASHI,2014,Kharif,Rice,9919.0,16499.0,1.6633733239237827,1.637,23098.6,18478.88
Uttarakhand,UTTAR KASHI,2014,Whole Year,Rice,9919.0,16499.0,1.6633733239237827,1.637,23098.6,18478.88
