latitude,longitude,bright_ti4,scan,track,acq_date,acq_time,satellite,confidence,version,bright_ti5,frp,daynight
6.34402,81.35403,329.02,0.5,0.66,2026-09-29,0724,N,nominal,2.0NRT,288.21,6.92,D
6.34318,81.3494,344.57,0.5,0.66,2026-09-29,0724,N,nominal,2.0NRT,288.6,7.89,D
6.60324,81.22112,337.36,0.51,0.66,2026-09-29,0724,N,nominal,2.0NRT,288.92,4.7,D
6.60296,81.21747,328.88,0.51,0.66,2026-09-29,0724,N,nominal,2.0NRT,288.54,5.73,D
7.31462,81.74361,333.41,0.46,0.63,2026-09-29,0724,N,nominal,2.0NRT,290.25,2.71,D
7.43188,81.69707,333.66,0.46,0.63,2026-09-29,0724,N,nominal,2.0NRT,289.75,3.51,D
8.019,81.17416,329.92,0.49,0.65,2026-09-29,0724,N,nominal,2.0NRT,289.83,2.57,D
8.42008,80.51842,353.54,0.53,0.67,2026-09-29,0724,N,nominal,2.0NRT,292.19,12.19,D
8.41913,80.51995,350.95,0.53,0.67,2026-09-29,0724,N,nominal,2.0NRT,292.47,12.14,D
8.63354,80.48622,342.81,0.53,0.67,2026-09-29,0724,N,nominal,2.0NRT,285.56,5.34,D
9.4829,80.47287,338.53,0.51,0.66,2026-09-29,0724,N,nominal,2.0NRT,292.4,5.81,D
10.94042,79.13027,330.01,0.59,0.7,2026-09-29,0726,N,nominal,2.0NRT,294.04,9.05,D
13.9459,79.8444,330.96,0.46,0.64,2026-09-29,0726,N,nominal,2.0NRT,294.49,3.23,D
15.11725,79.62113,342.55,0.46,0.63,2026-09-29,0726,N,nominal,2.0NRT,299.17,3.52,D
15.12307,79.62001,330.5,0.46,0.63,2026-09-29,0726,N,nominal,2.0NRT,299.19,3.52,D
15.11701,79.62191,333.17,0.46,0.63,2026-09-29,0726,N,nominal,2.0NRT,299.31,3.08,D
15.12281,79.6207,337.41,0.46,0.63,2026-09-29,0726,N,nominal,2.0NRT,299.05,3.08,D
15.25543,78.62557,333.2,0.53,0.67,2026-09-29,0726,N,nominal,2.0NRT,292.62,7.14,D
15.2537,78.62485,347.49,0.53,0.67,2026-09-29,0726,N,nominal,2.0NRT,292.96,6.63,D
16.62882,80.19833,337.26,0.39,0.59,2026-09-29,0726,N,nominal,2.0NRT,295.39,5.93,D
17.65451,79.25961,334.22,0.43,0.62,2026-09-29,0729,N,nominal,2.0NRT,295.83,5.81,D
17.65367,79.25558,329.99,0.43,0.62,2026-09-29,0729,N,nominal,2.0NRT,295.39,3.91,D
17.59761,78.98743,330.28,0.45,0.63,2026-09-29,0729,N,nominal,2.0NRT,292.4,2.79,D
17.65112,79.26048,331.19,0.43,0.62,2026-09-29,0729,N,nominal,2.0NRT,295.58,6.19,D
17.65025,79.25647,335.06,0.43,0.62,2026-09-29,0729,N,nominal,2.0NRT,296.19,4.71,D
18.61373,83.22314,332.87,0.46,0.47,2026-09-29,0729,N,nominal,2.0NRT,299.43,5.7,D
20.75973,85.29716,331.4,0.49,0.4,2026-09-29,0729,N,nominal,2.0NRT,300.12,4.66,D
20.78673,85.26462,329.58,0.49,0.4,2026-09-29,0729,N,low,2.0NRT,299.75,3.65,D
20.79244,85.25388,338.91,0.49,0.4,2026-09-29,0729,N,nominal,2.0NRT,301.98,9.76,D
20.79613,85.25317,329.63,0.49,0.4,2026-09-29,0729,N,low,2.0NRT,301.27,6.88,D
20.96195,85.18865,340.9,0.49,0.4,2026-09-29,0729,N,nominal,2.0NRT,302.57,10.06,D
20.9677,85.17783,331.82,0.49,0.4,2026-09-29,0729,N,low,2.0NRT,302.25,3.87,D
20.96688,85.17313,330.92,0.49,0.4,2026-09-29,0729,N,nominal,2.0NRT,298.77,3.87,D
20.97139,85.17707,338.81,0.49,0.4,2026-09-29,0729,N,nominal,2.0NRT,301.05,3.87,D
20.97794,85.17084,330.36,0.49,0.4,2026-09-29,0729,N,low,2.0NRT,300.75,2.83,D
20.96909,85.17435,342.4,0.49,0.4,2026-09-29,0729,N,nominal,2.0NRT,302.16,9.73,D
21.076,85.03734,337.14,0.5,0.41,2026-09-29,0729,N,nominal,2.0NRT,306.11,6.97,D
21.07971,85.03658,345.91,0.5,0.41,2026-09-29,0729,N,nominal,2.0NRT,304.98,6.97,D
22.0539,88.12553,331.51,0.39,0.36,2026-09-29,0729,N,nominal,2.0NRT,297.72,2.82,D
22.36615,87.30139,334.2,0.4,0.37,2026-09-29,0729,N,nominal,2.0NRT,303.24,5.03,D
21.92265,83.34913,329.24,0.4,0.44,2026-09-29,0729,N,low,2.0NRT,299.29,6.95,D
21.98473,83.23291,329.34,0.4,0.44,2026-09-29,0729,N,low,2.0NRT,299.77,5.51,D
22.0171,83.33786,331.34,0.4,0.44,2026-09-29,0729,N,nominal,2.0NRT,298.82,3.55,D
22.78837,86.19756,337.58,0.42,0.38,2026-09-29,0729,N,nominal,2.0NRT,301.77,4.98,D
22.32343,82.5892,341.13,0.43,0.46,2026-09-29,0729,N,nominal,2.0NRT,299.7,4.76,D
22.35922,82.30325,332.27,0.45,0.47,2026-09-29,0729,N,nominal,2.0NRT,302.08,5.29,D
24.6093,97.80847,335.27,0.35,0.57,2026-09-29,0729,N,nominal,2.0NRT,292.82,7.58,D
24.61432,97.81004,336.72,0.35,0.57,2026-09-29,0729,N,nominal,2.0NRT,291.61,7.96,D
23.56055,87.23941,336.29,0.39,0.36,2026-09-29,0729,N,nominal,2.0NRT,295.36,4.79,D
23.6876,87.1208,332.23,0.4,0.37,2026-09-29,0729,N,nominal,2.0NRT,299.26,2.72,D
23.73668,86.43343,342.98,0.41,0.37,2026-09-29,0729,N,nominal,2.0NRT,298.98,4.2,D
25.22454,98.19962,367,0.38,0.59,2026-09-29,0729,N,high,2.0NRT,293.84,12.53,D
25.2248,98.20264,337.73,0.38,0.59,2026-09-29,0729,N,nominal,2.0NRT,290.67,13.03,D
23.68939,86.08852,339.58,0.42,0.38,2026-09-29,0729,N,nominal,2.0NRT,295.33,6.63,D
23.76327,86.40352,338.01,0.41,0.37,2026-09-29,0729,N,nominal,2.0NRT,298.6,3.75,D
23.76666,86.40284,329.67,0.41,0.37,2026-09-29,0729,N,nominal,2.0NRT,297.99,3.75,D
23.77827,86.3882,339.51,0.41,0.37,2026-09-29,0729,N,nominal,2.0NRT,300.46,5.32,D
23.77429,86.36414,335.42,0.41,0.37,2026-09-29,0729,N,nominal,2.0NRT,296.65,3.62,D
23.77983,86.2097,340.78,0.42,0.37,2026-09-29,0729,N,nominal,2.0NRT,300.54,7.95,D
23.64721,85.43923,335.08,0.44,0.39,2026-09-29,0729,N,nominal,2.0NRT,297.09,4.66,D
23.80362,86.32985,344.67,0.41,0.37,2026-09-29,0729,N,nominal,2.0NRT,302.2,6.93,D
25.86854,96.6283,329.38,0.61,0.54,2026-09-29,0729,N,nominal,2.0NRT,296.87,5.87,D
25.86871,96.62617,330.53,0.61,0.54,2026-09-29,0729,N,nominal,2.0NRT,296.99,4.19,D
24.14644,82.65672,334.13,0.4,0.44,2026-09-29,0729,N,nominal,2.0NRT,297.4,3.17,D
25.86546,93.36233,332.04,0.39,0.44,2026-09-29,0729,N,nominal,2.0NRT,297.62,2.9,D
25.30898,86.49201,333.38,0.4,0.37,2026-09-29,0729,N,nominal,2.0NRT,299.38,3.4,D
23.1147,75.71581,330.8,0.55,0.68,2026-09-29,0729,N,nominal,2.0NRT,302.51,2.06,D
27.74833,96.32671,339.91,0.62,0.54,2026-09-29,0731,N,nominal,2.0NRT,294.83,6.51,D
27.74485,96.28925,345.97,0.61,0.54,2026-09-29,0731,N,nominal,2.0NRT,295.87,14.46,D
27.75332,96.32629,331.22,0.62,0.54,2026-09-29,0731,N,nominal,2.0NRT,294.36,3.16,D
27.76212,96.31268,335.87,0.62,0.54,2026-09-29,0731,N,nominal,2.0NRT,295.14,7.54,D
27.74866,96.33108,339.93,0.62,0.54,2026-09-29,0731,N,nominal,2.0NRT,295.16,9.87,D
27.7449,96.28738,342.57,0.61,0.54,2026-09-29,0731,N,nominal,2.0NRT,296.29,18.25,D
27.75366,96.3307,334.74,0.62,0.54,2026-09-29,0731,N,nominal,2.0NRT,294.6,9.87,D
27.762,96.31081,336.77,0.62,0.54,2026-09-29,0731,N,nominal,2.0NRT,294.89,5.82,D
27.76484,96.11652,341.28,0.6,0.53,2026-09-29,0731,N,nominal,2.0NRT,295.42,7.4,D
27.76529,96.01178,330.05,0.59,0.53,2026-09-29,0731,N,nominal,2.0NRT,295.27,4.77,D
27.89012,96.16331,333.19,0.61,0.53,2026-09-29,0731,N,nominal,2.0NRT,294.86,4.54,D
27.99357,95.51171,331.86,0.55,0.51,2026-09-29,0731,N,nominal,2.0NRT,295.71,4.13,D
27.99417,95.51117,331.56,0.55,0.51,2026-09-29,0731,N,nominal,2.0NRT,295.5,4.03,D
22.75423,101.94945,332.01,0.5,0.66,2026-09-29,0548,N,nominal,2.0NRT,286.03,3.88,D
8.99556,77.27133,339.86,0.47,0.64,2026-09-29,0907,N,nominal,2.0NRT,295.71,2.59,D
9.39216,77.61321,340.83,0.5,0.66,2026-09-29,0907,N,nominal,2.0NRT,295.92,5.37,D
26.73137,100.6656,329.63,0.49,0.65,2026-09-29,0548,N,nominal,2.0NRT,294.13,5.15,D
36.11086,97.80111,334.43,0.42,0.61,2026-09-29,0553,N,nominal,2.0NRT,297.56,5.27,D
36.10964,97.79659,330.37,0.42,0.61,2026-09-29,0553,N,nominal,2.0NRT,297.35,3.73,D
39.90602,98.56069,367,0.61,0.53,2026-09-29,0553,N,high,2.0NRT,302,12.63,D
27.65409,77.45203,334.04,0.34,0.56,2026-09-29,0729,N,nominal,2.0NRT,297.26,3.11,D
28.12338,77.58401,331.92,0.33,0.55,2026-09-29,0729,N,nominal,2.0NRT,297.87,2.54,D
28.63075,76.15372,331.8,0.39,0.59,2026-09-29,0729,N,nominal,2.0NRT,298.36,2.12,D
30.50002,75.62022,348.99,0.38,0.59,2026-09-29,0731,N,nominal,2.0NRT,294.75,6.13,D
30.96744,74.19054,335.17,0.45,0.63,2026-09-29,0731,N,nominal,2.0NRT,297.17,3.71,D
31.05706,74.34778,340.49,0.44,0.62,2026-09-29,0731,N,nominal,2.0NRT,297.81,5.89,D
31.31392,75.34063,346.01,0.38,0.59,2026-09-29,0731,N,nominal,2.0NRT,296.73,8.13,D
31.05313,74.28538,351.22,0.44,0.62,2026-09-29,0731,N,nominal,2.0NRT,299.02,9.04,D
31.51509,75.03067,367,0.39,0.59,2026-09-29,0731,N,high,2.0NRT,303.87,7.64,D
31.33361,74.30579,334.79,0.43,0.62,2026-09-29,0731,N,nominal,2.0NRT,299.42,2.02,D
31.51638,75.03042,367,0.39,0.59,2026-09-29,0731,N,high,2.0NRT,304.75,10.44,D
31.60815,75.23576,351.81,0.38,0.58,2026-09-29,0731,N,nominal,2.0NRT,302.28,5.06,D
31.56274,74.75707,329.96,0.4,0.6,2026-09-29,0731,N,nominal,2.0NRT,300.94,1.61,D
31.59668,74.6134,340.61,0.41,0.61,2026-09-29,0731,N,nominal,2.0NRT,301.2,3.62,D
31.77238,74.68832,330.33,0.4,0.6,2026-09-29,0731,N,nominal,2.0NRT,299.8,1.91,D
31.84049,74.61057,346.86,0.4,0.6,2026-09-29,0731,N,nominal,2.0NRT,300.19,3.74,D
31.78729,74.22294,344.29,0.43,0.62,2026-09-29,0731,N,nominal,2.0NRT,299.85,7.5,D
31.80148,74.06763,333.97,0.43,0.62,2026-09-29,0731,N,nominal,2.0NRT,298.42,2.7,D
31.74793,73.62749,330.25,0.46,0.64,2026-09-29,0731,N,nominal,2.0NRT,296.86,2.44,D
31.89711,74.15167,335.57,0.43,0.62,2026-09-29,0731,N,nominal,2.0NRT,298.6,3.18,D
31.90263,74.14976,337.36,0.43,0.62,2026-09-29,0731,N,nominal,2.0NRT,297.95,6.2,D
31.89898,74.11232,367,0.43,0.62,2026-09-29,0731,N,high,2.0NRT,300.11,9.25,D
32.2818,75.29955,328.05,0.36,0.57,2026-09-29,0731,N,nominal,2.0NRT,296.59,1.9,D
32.18219,73.94493,339.77,0.43,0.62,2026-09-29,0731,N,nominal,2.0NRT,298.78,5.75,D
32.43046,73.93165,329.17,0.43,0.62,2026-09-29,0731,N,nominal,2.0NRT,297.17,0.66,D
38.04823,67.26266,335.2,0.67,0.74,2026-09-29,0733,N,nominal,2.0NRT,305.69,3.32,D
11.14383,77.24282,332.6,0.5,0.66,2026-09-29,0905,N,nominal,2.0NRT,294.01,1.94,D
21.14508,75.94334,330.4,0.54,0.68,2026-09-29,0907,N,low,2.0NRT,300.98,3.74,D
21.04062,72.87466,347.12,0.34,0.56,2026-09-29,0907,N,nominal,2.0NRT,295.42,4.12,D
21.04028,72.87133,341.67,0.34,0.56,2026-09-29,0907,N,nominal,2.0NRT,295.1,4.12,D
21.1014,72.63807,341.15,0.33,0.55,2026-09-29,0907,N,nominal,2.0NRT,297.61,4.16,D
21.10107,72.63486,336.79,0.33,0.55,2026-09-29,0907,N,nominal,2.0NRT,296.39,4.17,D
21.10751,72.64716,335.73,0.33,0.55,2026-09-29,0907,N,nominal,2.0NRT,297.85,3.89,D
19.26803,56.17419,344.38,0.57,0.52,2026-09-29,0907,N,nominal,2.0NRT,311.22,2.94,D
20.38689,55.66368,343.09,0.59,0.53,2026-09-29,0909,N,low,2.0NRT,316.41,2.67,D
22.93834,69.18812,334.41,0.42,0.45,2026-09-29,0909,N,low,2.0NRT,304.56,1.59,D
21.00089,56.53059,348.21,0.5,0.49,2026-09-29,0909,N,nominal,2.0NRT,316.56,7.72,D
23.91867,72.91904,338.71,0.37,0.58,2026-09-29,0909,N,nominal,2.0NRT,300.39,2.32,D
23.5273,68.92737,334.68,0.41,0.45,2026-09-29,0909,N,low,2.0NRT,305.67,3.01,D
21.83305,56.67964,344.15,0.48,0.48,2026-09-29,0909,N,low,2.0NRT,315.36,0.63,D
21.83332,56.68129,341.75,0.47,0.48,2026-09-29,0909,N,low,2.0NRT,314.85,0.94,D
21.93839,57.07405,347.06,0.45,0.47,2026-09-29,0909,N,nominal,2.0NRT,315.88,5.81,D
22.29334,56.52753,346.82,0.48,0.48,2026-09-29,0909,N,nominal,2.0NRT,316.04,6.6,D
22.40604,56.98785,345.22,0.44,0.46,2026-09-29,0909,N,nominal,2.0NRT,315.62,5.82,D
22.27119,56.25337,346.16,0.5,0.49,2026-09-29,0909,N,low,2.0NRT,317.03,6.1,D
22.32714,56.49069,348.75,0.48,0.48,2026-09-29,0909,N,nominal,2.0NRT,316.42,5.6,D
22.32793,56.4714,347.11,0.48,0.48,2026-09-29,0909,N,nominal,2.0NRT,315.59,3.75,D
22.32714,56.47281,346.2,0.48,0.48,2026-09-29,0909,N,nominal,2.0NRT,315.99,5.36,D
22.34685,56.43442,346.26,0.48,0.48,2026-09-29,0909,N,nominal,2.0NRT,315.41,4.26,D
22.4411,56.70245,341.52,0.46,0.47,2026-09-29,0909,N,low,2.0NRT,316.43,13.39,D
22.878,55.9234,346.16,0.51,0.49,2026-09-29,0909,N,low,2.0NRT,317.84,3.43,D
22.87925,55.92496,344.74,0.5,0.49,2026-09-29,0909,N,low,2.0NRT,318.12,2.32,D
22.52772,54.05152,367,0.34,0.56,2026-09-29,0909,N,high,2.0NRT,322.24,5.39,D
22.87194,55.61286,346.87,0.53,0.5,2026-09-29,0909,N,low,2.0NRT,318.08,4.3,D
22.9255,55.80593,346.51,0.51,0.5,2026-09-29,0909,N,low,2.0NRT,318.5,2.97,D
23.19202,55.45966,347.1,0.53,0.5,2026-09-29,0909,N,low,2.0NRT,319.89,4.76,D
23.19097,55.4545,345.07,0.53,0.5,2026-09-29,0909,N,low,2.0NRT,320.05,2.09,D
25.46677,68.74697,330.34,0.43,0.46,2026-09-29,0909,N,nominal,2.0NRT,299.47,1.69,D
26.08568,72.40668,330.14,0.36,0.58,2026-09-29,0909,N,low,2.0NRT,300.45,3,D
23.66282,54.34837,346.79,0.61,0.53,2026-09-29,0909,N,low,2.0NRT,318.59,10.32,D
24.46365,56.62534,333.96,0.43,0.46,2026-09-29,0909,N,low,2.0NRT,306.07,3.1,D
24.50358,56.6072,345.74,0.43,0.46,2026-09-29,0909,N,nominal,2.0NRT,308.53,5.48,D
24.51165,54.01841,336.84,0.61,0.54,2026-09-29,0909,N,nominal,2.0NRT,302.8,4.08,D
27.18698,71.71606,330.14,0.34,0.56,2026-09-29,0909,N,low,2.0NRT,301.84,2.75,D
25.30847,56.37134,336.39,0.43,0.46,2026-09-29,0909,N,nominal,2.0NRT,304.75,2.09,D
28.05299,69.36814,331.88,0.5,0.49,2026-09-29,0909,N,nominal,2.0NRT,302.11,4.4,D
27.16646,56.0513,338.56,0.41,0.45,2026-09-29,0909,N,low,2.0NRT,311.78,3.28,D
27.16974,56.0553,336.58,0.41,0.45,2026-09-29,0909,N,low,2.0NRT,309.98,3.75,D
27.45189,56.7164,336.94,0.56,0.43,2026-09-29,0911,N,low,2.0NRT,311.5,3.21,D
30.76766,74.00786,367,0.51,0.66,2026-09-29,0911,N,high,2.0NRT,298.5,9.52,D
30.76731,74.01038,367,0.51,0.66,2026-09-29,0911,N,high,2.0NRT,298.07,12.81,D
31.00496,74.44086,332.83,0.54,0.68,2026-09-29,0911,N,nominal,2.0NRT,298.13,4.41,D
31.00466,74.43505,338.68,0.54,0.68,2026-09-29,0911,N,nominal,2.0NRT,298.34,4.41,D
31.09123,74.62504,330.08,0.55,0.68,2026-09-29,0911,N,nominal,2.0NRT,297.38,2.32,D
31.10598,74.66026,350.2,0.56,0.69,2026-09-29,0911,N,nominal,2.0NRT,299.62,6.37,D
31.09247,74.62752,332.04,0.55,0.68,2026-09-29,0911,N,nominal,2.0NRT,297.05,2.91,D
31.10701,74.6628,341.62,0.56,0.69,2026-09-29,0911,N,nominal,2.0NRT,298.54,9.16,D
31.75853,74.98412,329.73,0.59,0.7,2026-09-29,0911,N,low,2.0NRT,300.44,3.48,D
31.86007,74.00643,332.44,0.52,0.67,2026-09-29,0911,N,nominal,2.0NRT,298.26,3.96,D
31.89677,74.10643,339.86,0.52,0.67,2026-09-29,0911,N,nominal,2.0NRT,298.15,4.98,D
31.91891,73.85874,331.04,0.51,0.66,2026-09-29,0911,N,nominal,2.0NRT,299.01,3.82,D
32.10069,75.23662,334.34,0.61,0.71,2026-09-29,0911,N,nominal,2.0NRT,296.98,5.52,D
29.99256,55.85284,339.84,0.57,0.43,2026-09-29,0911,N,nominal,2.0NRT,312.3,8.88,D
32.21089,73.80588,330.68,0.51,0.66,2026-09-29,0911,N,nominal,2.0NRT,297.15,4.57,D
32.35852,73.4714,339.85,0.49,0.65,2026-09-29,0911,N,nominal,2.0NRT,297.49,4.95,D
32.43173,73.93186,330.37,0.52,0.67,2026-09-29,0911,N,nominal,2.0NRT,296.41,2.26,D
31.84887,54.28847,342.07,0.42,0.45,2026-09-29,0911,N,low,2.0NRT,316.37,6.62,D
34.24412,71.90479,331.77,0.41,0.61,2026-09-29,0911,N,nominal,2.0NRT,298.22,2.44,D
34.20005,65.65768,336.16,0.55,0.43,2026-09-29,0911,N,low,2.0NRT,307.04,3.84,D
33.75244,59.14948,336.91,0.39,0.36,2026-09-29,0911,N,low,2.0NRT,310.41,1.15,D
36.68779,66.92908,349.81,0.46,0.47,2026-09-29,0913,N,nominal,2.0NRT,308.61,9.48,D
36.45297,60.8858,344.77,0.39,0.36,2026-09-29,0913,N,nominal,2.0NRT,311.85,4.69,D
37.03452,62.41846,338.95,0.43,0.38,2026-09-29,0913,N,low,2.0NRT,309.72,2.25,D
37.1903,60.6932,347.27,0.39,0.37,2026-09-29,0913,N,nominal,2.0NRT,304.58,4.26,D
37.19364,60.69246,342.82,0.39,0.37,2026-09-29,0913,N,nominal,2.0NRT,302.32,4.26,D
37.24118,60.60559,338.34,0.39,0.36,2026-09-29,0913,N,nominal,2.0NRT,306.43,6.23,D
37.18903,59.84718,340.32,0.39,0.36,2026-09-29,0913,N,nominal,2.0NRT,309.3,10.4,D
37.29087,60.2198,332.84,0.39,0.36,2026-09-29,0913,N,low,2.0NRT,306.21,4.03,D
37.62594,62.21235,332.02,0.43,0.38,2026-09-29,0913,N,low,2.0NRT,304.99,2.07,D
37.61998,62.13857,338.91,0.43,0.38,2026-09-29,0913,N,nominal,2.0NRT,303.98,5.17,D
37.51102,61.01485,337.52,0.4,0.37,2026-09-29,0913,N,low,2.0NRT,309.28,2.52,D
37.59127,61.53152,336.3,0.41,0.37,2026-09-29,0913,N,nominal,2.0NRT,305.89,2,D
37.60866,61.60956,334.75,0.41,0.37,2026-09-29,0913,N,nominal,2.0NRT,303.56,3.62,D
37.54343,61.12468,342.8,0.4,0.37,2026-09-29,0913,N,nominal,2.0NRT,305.79,4.71,D
37.61458,61.57464,331.42,0.41,0.37,2026-09-29,0913,N,low,2.0NRT,305.44,2.58,D
37.78597,62.5397,333.75,0.44,0.39,2026-09-29,0913,N,low,2.0NRT,305.71,2.35,D
37.44617,60.05087,340.93,0.39,0.36,2026-09-29,0913,N,nominal,2.0NRT,305.15,2.47,D
37.78951,62.53901,337.15,0.44,0.39,2026-09-29,0913,N,nominal,2.0NRT,306.18,4.25,D
37.45012,60.05447,338.91,0.39,0.36,2026-09-29,0913,N,nominal,2.0NRT,305.78,2.51,D
37.78817,62.53669,337.54,0.44,0.39,2026-09-29,0913,N,low,2.0NRT,308.02,5.11,D
37.79711,62.55045,340.2,0.44,0.39,2026-09-29,0913,N,nominal,2.0NRT,308.93,3.39,D
37.63293,60.34116,330.9,0.39,0.36,2026-09-29,0913,N,nominal,2.0NRT,304.33,1.1,D
37.65795,59.46979,344.57,0.38,0.36,2026-09-29,0913,N,nominal,2.0NRT,305.3,7.08,D
37.84232,60.71387,330.5,0.4,0.37,2026-09-29,0913,N,low,2.0NRT,305.49,1.05,D
36.91669,54.8087,334.04,0.49,0.4,2026-09-29,0913,N,nominal,2.0NRT,300.08,4.05,D
37.71606,59.20638,340.74,0.38,0.36,2026-09-29,0913,N,nominal,2.0NRT,304.81,9.32,D
36.94986,54.78139,334.38,0.49,0.4,2026-09-29,0913,N,nominal,2.0NRT,298.57,1.74,D
37.00296,54.91775,332.29,0.48,0.4,2026-09-29,0913,N,nominal,2.0NRT,301.45,2.62,D
37.00917,54.91024,331.5,0.48,0.4,2026-09-29,0913,N,nominal,2.0NRT,300.56,2.39,D
37.84399,59.00204,338.54,0.38,0.36,2026-09-29,0913,N,nominal,2.0NRT,305.2,3.18,D
37.22756,55.39975,333.74,0.46,0.39,2026-09-29,0913,N,nominal,2.0NRT,298.25,4.01,D
37.24443,55.23218,330.5,0.46,0.39,2026-09-29,0913,N,low,2.0NRT,302.25,1.03,D
38.82602,65.92471,344.02,0.43,0.46,2026-09-29,0913,N,nominal,2.0NRT,309.31,5.7,D
38.4033,57.7107,345.22,0.39,0.36,2026-09-29,0913,N,nominal,2.0NRT,301.36,3.38,D
38.96039,56.4907,339.34,0.41,0.37,2026-09-29,0913,N,nominal,2.0NRT,299.25,3.01,D
38.64613,54.285,335.66,0.48,0.4,2026-09-29,0913,N,low,2.0NRT,309.09,1.78,D
38.64973,54.28386,345.56,0.48,0.4,2026-09-29,0913,N,nominal,2.0NRT,309.1,4.93,D
38.67859,54.3183,338.88,0.48,0.4,2026-09-29,0913,N,low,2.0NRT,309.59,2.82,D
39.15742,56.32632,340.85,0.41,0.37,2026-09-29,0913,N,nominal,2.0NRT,303.77,13.05,D
12.72995,101.46083,302.46,0.44,0.62,2026-09-29,1817,N,nominal,2.0NRT,287.82,0.59,N
26.63475,101.42619,299.72,0.63,0.72,2026-09-29,1813,N,nominal,2.0NRT,287.03,1.02,N
26.61963,101.45283,303.58,0.63,0.72,2026-09-29,1813,N,nominal,2.0NRT,287.5,1.23,N
25.78828,100.37196,295.49,0.72,0.76,2026-09-29,1813,N,nominal,2.0NRT,283.43,0.68,N
25.78389,100.37326,298.08,0.72,0.76,2026-09-29,1813,N,nominal,2.0NRT,283.26,0.93,N
14.66967,100.80144,300.16,0.52,0.66,2026-09-29,1817,N,nominal,2.0NRT,280.42,1.23,N
14.63318,101.0774,298.7,0.49,0.65,2026-09-29,1817,N,nominal,2.0NRT,282.23,2.24,N
14.63064,101.10041,296.74,0.49,0.65,2026-09-29,1817,N,nominal,2.0NRT,282.51,1.62,N
10.52886,77.20297,306.88,0.35,0.56,2026-09-29,2000,N,nominal,2.0NRT,283.2,1.22,N
9.42111,77.35734,321.66,0.33,0.55,2026-09-29,2000,N,nominal,2.0NRT,286.24,1.85,N
9.42079,77.35973,330.84,0.33,0.55,2026-09-29,2000,N,nominal,2.0NRT,286.99,1.42,N
9.42143,77.35502,300.21,0.33,0.55,2026-09-29,2000,N,nominal,2.0NRT,285.47,1.85,N
9.41584,77.35786,301.32,0.33,0.55,2026-09-29,2000,N,nominal,2.0NRT,286.26,1.42,N
29.65865,90.89909,304.64,0.38,0.36,2026-09-29,1953,N,nominal,2.0NRT,281.72,1.03,N
29.37433,91.15071,308.12,0.39,0.36,2026-09-29,1953,N,nominal,2.0NRT,282.29,1.45,N
29.22584,88.34926,295.91,0.42,0.37,2026-09-29,1953,N,nominal,2.0NRT,279.97,0.6,N
35.98945,94.82993,303.4,0.41,0.37,2026-09-29,1951,N,nominal,2.0NRT,276.96,1.36,N
26.57945,101.6647,308.91,0.44,0.63,2026-09-29,1953,N,nominal,2.0NRT,289.16,1.58,N
33.84414,75.56548,309.36,0.77,0.77,2026-09-29,1953,N,nominal,2.0NRT,273.67,4.39,N
30.94889,97.36448,299.13,0.41,0.45,2026-09-29,1953,N,nominal,2.0NRT,284.96,0.54,N
26.57851,101.66846,307.51,0.44,0.63,2026-09-29,1953,N,nominal,2.0NRT,288.98,1.58,N
26.62009,101.45283,302.23,0.43,0.62,2026-09-29,1953,N,nominal,2.0NRT,288.42,0.84,N
26.56482,101.67461,308.43,0.44,0.63,2026-09-29,1953,N,nominal,2.0NRT,290.75,3.64,N
26.56378,101.67874,305.45,0.45,0.63,2026-09-29,1953,N,nominal,2.0NRT,290.19,2.3,N
26.57879,101.66721,318.69,0.44,0.63,2026-09-29,1953,N,nominal,2.0NRT,289.87,1.28,N
26.57789,101.67091,302.88,0.44,0.63,2026-09-29,1953,N,nominal,2.0NRT,289.48,1.28,N
26.5652,101.67322,307.24,0.45,0.63,2026-09-29,1953,N,nominal,2.0NRT,289.72,1.97,N
26.5642,101.67733,310.66,0.45,0.63,2026-09-29,1953,N,nominal,2.0NRT,290.45,1.97,N
29.08584,88.01046,311.16,0.43,0.38,2026-09-29,1953,N,nominal,2.0NRT,278.62,1.67,N
27.53632,95.39981,303.35,0.55,0.43,2026-09-29,1953,N,nominal,2.0NRT,285.86,0.74,N
25.78555,100.37463,298.03,0.39,0.59,2026-09-29,1955,N,nominal,2.0NRT,284.16,0.9,N
25.78534,100.37241,306.24,0.39,0.59,2026-09-29,1955,N,nominal,2.0NRT,284.31,1.06,N
25.51722,100.72425,297.24,0.41,0.61,2026-09-29,1955,N,nominal,2.0NRT,284.15,0.98,N
25.53452,100.57919,299.49,0.4,0.6,2026-09-29,1955,N,nominal,2.0NRT,284.4,0.61,N
25.53562,100.57959,299.6,0.4,0.6,2026-09-29,1955,N,nominal,2.0NRT,284.44,0.84,N
25.54023,91.23734,299.21,0.4,0.37,2026-09-29,1955,N,nominal,2.0NRT,286.97,0.3,N
26.639,79.47474,303.9,0.39,0.59,2026-09-29,1955,N,nominal,2.0NRT,292.09,0.98,N
24.11604,86.86101,315.2,0.42,0.38,2026-09-29,1955,N,nominal,2.0NRT,292.61,1.71,N
23.80527,86.64165,306.13,0.43,0.38,2026-09-29,1955,N,nominal,2.0NRT,292.42,0.62,N
23.80632,86.32825,309.59,0.44,0.38,2026-09-29,1955,N,nominal,2.0NRT,292.99,1.5,N
23.69682,87.09443,314.48,0.41,0.37,2026-09-29,1955,N,nominal,2.0NRT,293.67,2.01,N
23.69505,87.1066,308.66,0.41,0.37,2026-09-29,1955,N,nominal,2.0NRT,293.37,2.03,N
23.69387,87.1147,308.49,0.41,0.37,2026-09-29,1955,N,nominal,2.0NRT,293.42,1.28,N
23.6927,87.1228,317.53,0.41,0.37,2026-09-29,1955,N,nominal,2.0NRT,294.75,2.23,N
23.80216,86.33202,326.03,0.44,0.38,2026-09-29,1955,N,nominal,2.0NRT,293.41,2.91,N
23.80338,86.32331,308.38,0.44,0.38,2026-09-29,1955,N,nominal,2.0NRT,291.74,1.5,N
23.80277,86.32767,316.01,0.44,0.38,2026-09-29,1955,N,nominal,2.0NRT,293.18,1.5,N
23.79974,86.3493,308.66,0.44,0.38,2026-09-29,1955,N,nominal,2.0NRT,293.56,1.24,N
23.69103,87.11006,306.95,0.41,0.37,2026-09-29,1955,N,nominal,2.0NRT,292.91,1.28,N
23.68926,87.12222,317.31,0.41,0.37,2026-09-29,1955,N,nominal,2.0NRT,294.58,2.23,N
23.79621,86.34869,308.66,0.44,0.38,2026-09-29,1955,N,nominal,2.0NRT,292.33,1.75,N
23.7956,86.35303,316.94,0.44,0.38,2026-09-29,1955,N,nominal,2.0NRT,292.98,1.75,N
23.68936,87.09732,311.75,0.41,0.37,2026-09-29,1955,N,nominal,2.0NRT,293.88,1.64,N
23.68877,87.10137,306.44,0.41,0.37,2026-09-29,1955,N,nominal,2.0NRT,292.82,1.22,N
23.68583,87.12162,315.81,0.41,0.37,2026-09-29,1955,N,nominal,2.0NRT,294.14,1.82,N
23.68122,87.12914,307.16,0.41,0.37,2026-09-29,1955,N,nominal,2.0NRT,293.21,1.4,N
23.92619,85.34388,302.6,0.49,0.4,2026-09-29,1955,N,nominal,2.0NRT,290.78,0.88,N
23.67074,87.1771,305.92,0.41,0.37,2026-09-29,1955,N,nominal,2.0NRT,292.63,0.73,N
23.77954,86.39014,333.55,0.44,0.38,2026-09-29,1955,N,nominal,2.0NRT,295.89,4.96,N
23.78196,86.37286,306.7,0.44,0.38,2026-09-29,1955,N,nominal,2.0NRT,292.65,0.86,N
23.78205,86.34634,304.79,0.44,0.38,2026-09-29,1955,N,nominal,2.0NRT,291.4,0.74,N
23.77661,86.38525,306.54,0.44,0.38,2026-09-29,1955,N,nominal,2.0NRT,292.71,1.87,N
23.77601,86.38954,315.6,0.44,0.38,2026-09-29,1955,N,nominal,2.0NRT,293.42,2.62,N
23.66623,87.15974,312.96,0.41,0.37,2026-09-29,1955,N,nominal,2.0NRT,293.35,1.64,N
23.66339,87.15511,325.97,0.41,0.37,2026-09-29,1955,N,nominal,2.0NRT,294.92,1.64,N
23.79423,86.23276,304.13,0.45,0.39,2026-09-29,1955,N,nominal,2.0NRT,289.35,1.18,N
23.77852,86.34573,304.68,0.44,0.38,2026-09-29,1955,N,nominal,2.0NRT,290.79,0.74,N
23.7761,86.36304,313.54,0.44,0.38,2026-09-29,1955,N,nominal,2.0NRT,292.57,2.16,N
23.6628,87.15916,313.32,0.41,0.37,2026-09-29,1955,N,nominal,2.0NRT,293.1,1.64,N
23.76655,86.40557,328.44,0.44,0.38,2026-09-29,1955,N,nominal,2.0NRT,295.37,3.15,N
23.77257,86.36246,319.96,0.44,0.38,2026-09-29,1955,N,nominal,2.0NRT,291.67,1.57,N
23.77196,86.36679,308.72,0.44,0.38,2026-09-29,1955,N,nominal,2.0NRT,291.84,1.57,N
23.76715,86.40125,317.57,0.44,0.38,2026-09-29,1955,N,nominal,2.0NRT,294.7,1.65,N
23.76302,86.405,330.76,0.44,0.38,2026-09-29,1955,N,nominal,2.0NRT,295,3.15,N
23.76482,86.39204,311.48,0.44,0.38,2026-09-29,1955,N,nominal,2.0NRT,295.08,2.78,N
23.76422,86.39635,307.21,0.44,0.38,2026-09-29,1955,N,nominal,2.0NRT,294.51,1.65,N
23.76362,86.40067,309.68,0.44,0.38,2026-09-29,1955,N,nominal,2.0NRT,293.25,1.65,N
23.76009,86.40007,318.89,0.44,0.38,2026-09-29,1955,N,nominal,2.0NRT,294.12,3.71,N
23.75949,86.4044,315.57,0.44,0.38,2026-09-29,1955,N,nominal,2.0NRT,293.96,1.53,N
23.75596,86.4038,313.68,0.44,0.38,2026-09-29,1955,N,nominal,2.0NRT,294,1.53,N
23.77885,86.21238,320.45,0.45,0.39,2026-09-29,1955,N,nominal,2.0NRT,290.93,2.62,N
23.77946,86.20799,311.83,0.45,0.39,2026-09-29,1955,N,nominal,2.0NRT,291.55,1.73,N
23.75063,86.41612,318.81,0.44,0.38,2026-09-29,1955,N,nominal,2.0NRT,294.23,2.3,N
23.7759,86.20737,305.27,0.45,0.39,2026-09-29,1955,N,nominal,2.0NRT,290.57,1.73,N
23.67035,86.93516,320.79,0.42,0.38,2026-09-29,1955,N,nominal,2.0NRT,291.56,2.63,N
23.78017,86.14973,305.41,0.45,0.39,2026-09-29,1955,N,nominal,2.0NRT,289.24,0.7,N
23.77355,86.19801,312.21,0.45,0.39,2026-09-29,1955,N,nominal,2.0NRT,290.66,2.43,N
23.73767,86.43149,326.25,0.44,0.38,2026-09-29,1955,N,nominal,2.0NRT,295.35,3.71,N
23.73708,86.43577,328.57,0.44,0.38,2026-09-29,1955,N,nominal,2.0NRT,296.3,2.96,N
24.20451,82.7114,309.58,0.46,0.47,2026-09-29,1955,N,nominal,2.0NRT,293.64,1.87,N
24.1996,82.71571,306.44,0.46,0.47,2026-09-29,1955,N,nominal,2.0NRT,293.13,0.97,N
24.19522,82.71527,307.09,0.46,0.47,2026-09-29,1955,N,nominal,2.0NRT,292.41,0.97,N
23.66291,86.9128,309.16,0.42,0.38,2026-09-29,1955,N,nominal,2.0NRT,290.96,1.6,N
23.72239,86.4377,312.26,0.44,0.38,2026-09-29,1955,N,nominal,2.0NRT,293.9,2.13,N
23.71828,86.4414,314.74,0.44,0.38,2026-09-29,1955,N,nominal,2.0NRT,294.61,2.41,N
24.18331,82.66257,306.44,0.46,0.47,2026-09-29,1955,N,nominal,2.0NRT,293.08,0.78,N
23.77559,85.9948,306.82,0.46,0.39,2026-09-29,1955,N,nominal,2.0NRT,292.49,1.5,N
23.71772,86.41935,306.68,0.44,0.38,2026-09-29,1955,N,nominal,2.0NRT,292.27,1.21,N
23.71357,86.44938,316.5,0.44,0.38,2026-09-29,1955,N,nominal,2.0NRT,294.83,1.35,N
23.71298,86.45367,309.15,0.44,0.38,2026-09-29,1955,N,nominal,2.0NRT,293.67,1.35,N
23.7136,86.42305,315.55,0.44,0.38,2026-09-29,1955,N,nominal,2.0NRT,294.92,2.84,N
23.71005,86.44878,309.55,0.44,0.38,2026-09-29,1955,N,nominal,2.0NRT,294.87,1.52,N
23.61196,87.14629,306.27,0.41,0.37,2026-09-29,1955,N,nominal,2.0NRT,293.11,1.43,N
23.83772,85.47009,309.98,0.48,0.4,2026-09-29,1955,N,nominal,2.0NRT,293.81,1.39,N
23.83877,85.47296,304.82,0.48,0.4,2026-09-29,1955,N,nominal,2.0NRT,292.1,0.76,N
24.18326,82.6604,306.37,0.46,0.47,2026-09-29,1955,N,nominal,2.0NRT,292.72,1.05,N
23.6854,86.39377,323.92,0.44,0.38,2026-09-29,1955,N,nominal,2.0NRT,293.95,2.29,N
23.76017,85.85657,311.78,0.46,0.39,2026-09-29,1955,N,nominal,2.0NRT,293.58,0.96,N
23.75955,85.86108,304.84,0.46,0.39,2026-09-29,1955,N,nominal,2.0NRT,292.8,0.96,N
23.56065,87.23766,329.91,0.41,0.37,2026-09-29,1955,N,nominal,2.0NRT,293.94,2.18,N
23.56006,87.24166,329.92,0.41,0.37,2026-09-29,1955,N,nominal,2.0NRT,294.03,2.18,N
23.75717,85.85145,307.15,0.46,0.39,2026-09-29,1955,N,nominal,2.0NRT,293.63,1.87,N
23.75655,85.856,311.71,0.46,0.39,2026-09-29,1955,N,nominal,2.0NRT,294.85,1.43,N
23.68188,86.39315,307.69,0.44,0.38,2026-09-29,1955,N,nominal,2.0NRT,293.19,1.28,N
23.68127,86.39747,308,0.44,0.38,2026-09-29,1955,N,nominal,2.0NRT,293.18,1.28,N
23.67774,86.39686,321.3,0.44,0.38,2026-09-29,1955,N,nominal,2.0NRT,294.64,1.28,N
23.75294,85.85539,307.35,0.46,0.39,2026-09-29,1955,N,nominal,2.0NRT,293.35,1.43,N
23.67835,86.39256,308.27,0.44,0.38,2026-09-29,1955,N,nominal,2.0NRT,291.8,1.28,N
23.67715,86.40114,316.08,0.44,0.38,2026-09-29,1955,N,nominal,2.0NRT,294.97,2.06,N
23.55723,87.23706,311.27,0.41,0.37,2026-09-29,1955,N,nominal,2.0NRT,293.47,2.18,N
23.55664,87.24107,315.87,0.41,0.37,2026-09-29,1955,N,nominal,2.0NRT,294.19,2.18,N
23.67422,86.39625,306.59,0.44,0.38,2026-09-29,1955,N,nominal,2.0NRT,293.63,1.4,N
23.67362,86.40054,306.28,0.44,0.38,2026-09-29,1955,N,nominal,2.0NRT,293.21,1.81,N
24.14825,82.65551,305.78,0.46,0.47,2026-09-29,1955,N,nominal,2.0NRT,292.55,0.94,N
23.54923,87.2439,306.84,0.41,0.37,2026-09-29,1955,N,nominal,2.0NRT,294.11,1.41,N
23.54864,87.24792,307.99,0.41,0.37,2026-09-29,1955,N,nominal,2.0NRT,293.65,1.41,N
23.78004,85.57371,307.33,0.47,0.4,2026-09-29,1955,N,nominal,2.0NRT,294.52,1.7,N
23.56463,87.08968,306.45,0.41,0.37,2026-09-29,1955,N,nominal,2.0NRT,292.69,0.9,N
23.56178,87.08504,318.23,0.41,0.37,2026-09-29,1955,N,nominal,2.0NRT,293.38,2.16,N
23.69706,86.075,317.15,0.45,0.39,2026-09-29,1955,N,nominal,2.0NRT,291.34,2.03,N
23.83989,84.94671,306.47,0.51,0.41,2026-09-29,1955,N,nominal,2.0NRT,290.51,1.29,N
23.67972,86.0948,307.35,0.45,0.39,2026-09-29,1955,N,nominal,2.0NRT,292.6,2.07,N
23.67912,86.09921,306.74,0.45,0.39,2026-09-29,1955,N,nominal,2.0NRT,292.56,1.34,N
23.67735,86.08539,315.51,0.45,0.39,2026-09-29,1955,N,nominal,2.0NRT,294.15,3.03,N
23.82536,84.9393,303.84,0.51,0.41,2026-09-29,1955,N,nominal,2.0NRT,291.27,0.95,N
23.67377,86.08482,307.64,0.45,0.39,2026-09-29,1955,N,nominal,2.0NRT,292.39,0.77,N
23.66899,86.09306,308.75,0.45,0.39,2026-09-29,1955,N,nominal,2.0NRT,292.66,1.45,N
23.5811,86.72681,309.62,0.43,0.38,2026-09-29,1955,N,nominal,2.0NRT,292.29,1.15,N
23.74405,85.50594,303.87,0.48,0.4,2026-09-29,1955,N,nominal,2.0NRT,292.92,0.56,N
23.6967,85.36605,310.98,0.48,0.4,2026-09-29,1955,N,nominal,2.0NRT,292.9,1.68,N
23.73975,85.01097,310.64,0.5,0.41,2026-09-29,1955,N,nominal,2.0NRT,293.84,2.46,N
23.69573,85.28773,321,0.49,0.4,2026-09-29,1955,N,nominal,2.0NRT,294.04,1.84,N
23.6951,85.29252,305.52,0.49,0.4,2026-09-29,1955,N,nominal,2.0NRT,293.05,1.84,N
23.72087,85.00799,306.2,0.5,0.41,2026-09-29,1955,N,nominal,2.0NRT,291.91,1.05,N
23.65508,85.50883,306.16,0.48,0.4,2026-09-29,1955,N,nominal,2.0NRT,293.83,1.22,N
23.67581,85.3238,307.55,0.49,0.4,2026-09-29,1955,N,nominal,2.0NRT,293.26,1.3,N
23.6497,85.43595,323.6,0.48,0.4,2026-09-29,1955,N,nominal,2.0NRT,294.11,1.78,N
23.64908,85.44064,313.53,0.48,0.4,2026-09-29,1955,N,nominal,2.0NRT,293.53,1.78,N
23.64539,85.44005,313.08,0.48,0.4,2026-09-29,1955,N,nominal,2.0NRT,293.38,2,N
23.61027,85.6769,304.8,0.47,0.4,2026-09-29,1955,N,nominal,2.0NRT,293.85,0.75,N
23.66842,84.99788,306.19,0.5,0.41,2026-09-29,1955,N,nominal,2.0NRT,292.06,0.89,N
23.66465,84.99731,306.79,0.5,0.41,2026-09-29,1955,N,nominal,2.0NRT,291.29,1.75,N
22.87297,86.06264,314.24,0.44,0.39,2026-09-29,1955,N,nominal,2.0NRT,291.21,1.46,N
22.85582,86.05546,305.16,0.44,0.39,2026-09-29,1955,N,nominal,2.0NRT,288.94,0.65,N
22.79944,86.19989,297.84,0.44,0.38,2026-09-29,1955,N,nominal,2.0NRT,279.84,0.83,N
22.79825,86.2084,318.22,0.44,0.38,2026-09-29,1955,N,nominal,2.0NRT,283.75,1.61,N
22.81854,86.03621,301.62,0.44,0.39,2026-09-29,1955,N,nominal,2.0NRT,286.49,0.71,N
22.81794,86.04053,303.88,0.44,0.39,2026-09-29,1955,N,nominal,2.0NRT,285.91,0.71,N
22.7959,86.19933,301.53,0.44,0.38,2026-09-29,1955,N,nominal,2.0NRT,279.9,0.46,N
22.79472,86.20784,312.93,0.44,0.38,2026-09-29,1955,N,nominal,2.0NRT,283.76,1.03,N
22.79238,86.19876,297.36,0.44,0.38,2026-09-29,1955,N,nominal,2.0NRT,280.55,0.46,N
22.79178,86.20304,300.68,0.44,0.38,2026-09-29,1955,N,nominal,2.0NRT,283.74,0.46,N
22.7906,86.21153,303.91,0.44,0.38,2026-09-29,1955,N,nominal,2.0NRT,284.3,1.03,N
22.78885,86.19818,302.98,0.44,0.38,2026-09-29,1955,N,nominal,2.0NRT,281.66,0.88,N
22.80016,86.09048,306.8,0.44,0.38,2026-09-29,1955,N,nominal,2.0NRT,289.79,1.11,N
22.78473,86.20189,306.43,0.44,0.38,2026-09-29,1955,N,nominal,2.0NRT,287.04,0.88,N
23.16591,82.33915,310.33,0.47,0.48,2026-09-29,1955,N,nominal,2.0NRT,293.64,2.19,N
23.1654,82.34374,304.83,0.47,0.48,2026-09-29,1955,N,nominal,2.0NRT,292.49,1.09,N
22.60909,85.91296,311.96,0.45,0.39,2026-09-29,1955,N,nominal,2.0NRT,290.3,1.22,N
22.58829,85.90513,305.42,0.45,0.39,2026-09-29,1955,N,nominal,2.0NRT,290.81,1.03,N
22.38003,87.27735,307.02,0.4,0.37,2026-09-29,1955,N,nominal,2.0NRT,288.83,2.43,N
22.37664,87.27677,323.38,0.4,0.37,2026-09-29,1955,N,nominal,2.0NRT,290,2.43,N
22.37606,87.28066,329.23,0.4,0.37,2026-09-29,1955,N,nominal,2.0NRT,290.48,4.38,N
22.57374,85.89156,307.23,0.45,0.39,2026-09-29,1955,N,nominal,2.0NRT,291.5,1.31,N
22.57313,85.89594,318.43,0.45,0.39,2026-09-29,1955,N,nominal,2.0NRT,292.23,1.97,N
22.36639,87.29897,309.09,0.4,0.37,2026-09-29,1955,N,nominal,2.0NRT,288.23,2.25,N
22.36581,87.30286,308.19,0.4,0.37,2026-09-29,1955,N,nominal,2.0NRT,287.57,1.4,N
22.36243,87.30228,303.77,0.4,0.37,2026-09-29,1955,N,nominal,2.0NRT,285.15,0.61,N
22.35913,87.27776,301.85,0.4,0.37,2026-09-29,1955,N,nominal,2.0NRT,286.88,1.3,N
22.35855,87.28165,317.41,0.4,0.37,2026-09-29,1955,N,nominal,2.0NRT,288.68,1.3,N
22.3574,87.28944,314.8,0.4,0.37,2026-09-29,1955,N,nominal,2.0NRT,289.97,2.24,N
22.36275,87.0169,310.04,0.41,0.37,2026-09-29,1955,N,nominal,2.0NRT,288.32,1.24,N
22.24784,87.39005,315.01,0.4,0.37,2026-09-29,1955,N,nominal,2.0NRT,281.63,0.82,N
22.24447,87.38947,302.24,0.4,0.37,2026-09-29,1955,N,nominal,2.0NRT,281.55,0.82,N
22.05424,88.12377,308.06,0.39,0.36,2026-09-29,1955,N,nominal,2.0NRT,283.4,1.4,N
22.05366,88.12751,317.73,0.39,0.36,2026-09-29,1955,N,nominal,2.0NRT,282.02,1.4,N
22.21509,84.86909,307.3,0.49,0.41,2026-09-29,1955,N,nominal,2.0NRT,294.45,1.72,N
22.21515,84.83959,315.46,0.5,0.41,2026-09-29,1955,N,nominal,2.0NRT,294.45,2.1,N
22.21198,84.8637,313.03,0.49,0.41,2026-09-29,1955,N,nominal,2.0NRT,295.44,2.48,N
22.21135,84.86852,311.47,0.49,0.41,2026-09-29,1955,N,nominal,2.0NRT,294.27,1.72,N
22.2114,84.839,310.45,0.5,0.41,2026-09-29,1955,N,nominal,2.0NRT,294.27,2.29,N
22.20824,84.86313,319.53,0.49,0.41,2026-09-29,1955,N,nominal,2.0NRT,295.36,3.27,N
22.21839,84.75613,308.01,0.5,0.41,2026-09-29,1955,N,nominal,2.0NRT,294.73,3.1,N
22.20716,84.55076,307.16,0.51,0.41,2026-09-29,1955,N,nominal,2.0NRT,294.34,1.36,N
22.32916,82.60561,319.2,0.44,0.46,2026-09-29,1955,N,nominal,2.0NRT,293.9,2.32,N
22.36092,82.30024,306.66,0.46,0.47,2026-09-29,1955,N,nominal,2.0NRT,293.58,1.89,N
22.32212,82.59152,332.18,0.44,0.46,2026-09-29,1955,N,nominal,2.0NRT,294.82,3.66,N
22.35602,82.30412,308.45,0.46,0.47,2026-09-29,1955,N,nominal,2.0NRT,294.19,1.63,N
22.32091,82.56496,311.85,0.44,0.46,2026-09-29,1955,N,nominal,2.0NRT,295.18,1.52,N
22.31713,82.56001,307.68,0.44,0.46,2026-09-29,1955,N,nominal,2.0NRT,293.99,1.52,N
22.31661,82.56437,314.9,0.44,0.46,2026-09-29,1955,N,nominal,2.0NRT,294.79,1.52,N
21.96689,85.31283,304.2,0.47,0.4,2026-09-29,1955,N,nominal,2.0NRT,288.59,1.3,N
22.06611,83.7044,311.46,0.57,0.43,2026-09-29,1955,N,nominal,2.0NRT,293.63,1.78,N
22.03875,83.72844,309.63,0.56,0.43,2026-09-29,1955,N,nominal,2.0NRT,294.41,1.79,N
22.03806,83.73395,309.56,0.56,0.43,2026-09-29,1955,N,nominal,2.0NRT,294.99,2.53,N
22.01546,83.75294,310.62,0.56,0.43,2026-09-29,1955,N,nominal,2.0NRT,294.35,2.35,N
22.03639,83.35127,317.11,0.4,0.44,2026-09-29,1955,N,nominal,2.0NRT,295.04,1.99,N
22.0304,83.36599,308.34,0.39,0.44,2026-09-29,1955,N,nominal,2.0NRT,294.32,1.74,N
22.017,83.34053,305.9,0.4,0.44,2026-09-29,1955,N,nominal,2.0NRT,293.76,1.17,N
22.15333,82.09572,305.53,0.47,0.48,2026-09-29,1955,N,nominal,2.0NRT,293.72,0.54,N
21.9847,83.36707,305.54,0.39,0.44,2026-09-29,1955,N,nominal,2.0NRT,293.61,0.68,N
21.98445,83.23266,317.18,0.4,0.44,2026-09-29,1955,N,nominal,2.0NRT,295.22,2.48,N
21.85807,83.96808,305.57,0.54,0.42,2026-09-29,1955,N,nominal,2.0NRT,294.08,1.09,N
21.92489,83.35133,305.15,0.39,0.44,2026-09-29,1955,N,nominal,2.0NRT,293.57,1.41,N
21.92082,83.35073,337.09,0.39,0.44,2026-09-29,1955,N,nominal,2.0NRT,296.65,5.75,N
22.00478,82.67004,318.89,0.43,0.46,2026-09-29,1955,N,nominal,2.0NRT,295.97,2.7,N
21.92034,83.35455,319.12,0.39,0.44,2026-09-29,1955,N,nominal,2.0NRT,293.89,2.48,N
21.87851,83.55644,312.14,0.38,0.43,2026-09-29,1955,N,nominal,2.0NRT,293.71,0.89,N
21.82268,83.99512,305.48,0.54,0.42,2026-09-29,1955,N,nominal,2.0NRT,294.16,2.22,N
21.87798,83.4953,304.99,0.39,0.44,2026-09-29,1955,N,nominal,2.0NRT,292.94,0.82,N
21.87395,83.49469,306.35,0.39,0.44,2026-09-29,1955,N,nominal,2.0NRT,292.64,0.82,N
21.79698,83.88308,309.16,0.55,0.43,2026-09-29,1955,N,nominal,2.0NRT,293.63,2.14,N
21.76791,84.01912,315.92,0.54,0.42,2026-09-29,1955,N,nominal,2.0NRT,295.31,2.86,N
21.76401,84.01854,315.82,0.54,0.42,2026-09-29,1955,N,nominal,2.0NRT,295.61,2.45,N
21.75946,84.0232,308.34,0.54,0.42,2026-09-29,1955,N,nominal,2.0NRT,294.59,2.45,N
21.76832,84.01685,312.63,0.54,0.42,2026-09-29,1955,N,nominal,2.0NRT,295.18,1.58,N
21.76443,84.01626,305.57,0.54,0.42,2026-09-29,1955,N,nominal,2.0NRT,294.13,1.58,N
21.76373,84.02153,311.85,0.54,0.42,2026-09-29,1955,N,nominal,2.0NRT,294.89,2.95,N
21.75594,84.02033,308.68,0.54,0.42,2026-09-29,1955,N,nominal,2.0NRT,294.96,2.45,N
21.75524,84.02561,314.89,0.54,0.42,2026-09-29,1955,N,nominal,2.0NRT,294.83,2.45,N
21.74974,83.9766,307.73,0.54,0.42,2026-09-29,1955,N,nominal,2.0NRT,293.91,1.28,N
21.76244,83.84842,318.19,0.55,0.43,2026-09-29,1955,N,nominal,2.0NRT,294.89,3.28,N
21.7585,83.84785,307.58,0.55,0.43,2026-09-29,1955,N,nominal,2.0NRT,293.7,2.24,N
21.75801,83.82056,304.82,0.55,0.43,2026-09-29,1955,N,nominal,2.0NRT,293.31,0.9,N
21.75525,83.84192,313.88,0.55,0.43,2026-09-29,1955,N,nominal,2.0NRT,294.49,2.45,N
21.74736,83.84081,315.73,0.55,0.43,2026-09-29,1955,N,nominal,2.0NRT,294.34,2.52,N
21.67857,84.03532,305.66,0.54,0.42,2026-09-29,1955,N,nominal,2.0NRT,293.86,1.93,N
21.6779,84.04055,311.59,0.54,0.42,2026-09-29,1955,N,nominal,2.0NRT,294.47,1.46,N
21.67401,84.03998,307.09,0.54,0.42,2026-09-29,1955,N,nominal,2.0NRT,293.71,1.46,N
21.80334,82.04037,305.64,0.47,0.48,2026-09-29,1955,N,nominal,2.0NRT,294.54,1.62,N
21.80026,82.03806,308.45,0.47,0.48,2026-09-29,1955,N,nominal,2.0NRT,294.07,1.66,N
22.26505,75.13331,302.44,0.65,0.73,2026-09-29,1955,N,nominal,2.0NRT,292.22,1.58,N
22.2646,75.13168,303.81,0.65,0.73,2026-09-29,1955,N,nominal,2.0NRT,291.76,1.33,N
20.97239,86.00378,317.48,0.43,0.38,2026-09-29,1955,N,nominal,2.0NRT,293.86,2.97,N
20.96773,86.01147,328.36,0.43,0.38,2026-09-29,1955,N,nominal,2.0NRT,294.38,4.46,N
21.50076,81.8082,305.28,0.48,0.48,2026-09-29,1955,N,nominal,2.0NRT,294.18,0.81,N
20.9654,86.00266,320.26,0.43,0.38,2026-09-29,1955,N,nominal,2.0NRT,293.35,2.07,N
20.96482,86.00679,313.66,0.43,0.38,2026-09-29,1955,N,nominal,2.0NRT,292.91,2.07,N
20.96132,86.00622,310.46,0.43,0.38,2026-09-29,1955,N,nominal,2.0NRT,291.75,1.29,N
20.9526,86.04272,307.72,0.43,0.38,2026-09-29,1955,N,nominal,2.0NRT,292.57,1.27,N
20.95202,86.04682,312.05,0.43,0.38,2026-09-29,1955,N,nominal,2.0NRT,292.98,1.27,N
20.95144,86.04392,320.73,0.43,0.38,2026-09-29,1955,N,nominal,2.0NRT,292.92,3.31,N
20.94149,86.06322,324.67,0.43,0.38,2026-09-29,1955,N,nominal,2.0NRT,293.48,3.49,N
21.08066,85.03343,324.7,0.47,0.4,2026-09-29,1955,N,nominal,2.0NRT,294.12,2.67,N
21.08003,85.03797,321.83,0.47,0.4,2026-09-29,1955,N,nominal,2.0NRT,294.6,2.67,N
21.07637,85.03741,328.03,0.47,0.4,2026-09-29,1955,N,nominal,2.0NRT,295.75,5.29,N
21.07574,85.04196,312.45,0.47,0.4,2026-09-29,1955,N,nominal,2.0NRT,293.4,3.12,N
20.97645,85.16898,315.52,0.46,0.39,2026-09-29,1955,N,nominal,2.0NRT,293.92,2.58,N
20.97584,85.17347,316.87,0.46,0.39,2026-09-29,1955,N,nominal,2.0NRT,294.03,1.61,N
20.9716,85.17739,310.85,0.46,0.39,2026-09-29,1955,N,nominal,2.0NRT,293.38,1.61,N
20.96797,85.17683,330.71,0.46,0.39,2026-09-29,1955,N,nominal,2.0NRT,294.02,2.19,N
20.96919,85.16786,305.93,0.46,0.39,2026-09-29,1955,N,nominal,2.0NRT,293.23,1.27,N
20.96858,85.17235,316.25,0.46,0.39,2026-09-29,1955,N,nominal,2.0NRT,293.6,2.19,N
20.96314,85.18517,320.94,0.46,0.39,2026-09-29,1955,N,nominal,2.0NRT,294.62,2.28,N
20.96254,85.18961,330.5,0.46,0.39,2026-09-29,1955,N,nominal,2.0NRT,295.5,4.12,N
20.96737,85.15385,310.41,0.46,0.39,2026-09-29,1955,N,nominal,2.0NRT,293.61,2.23,N
20.96616,85.16282,309.48,0.46,0.39,2026-09-29,1955,N,nominal,2.0NRT,293.57,1.27,N
20.96556,85.16731,318.72,0.46,0.39,2026-09-29,1955,N,nominal,2.0NRT,294.39,1.27,N
20.96495,85.1718,315.94,0.46,0.39,2026-09-29,1955,N,nominal,2.0NRT,294.02,2.19,N
20.96435,85.17626,311.34,0.46,0.39,2026-09-29,1955,N,nominal,2.0NRT,294.3,2.19,N
20.96374,85.18073,313.51,0.46,0.39,2026-09-29,1955,N,nominal,2.0NRT,294.25,2.28,N
20.97752,85.13499,308.03,0.47,0.39,2026-09-29,1955,N,nominal,2.0NRT,293.97,1.99,N
20.97184,85.17525,312.51,0.46,0.39,2026-09-29,1955,N,nominal,2.0NRT,293.8,2.23,N
20.96821,85.1747,333.57,0.46,0.39,2026-09-29,1955,N,nominal,2.0NRT,294.43,2.23,N
20.96885,85.17022,310.06,0.46,0.39,2026-09-29,1955,N,nominal,2.0NRT,293.74,1.92,N
20.96759,85.17916,306.94,0.46,0.39,2026-09-29,1955,N,nominal,2.0NRT,293.48,2.23,N
20.96459,85.17414,324.89,0.46,0.39,2026-09-29,1955,N,nominal,2.0NRT,294.39,1.96,N
20.96271,85.1875,337.42,0.46,0.39,2026-09-29,1955,N,nominal,2.0NRT,295.29,3.14,N
20.96648,85.16071,306.85,0.46,0.39,2026-09-29,1955,N,nominal,2.0NRT,293.41,2.15,N
20.96585,85.1652,311.94,0.46,0.39,2026-09-29,1955,N,nominal,2.0NRT,294.02,1.66,N
20.96522,85.16966,313.62,0.46,0.39,2026-09-29,1955,N,nominal,2.0NRT,294.22,1.66,N
20.96396,85.1786,309.05,0.46,0.39,2026-09-29,1955,N,nominal,2.0NRT,294.33,1.96,N
20.96333,85.18305,309.56,0.46,0.39,2026-09-29,1955,N,nominal,2.0NRT,294.02,3.14,N
20.96209,85.19189,307.12,0.46,0.39,2026-09-29,1955,N,nominal,2.0NRT,294.23,1.82,N
20.96159,85.16911,309.53,0.46,0.39,2026-09-29,1955,N,nominal,2.0NRT,294.04,1.66,N
20.96096,85.17358,313.29,0.46,0.39,2026-09-29,1955,N,nominal,2.0NRT,293.6,1.96,N
20.95741,85.0122,308.32,0.47,0.4,2026-09-29,1955,N,nominal,2.0NRT,294.06,2.28,N
21.37473,81.68155,310.48,0.49,0.49,2026-09-29,1955,N,nominal,2.0NRT,294.67,2.33,N
21.37471,81.64254,310.33,0.49,0.49,2026-09-29,1955,N,nominal,2.0NRT,294.52,1.96,N
20.89038,84.98333,306.36,0.47,0.4,2026-09-29,1955,N,nominal,2.0NRT,293.51,1.34,N
20.88671,84.98278,318.63,0.47,0.4,2026-09-29,1955,N,nominal,2.0NRT,294.71,1.72,N
20.88305,84.98224,307.73,0.47,0.4,2026-09-29,1955,N,nominal,2.0NRT,294.24,1.72,N
20.88746,84.98053,320.36,0.47,0.4,2026-09-29,1955,N,nominal,2.0NRT,293.93,3.36,N
20.88316,84.98451,307.35,0.47,0.4,2026-09-29,1955,N,nominal,2.0NRT,294.58,1.84,N
20.8703,84.99636,322.7,0.47,0.4,2026-09-29,1955,N,nominal,2.0NRT,294.73,2.92,N
21.31022,81.59282,309.07,0.49,0.49,2026-09-29,1955,N,nominal,2.0NRT,294.73,1.26,N
20.86424,84.98624,326.94,0.47,0.4,2026-09-29,1955,N,nominal,2.0NRT,293.28,2.43,N
20.86362,84.99073,309.9,0.47,0.4,2026-09-29,1955,N,nominal,2.0NRT,293.81,2.43,N
20.86299,84.99522,309.43,0.47,0.4,2026-09-29,1955,N,nominal,2.0NRT,293.38,2.35,N
20.80819,85.25553,316.29,0.46,0.39,2026-09-29,1957,N,nominal,2.0NRT,295.16,1.63,N
20.80458,85.25497,308.2,0.46,0.39,2026-09-29,1957,N,nominal,2.0NRT,293.95,1.63,N
20.80397,85.25938,309.18,0.46,0.39,2026-09-29,1957,N,nominal,2.0NRT,294.09,1.63,N
20.79376,85.2533,329,0.46,0.39,2026-09-29,1957,N,nominal,2.0NRT,294.94,4,N
20.78533,85.26091,308.55,0.46,0.39,2026-09-29,1957,N,nominal,2.0NRT,295.04,2.08,N
20.77437,85.33986,305.81,0.45,0.39,2026-09-29,1957,N,nominal,2.0NRT,293.63,0.9,N
20.76246,85.29323,306.79,0.46,0.39,2026-09-29,1957,N,nominal,2.0NRT,294.49,0.98,N
20.76185,85.29765,312.36,0.46,0.39,2026-09-29,1957,N,nominal,2.0NRT,294.7,1.61,N
20.75886,85.29269,309.24,0.46,0.39,2026-09-29,1957,N,nominal,2.0NRT,293.76,1.57,N
20.75825,85.29709,311.53,0.46,0.39,2026-09-29,1957,N,nominal,2.0NRT,294.28,1.74,N
21.19657,81.41804,342.6,0.51,0.49,2026-09-29,1957,N,nominal,2.0NRT,295.85,24.76,N
21.19201,81.41743,333.56,0.51,0.49,2026-09-29,1957,N,nominal,2.0NRT,293.72,6.84,N
21.18172,81.38607,312.83,0.51,0.49,2026-09-29,1957,N,nominal,2.0NRT,295.57,3.34,N
20.53192,85.90924,308.45,0.43,0.38,2026-09-29,1957,N,nominal,2.0NRT,293.67,0.61,N
21.33586,78.96586,302.04,0.36,0.58,2026-09-29,1957,N,nominal,2.0NRT,290.87,1.04,N
21.3355,78.96945,316.38,0.36,0.58,2026-09-29,1957,N,nominal,2.0NRT,291.5,1.04,N
21.24561,79.22462,309.61,0.35,0.57,2026-09-29,1957,N,nominal,2.0NRT,292.16,0.73,N
21.24701,79.2224,303.47,0.35,0.57,2026-09-29,1957,N,nominal,2.0NRT,291.35,0.57,N
21.24138,79.22517,311.3,0.35,0.57,2026-09-29,1957,N,nominal,2.0NRT,291.62,1.05,N
20.70292,78.62224,307.29,0.38,0.59,2026-09-29,1957,N,nominal,2.0NRT,292.04,1.03,N
20.69602,78.63638,304.49,0.38,0.58,2026-09-29,1957,N,nominal,2.0NRT,292.48,0.72,N
20.00572,79.18333,304.65,0.34,0.56,2026-09-29,1957,N,nominal,2.0NRT,291.23,0.43,N
19.96391,79.3338,312.48,0.33,0.55,2026-09-29,1957,N,nominal,2.0NRT,291.5,0.95,N
19.96234,79.33559,307.42,0.33,0.55,2026-09-29,1957,N,nominal,2.0NRT,291.14,0.55,N
19.81931,79.33651,308.82,0.33,0.55,2026-09-29,1957,N,nominal,2.0NRT,292.33,1.01,N
19.80173,78.86405,303.68,0.35,0.57,2026-09-29,1957,N,nominal,2.0NRT,291.96,0.53,N
19.9377,73.70798,298.33,0.76,0.77,2026-09-29,1957,N,nominal,2.0NRT,283.09,0.89,N
19.10429,82.16396,313.35,0.43,0.46,2026-09-29,1957,N,nominal,2.0NRT,292.77,0.82,N
19.10379,82.16805,307.75,0.43,0.46,2026-09-29,1957,N,nominal,2.0NRT,294.86,1.05,N
19.10423,82.16523,312.33,0.43,0.46,2026-09-29,1957,N,nominal,2.0NRT,293.54,2.14,N
19.10371,82.1693,305.61,0.43,0.46,2026-09-29,1957,N,nominal,2.0NRT,294.45,0.87,N
19.09949,82.16874,314.42,0.43,0.46,2026-09-29,1957,N,nominal,2.0NRT,293.17,0.87,N
19.09526,82.16817,309.21,0.43,0.46,2026-09-29,1957,N,nominal,2.0NRT,294.74,1.79,N
19.93568,73.70862,300.68,0.76,0.77,2026-09-29,1957,N,nominal,2.0NRT,283.55,1.83,N
17.95651,80.79853,306.13,0.5,0.49,2026-09-29,1957,N,nominal,2.0NRT,295.4,1.4,N
17.61031,83.20188,312.97,0.53,0.42,2026-09-29,1957,N,nominal,2.0NRT,293.34,1.61,N
17.60643,83.20132,308.91,0.53,0.42,2026-09-29,1957,N,nominal,2.0NRT,293.5,1.44,N
17.46372,80.6531,309.91,0.51,0.49,2026-09-29,1957,N,nominal,2.0NRT,294.13,1.12,N
17.24468,81.11156,304.49,0.47,0.48,2026-09-29,1957,N,nominal,2.0NRT,293.45,0.37,N
17.45981,78.41205,311.01,0.36,0.57,2026-09-29,1957,N,nominal,2.0NRT,291.05,1.22,N
15.33838,76.27738,305.94,0.46,0.64,2026-09-29,1957,N,nominal,2.0NRT,284.12,1.11,N
15.33143,76.28563,303.51,0.46,0.64,2026-09-29,1957,N,nominal,2.0NRT,286.41,2,N
30.75539,56.65882,302.21,0.6,0.53,2026-09-29,2136,N,nominal,2.0NRT,290.68,2.07,N
26.64306,79.48026,304.33,0.68,0.74,2026-09-29,2136,N,nominal,2.0NRT,290.87,1.08,N
30.36781,56.12909,306.05,0.32,0.55,2026-09-29,2136,N,nominal,2.0NRT,289.7,0.69,N
28.42275,69.70257,312.79,0.51,0.41,2026-09-29,2136,N,nominal,2.0NRT,294.39,2.05,N
30.3213,55.97506,302.48,0.33,0.55,2026-09-29,2136,N,nominal,2.0NRT,290.49,0.72,N
30.23282,56.90796,314.58,0.58,0.52,2026-09-29,2136,N,nominal,2.0NRT,291.84,3.05,N
30.21528,55.98218,303.23,0.33,0.55,2026-09-29,2136,N,nominal,2.0NRT,289.61,0.91,N
30.21498,55.98564,307.45,0.33,0.55,2026-09-29,2136,N,nominal,2.0NRT,289.98,0.73,N
27.28817,73.83855,303.1,0.61,0.54,2026-09-29,2136,N,nominal,2.0NRT,292.88,1.11,N
29.9942,55.85398,338.9,0.33,0.55,2026-09-29,2136,N,nominal,2.0NRT,288.66,2.31,N
29.47722,60.80858,298.55,0.51,0.41,2026-09-29,2136,N,nominal,2.0NRT,288.07,0.8,N
29.98907,55.85327,309.43,0.33,0.55,2026-09-29,2136,N,nominal,2.0NRT,286.38,2.31,N
29.99431,55.19693,298.78,0.36,0.58,2026-09-29,2136,N,nominal,2.0NRT,287.36,0.48,N
28.05328,69.36877,317.25,0.5,0.41,2026-09-29,2136,N,nominal,2.0NRT,295.98,1.91,N
26.259,74.09779,305.33,0.33,0.56,2026-09-29,2136,N,nominal,2.0NRT,294.31,0.96,N
29.15365,55.36585,305.44,0.35,0.56,2026-09-29,2136,N,nominal,2.0NRT,289.71,0.67,N
29.13701,55.37506,320.64,0.35,0.56,2026-09-29,2136,N,nominal,2.0NRT,292.33,1.18,N
29.13176,55.37452,298.44,0.35,0.56,2026-09-29,2136,N,nominal,2.0NRT,288.42,1.18,N
28.66226,59.00925,311.46,0.42,0.45,2026-09-29,2136,N,nominal,2.0NRT,293.95,1.2,N
28.66134,59.01154,311.89,0.42,0.45,2026-09-29,2136,N,nominal,2.0NRT,294.22,1.11,N
28.20592,61.30388,303.59,0.47,0.4,2026-09-29,2136,N,nominal,2.0NRT,291.25,0.85,N
28.36936,57.911,302.16,0.48,0.48,2026-09-29,2136,N,nominal,2.0NRT,291.83,1.09,N
27.22759,60.48983,309.46,0.5,0.41,2026-09-29,2136,N,nominal,2.0NRT,297.47,2.16,N
24.66112,74.63511,306.11,0.39,0.59,2026-09-29,2136,N,nominal,2.0NRT,292.54,1.4,N
24.6609,74.63479,306.43,0.39,0.59,2026-09-29,2136,N,nominal,2.0NRT,292.55,1.61,N
24.82164,73.09316,307.19,0.62,0.54,2026-09-29,2136,N,nominal,2.0NRT,296.25,1.66,N
27.42142,56.5022,307.86,0.56,0.52,2026-09-29,2136,N,nominal,2.0NRT,295.98,3.98,N
27.42245,56.50198,307.85,0.56,0.52,2026-09-29,2136,N,nominal,2.0NRT,295.95,3.51,N
26.98647,59.38498,308.54,0.57,0.43,2026-09-29,2136,N,nominal,2.0NRT,296.58,1.49,N
39.85397,66.19959,302.83,0.41,0.37,2026-09-29,2133,N,nominal,2.0NRT,285.73,1.15,N
36.9984,80.19275,302.48,0.41,0.61,2026-09-29,2133,N,nominal,2.0NRT,284.23,1.21,N
39.64281,66.85779,311.86,0.4,0.37,2026-09-29,2133,N,nominal,2.0NRT,283.32,1.63,N
39.17798,68.61412,296.96,0.38,0.36,2026-09-29,2133,N,nominal,2.0NRT,278.95,1.03,N
38.65149,68.77207,301.67,0.39,0.36,2026-09-29,2133,N,nominal,2.0NRT,286.81,0.59,N
38.54782,68.21532,298.41,0.38,0.36,2026-09-29,2133,N,nominal,2.0NRT,284.74,0.93,N
38.39732,69.11291,300.44,0.39,0.36,2026-09-29,2133,N,nominal,2.0NRT,287.07,0.58,N
38.32672,68.98499,304.65,0.39,0.36,2026-09-29,2133,N,nominal,2.0NRT,288.34,1.12,N
39.44899,54.38727,303.18,0.48,0.65,2026-09-29,2133,N,nominal,2.0NRT,287.71,0.7,N
39.44291,54.38678,317.27,0.48,0.65,2026-09-29,2133,N,nominal,2.0NRT,287.65,2.13,N
39.44831,54.38694,310.02,0.48,0.65,2026-09-29,2133,N,nominal,2.0NRT,288.26,1.39,N
27.17003,56.05342,320.29,0.6,0.53,2026-09-29,2136,N,nominal,2.0NRT,296.9,5.51,N
39.44223,54.38648,307.55,0.48,0.65,2026-09-29,2133,N,nominal,2.0NRT,286.91,1.39,N
25.38806,68.58279,318.3,0.5,0.41,2026-09-29,2136,N,nominal,2.0NRT,294.91,1.87,N
38.05111,67.2627,327.48,0.39,0.36,2026-09-29,2133,N,nominal,2.0NRT,284.97,3.07,N
27.16855,56.05108,323.52,0.6,0.53,2026-09-29,2138,N,nominal,2.0NRT,297.31,6.72,N
38.05045,67.26706,308.77,0.39,0.36,2026-09-29,2133,N,nominal,2.0NRT,283.65,3.07,N
37.99602,65.0093,296.63,0.43,0.38,2026-09-29,2133,N,nominal,2.0NRT,281.29,0.39,N
37.93861,65.22422,303.32,0.42,0.38,2026-09-29,2133,N,nominal,2.0NRT,284.34,0.9,N
37.96413,65.00748,302.32,0.43,0.38,2026-09-29,2133,N,nominal,2.0NRT,284.05,0.77,N
25.15753,67.70224,306.69,0.46,0.39,2026-09-29,2138,N,nominal,2.0NRT,294.69,0.65,N
37.87275,65.25208,295.75,0.42,0.37,2026-09-29,2133,N,nominal,2.0NRT,281.8,0.32,N
37.88797,65.08839,297.88,0.42,0.38,2026-09-29,2133,N,nominal,2.0NRT,275.23,0.34,N
25.05288,67.49373,307.84,0.45,0.39,2026-09-29,2138,N,nominal,2.0NRT,295.58,1.09,N
37.82734,65.16884,301.51,0.42,0.38,2026-09-29,2133,N,nominal,2.0NRT,274.64,0.71,N
25.05207,67.49817,304.81,0.45,0.39,2026-09-29,2138,N,nominal,2.0NRT,294.45,0.6,N
37.82325,65.17286,300.79,0.42,0.38,2026-09-29,2133,N,nominal,2.0NRT,275.53,0.61,N
25.04932,67.49294,307.57,0.45,0.39,2026-09-29,2138,N,nominal,2.0NRT,293.96,1.09,N
37.79137,65.35596,296.93,0.41,0.37,2026-09-29,2133,N,nominal,2.0NRT,280.8,0.46,N
37.78794,65.35521,296.18,0.41,0.37,2026-09-29,2133,N,nominal,2.0NRT,279.71,0.46,N
37.78731,65.35992,297.13,0.41,0.37,2026-09-29,2133,N,nominal,2.0NRT,282.03,0.59,N
37.80281,65.19293,306.54,0.42,0.38,2026-09-29,2133,N,nominal,2.0NRT,281.93,0.96,N
38.68037,54.31351,312.17,0.48,0.65,2026-09-29,2133,N,nominal,2.0NRT,286.5,1.04,N
38.68014,54.31926,298.14,0.48,0.65,2026-09-29,2133,N,nominal,2.0NRT,285.71,1.04,N
37.71695,65.24079,296.74,0.42,0.37,2026-09-29,2133,N,nominal,2.0NRT,283.88,0.57,N
38.6511,54.28253,318.2,0.48,0.65,2026-09-29,2133,N,nominal,2.0NRT,286.53,1.63,N
38.64501,54.2821,317.58,0.48,0.65,2026-09-29,2133,N,nominal,2.0NRT,285.64,1.63,N
37.67468,65.26568,303.62,0.42,0.37,2026-09-29,2133,N,nominal,2.0NRT,285.71,0.97,N
24.99028,66.93335,314.79,0.43,0.38,2026-09-29,2138,N,nominal,2.0NRT,294.19,1.13,N
37.66526,65.28303,296.81,0.42,0.37,2026-09-29,2133,N,nominal,2.0NRT,283.83,0.81,N
37.56189,65.8298,297.87,0.4,0.37,2026-09-29,2133,N,nominal,2.0NRT,286.9,0.39,N
38.25537,58.38694,299.44,0.58,0.52,2026-09-29,2133,N,nominal,2.0NRT,285.68,0.86,N
25.97424,56.07135,310.83,0.58,0.52,2026-09-29,2138,N,nominal,2.0NRT,299.54,3.19,N
37.78872,62.53861,303.05,0.52,0.42,2026-09-29,2133,N,nominal,2.0NRT,280.88,0.75,N
37.84258,60.68558,302.58,0.43,0.46,2026-09-29,2133,N,nominal,2.0NRT,288.53,1.25,N
37.66844,62.23795,299.09,0.54,0.42,2026-09-29,2133,N,nominal,2.0NRT,286.37,0.9,N
37.65996,62.24274,303.26,0.54,0.42,2026-09-29,2133,N,nominal,2.0NRT,283.81,0.98,N
25.90127,54.53339,317.01,0.36,0.57,2026-09-29,2138,N,nominal,2.0NRT,299.3,0.76,N
37.63603,62.20707,304.1,0.54,0.42,2026-09-29,2133,N,nominal,2.0NRT,288.26,1.03,N
37.62755,62.2119,305.56,0.54,0.42,2026-09-29,2133,N,nominal,2.0NRT,289.02,1.46,N
37.62688,62.21807,300.63,0.54,0.42,2026-09-29,2133,N,nominal,2.0NRT,288.27,0.77,N
37.65587,61.90936,301.1,0.56,0.43,2026-09-29,2133,N,nominal,2.0NRT,289.28,1.44,N
37.62441,62.16719,306.59,0.54,0.42,2026-09-29,2133,N,nominal,2.0NRT,288.84,1.89,N
37.61925,62.14093,317.96,0.55,0.42,2026-09-29,2133,N,nominal,2.0NRT,290.52,2.06,N
22.26718,75.13565,303.03,0.47,0.64,2026-09-29,2138,N,nominal,2.0NRT,292.9,1.51,N
37.61992,62.14047,316.79,0.55,0.42,2026-09-29,2133,N,nominal,2.0NRT,290.56,1.79,N
37.616,62.1398,300.06,0.55,0.42,2026-09-29,2133,N,nominal,2.0NRT,288.91,1.79,N
25.30659,56.36998,308.14,0.54,0.51,2026-09-29,2138,N,nominal,2.0NRT,296.75,2.87,N
37.61692,61.61016,301.74,0.39,0.44,2026-09-29,2133,N,nominal,2.0NRT,286.95,0.92,N
37.6129,61.60949,300.15,0.39,0.44,2026-09-29,2133,N,nominal,2.0NRT,285.44,0.46,N
37.61255,61.57349,299.42,0.39,0.44,2026-09-29,2133,N,nominal,2.0NRT,282.21,0.55,N
37.60933,61.6044,296.05,0.39,0.44,2026-09-29,2133,N,nominal,2.0NRT,284.34,0.46,N
37.84749,58.80614,299.56,0.54,0.51,2026-09-29,2133,N,nominal,2.0NRT,284.88,0.72,N
23.12253,70.08498,317.92,0.44,0.46,2026-09-29,2138,N,nominal,2.0NRT,295.45,1.5,N
37.84277,58.80556,332.49,0.54,0.51,2026-09-29,2133,N,nominal,2.0NRT,285.62,4.47,N
23.12316,70.08709,314.5,0.44,0.46,2026-09-29,2138,N,nominal,2.0NRT,295.58,1.25,N
37.59244,61.52953,318.53,0.39,0.44,2026-09-29,2133,N,nominal,2.0NRT,290.76,1.28,N
23.11894,70.08611,309.1,0.44,0.46,2026-09-29,2138,N,nominal,2.0NRT,295.86,1.25,N
37.58118,61.55922,301.97,0.39,0.44,2026-09-29,2133,N,nominal,2.0NRT,287.74,0.67,N
23.11472,70.08511,306.64,0.44,0.46,2026-09-29,2138,N,nominal,2.0NRT,295.91,1.18,N
37.81231,58.98895,296.01,0.53,0.5,2026-09-29,2133,N,nominal,2.0NRT,284.78,1.16,N
37.49708,61.84933,300.23,0.56,0.43,2026-09-29,2133,N,nominal,2.0NRT,290.12,0.71,N
37.4833,61.97634,300.37,0.55,0.43,2026-09-29,2133,N,nominal,2.0NRT,289.89,0.94,N
37.63259,60.33856,295.29,0.45,0.47,2026-09-29,2133,N,nominal,2.0NRT,281.1,0.83,N
37.40697,62.30944,299.96,0.53,0.42,2026-09-29,2133,N,nominal,2.0NRT,289.34,1.24,N
37.53082,60.82221,302.79,0.42,0.45,2026-09-29,2133,N,nominal,2.0NRT,288.23,0.91,N
37.51208,61.01754,309.62,0.41,0.45,2026-09-29,2133,N,nominal,2.0NRT,290.78,0.55,N
37.53098,60.81929,301.44,0.42,0.45,2026-09-29,2133,N,nominal,2.0NRT,287.1,0.67,N
37.5111,61.01431,312.64,0.41,0.45,2026-09-29,2133,N,nominal,2.0NRT,291.07,0.98,N
22.36373,73.11809,306.61,0.35,0.57,2026-09-29,2138,N,nominal,2.0NRT,295.65,3.38,N
37.34751,61.3641,305.23,0.39,0.44,2026-09-29,2133,N,nominal,2.0NRT,288.58,0.67,N
37.33001,61.08813,302.63,0.41,0.45,2026-09-29,2133,N,nominal,2.0NRT,290.42,1.19,N
22.36388,73.11867,307.64,0.35,0.57,2026-09-29,2138,N,nominal,2.0NRT,295.71,3.32,N
37.32496,61.09671,301.75,0.41,0.45,2026-09-29,2133,N,nominal,2.0NRT,289.83,1.09,N
37.45393,57.68371,300.06,0.62,0.54,2026-09-29,2133,N,nominal,2.0NRT,286.4,1.18,N
37.4534,57.69098,298.55,0.62,0.54,2026-09-29,2133,N,nominal,2.0NRT,286.24,1.18,N
37.19114,59.84643,297.86,0.47,0.48,2026-09-29,2133,N,nominal,2.0NRT,286.4,0.35,N
35.96788,68.68555,303.69,0.39,0.36,2026-09-29,2133,N,nominal,2.0NRT,289.63,0.81,N
36.43835,61.21912,304.42,0.39,0.44,2026-09-29,2133,N,nominal,2.0NRT,290.62,0.52,N
36.47828,59.74381,299.91,0.47,0.48,2026-09-29,2133,N,nominal,2.0NRT,288.23,1.34,N
36.49611,59.33523,299.9,0.49,0.49,2026-09-29,2133,N,nominal,2.0NRT,284.34,1,N
36.49514,59.33458,301.47,0.49,0.49,2026-09-29,2133,N,nominal,2.0NRT,284.18,1.34,N
22.93364,69.69706,312.95,0.42,0.45,2026-09-29,2138,N,nominal,2.0NRT,296.08,1.43,N
33.84869,75.55066,296.71,0.55,0.51,2026-09-29,2133,N,nominal,2.0NRT,276.65,0.89,N
22.93284,69.70114,309.3,0.42,0.45,2026-09-29,2138,N,nominal,2.0NRT,295.93,1.5,N
36.3362,59.41232,296.68,0.48,0.48,2026-09-29,2133,N,nominal,2.0NRT,285.07,0.61,N
22.90718,69.69958,310.9,0.42,0.45,2026-09-29,2138,N,nominal,2.0NRT,295.66,1.02,N
36.26972,59.65092,299.28,0.47,0.48,2026-09-29,2133,N,nominal,2.0NRT,287.58,0.65,N
35.90793,62.96349,305.61,0.48,0.4,2026-09-29,2133,N,nominal,2.0NRT,287.44,1.17,N
36.27116,59.64896,301.09,0.47,0.48,2026-09-29,2133,N,nominal,2.0NRT,287.83,1.2,N
35.90588,62.96656,308.17,0.48,0.4,2026-09-29,2133,N,nominal,2.0NRT,287.54,0.68,N
36.23671,59.72921,296.59,0.46,0.47,2026-09-29,2133,N,nominal,2.0NRT,285.01,1.06,N
36.29536,54.7859,296.11,0.44,0.62,2026-09-29,2133,N,nominal,2.0NRT,284.04,0.44,N
33.84886,72.87262,303.37,0.4,0.44,2026-09-29,2133,N,nominal,2.0NRT,292.8,0.39,N
35.36772,59.30571,298.23,0.48,0.48,2026-09-29,2133,N,nominal,2.0NRT,284.59,0.82,N
33.54489,71.55284,306.96,0.52,0.42,2026-09-29,2133,N,nominal,2.0NRT,292.32,1.13,N
33.54648,71.55125,308.89,0.52,0.42,2026-09-29,2133,N,nominal,2.0NRT,293.87,0.96,N
33.29753,71.18412,304.36,0.51,0.41,2026-09-29,2133,N,nominal,2.0NRT,291.65,1.37,N
33.29644,71.18954,303.48,0.51,0.41,2026-09-29,2133,N,nominal,2.0NRT,291.72,0.83,N
33.29704,71.18862,313.52,0.51,0.41,2026-09-29,2133,N,nominal,2.0NRT,292.23,2.15,N
32.88863,71.61884,309.77,0.54,0.42,2026-09-29,2133,N,nominal,2.0NRT,294.13,1.57,N
32.37943,72.1384,305.46,0.39,0.44,2026-09-29,2133,N,nominal,2.0NRT,293.96,0.85,N
31.25669,76.92491,298.54,0.38,0.59,2026-09-29,2133,N,nominal,2.0NRT,287.53,0.96,N
31.24967,76.93013,298.55,0.38,0.59,2026-09-29,2133,N,nominal,2.0NRT,288.27,0.3,N
32.2889,70.74062,306.54,0.5,0.41,2026-09-29,2133,N,nominal,2.0NRT,294.27,0.92,N
32.28917,70.7384,305.79,0.5,0.41,2026-09-29,2133,N,nominal,2.0NRT,294.64,1.42,N
33.75248,59.1489,295.84,0.47,0.48,2026-09-29,2133,N,nominal,2.0NRT,285.45,0.77,N
33.75369,59.14822,302.53,0.47,0.48,2026-09-29,2133,N,nominal,2.0NRT,286.2,1.09,N
33.62691,59.17142,300.68,0.47,0.47,2026-09-29,2133,N,nominal,2.0NRT,289.67,0.6,N
31.76661,70.10979,303.43,0.48,0.4,2026-09-29,2133,N,nominal,2.0NRT,292.46,1.08,N
30.44605,70.56792,305.98,0.53,0.42,2026-09-29,2136,N,nominal,2.0NRT,295.72,1.25,N
28.7745,77.56652,303.35,0.47,0.64,2026-09-29,2136,N,nominal,2.0NRT,292.79,0.58,N
28.7709,77.56691,307.47,0.47,0.64,2026-09-29,2136,N,nominal,2.0NRT,292.42,0.78,N
32.33236,54.08844,300.41,0.44,0.63,2026-09-29,2136,N,nominal,2.0NRT,286.26,1.23,N
24.50644,56.6071,347.16,0.51,0.5,2026-09-29,2138,N,nominal,2.0NRT,298.55,8.48,N
24.5024,56.60137,310.64,0.51,0.5,2026-09-29,2138,N,nominal,2.0NRT,298.22,1.23,N
32.03673,54.42761,299.58,0.42,0.61,2026-09-29,2136,N,nominal,2.0NRT,289.47,0.51,N
24.50185,56.60649,310.71,0.51,0.5,2026-09-29,2138,N,nominal,2.0NRT,297.61,1.23,N
31.93649,54.37606,303.22,0.42,0.61,2026-09-29,2136,N,nominal,2.0NRT,290.11,0.48,N
31.95243,54.01867,304.81,0.44,0.63,2026-09-29,2136,N,nominal,2.0NRT,292.62,1.25,N
31.62162,54.72509,307.75,0.4,0.6,2026-09-29,2136,N,nominal,2.0NRT,289.61,0.93,N
24.46292,56.62214,348.72,0.51,0.49,2026-09-29,2138,N,nominal,2.0NRT,297.85,8.19,N
24.45289,56.55261,308.56,0.52,0.5,2026-09-29,2138,N,nominal,2.0NRT,297.09,1.65,N
22.33992,69.85526,307.37,0.44,0.46,2026-09-29,2138,N,nominal,2.0NRT,296.76,1.66,N
24.60947,54.15104,322.17,0.37,0.58,2026-09-29,2138,N,nominal,2.0NRT,302.03,0.94,N
24.60409,54.15041,312.1,0.37,0.58,2026-09-29,2138,N,nominal,2.0NRT,301.6,0.94,N
22.41619,69.03839,320.89,0.39,0.44,2026-09-29,2138,N,nominal,2.0NRT,296.42,2.96,N
24.51014,54.01794,344.79,0.37,0.58,2026-09-29,2138,N,nominal,2.0NRT,301.89,4.27,N
24.3216,54.47013,311.9,0.35,0.56,2026-09-29,2138,N,nominal,2.0NRT,301.15,1.65,N
21.26401,72.94138,309.83,0.36,0.57,2026-09-29,2138,N,nominal,2.0NRT,292.45,1,N
21.10537,72.64434,327.21,0.35,0.56,2026-09-29,2138,N,nominal,2.0NRT,292.89,5.31,N
21.10465,72.64767,332.86,0.35,0.56,2026-09-29,2138,N,nominal,2.0NRT,293.75,4.85,N
21.10682,72.63771,310.03,0.35,0.56,2026-09-29,2138,N,nominal,2.0NRT,293.83,2.68,N
21.10168,72.63642,346.63,0.35,0.56,2026-09-29,2138,N,nominal,2.0NRT,293.81,4.79,N
23.48278,58.28169,311.55,0.4,0.44,2026-09-29,2138,N,nominal,2.0NRT,299.1,0.61,N
23.66126,54.35048,311.45,0.35,0.56,2026-09-29,2138,N,nominal,2.0NRT,296.46,0.98,N
23.3659,56.28452,310.32,0.52,0.5,2026-09-29,2138,N,nominal,2.0NRT,298.17,1.88,N
23.19296,55.4561,313.5,0.58,0.52,2026-09-29,2138,N,nominal,2.0NRT,298.5,2.45,N
23.27641,54.22859,308.93,0.35,0.57,2026-09-29,2138,N,nominal,2.0NRT,296.24,0.76,N
22.92533,55.80184,335.99,0.55,0.51,2026-09-29,2138,N,nominal,2.0NRT,296,4.64,N
22.92898,55.80502,318.2,0.55,0.51,2026-09-29,2138,N,nominal,2.0NRT,296.83,1.77,N
22.92424,55.8044,325.06,0.55,0.51,2026-09-29,2138,N,nominal,2.0NRT,295.68,1.99,N
19.93762,73.7139,312.04,0.43,0.62,2026-09-29,2138,N,nominal,2.0NRT,284.13,1.15,N
22.88161,55.93002,307.21,0.54,0.51,2026-09-29,2138,N,nominal,2.0NRT,296.17,1.53,N
22.8775,55.92406,323.28,0.54,0.51,2026-09-29,2138,N,nominal,2.0NRT,297.11,5.08,N
22.87691,55.92941,317.14,0.54,0.51,2026-09-29,2138,N,nominal,2.0NRT,297.11,1.53,N
22.87239,55.61301,326.39,0.57,0.52,2026-09-29,2138,N,nominal,2.0NRT,295.95,2.53,N
22.78349,55.81271,306.28,0.55,0.51,2026-09-29,2138,N,nominal,2.0NRT,296.19,1.35,N
22.78176,54.72705,307.86,0.32,0.55,2026-09-29,2138,N,nominal,2.0NRT,296.72,0.74,N
22.40582,56.98805,339.48,0.46,0.47,2026-09-29,2138,N,nominal,2.0NRT,297.18,3.97,N
22.32864,56.48692,310.09,0.49,0.49,2026-09-29,2138,N,nominal,2.0NRT,295.86,1.7,N
22.32811,56.49176,315.52,0.49,0.49,2026-09-29,2138,N,nominal,2.0NRT,296.63,1.7,N
22.32571,56.47211,322.58,0.49,0.49,2026-09-29,2138,N,nominal,2.0NRT,296.81,3.17,N
22.32691,56.49015,327.34,0.49,0.49,2026-09-29,2138,N,nominal,2.0NRT,296.69,2.61,N
22.32917,56.47102,317.42,0.49,0.49,2026-09-29,2138,N,nominal,2.0NRT,296.79,2.13,N
22.32464,56.47062,317.4,0.49,0.49,2026-09-29,2138,N,nominal,2.0NRT,296.31,2.42,N
22.29094,56.52455,338.56,0.49,0.48,2026-09-29,2138,N,nominal,2.0NRT,297.64,3.6,N
22.29037,56.52942,309.6,0.49,0.48,2026-09-29,2138,N,nominal,2.0NRT,296.05,3.6,N
22.52694,54.04956,346.42,0.35,0.57,2026-09-29,2138,N,nominal,2.0NRT,297.77,7.35,N
22.52659,54.05315,343.3,0.35,0.57,2026-09-29,2138,N,nominal,2.0NRT,297.87,5.05,N
22.27118,56.25386,335.13,0.51,0.49,2026-09-29,2138,N,nominal,2.0NRT,295.91,5.05,N
22.10657,57.3191,320.03,0.43,0.46,2026-09-29,2138,N,nominal,2.0NRT,296.08,1.62,N
19.23537,73.02673,309.11,0.4,0.6,2026-09-29,2138,N,nominal,2.0NRT,289.85,0.95,N
21.93766,57.0746,338.72,0.45,0.47,2026-09-29,2138,N,nominal,2.0NRT,296.41,2.75,N
21.93561,57.07524,324.24,0.45,0.47,2026-09-29,2138,N,nominal,2.0NRT,295.5,2.07,N
21.93615,57.07089,314.31,0.45,0.47,2026-09-29,2138,N,nominal,2.0NRT,295.4,2.5,N
19.23583,73.02592,306.94,0.4,0.6,2026-09-29,2138,N,nominal,2.0NRT,289.64,1.13,N
21.83644,56.68163,307.2,0.47,0.48,2026-09-29,2138,N,nominal,2.0NRT,296.98,0.92,N
21.83202,56.68107,310.63,0.47,0.48,2026-09-29,2138,N,nominal,2.0NRT,296.24,0.92,N
21.61615,56.06244,310.68,0.51,0.49,2026-09-29,2138,N,nominal,2.0NRT,298.21,3.21,N
18.69396,73.04168,303,0.41,0.61,2026-09-29,2138,N,nominal,2.0NRT,286.7,1.52,N
21.33408,57.72421,314.83,0.4,0.44,2026-09-29,2138,N,nominal,2.0NRT,294.91,0.76,N
18.6846,73.03132,306.54,0.41,0.61,2026-09-29,2138,N,nominal,2.0NRT,286.36,1.32,N
18.68375,73.03517,308.88,0.41,0.61,2026-09-29,2138,N,nominal,2.0NRT,286.86,1.32,N
18.6829,73.03904,312.23,0.41,0.61,2026-09-29,2138,N,nominal,2.0NRT,286.66,1.99,N
21.32178,57.7224,310.08,0.4,0.44,2026-09-29,2138,N,nominal,2.0NRT,294.92,1.28,N
21.31532,57.74129,307.99,0.4,0.44,2026-09-29,2138,N,nominal,2.0NRT,294.53,0.78,N
21.31485,57.74517,304.78,0.4,0.44,2026-09-29,2138,N,nominal,2.0NRT,294.66,0.66,N
21.31921,57.72228,317.05,0.4,0.44,2026-09-29,2138,N,nominal,2.0NRT,294.63,1.48,N
21.31212,57.74501,330.96,0.4,0.44,2026-09-29,2138,N,nominal,2.0NRT,295.27,2.96,N
21.31262,57.74113,313.65,0.4,0.44,2026-09-29,2138,N,nominal,2.0NRT,294.53,1.22,N
21.3052,57.799,316.99,0.4,0.44,2026-09-29,2138,N,nominal,2.0NRT,295.01,1.31,N
18.69083,73.04044,305.13,0.41,0.61,2026-09-29,2138,N,nominal,2.0NRT,286.6,1.3,N
21.3043,57.70819,305.22,0.4,0.44,2026-09-29,2138,N,nominal,2.0NRT,294.17,1.42,N
18.68695,73.03137,306.28,0.41,0.61,2026-09-29,2138,N,nominal,2.0NRT,286.35,1.96,N
18.6853,73.03912,312.39,0.41,0.61,2026-09-29,2138,N,nominal,2.0NRT,286.66,1.3,N
18.6806,73.03391,304.28,0.41,0.61,2026-09-29,2138,N,nominal,2.0NRT,286.37,1.36,N
18.67977,73.03778,301.01,0.41,0.61,2026-09-29,2138,N,nominal,2.0NRT,286.21,1.1,N
21.29543,57.67913,308,0.4,0.44,2026-09-29,2138,N,nominal,2.0NRT,293.84,0.77,N
21.39643,56.71347,313.59,0.46,0.47,2026-09-29,2138,N,nominal,2.0NRT,296.64,1.31,N
21.29372,57.09902,308.61,0.44,0.46,2026-09-29,2138,N,nominal,2.0NRT,296.67,1.08,N
21.29101,57.09601,310.1,0.44,0.46,2026-09-29,2138,N,nominal,2.0NRT,295.71,1.65,N
21.41169,55.74162,308.36,0.53,0.5,2026-09-29,2138,N,nominal,2.0NRT,297.24,1.87,N
20.98812,56.77401,310.04,0.45,0.47,2026-09-29,2138,N,nominal,2.0NRT,294.71,0.9,N
21.00427,56.53053,339.01,0.47,0.48,2026-09-29,2138,N,nominal,2.0NRT,297.72,4.31,N
20.99986,56.52992,327.85,0.47,0.48,2026-09-29,2138,N,nominal,2.0NRT,295.27,2.91,N
20.55878,56.4196,307.75,0.47,0.48,2026-09-29,2138,N,nominal,2.0NRT,293.99,0.6,N
20.37427,55.93534,310.4,0.5,0.49,2026-09-29,2138,N,nominal,2.0NRT,294.81,0.64,N
20.39135,55.66025,307.05,0.52,0.5,2026-09-29,2138,N,nominal,2.0NRT,294.22,0.77,N
20.38672,55.65963,310.71,0.52,0.5,2026-09-29,2138,N,nominal,2.0NRT,294.44,1.63,N
20.38322,55.64878,306.11,0.52,0.5,2026-09-29,2138,N,nominal,2.0NRT,294.19,2.18,N
20.38763,55.66312,328.3,0.52,0.5,2026-09-29,2138,N,nominal,2.0NRT,294.98,3.47,N
20.38481,55.64723,313.14,0.52,0.5,2026-09-29,2138,N,nominal,2.0NRT,294.39,1.48,N
20.21476,55.7102,310.55,0.52,0.5,2026-09-29,2138,N,nominal,2.0NRT,294,1.65,N
19.34711,56.45954,307.63,0.45,0.47,2026-09-29,2140,N,nominal,2.0NRT,293.71,0.58,N
19.35128,56.17019,327.54,0.47,0.48,2026-09-29,2140,N,nominal,2.0NRT,293.73,2.9,N
18.56296,55.86942,304.69,0.48,0.48,2026-09-29,2140,N,nominal,2.0NRT,293.64,0.59,N
18.56072,55.8674,305.96,0.48,0.48,2026-09-29,2140,N,nominal,2.0NRT,294.21,1.16,N
18.32345,55.10347,312.5,0.53,0.5,2026-09-29,2140,N,nominal,2.0NRT,293.44,0.88,N
18.32083,55.10545,311.42,0.53,0.5,2026-09-29,2140,N,nominal,2.0NRT,293.28,1.35,N
18.07121,54.55354,338.99,0.58,0.52,2026-09-29,2140,N,nominal,2.0NRT,293.2,3.69,N
18.06637,54.55291,328.18,0.58,0.52,2026-09-29,2140,N,nominal,2.0NRT,292.36,3.69,N
18.06808,54.55237,337.95,0.58,0.52,2026-09-29,2140,N,nominal,2.0NRT,293.03,5.2,N
18.06742,54.55787,320.9,0.57,0.52,2026-09-29,2140,N,nominal,2.0NRT,292.16,5.2,N
18.0117,54.57303,312.07,0.57,0.52,2026-09-29,2140,N,nominal,2.0NRT,293.94,2.19,N
39.17294,56.39866,295.62,0.43,0.62,2026-09-29,2314,N,nominal,2.0NRT,283.02,0.35,N
32.33753,54.08661,296.55,0.49,0.65,2026-09-29,2316,N,nominal,2.0NRT,285.47,0.93,N
32.335,54.09069,302.99,0.49,0.65,2026-09-29,2316,N,nominal,2.0NRT,286.33,1.78,N
30.36843,56.12829,297.09,0.71,0.75,2026-09-29,2316,N,nominal,2.0NRT,286.01,0.77,N
30.21871,55.98414,296.68,0.71,0.75,2026-09-29,2316,N,nominal,2.0NRT,286.65,1.11,N
29.99147,55.85094,298.58,0.71,0.75,2026-09-29,2316,N,nominal,2.0NRT,284.69,3.56,N
29.98896,55.85963,302.29,0.71,0.75,2026-09-29,2316,N,nominal,2.0NRT,284.67,3.47,N
25.90434,54.53514,308.62,0.75,0.77,2026-09-29,2318,N,nominal,2.0NRT,297.15,0.58,N
13.85883,100.30551,334.75,0.56,0.43,2026-09-30,0705,N,nominal,2.0NRT,294.78,4.47,D
14.34444,100.47744,341.76,0.38,0.44,2026-09-30,0705,N,nominal,2.0NRT,294.98,4.22,D
16.2028,100.28456,333.29,0.4,0.44,2026-09-30,0707,N,nominal,2.0NRT,288.54,2.95,D
18.38606,101.85423,341.8,0.53,0.5,2026-09-30,0707,N,nominal,2.0NRT,288.37,6.97,D
18.38471,101.85668,333.53,0.53,0.5,2026-09-30,0707,N,nominal,2.0NRT,290.96,4.06,D
20.99595,86.01483,329.52,0.55,0.51,2026-09-30,0707,N,nominal,2.0NRT,296.96,4.28,D
20.96442,85.19085,327.9,0.62,0.54,2026-09-30,0707,N,nominal,2.0NRT,297.82,8.97,D
20.97175,85.1767,329.61,0.62,0.54,2026-09-30,0707,N,nominal,2.0NRT,297.45,12.36,D
21.07705,85.03782,334.2,0.63,0.54,2026-09-30,0709,N,nominal,2.0NRT,300.4,6.92,D
21.08199,85.03663,327.11,0.63,0.54,2026-09-30,0709,N,low,2.0NRT,297.45,6.92,D
22.37946,87.2799,334.15,0.44,0.46,2026-09-30,0709,N,nominal,2.0NRT,296.97,7.35,D
22.32272,82.59407,335.56,0.43,0.62,2026-09-30,0709,N,nominal,2.0NRT,294.12,4.23,D
23.55836,87.23853,339.77,0.42,0.45,2026-09-30,0709,N,nominal,2.0NRT,296.01,13.93,D
23.67715,86.39932,331.98,0.47,0.47,2026-09-30,0709,N,nominal,2.0NRT,299.5,6.87,D
23.76453,86.40531,336.01,0.46,0.47,2026-09-30,0709,N,nominal,2.0NRT,297.72,7.49,D
23.80483,86.33103,328.74,0.47,0.48,2026-09-30,0709,N,nominal,2.0NRT,293.38,5.56,D
26.1692,90.87699,329.24,0.4,0.37,2026-09-30,0709,N,nominal,2.0NRT,296.64,1.69,D
26.22109,91.12846,333.88,0.4,0.37,2026-09-30,0709,N,nominal,2.0NRT,297.81,2.97,D
29.17977,88.57684,339.79,0.44,0.39,2026-09-30,0709,N,low,2.0NRT,310.16,9.89,D
29.18327,88.57606,344.38,0.44,0.39,2026-09-30,0709,N,nominal,2.0NRT,308.64,9.89,D
29.08547,88.01334,330.83,0.47,0.4,2026-09-30,0709,N,low,2.0NRT,305.17,2.49,D
29.27295,88.90076,330.1,0.43,0.38,2026-09-30,0709,N,nominal,2.0NRT,297.52,1.1,D
29.27986,88.89921,330.44,0.43,0.38,2026-09-30,0709,N,nominal,2.0NRT,297.46,1.24,D
29.28407,88.90282,330.04,0.43,0.38,2026-09-30,0709,N,nominal,2.0NRT,297.84,1.66,D
29.28565,88.87058,348.28,0.43,0.38,2026-09-30,0709,N,nominal,2.0NRT,297.26,3.99,D
29.2849,88.86626,347.12,0.43,0.38,2026-09-30,0709,N,nominal,2.0NRT,293.72,3.99,D
29.28833,88.86536,339.93,0.43,0.38,2026-09-30,0709,N,nominal,2.0NRT,296.96,3.18,D
29.29254,88.86892,335.84,0.43,0.38,2026-09-30,0709,N,nominal,2.0NRT,303.07,3.18,D
29.29179,88.86455,342.17,0.43,0.38,2026-09-30,0709,N,nominal,2.0NRT,297.13,3.18,D
29.28991,88.86617,353.65,0.43,0.38,2026-09-30,0709,N,nominal,2.0NRT,291.28,7.62,D
30.67465,74.70245,339.01,0.78,0.78,2026-09-30,0712,N,nominal,2.0NRT,294.09,12.89,D
30.68156,74.69971,328.79,0.78,0.78,2026-09-30,0712,N,nominal,2.0NRT,294.25,12.01,D
30.67599,74.70005,356.07,0.78,0.78,2026-09-30,0712,N,nominal,2.0NRT,294.72,19.07,D
6.2651,80.80785,333.81,0.35,0.57,2026-09-30,0845,N,nominal,2.0NRT,293.92,2.08,D
31.71811,74.88528,344.98,0.72,0.75,2026-09-30,0712,N,nominal,2.0NRT,296.62,6.86,D
7.33108,81.16003,334.26,0.39,0.59,2026-09-30,0845,N,nominal,2.0NRT,292.24,2.9,D
7.33061,81.15655,330.68,0.39,0.59,2026-09-30,0845,N,nominal,2.0NRT,292.47,2.9,D
7.7552,80.8204,345.57,0.37,0.58,2026-09-30,0845,N,nominal,2.0NRT,296.01,4.52,D
7.75775,80.82044,344.17,0.37,0.58,2026-09-30,0845,N,nominal,2.0NRT,296.04,5.15,D
7.8884,80.0695,352.29,0.33,0.55,2026-09-30,0845,N,nominal,2.0NRT,293.38,3.49,D
8.05586,80.37183,331.96,0.35,0.57,2026-09-30,0845,N,nominal,2.0NRT,292.13,2.21,D
8.03855,80.08451,339.33,0.33,0.56,2026-09-30,0845,N,nominal,2.0NRT,292.94,2.78,D
8.21059,81.03558,330.67,0.39,0.59,2026-09-30,0845,N,nominal,2.0NRT,294.85,1.74,D
8.10882,80.21354,341.2,0.34,0.56,2026-09-30,0845,N,nominal,2.0NRT,290.23,2.79,D
8.21097,81.03644,330.18,0.39,0.59,2026-09-30,0845,N,nominal,2.0NRT,295.68,2.94,D
8.10988,80.21316,343.28,0.34,0.56,2026-09-30,0845,N,nominal,2.0NRT,291.21,3.08,D
8.11034,80.09634,344.08,0.34,0.56,2026-09-30,0845,N,nominal,2.0NRT,292.58,3.17,D
8.28206,80.61604,330.18,0.37,0.58,2026-09-30,0845,N,nominal,2.0NRT,293.02,3.42,D
8.22385,80.1952,344.73,0.34,0.56,2026-09-30,0845,N,nominal,2.0NRT,289.75,3,D
8.2245,80.19572,331.52,0.34,0.56,2026-09-30,0845,N,nominal,2.0NRT,288.87,2.76,D
8.37489,80.75827,334.78,0.38,0.58,2026-09-30,0845,N,nominal,2.0NRT,293.56,2.37,D
8.37665,80.53056,367,0.36,0.58,2026-09-30,0845,N,high,2.0NRT,294.1,6.22,D
8.38052,80.53218,335.31,0.36,0.58,2026-09-30,0845,N,nominal,2.0NRT,292.99,12.96,D
8.38008,80.5288,354.07,0.36,0.58,2026-09-30,0845,N,nominal,2.0NRT,295.33,16.35,D
8.66889,81.15262,341.17,0.4,0.6,2026-09-30,0845,N,nominal,2.0NRT,295.15,4.64,D
8.66763,81.15247,342.64,0.4,0.6,2026-09-30,0845,N,nominal,2.0NRT,295.24,3.6,D
8.74364,80.57745,340.13,0.37,0.58,2026-09-30,0845,N,nominal,2.0NRT,289.47,2.98,D
8.66935,77.84595,333.49,0.48,0.48,2026-09-30,0845,N,nominal,2.0NRT,297.47,3.77,D
8.64018,77.53448,345.38,0.46,0.47,2026-09-30,0845,N,nominal,2.0NRT,300.96,10.12,D
8.74479,77.71272,343.12,0.47,0.48,2026-09-30,0845,N,nominal,2.0NRT,302.82,5.45,D
9.77053,78.23584,336.52,0.53,0.5,2026-09-30,0845,N,nominal,2.0NRT,298.6,5.26,D
9.76881,78.23429,335.27,0.53,0.5,2026-09-30,0845,N,nominal,2.0NRT,298.69,4.38,D
11.0735,76.95827,332.54,0.45,0.47,2026-09-30,0845,N,nominal,2.0NRT,298.79,2.11,D
11.07783,76.95766,343.07,0.45,0.47,2026-09-30,0845,N,nominal,2.0NRT,299.41,2.11,D
11.26375,77.24431,336.08,0.48,0.48,2026-09-30,0845,N,nominal,2.0NRT,299.32,6.93,D
11.73414,77.01698,332.47,0.47,0.48,2026-09-30,0848,N,nominal,2.0NRT,297.98,2.39,D
14.65495,79.61425,331.59,0.38,0.59,2026-09-30,0848,N,nominal,2.0NRT,296.75,3.27,D
15.139,78.48186,334.84,0.33,0.55,2026-09-30,0848,N,nominal,2.0NRT,297.14,2.83,D
15.1441,78.48128,350.73,0.33,0.55,2026-09-30,0848,N,nominal,2.0NRT,296.7,2.83,D
15.14248,78.48262,353.08,0.33,0.55,2026-09-30,0848,N,nominal,2.0NRT,297.43,7.2,D
15.14213,78.47955,332.9,0.33,0.55,2026-09-30,0848,N,nominal,2.0NRT,295.63,4.13,D
16.00676,79.63023,339.25,0.4,0.6,2026-09-30,0848,N,nominal,2.0NRT,299.01,1.55,D
16.01103,79.63039,333.13,0.4,0.6,2026-09-30,0848,N,nominal,2.0NRT,301.39,1.88,D
16.09658,79.63963,333.42,0.4,0.6,2026-09-30,0848,N,nominal,2.0NRT,299.34,2.62,D
16.09615,79.63582,339.52,0.4,0.6,2026-09-30,0848,N,nominal,2.0NRT,300.11,2.62,D
15.98681,76.63419,334.81,0.5,0.49,2026-09-30,0848,N,nominal,2.0NRT,299.07,7.48,D
15.9834,76.63622,330.13,0.51,0.49,2026-09-30,0848,N,nominal,2.0NRT,297.69,4.68,D
16.95265,80.83675,349.23,0.49,0.65,2026-09-30,0848,N,nominal,2.0NRT,298.59,7.15,D
16.63169,75.34896,330.52,0.43,0.46,2026-09-30,0848,N,nominal,2.0NRT,296.06,3.5,D
17.64932,79.25923,339.21,0.39,0.6,2026-09-30,0848,N,nominal,2.0NRT,294.5,5.27,D
17.64376,78.5863,332.75,0.36,0.57,2026-09-30,0848,N,nominal,2.0NRT,294.01,2.38,D
19.67981,75.24493,337.14,0.46,0.47,2026-09-30,0850,N,nominal,2.0NRT,304.78,3.25,D
19.36958,71.35344,332.82,0.43,0.38,2026-09-30,0850,N,nominal,2.0NRT,292.58,2.16,D
21.10566,72.64742,334.04,0.51,0.41,2026-09-30,0850,N,nominal,2.0NRT,301.25,5.69,D
21.20019,72.89723,337.52,0.52,0.42,2026-09-30,0850,N,nominal,2.0NRT,301.4,4.46,D
21.19827,72.89959,345,0.52,0.42,2026-09-30,0850,N,nominal,2.0NRT,300.31,8.33,D
18.32114,55.10256,344.78,0.7,0.75,2026-09-30,0850,N,nominal,2.0NRT,308.09,5.05,D
22.32071,76.99232,330.19,0.32,0.55,2026-09-30,0850,N,low,2.0NRT,300.65,2.26,D
22.61907,76.99783,330.25,0.32,0.55,2026-09-30,0850,N,low,2.0NRT,303.07,3.98,D
22.95754,75.74474,331.02,0.54,0.51,2026-09-30,0850,N,low,2.0NRT,305.96,3.77,D
22.93722,75.37798,340.77,0.52,0.5,2026-09-30,0850,N,nominal,2.0NRT,305.63,2.44,D
22.4177,69.04048,338.58,0.39,0.36,2026-09-30,0850,N,nominal,2.0NRT,306.43,3.86,D
23.03371,73.38361,341.57,0.39,0.44,2026-09-30,0850,N,nominal,2.0NRT,302.82,4.52,D
23.48372,77.01818,330.11,0.33,0.55,2026-09-30,0850,N,nominal,2.0NRT,295.23,1.34,D
23.45714,76.73722,333.29,0.32,0.54,2026-09-30,0850,N,low,2.0NRT,304.57,1.44,D
23.53423,76.89674,336.27,0.33,0.55,2026-09-30,0850,N,nominal,2.0NRT,306.13,1.94,D
23.632,76.81561,339.93,0.32,0.55,2026-09-30,0850,N,nominal,2.0NRT,303.91,2.01,D
20.22508,55.73894,343.75,0.58,0.7,2026-09-30,0850,N,nominal,2.0NRT,306.5,3.2,D
22.90743,69.85045,337.07,0.41,0.37,2026-09-30,0850,N,nominal,2.0NRT,304.61,5.03,D
22.93446,69.69743,334.1,0.4,0.37,2026-09-30,0850,N,low,2.0NRT,306.62,2.92,D
21.00352,56.53347,336.61,0.5,0.66,2026-09-30,0850,N,nominal,2.0NRT,306.28,2.01,D
21.00243,56.52866,339.17,0.5,0.66,2026-09-30,0850,N,nominal,2.0NRT,305.94,2.01,D
20.99828,56.53093,335.86,0.5,0.66,2026-09-30,0850,N,low,2.0NRT,306.2,1.63,D
21.00426,56.52943,348.11,0.5,0.66,2026-09-30,0850,N,nominal,2.0NRT,305.65,3.76,D
21.31373,57.74517,343.77,0.41,0.61,2026-09-30,0850,N,nominal,2.0NRT,308.1,3.04,D
21.39589,56.71428,335.87,0.48,0.65,2026-09-30,0850,N,low,2.0NRT,306.79,0.82,D
24.49837,74.992,332.62,0.51,0.49,2026-09-30,0850,N,low,2.0NRT,305.41,5.48,D
21.83269,56.68041,336.72,0.47,0.64,2026-09-30,0850,N,low,2.0NRT,309.16,1.53,D
21.93561,57.07383,352.23,0.44,0.63,2026-09-30,0850,N,nominal,2.0NRT,308.78,4.06,D
22.28806,56.52595,342.75,0.47,0.64,2026-09-30,0852,N,nominal,2.0NRT,307.61,2.65,D
22.29385,56.52429,342.72,0.47,0.64,2026-09-30,0852,N,nominal,2.0NRT,307.5,2.65,D
22.40574,56.98823,343.21,0.44,0.62,2026-09-30,0852,N,nominal,2.0NRT,308.36,1.98,D
22.26906,56.25378,337.77,0.49,0.65,2026-09-30,0852,N,low,2.0NRT,309.49,1.59,D
24.51033,67.98903,337.68,0.39,0.36,2026-09-30,0852,N,nominal,2.0NRT,304.83,3.02,D
22.32715,56.48929,367,0.47,0.64,2026-09-30,0852,N,high,2.0NRT,309.31,4.7,D
22.27241,56.25679,335.32,0.49,0.65,2026-09-30,0852,N,low,2.0NRT,309.31,2.46,D
22.2713,56.25206,343.72,0.49,0.65,2026-09-30,0852,N,nominal,2.0NRT,309.36,2.46,D
22.32876,56.46978,337.5,0.47,0.64,2026-09-30,0852,N,nominal,2.0NRT,307.44,2.18,D
22.34463,56.43162,337.15,0.48,0.64,2026-09-30,0852,N,low,2.0NRT,308.34,3.66,D
25.26801,73.22486,338.16,0.41,0.45,2026-09-30,0852,N,nominal,2.0NRT,307.75,4.04,D
25.47697,73.5582,336.58,0.43,0.46,2026-09-30,0852,N,low,2.0NRT,308.88,5.03,D
25.11913,68.57887,337.05,0.39,0.36,2026-09-30,0852,N,nominal,2.0NRT,304.53,2.93,D
25.05127,67.49406,333.34,0.38,0.36,2026-09-30,0852,N,low,2.0NRT,306.56,1.51,D
25.21679,68.30495,340.68,0.39,0.36,2026-09-30,0852,N,nominal,2.0NRT,310.06,3.86,D
25.22012,68.30437,339.39,0.39,0.36,2026-09-30,0852,N,low,2.0NRT,309.45,22.44,D
22.88005,55.92758,346.57,0.5,0.66,2026-09-30,0852,N,nominal,2.0NRT,310.72,4.78,D
22.87891,55.92276,337.75,0.5,0.66,2026-09-30,0852,N,low,2.0NRT,310.87,3.3,D
25.38934,68.58411,332.78,0.39,0.36,2026-09-30,0852,N,low,2.0NRT,305.03,1.71,D
22.92703,55.80228,338.31,0.5,0.66,2026-09-30,0852,N,low,2.0NRT,311.19,0.92,D
25.19193,67.02325,342.37,0.39,0.36,2026-09-30,0852,N,nominal,2.0NRT,304.54,2.25,D
25.64182,68.43259,344.34,0.39,0.36,2026-09-30,0852,N,nominal,2.0NRT,305.93,3.64,D
23.19043,55.45575,349.11,0.52,0.67,2026-09-30,0852,N,nominal,2.0NRT,315.05,2.07,D
26.0938,69.15371,331.62,0.41,0.37,2026-09-30,0852,N,low,2.0NRT,305.13,2.06,D
23.27826,54.26202,341.09,0.61,0.71,2026-09-30,0852,N,nominal,2.0NRT,310.04,0.57,D
23.27751,54.26315,345.41,0.61,0.71,2026-09-30,0852,N,nominal,2.0NRT,309.88,2.37,D
26.21945,69.02927,333.65,0.41,0.37,2026-09-30,0852,N,low,2.0NRT,305.4,0.74,D
26.22285,69.02869,331.41,0.41,0.37,2026-09-30,0852,N,low,2.0NRT,305.78,1.83,D
25.87177,66.56049,332.98,0.39,0.36,2026-09-30,0852,N,low,2.0NRT,306.23,1.06,D
26.18846,68.42541,337.52,0.39,0.36,2026-09-30,0852,N,nominal,2.0NRT,306.58,3.37,D
26.18429,66.28522,334.92,0.39,0.36,2026-09-30,0852,N,low,2.0NRT,307.49,1.83,D
24.4617,56.62046,367,0.42,0.61,2026-09-30,0852,N,high,2.0NRT,299.15,7.49,D
24.46264,56.62452,349.14,0.42,0.61,2026-09-30,0852,N,nominal,2.0NRT,299.61,7.49,D
24.50588,56.60822,330.41,0.42,0.61,2026-09-30,0852,N,nominal,2.0NRT,299.2,1.92,D
27.84878,77.5205,346.14,0.4,0.6,2026-09-30,0852,N,nominal,2.0NRT,298.31,3.74,D
27.84698,77.52,345.95,0.4,0.6,2026-09-30,0852,N,nominal,2.0NRT,298.53,3.28,D
26.34232,61.66838,333.24,0.38,0.43,2026-09-30,0852,N,low,2.0NRT,306.97,1.17,D
28.05295,69.36964,335.22,0.43,0.38,2026-09-30,0852,N,nominal,2.0NRT,307.97,3.93,D
28.0537,69.37106,335.88,0.43,0.38,2026-09-30,0852,N,low,2.0NRT,306.01,3.85,D
28.94488,76.23937,333.06,0.34,0.56,2026-09-30,0852,N,nominal,2.0NRT,302.37,3.69,D
28.32763,67.75271,341.07,0.39,0.36,2026-09-30,0852,N,nominal,2.0NRT,308,3.3,D
28.32705,67.74872,340.86,0.39,0.36,2026-09-30,0852,N,nominal,2.0NRT,307.64,3.3,D
29.2892,75.94454,340.94,0.33,0.55,2026-09-30,0852,N,nominal,2.0NRT,298.64,2.21,D
28.46487,67.90515,343.19,0.4,0.37,2026-09-30,0852,N,nominal,2.0NRT,307.17,6.34,D
29.49124,70.46047,337.41,0.49,0.4,2026-09-30,0852,N,nominal,2.0NRT,306.16,4.7,D
29.49249,70.46255,336.73,0.49,0.4,2026-09-30,0852,N,nominal,2.0NRT,306.26,6.93,D
29.86511,73.1507,330.91,0.46,0.47,2026-09-30,0852,N,nominal,2.0NRT,301.85,3.57,D
27.16972,56.05437,332.26,0.39,0.6,2026-09-30,0852,N,nominal,2.0NRT,301,1.6,D
27.16879,56.05045,335.62,0.39,0.6,2026-09-30,0852,N,nominal,2.0NRT,301.44,1.6,D
29.97299,71.3167,338.09,0.55,0.42,2026-09-30,0852,N,nominal,2.0NRT,302.62,4.02,D
30.5298,73.83266,341.32,0.51,0.49,2026-09-30,0852,N,nominal,2.0NRT,301.29,7.14,D
30.58964,73.92426,341.02,0.52,0.5,2026-09-30,0852,N,nominal,2.0NRT,298.57,6.21,D
30.67125,74.69716,367,0.58,0.52,2026-09-30,0852,N,high,2.0NRT,304.06,35.04,D
30.6761,74.69663,351.35,0.58,0.52,2026-09-30,0852,N,nominal,2.0NRT,302.64,17.53,D
30.68094,74.6961,338.34,0.58,0.52,2026-09-30,0852,N,nominal,2.0NRT,301.13,17.53,D
30.66978,74.69576,339.73,0.58,0.52,2026-09-30,0852,N,nominal,2.0NRT,298.93,4.27,D
30.67514,74.70132,343.86,0.58,0.52,2026-09-30,0852,N,nominal,2.0NRT,301.73,18.58,D
30.67998,74.70079,331.54,0.58,0.52,2026-09-30,0852,N,nominal,2.0NRT,301.21,18.58,D
30.61705,73.82513,354.43,0.51,0.5,2026-09-30,0852,N,nominal,2.0NRT,299.87,12.26,D
30.98056,74.43672,330.42,0.56,0.52,2026-09-30,0852,N,low,2.0NRT,300.94,3.37,D
30.97987,74.43556,336.89,0.56,0.52,2026-09-30,0852,N,nominal,2.0NRT,301.15,3.83,D
31.06615,74.53496,349.65,0.57,0.52,2026-09-30,0852,N,nominal,2.0NRT,301.77,11.73,D
28.57692,57.73851,343.21,0.58,0.52,2026-09-30,0852,N,nominal,2.0NRT,308.36,4.85,D
30.87285,70.7954,340.15,0.53,0.42,2026-09-30,0852,N,nominal,2.0NRT,304.62,4.92,D
31.50331,75.101,337.46,0.62,0.54,2026-09-30,0852,N,nominal,2.0NRT,302.78,5.32,D
31.59707,75.33302,332.18,0.32,0.55,2026-09-30,0852,N,nominal,2.0NRT,299.92,1.93,D
31.77718,73.74093,330.45,0.52,0.5,2026-09-30,0852,N,low,2.0NRT,300.89,6.47,D
31.78231,73.74596,340.71,0.52,0.5,2026-09-30,0852,N,nominal,2.0NRT,299.05,6.47,D
31.87105,74.66874,330.9,0.59,0.53,2026-09-30,0852,N,nominal,2.0NRT,301.33,2.86,D
31.85076,74.1445,341.36,0.55,0.51,2026-09-30,0852,N,nominal,2.0NRT,302.56,6.3,D
31.50449,70.66205,330.77,0.53,0.42,2026-09-30,0852,N,nominal,2.0NRT,302.53,3.38,D
31.91297,74.69632,335.79,0.6,0.53,2026-09-30,0852,N,nominal,2.0NRT,301.59,3.85,D
28.98399,55.94681,338.78,0.36,0.58,2026-09-30,0852,N,nominal,2.0NRT,309.65,2.53,D
31.97669,73.65116,335.35,0.52,0.5,2026-09-30,0852,N,nominal,2.0NRT,300.26,3.22,D
31.99769,73.83644,331.64,0.53,0.5,2026-09-30,0852,N,nominal,2.0NRT,302.12,2.83,D
32.136,73.56792,333.04,0.52,0.5,2026-09-30,0852,N,nominal,2.0NRT,300.72,2.52,D
29.99015,55.85279,367,0.35,0.57,2026-09-30,0854,N,high,2.0NRT,304.2,7.31,D
29.99093,55.85609,334.99,0.35,0.57,2026-09-30,0854,N,nominal,2.0NRT,303.83,7.31,D
33.27097,71.58954,330.2,0.41,0.45,2026-09-30,0854,N,low,2.0NRT,303.54,0.76,D
33.29562,71.18742,331.54,0.39,0.44,2026-09-30,0854,N,nominal,2.0NRT,304.45,1.71,D
37.8263,65.17106,330.11,0.39,0.36,2026-09-30,0854,N,low,2.0NRT,304.97,2.11,D
37.26566,60.3311,330.35,0.45,0.39,2026-09-30,0854,N,nominal,2.0NRT,304.59,1.85,D
37.44628,59.08202,332.63,0.5,0.41,2026-09-30,0856,N,nominal,2.0NRT,302.25,1.65,D
37.70425,59.3389,333.6,0.48,0.4,2026-09-30,0856,N,nominal,2.0NRT,307.03,3.53,D
37.73163,59.4214,335.37,0.48,0.4,2026-09-30,0856,N,nominal,2.0NRT,303.85,4.6,D
37.31672,55.33821,333.17,0.51,0.49,2026-09-30,0856,N,nominal,2.0NRT,294.34,3.41,D
37.31672,55.33537,335.35,0.51,0.49,2026-09-30,0856,N,nominal,2.0NRT,293.97,2.76,D
38.6465,54.28054,341.42,0.53,0.5,2026-09-30,0856,N,nominal,2.0NRT,306.78,1.2,D
38.67905,54.31363,340.23,0.53,0.5,2026-09-30,0856,N,nominal,2.0NRT,306.6,3.99,D
38.64678,54.28214,338.45,0.64,0.72,2026-09-30,1036,N,nominal,2.0NRT,298.91,3.29,D
18.32508,55.10798,339.51,0.48,0.65,2026-09-30,1030,N,low,2.0NRT,310.32,3.09,D
19.26637,56.17616,342.39,0.58,0.7,2026-09-30,1030,N,nominal,2.0NRT,303.42,3.03,D
19.26601,56.17835,335.12,0.58,0.7,2026-09-30,1030,N,nominal,2.0NRT,303.18,3.27,D
20.22363,55.74374,336.4,0.56,0.69,2026-09-30,1032,N,low,2.0NRT,306.75,2.34,D
20.38747,55.66196,337.34,0.55,0.68,2026-09-30,1032,N,low,2.0NRT,308.02,1.98,D
22.28859,56.52821,336.3,0.66,0.73,2026-09-30,1032,N,low,2.0NRT,306.59,3.52,D
22.32721,56.49327,338.7,0.66,0.73,2026-09-30,1032,N,nominal,2.0NRT,306.34,3.59,D
22.32569,56.47313,337.41,0.65,0.73,2026-09-30,1032,N,nominal,2.0NRT,306.6,2,D
22.32841,56.48828,337.06,0.66,0.73,2026-09-30,1032,N,nominal,2.0NRT,306.27,2.57,D
22.34517,56.43411,344.76,0.65,0.73,2026-09-30,1032,N,nominal,2.0NRT,307.06,2.66,D
22.40447,56.98908,336.33,0.71,0.75,2026-09-30,1032,N,nominal,2.0NRT,304.06,1.57,D
22.87642,55.92453,337.2,0.61,0.71,2026-09-30,1032,N,low,2.0NRT,309.4,2.08,D
23.19439,55.46125,348.33,0.58,0.69,2026-09-30,1032,N,nominal,2.0NRT,313.47,4.63,D
23.19394,55.45546,345.56,0.57,0.69,2026-09-30,1032,N,nominal,2.0NRT,314.24,4.63,D
23.19416,55.4609,346.23,0.58,0.69,2026-09-30,1032,N,nominal,2.0NRT,312.97,7.37,D
23.19375,55.4551,346.7,0.58,0.69,2026-09-30,1032,N,nominal,2.0NRT,314.02,4.57,D
23.2767,54.26742,347.54,0.49,0.65,2026-09-30,1032,N,nominal,2.0NRT,312.32,4.56,D
24.2055,54.64189,336.67,0.52,0.67,2026-09-30,1032,N,nominal,2.0NRT,303.82,8.25,D
24.20511,54.63661,354.23,0.52,0.67,2026-09-30,1032,N,nominal,2.0NRT,304.99,7.9,D
24.46411,56.63086,367,0.7,0.75,2026-09-30,1032,N,high,2.0NRT,295.12,21.19,D
24.50979,54.01944,344.61,0.48,0.65,2026-09-30,1032,N,nominal,2.0NRT,299.74,4.99,D
7.48788,80.17397,303.57,0.42,0.61,2026-09-30,1942,N,nominal,2.0NRT,288.23,1.07,N
27.60445,95.40364,309.46,0.38,0.36,2026-09-30,1936,N,nominal,2.0NRT,290.38,1.52,N
7.48559,80.17519,315.6,0.42,0.61,2026-09-30,1942,N,nominal,2.0NRT,288.35,1.13,N
25.06548,101.57066,297.91,0.49,0.48,2026-09-30,1936,N,nominal,2.0NRT,284.67,0.58,N
25.07145,99.28371,297.14,0.54,0.42,2026-09-30,1936,N,nominal,2.0NRT,277.88,1.15,N
24.92164,84.15611,305.14,0.38,0.58,2026-09-30,1938,N,nominal,2.0NRT,292.31,0.53,N
24.11349,86.86185,312.41,0.5,0.49,2026-09-30,1938,N,nominal,2.0NRT,292.38,2.56,N
24.44838,83.03881,304.13,0.44,0.62,2026-09-30,1938,N,nominal,2.0NRT,292.83,0.71,N
24.206,82.71158,305.22,0.46,0.63,2026-09-30,1938,N,nominal,2.0NRT,292.94,1.56,N
24.1997,82.716,305.14,0.46,0.63,2026-09-30,1938,N,nominal,2.0NRT,292.78,1.04,N
24.20221,82.70937,305.03,0.46,0.63,2026-09-30,1938,N,nominal,2.0NRT,292.85,2.11,N
23.80576,86.32751,303.03,0.53,0.5,2026-09-30,1938,N,nominal,2.0NRT,290.27,0.86,N
23.80519,86.33284,304.88,0.53,0.5,2026-09-30,1938,N,nominal,2.0NRT,291.26,0.86,N
24.14687,82.65771,311.1,0.46,0.63,2026-09-30,1938,N,nominal,2.0NRT,293.04,1.03,N
23.80052,86.33222,307.23,0.53,0.5,2026-09-30,1938,N,nominal,2.0NRT,291.48,2.85,N
23.79883,86.34798,309.37,0.53,0.5,2026-09-30,1938,N,nominal,2.0NRT,293.19,1.65,N
23.79826,86.35332,307.04,0.53,0.5,2026-09-30,1938,N,nominal,2.0NRT,292.5,1.65,N
23.7936,86.35269,308.64,0.53,0.5,2026-09-30,1938,N,nominal,2.0NRT,292.84,1.65,N
23.78033,86.38848,324.59,0.53,0.5,2026-09-30,1938,N,nominal,2.0NRT,293.95,2.73,N
23.77978,86.39368,308,0.53,0.5,2026-09-30,1938,N,nominal,2.0NRT,293.56,2.73,N
23.77568,86.3878,316.82,0.53,0.5,2026-09-30,1938,N,nominal,2.0NRT,293.69,4.01,N
23.77326,86.36604,322.7,0.53,0.5,2026-09-30,1938,N,nominal,2.0NRT,293.26,3.34,N
23.76937,86.40284,315.03,0.53,0.5,2026-09-30,1938,N,nominal,2.0NRT,293.31,2.91,N
23.69301,87.10815,305.29,0.48,0.48,2026-09-30,1938,N,nominal,2.0NRT,289.24,2.59,N
23.69249,87.11285,304.6,0.48,0.48,2026-09-30,1938,N,nominal,2.0NRT,288.65,1.49,N
23.69197,87.11752,305.9,0.48,0.48,2026-09-30,1938,N,nominal,2.0NRT,288.35,1.49,N
23.69145,87.12224,313.05,0.48,0.48,2026-09-30,1938,N,nominal,2.0NRT,288.9,2.01,N
23.76472,86.40224,323.15,0.53,0.5,2026-09-30,1938,N,nominal,2.0NRT,294.04,4.06,N
23.76583,86.39169,309.74,0.53,0.5,2026-09-30,1938,N,nominal,2.0NRT,294.88,2.97,N
23.76415,86.40757,314.65,0.53,0.5,2026-09-30,1938,N,nominal,2.0NRT,293.25,3.06,N
23.68961,87.09813,310.66,0.48,0.48,2026-09-30,1938,N,nominal,2.0NRT,290.5,2.05,N
23.68702,87.1216,311.04,0.48,0.48,2026-09-30,1938,N,nominal,2.0NRT,288.86,2.16,N
23.78006,86.21029,313.44,0.54,0.51,2026-09-30,1938,N,nominal,2.0NRT,291.48,3.09,N
23.76007,86.4016,317.04,0.53,0.5,2026-09-30,1938,N,nominal,2.0NRT,293.87,4.06,N
23.68154,87.13042,304.24,0.47,0.48,2026-09-30,1938,N,nominal,2.0NRT,288.56,0.71,N
23.77536,86.20957,306.03,0.54,0.51,2026-09-30,1938,N,nominal,2.0NRT,291.21,2.63,N
23.75376,86.41675,309.85,0.53,0.5,2026-09-30,1938,N,nominal,2.0NRT,293.37,1.81,N
23.77176,86.19809,307.07,0.54,0.51,2026-09-30,1938,N,nominal,2.0NRT,290.38,2.25,N
23.74911,86.4161,309.51,0.53,0.5,2026-09-30,1938,N,nominal,2.0NRT,292.7,1.81,N
23.66516,87.15675,310.14,0.47,0.48,2026-09-30,1938,N,nominal,2.0NRT,288.01,0.97,N
23.73766,86.43564,321.87,0.52,0.5,2026-09-30,1938,N,nominal,2.0NRT,294.64,2.92,N
23.7382,86.43043,312.7,0.53,0.5,2026-09-30,1938,N,nominal,2.0NRT,293.67,3.53,N
23.66073,87.15612,301.96,0.47,0.48,2026-09-30,1938,N,nominal,2.0NRT,286.5,0.97,N
23.76317,86.39442,309.78,0.53,0.5,2026-09-30,1938,N,nominal,2.0NRT,294.11,3.06,N
23.76258,86.39969,310.05,0.53,0.5,2026-09-30,1938,N,nominal,2.0NRT,293.23,1.73,N
23.76198,86.40501,316.05,0.53,0.5,2026-09-30,1938,N,nominal,2.0NRT,293.18,1.73,N
23.77925,86.20803,312.49,0.54,0.51,2026-09-30,1938,N,nominal,2.0NRT,291.9,1.77,N
23.77864,86.21346,303.86,0.54,0.51,2026-09-30,1938,N,nominal,2.0NRT,290.74,1.77,N
23.75793,86.39904,305.77,0.53,0.5,2026-09-30,1938,N,nominal,2.0NRT,293.5,1.73,N
23.75733,86.40434,313.78,0.53,0.5,2026-09-30,1938,N,nominal,2.0NRT,293.24,1.73,N
23.75151,86.41422,307.34,0.53,0.5,2026-09-30,1938,N,nominal,2.0NRT,292.66,2.09,N
23.75093,86.4194,311.19,0.53,0.5,2026-09-30,1938,N,nominal,2.0NRT,293.68,2.71,N
23.77103,86.19588,303.44,0.54,0.51,2026-09-30,1938,N,nominal,2.0NRT,290.07,2.59,N
23.6624,87.15359,309.43,0.47,0.48,2026-09-30,1938,N,nominal,2.0NRT,286.85,1.69,N
23.73991,86.43372,311.53,0.52,0.5,2026-09-30,1938,N,nominal,2.0NRT,293.76,1.93,N
23.73585,86.42789,305.86,0.52,0.5,2026-09-30,1938,N,nominal,2.0NRT,292.77,1.93,N
23.73527,86.43309,319.21,0.52,0.5,2026-09-30,1938,N,nominal,2.0NRT,293.64,1.93,N
23.77351,85.9966,303.17,0.56,0.51,2026-09-30,1938,N,nominal,2.0NRT,289.27,1.29,N
23.72484,86.44228,305.88,0.52,0.5,2026-09-30,1938,N,nominal,2.0NRT,293.72,2.99,N
23.72251,86.42074,307.23,0.53,0.5,2026-09-30,1938,N,nominal,2.0NRT,294.06,1.44,N
23.71787,86.42011,311.04,0.53,0.5,2026-09-30,1938,N,nominal,2.0NRT,292.82,1.44,N
23.71558,86.44098,305.69,0.52,0.5,2026-09-30,1938,N,nominal,2.0NRT,292.72,2.7,N
23.71443,86.45142,310.7,0.52,0.5,2026-09-30,1938,N,nominal,2.0NRT,293.83,3.25,N
23.71266,86.42467,310.63,0.52,0.5,2026-09-30,1938,N,nominal,2.0NRT,293.99,2.53,N
23.75904,85.85828,306.55,0.57,0.52,2026-09-30,1938,N,nominal,2.0NRT,286.82,0.75,N
23.75482,85.85194,304.32,0.57,0.52,2026-09-30,1938,N,nominal,2.0NRT,289.52,1.55,N
23.84148,84.94677,298.99,0.33,0.55,2026-09-30,1938,N,nominal,2.0NRT,283.7,0.46,N
23.68299,86.39417,315.03,0.53,0.5,2026-09-30,1938,N,nominal,2.0NRT,294.2,3.93,N
23.67779,86.39873,321.3,0.53,0.5,2026-09-30,1938,N,nominal,2.0NRT,295.66,5.09,N
23.68688,86.08604,314.81,0.55,0.51,2026-09-30,1938,N,nominal,2.0NRT,288.98,3.36,N
23.681,86.09642,322.26,0.55,0.51,2026-09-30,1938,N,nominal,2.0NRT,288.91,2.54,N
23.6827,86.07997,304.3,0.55,0.51,2026-09-30,1938,N,nominal,2.0NRT,288.91,1.8,N
23.68213,86.08547,309.37,0.55,0.51,2026-09-30,1938,N,nominal,2.0NRT,289.47,2.52,N
23.5587,87.23827,317.03,0.47,0.47,2026-09-30,1938,N,nominal,2.0NRT,286.44,1.84,N
23.55819,87.24288,306.12,0.47,0.47,2026-09-30,1938,N,nominal,2.0NRT,286.59,1.84,N
23.5538,87.24229,321.86,0.47,0.47,2026-09-30,1938,N,nominal,2.0NRT,286.97,1.84,N
23.67738,86.08489,307.74,0.55,0.51,2026-09-30,1938,N,nominal,2.0NRT,290.16,2.52,N
23.5624,87.08259,312.33,0.48,0.48,2026-09-30,1938,N,nominal,2.0NRT,289.81,1.69,N
23.69032,86.09068,304.13,0.55,0.51,2026-09-30,1938,N,nominal,2.0NRT,289.28,1.3,N
23.55853,87.24071,319.22,0.47,0.47,2026-09-30,1938,N,nominal,2.0NRT,286.14,1.39,N
23.55799,87.24532,304.24,0.46,0.47,2026-09-30,1938,N,nominal,2.0NRT,286.2,1.39,N
23.68558,86.09014,303.17,0.55,0.51,2026-09-30,1938,N,nominal,2.0NRT,289.34,1.3,N
23.55414,87.24012,315.19,0.47,0.47,2026-09-30,1938,N,nominal,2.0NRT,285.95,1.39,N
23.5536,87.24473,308.88,0.46,0.47,2026-09-30,1938,N,nominal,2.0NRT,287.09,1.39,N
23.68023,86.09503,320.09,0.55,0.51,2026-09-30,1938,N,nominal,2.0NRT,288.89,4.81,N
23.68143,86.08411,318.77,0.55,0.51,2026-09-30,1938,N,nominal,2.0NRT,289.78,1.98,N
23.67668,86.08353,304.35,0.55,0.51,2026-09-30,1938,N,nominal,2.0NRT,289.73,1.98,N
23.56331,87.0854,309.53,0.48,0.48,2026-09-30,1938,N,nominal,2.0NRT,289.84,1.76,N
23.63016,86.28977,304.43,0.53,0.5,2026-09-30,1938,N,nominal,2.0NRT,289.77,1.41,N
23.58175,86.72537,305.16,0.5,0.49,2026-09-30,1938,N,nominal,2.0NRT,292.43,0.96,N
23.48624,87.36491,320.71,0.46,0.47,2026-09-30,1938,N,nominal,2.0NRT,285.44,1.99,N
23.7391,85.01225,303.03,0.32,0.55,2026-09-30,1938,N,nominal,2.0NRT,287.1,0.92,N
23.71121,85.28988,300.81,0.62,0.54,2026-09-30,1938,N,nominal,2.0NRT,286.79,1.21,N
23.69625,85.28779,310.63,0.62,0.54,2026-09-30,1938,N,nominal,2.0NRT,288.13,2.19,N
23.65122,85.4362,307.31,0.6,0.53,2026-09-30,1938,N,nominal,2.0NRT,287.53,1.44,N
23.64628,85.43549,305.64,0.6,0.53,2026-09-30,1938,N,nominal,2.0NRT,287.18,1.44,N
23.64569,85.44147,303.4,0.6,0.53,2026-09-30,1938,N,nominal,2.0NRT,286.88,1.44,N
23.65054,85.43614,312.2,0.6,0.53,2026-09-30,1938,N,nominal,2.0NRT,287.45,2.08,N
23.64497,85.44141,302.24,0.6,0.53,2026-09-30,1938,N,nominal,2.0NRT,286.51,0.89,N
23.60997,85.67605,303.76,0.58,0.52,2026-09-30,1938,N,nominal,2.0NRT,289.39,0.91,N
23.66581,84.99719,300.95,0.32,0.55,2026-09-30,1938,N,nominal,2.0NRT,285.42,0.77,N
23.66549,85.00031,308.84,0.32,0.55,2026-09-30,1938,N,nominal,2.0NRT,286.24,0.77,N
22.87206,86.06283,308.63,0.54,0.51,2026-09-30,1938,N,nominal,2.0NRT,289.71,1.6,N
22.79768,86.20007,307.14,0.53,0.5,2026-09-30,1938,N,nominal,2.0NRT,290.25,1.36,N
22.79302,86.19951,304.74,0.53,0.5,2026-09-30,1938,N,nominal,2.0NRT,289.59,1.36,N
22.80066,86.08862,307.4,0.54,0.51,2026-09-30,1938,N,nominal,2.0NRT,288.68,1.12,N
23.16557,82.34072,304.76,0.47,0.64,2026-09-30,1938,N,nominal,2.0NRT,292.68,0.75,N
22.57632,85.88911,307.86,0.55,0.51,2026-09-30,1938,N,nominal,2.0NRT,291.88,1.51,N
22.57573,85.89455,308.37,0.55,0.51,2026-09-30,1938,N,nominal,2.0NRT,292.38,1.51,N
22.37998,87.27787,312.97,0.45,0.47,2026-09-30,1938,N,nominal,2.0NRT,289.36,2.04,N
22.37947,87.28226,308.94,0.45,0.47,2026-09-30,1938,N,nominal,2.0NRT,289.11,1.35,N
22.37566,87.27727,313.89,0.45,0.47,2026-09-30,1938,N,nominal,2.0NRT,289.72,2.04,N
22.37515,87.28165,307.71,0.45,0.47,2026-09-30,1938,N,nominal,2.0NRT,288.65,1.35,N
22.36883,87.29857,313.09,0.45,0.47,2026-09-30,1938,N,nominal,2.0NRT,289.57,2.31,N
22.36402,87.30233,312.63,0.45,0.47,2026-09-30,1938,N,nominal,2.0NRT,289.21,2.31,N
22.37829,87.28001,328.77,0.45,0.47,2026-09-30,1938,N,nominal,2.0NRT,290.43,2.93,N
22.37883,87.27563,307.16,0.45,0.47,2026-09-30,1938,N,nominal,2.0NRT,288.69,2.93,N
22.36754,87.2963,312.41,0.45,0.47,2026-09-30,1938,N,nominal,2.0NRT,289.04,1.72,N
22.36701,87.30067,311.89,0.45,0.47,2026-09-30,1938,N,nominal,2.0NRT,290.14,1.57,N
22.3627,87.30008,308.28,0.45,0.47,2026-09-30,1938,N,nominal,2.0NRT,288.93,1.57,N
22.35945,87.29075,308.15,0.45,0.47,2026-09-30,1938,N,nominal,2.0NRT,288.88,1.14,N
22.36576,87.0155,307.35,0.46,0.47,2026-09-30,1938,N,nominal,2.0NRT,288.81,1.9,N
22.36523,87.02004,305.11,0.46,0.47,2026-09-30,1938,N,nominal,2.0NRT,289.14,0.76,N
22.36084,87.01941,303.84,0.46,0.47,2026-09-30,1938,N,nominal,2.0NRT,288.66,0.76,N
22.24736,87.38966,306.44,0.44,0.46,2026-09-30,1938,N,nominal,2.0NRT,289.5,0.78,N
22.24451,87.39011,313.15,0.44,0.46,2026-09-30,1938,N,nominal,2.0NRT,289.85,1.31,N
22.05357,88.12372,313.35,0.4,0.44,2026-09-30,1938,N,nominal,2.0NRT,291.01,2.05,N
22.0531,88.12756,317.34,0.39,0.44,2026-09-30,1938,N,nominal,2.0NRT,290.16,2.05,N
22.05428,88.12509,319.39,0.39,0.44,2026-09-30,1938,N,nominal,2.0NRT,291.42,3.13,N
22.05021,88.12448,309.77,0.39,0.44,2026-09-30,1938,N,nominal,2.0NRT,285.59,1.53,N
22.22494,84.7514,306.29,0.32,0.55,2026-09-30,1938,N,nominal,2.0NRT,290.65,1.06,N
22.21954,84.75399,306.1,0.32,0.55,2026-09-30,1938,N,nominal,2.0NRT,290.88,1.35,N
22.22196,84.75123,306.66,0.32,0.55,2026-09-30,1938,N,nominal,2.0NRT,290.86,0.94,N
22.22128,84.75758,302.89,0.32,0.55,2026-09-30,1938,N,nominal,2.0NRT,290.19,0.72,N
22.21006,84.86263,302.96,0.63,0.54,2026-09-30,1938,N,nominal,2.0NRT,289.05,1.52,N
22.21654,84.75379,305.62,0.32,0.55,2026-09-30,1938,N,nominal,2.0NRT,290.78,0.72,N
22.20663,84.55128,305.36,0.33,0.55,2026-09-30,1938,N,nominal,2.0NRT,293.11,0.66,N
22.20398,84.5771,304.7,0.33,0.55,2026-09-30,1938,N,nominal,2.0NRT,292.65,0.52,N
22.32952,82.60897,305.44,0.44,0.62,2026-09-30,1938,N,nominal,2.0NRT,292.48,1.78,N
22.32521,82.59064,323.75,0.44,0.63,2026-09-30,1938,N,nominal,2.0NRT,292.81,2.54,N
22.31936,82.5902,321.18,0.44,0.63,2026-09-30,1938,N,nominal,2.0NRT,292.56,2.9,N
22.31577,82.56312,309.95,0.44,0.63,2026-09-30,1938,N,nominal,2.0NRT,293.07,2.43,N
22.35835,82.30149,303.96,0.46,0.64,2026-09-30,1938,N,nominal,2.0NRT,293.2,0.79,N
22.33014,82.6069,315.04,0.44,0.62,2026-09-30,1938,N,nominal,2.0NRT,293.47,1.47,N
22.32554,82.59307,303.87,0.44,0.63,2026-09-30,1938,N,nominal,2.0NRT,292.72,1.05,N
22.3197,82.59263,334.39,0.44,0.63,2026-09-30,1938,N,nominal,2.0NRT,292.95,5.11,N
22.32214,82.5662,304.33,0.44,0.63,2026-09-30,1938,N,nominal,2.0NRT,293.64,1.41,N
22.31629,82.56564,307.3,0.44,0.63,2026-09-30,1938,N,nominal,2.0NRT,292.97,1.41,N
21.96817,85.3139,300.17,0.59,0.53,2026-09-30,1938,N,nominal,2.0NRT,286.38,1.09,N
21.92882,85.22076,305.98,0.59,0.53,2026-09-30,1938,N,nominal,2.0NRT,287.37,1.37,N
21.92392,85.2201,302.07,0.59,0.53,2026-09-30,1938,N,nominal,2.0NRT,286.93,1.37,N
22.0392,83.72972,305.82,0.37,0.58,2026-09-30,1938,N,nominal,2.0NRT,293.26,1.27,N
22.03885,83.73338,304.6,0.37,0.58,2026-09-30,1938,N,nominal,2.0NRT,293.96,1.62,N
22.03238,83.74379,303.58,0.37,0.58,2026-09-30,1938,N,nominal,2.0NRT,293.2,1.36,N
22.08551,83.11559,303.44,0.41,0.6,2026-09-30,1938,N,nominal,2.0NRT,292.65,0.24,N
22.03583,83.3509,309.38,0.39,0.6,2026-09-30,1938,N,nominal,2.0NRT,293.19,1.27,N
22.03548,83.35477,304.88,0.39,0.6,2026-09-30,1938,N,nominal,2.0NRT,293.04,1.27,N
22.03638,83.35201,314.33,0.39,0.6,2026-09-30,1938,N,nominal,2.0NRT,293.73,2.72,N
22.02934,83.36665,304.82,0.39,0.59,2026-09-30,1938,N,nominal,2.0NRT,293.16,1.01,N
22.02089,83.3383,303.8,0.39,0.6,2026-09-30,1938,N,nominal,2.0NRT,292.6,0.61,N
21.95285,83.80829,304.17,0.37,0.58,2026-09-30,1938,N,nominal,2.0NRT,292.67,0.77,N
21.98614,83.23051,304.05,0.4,0.6,2026-09-30,1938,N,nominal,2.0NRT,293.3,1.07,N
22.0025,82.66954,309.88,0.43,0.62,2026-09-30,1938,N,nominal,2.0NRT,292.86,1.63,N
22.00286,82.66843,310.09,0.43,0.62,2026-09-30,1938,N,nominal,2.0NRT,292.71,1.83,N
21.92031,83.348,314.3,0.39,0.59,2026-09-30,1938,N,nominal,2.0NRT,293.4,1.72,N
21.91994,83.35187,315.14,0.39,0.59,2026-09-30,1938,N,nominal,2.0NRT,294.35,1.72,N
21.8408,83.98322,305.37,0.36,0.57,2026-09-30,1938,N,nominal,2.0NRT,292.9,1.08,N
21.87783,83.55499,308.74,0.38,0.59,2026-09-30,1938,N,nominal,2.0NRT,293.53,0.93,N
21.79658,83.88493,304.69,0.36,0.57,2026-09-30,1938,N,nominal,2.0NRT,293.34,1.27,N
21.76768,84.01694,305.45,0.35,0.57,2026-09-30,1938,N,nominal,2.0NRT,294.23,1.98,N
21.76205,84.01981,308.51,0.35,0.57,2026-09-30,1938,N,nominal,2.0NRT,294.59,2.13,N
21.76878,84.01727,307.05,0.35,0.57,2026-09-30,1938,N,nominal,2.0NRT,294.19,2.03,N
21.76312,84.02016,307.58,0.35,0.57,2026-09-30,1938,N,nominal,2.0NRT,294.35,1.95,N
21.75747,84.02301,310.94,0.35,0.57,2026-09-30,1938,N,nominal,2.0NRT,294.51,2.56,N
21.76448,83.84895,310.38,0.36,0.58,2026-09-30,1938,N,nominal,2.0NRT,294.83,0.65,N
21.75912,83.84836,304.73,0.36,0.58,2026-09-30,1938,N,nominal,2.0NRT,293.62,0.65,N
21.75876,83.85191,304.46,0.36,0.58,2026-09-30,1938,N,nominal,2.0NRT,293.65,0.65,N
21.75661,83.81945,304,0.36,0.58,2026-09-30,1938,N,nominal,2.0NRT,293.5,0.55,N
21.68099,84.03819,316.29,0.35,0.57,2026-09-30,1938,N,nominal,2.0NRT,294.42,0.98,N
21.6757,84.0376,310.16,0.35,0.57,2026-09-30,1938,N,nominal,2.0NRT,292.96,0.98,N
21.67536,84.04108,304.41,0.35,0.57,2026-09-30,1938,N,nominal,2.0NRT,293.39,0.98,N
21.6715,84.03996,306.73,0.35,0.57,2026-09-30,1938,N,nominal,2.0NRT,293.24,0.72,N
21.62037,81.79362,303.44,0.49,0.65,2026-09-30,1938,N,nominal,2.0NRT,292.36,0.41,N
21.07891,85.0344,323.36,0.6,0.53,2026-09-30,1938,N,nominal,2.0NRT,293.59,4.57,N
21.07828,85.04022,316.58,0.6,0.53,2026-09-30,1938,N,nominal,2.0NRT,292.83,4.57,N
21.07764,85.04612,304.31,0.6,0.53,2026-09-30,1938,N,nominal,2.0NRT,291.95,2.05,N
20.96994,86.01108,308.64,0.51,0.5,2026-09-30,1938,N,nominal,2.0NRT,288,1.21,N
20.9688,86.02107,307.07,0.51,0.5,2026-09-30,1938,N,nominal,2.0NRT,287.6,2.19,N
20.96647,86.00055,304.47,0.52,0.5,2026-09-30,1938,N,nominal,2.0NRT,286.58,1.26,N
20.96591,86.00551,303.37,0.52,0.5,2026-09-30,1938,N,nominal,2.0NRT,286.57,1.21,N
20.96534,86.01053,302.85,0.51,0.5,2026-09-30,1938,N,nominal,2.0NRT,286.2,1.21,N
20.95215,86.04433,302.47,0.51,0.5,2026-09-30,1938,N,nominal,2.0NRT,283.64,1.26,N
21.37736,81.67907,307.7,0.49,0.65,2026-09-30,1938,N,nominal,2.0NRT,292.2,1.5,N
21.37464,81.63882,305.63,0.5,0.66,2026-09-30,1938,N,nominal,2.0NRT,291.5,1.46,N
20.97699,85.17223,310.98,0.58,0.52,2026-09-30,1938,N,nominal,2.0NRT,292.41,3.34,N
20.97149,85.17738,313.71,0.58,0.52,2026-09-30,1938,N,nominal,2.0NRT,291.77,1.94,N
20.96914,85.15392,304.68,0.58,0.52,2026-09-30,1938,N,nominal,2.0NRT,292.05,2.54,N
20.96789,85.16534,307.08,0.58,0.52,2026-09-30,1938,N,nominal,2.0NRT,292,1.87,N
20.96725,85.17109,311.05,0.58,0.52,2026-09-30,1938,N,nominal,2.0NRT,291.89,1.87,N
20.96662,85.17679,315.77,0.58,0.52,2026-09-30,1938,N,nominal,2.0NRT,292.21,2.84,N
20.96537,85.18808,311.02,0.58,0.52,2026-09-30,1938,N,nominal,2.0NRT,292.42,2.02,N
20.96301,85.1648,307.22,0.58,0.52,2026-09-30,1938,N,nominal,2.0NRT,292.42,1.87,N
20.96238,85.1705,309.7,0.58,0.52,2026-09-30,1938,N,nominal,2.0NRT,292.77,1.87,N
20.96175,85.17621,310.39,0.58,0.52,2026-09-30,1938,N,nominal,2.0NRT,292.42,2.84,N
20.96051,85.18748,311.9,0.58,0.52,2026-09-30,1938,N,nominal,2.0NRT,292.37,2.02,N
21.31063,81.59094,305.33,0.5,0.66,2026-09-30,1938,N,nominal,2.0NRT,291.16,0.79,N
20.9548,85.01228,305.8,0.6,0.53,2026-09-30,1938,N,nominal,2.0NRT,292.68,1.74,N
20.88715,84.9801,326.26,0.6,0.53,2026-09-30,1938,N,nominal,2.0NRT,291.97,4.36,N
20.86619,84.98937,309.02,0.6,0.53,2026-09-30,1938,N,nominal,2.0NRT,292.86,2.63,N
20.86557,84.99501,309.55,0.6,0.53,2026-09-30,1938,N,nominal,2.0NRT,292.56,2.81,N
20.86128,84.98866,306.38,0.6,0.53,2026-09-30,1938,N,nominal,2.0NRT,291.56,1.7,N
21.19794,81.3967,304.39,0.51,0.66,2026-09-30,1938,N,nominal,2.0NRT,290.5,1.92,N
20.8074,85.25802,308.49,0.57,0.52,2026-09-30,1938,N,nominal,2.0NRT,290.32,2.23,N
21.33693,78.96823,308.39,0.73,0.76,2026-09-30,1938,N,nominal,2.0NRT,291.2,2.43,N
20.80379,85.25652,304.06,0.57,0.52,2026-09-30,1938,N,nominal,2.0NRT,290.19,1.28,N
20.79413,85.25539,309.15,0.57,0.52,2026-09-30,1938,N,nominal,2.0NRT,291.3,2.36,N
20.76079,85.29049,307.24,0.57,0.52,2026-09-30,1938,N,nominal,2.0NRT,292.06,1.61,N
20.76015,85.29615,318.46,0.57,0.52,2026-09-30,1938,N,nominal,2.0NRT,293.59,3.17,N
21.33344,78.96941,305.16,0.73,0.76,2026-09-30,1938,N,nominal,2.0NRT,290.63,2.01,N
21.24618,79.22391,302.39,0.7,0.75,2026-09-30,1938,N,nominal,2.0NRT,291.32,1.61,N
19.96119,79.33201,295.28,0.67,0.74,2026-09-30,1938,N,nominal,2.0NRT,277.8,0.59,N
19.10096,82.16376,301.78,0.43,0.62,2026-09-30,1938,N,nominal,2.0NRT,289.31,1.8,N
19.10055,82.16796,314.85,0.43,0.62,2026-09-30,1938,N,nominal,2.0NRT,290.24,1.66,N
19.09477,82.16734,306.59,0.43,0.62,2026-09-30,1938,N,nominal,2.0NRT,291.05,1.53,N
19.10048,82.16833,312,0.43,0.62,2026-09-30,1938,N,nominal,2.0NRT,289.83,1.4,N
19.0947,82.16772,303.53,0.43,0.62,2026-09-30,1938,N,nominal,2.0NRT,291.06,1.48,N
18.54012,83.34321,330.84,0.36,0.57,2026-09-30,1938,N,nominal,2.0NRT,293.08,3.46,N
17.61069,83.20315,305.96,0.36,0.57,2026-09-30,1940,N,nominal,2.0NRT,286.05,0.39,N
17.60663,83.20251,304.82,0.35,0.57,2026-09-30,1940,N,nominal,2.0NRT,286.83,0.64,N
14.73951,101.03817,303.56,0.35,0.57,2026-09-30,1940,N,nominal,2.0NRT,288.08,0.5,N
14.53557,100.46221,305.53,0.33,0.55,2026-09-30,1940,N,nominal,2.0NRT,288.08,0.74,N
39.86265,98.25591,311.13,0.38,0.36,2026-09-30,1932,N,nominal,2.0NRT,283.86,1.3,N
39.86071,98.25246,309.68,0.38,0.36,2026-09-30,1932,N,nominal,2.0NRT,282.19,1.45,N
39.84341,98.27577,328.98,0.38,0.36,2026-09-30,1932,N,nominal,2.0NRT,280.89,2.72,N
39.84289,98.2571,296.31,0.38,0.36,2026-09-30,1932,N,nominal,2.0NRT,280.12,0.36,N
39.82126,98.24221,300.58,0.38,0.36,2026-09-30,1932,N,nominal,2.0NRT,281.15,0.58,N
39.81367,98.29117,296.81,0.38,0.36,2026-09-30,1932,N,nominal,2.0NRT,284.18,0.86,N
39.81298,98.29562,305.67,0.38,0.36,2026-09-30,1932,N,nominal,2.0NRT,285.61,0.8,N
39.81229,98.30007,297.37,0.38,0.36,2026-09-30,1932,N,nominal,2.0NRT,283.67,0.8,N
39.81108,98.28587,297.76,0.38,0.36,2026-09-30,1932,N,nominal,2.0NRT,279.18,0.86,N
39.809,98.29921,303.61,0.38,0.36,2026-09-30,1932,N,nominal,2.0NRT,281.23,0.8,N
39.80312,98.29305,305.56,0.38,0.36,2026-09-30,1932,N,nominal,2.0NRT,278.87,0.51,N
39.79188,98.29937,314.84,0.38,0.36,2026-09-30,1932,N,nominal,2.0NRT,282.21,1.19,N
39.7886,98.29852,304.94,0.38,0.36,2026-09-30,1932,N,nominal,2.0NRT,281.23,1.19,N
39.68215,98.52263,304.4,0.38,0.36,2026-09-30,1932,N,nominal,2.0NRT,281.33,0.56,N
38.8422,100.17248,295.81,0.4,0.37,2026-09-30,1932,N,nominal,2.0NRT,280.42,0.81,N
37.34614,97.41085,299.99,0.38,0.36,2026-09-30,1934,N,nominal,2.0NRT,277.8,0.92,N
36.59226,101.4887,298.49,0.46,0.39,2026-09-30,1934,N,nominal,2.0NRT,277.82,0.91,N
36.58873,101.48763,296.5,0.46,0.39,2026-09-30,1934,N,nominal,2.0NRT,275.56,0.91,N
36.44044,101.60567,296.5,0.47,0.39,2026-09-30,1934,N,nominal,2.0NRT,276.3,0.43,N
30.06724,96.97958,306.04,0.39,0.36,2026-09-30,1936,N,nominal,2.0NRT,285.13,0.85,N
29.65744,90.90164,297.85,0.52,0.41,2026-09-30,1936,N,nominal,2.0NRT,279.9,1.02,N
29.37447,91.1498,297.08,0.5,0.41,2026-09-30,1936,N,nominal,2.0NRT,280.89,1.53,N
29.08458,88.01346,303.06,0.49,0.49,2026-09-30,1936,N,nominal,2.0NRT,278.84,2.62,N
23.16872,82.34428,304.72,0.63,0.72,2026-09-30,2118,N,nominal,2.0NRT,291.11,2.12,N
23.16376,82.3363,307.75,0.63,0.72,2026-09-30,2118,N,nominal,2.0NRT,291.16,3.32,N
23.16597,82.33699,310.89,0.63,0.72,2026-09-30,2118,N,nominal,2.0NRT,291.59,1.74,N
23.16439,82.34332,305.71,0.63,0.72,2026-09-30,2118,N,nominal,2.0NRT,291.22,1.74,N
27.16725,56.0471,310.81,0.58,0.7,2026-09-30,2118,N,nominal,2.0NRT,293.05,4.12,N
24.66039,74.63179,304.64,0.4,0.44,2026-09-30,2118,N,nominal,2.0NRT,294.29,1.47,N
24.5794,74.8045,305.45,0.41,0.45,2026-09-30,2118,N,nominal,2.0NRT,294.9,1.18,N
24.82096,73.09424,311.08,0.5,0.41,2026-09-30,2118,N,nominal,2.0NRT,297.6,1.46,N
26.95616,55.5421,305.79,0.62,0.72,2026-09-30,2118,N,nominal,2.0NRT,294.92,2.4,N
24.69043,73.00134,311.53,0.49,0.41,2026-09-30,2118,N,nominal,2.0NRT,296.37,1.35,N
25.38756,68.58337,320.92,0.39,0.36,2026-09-30,2118,N,nominal,2.0NRT,295.52,1.62,N
22.35831,82.29824,303.52,0.65,0.73,2026-09-30,2118,N,nominal,2.0NRT,291.52,1.63,N
22.35672,82.30457,307.2,0.65,0.73,2026-09-30,2118,N,nominal,2.0NRT,291.99,1.63,N
22.03538,83.356,302.85,0.77,0.77,2026-09-30,2118,N,nominal,2.0NRT,291.23,2.53,N
22.03977,83.35488,301.9,0.77,0.77,2026-09-30,2118,N,nominal,2.0NRT,290.53,1.2,N
25.15572,67.70255,307.18,0.39,0.37,2026-09-30,2118,N,nominal,2.0NRT,295.37,0.67,N
21.91966,83.352,307.45,0.77,0.77,2026-09-30,2118,N,nominal,2.0NRT,291.51,4.22,N
21.88024,83.55624,301.99,0.79,0.78,2026-09-30,2118,N,nominal,2.0NRT,290.63,1.01,N
21.91698,83.35365,301.08,0.77,0.77,2026-09-30,2118,N,nominal,2.0NRT,290.75,2.34,N
22.00264,82.672,303.73,0.7,0.75,2026-09-30,2118,N,nominal,2.0NRT,291.1,1.28,N
25.05145,67.49159,306.35,0.4,0.37,2026-09-30,2118,N,nominal,2.0NRT,295.59,0.94,N
25.05087,67.49554,311.75,0.4,0.37,2026-09-30,2118,N,nominal,2.0NRT,296.52,1.1,N
22.00231,82.67299,303.89,0.7,0.75,2026-09-30,2118,N,nominal,2.0NRT,291.41,1.58,N
25.96753,56.06574,308.47,0.57,0.69,2026-09-30,2118,N,nominal,2.0NRT,297.53,4.47,N
21.80079,82.0407,304.89,0.65,0.73,2026-09-30,2118,N,nominal,2.0NRT,291.83,1.14,N
25.90122,54.53046,309.62,0.7,0.75,2026-09-30,2118,N,nominal,2.0NRT,296.83,0.65,N
21.37562,81.68195,303.54,0.63,0.72,2026-09-30,2118,N,nominal,2.0NRT,290,1.66,N
21.37799,81.6824,303.88,0.63,0.72,2026-09-30,2118,N,nominal,2.0NRT,290.13,1.35,N
21.37374,81.64249,302.97,0.63,0.72,2026-09-30,2118,N,nominal,2.0NRT,289.77,1.8,N
21.30967,81.59187,301.96,0.62,0.72,2026-09-30,2118,N,nominal,2.0NRT,289.49,0.77,N
23.3042,70.4759,306.88,0.41,0.37,2026-09-30,2118,N,nominal,2.0NRT,296.82,1.1,N
23.49815,68.57907,310.05,0.38,0.36,2026-09-30,2118,N,nominal,2.0NRT,298.12,0.86,N
22.26295,75.13287,302,0.48,0.48,2026-09-30,2118,N,nominal,2.0NRT,291.92,1.81,N
21.24916,79.20888,316.51,0.45,0.63,2026-09-30,2118,N,nominal,2.0NRT,292.37,1.8,N
38.86388,83.91327,304.63,0.32,0.55,2026-09-30,2114,N,nominal,2.0NRT,280.82,0.57,N
38.21836,77.10209,300.07,0.47,0.4,2026-09-30,2114,N,nominal,2.0NRT,286.46,1.03,N
38.219,77.10092,299.13,0.47,0.4,2026-09-30,2114,N,nominal,2.0NRT,286.54,1.1,N
37.20212,79.30298,297.11,0.41,0.45,2026-09-30,2114,N,nominal,2.0NRT,284.09,0.6,N
37.00029,80.19234,295.57,0.46,0.47,2026-09-30,2114,N,nominal,2.0NRT,284.03,0.93,N
37.20089,79.30071,297.66,0.41,0.45,2026-09-30,2114,N,nominal,2.0NRT,283.34,0.64,N
36.99892,80.19617,297.49,0.46,0.47,2026-09-30,2114,N,nominal,2.0NRT,284.91,1.29,N
37.14437,79.50025,304.06,0.42,0.46,2026-09-30,2114,N,nominal,2.0NRT,286.27,1.32,N
39.43318,62.99484,295.33,0.6,0.53,2026-09-30,2114,N,nominal,2.0NRT,282.91,0.6,N
39.43246,62.99374,297.1,0.6,0.53,2026-09-30,2114,N,nominal,2.0NRT,283.15,0.68,N
39.28333,63.04875,298.9,0.6,0.53,2026-09-30,2114,N,nominal,2.0NRT,283.18,0.81,N
39.17115,63.27442,296.77,0.58,0.52,2026-09-30,2114,N,nominal,2.0NRT,283.81,0.98,N
39.1678,63.25324,300.21,0.58,0.52,2026-09-30,2114,N,nominal,2.0NRT,284.68,1.36,N
22.92658,69.82381,308.28,0.4,0.37,2026-09-30,2118,N,nominal,2.0NRT,296.68,0.97,N
39.16242,63.25948,296.1,0.58,0.52,2026-09-30,2114,N,nominal,2.0NRT,283.83,0.69,N
22.93362,69.69827,322.83,0.39,0.37,2026-09-30,2118,N,nominal,2.0NRT,296.36,2.78,N
22.93298,69.7021,317.17,0.39,0.37,2026-09-30,2118,N,nominal,2.0NRT,296.01,1.55,N
38.98448,63.58735,295.48,0.56,0.51,2026-09-30,2114,N,nominal,2.0NRT,283.58,0.44,N
22.90891,69.70139,309.58,0.39,0.37,2026-09-30,2118,N,nominal,2.0NRT,295.61,0.9,N
38.96138,63.69576,296.96,0.55,0.51,2026-09-30,2114,N,nominal,2.0NRT,283.22,0.85,N
24.51123,54.01703,332.03,0.73,0.76,2026-09-30,2118,N,nominal,2.0NRT,298.99,5.25,N
38.87201,63.80016,305.16,0.54,0.51,2026-09-30,2114,N,nominal,2.0NRT,284.41,1.64,N
22.34075,69.85339,308.63,0.4,0.37,2026-09-30,2118,N,nominal,2.0NRT,296.47,1.87,N
38.05292,67.26752,302.6,0.53,0.42,2026-09-30,2114,N,nominal,2.0NRT,278.8,1.99,N
22.33477,69.86822,311.34,0.4,0.37,2026-09-30,2118,N,nominal,2.0NRT,298.23,2.55,N
38.04906,67.26678,300.34,0.53,0.42,2026-09-30,2114,N,nominal,2.0NRT,280.11,2.3,N
22.4178,69.04146,320.97,0.39,0.36,2026-09-30,2121,N,nominal,2.0NRT,296.2,1.34,N
22.41509,69.03708,308.18,0.39,0.36,2026-09-30,2121,N,nominal,2.0NRT,295.11,1.34,N
38.25574,58.38626,295.71,0.52,0.67,2026-09-30,2114,N,nominal,2.0NRT,284.63,1.16,N
22.41448,69.04083,317.37,0.39,0.36,2026-09-30,2121,N,nominal,2.0NRT,295.38,1.34,N
37.79765,62.54916,302.12,0.62,0.54,2026-09-30,2114,N,nominal,2.0NRT,279.78,1.89,N
37.78815,62.54082,295.95,0.62,0.54,2026-09-30,2114,N,nominal,2.0NRT,280.49,1.25,N
37.7977,62.54999,300.92,0.61,0.54,2026-09-30,2114,N,nominal,2.0NRT,279.87,1.41,N
23.34905,58.06849,311.58,0.4,0.6,2026-09-30,2121,N,nominal,2.0NRT,296.27,0.66,N
37.78878,62.53458,296.13,0.62,0.54,2026-09-30,2114,N,nominal,2.0NRT,280.11,2.12,N
19.10022,82.16994,300.38,0.75,0.77,2026-09-30,2121,N,nominal,2.0NRT,282.56,2.52,N
37.82346,58.83553,314.37,0.49,0.65,2026-09-30,2114,N,nominal,2.0NRT,284.26,1.62,N
19.7882,79.14828,300.27,0.47,0.64,2026-09-30,2121,N,nominal,2.0NRT,283.09,0.81,N
37.63609,62.20521,299.97,0.32,0.55,2026-09-30,2114,N,nominal,2.0NRT,284.24,0.95,N
19.0962,82.16991,298.52,0.75,0.77,2026-09-30,2121,N,nominal,2.0NRT,281.66,1.61,N
37.62541,62.21151,298.69,0.32,0.55,2026-09-30,2114,N,nominal,2.0NRT,284.73,0.86,N
21.10716,72.64728,328.48,0.54,0.42,2026-09-30,2121,N,nominal,2.0NRT,295.73,8.89,N
37.62024,62.13593,299.11,0.32,0.55,2026-09-30,2114,N,nominal,2.0NRT,284.26,1.28,N
21.10331,72.64646,344.05,0.54,0.42,2026-09-30,2121,N,nominal,2.0NRT,294.53,6.84,N
37.61999,62.13967,309.83,0.32,0.55,2026-09-30,2114,N,nominal,2.0NRT,284.96,1.19,N
21.10236,72.6516,307.72,0.54,0.42,2026-09-30,2121,N,nominal,2.0NRT,294.62,6.84,N
21.10137,72.63539,327.97,0.53,0.42,2026-09-30,2121,N,nominal,2.0NRT,294.3,9.75,N
37.55915,62.0867,295.29,0.32,0.55,2026-09-30,2114,N,nominal,2.0NRT,273.35,0.35,N
23.1893,55.4565,314.35,0.58,0.7,2026-09-30,2121,N,nominal,2.0NRT,297,1.46,N
23.18883,55.46241,310.78,0.58,0.7,2026-09-30,2121,N,nominal,2.0NRT,297.13,1.46,N
37.03428,62.41475,320.73,0.61,0.54,2026-09-30,2116,N,nominal,2.0NRT,280.94,6.12,N
20.91017,71.45957,314.91,0.47,0.4,2026-09-30,2121,N,nominal,2.0NRT,294.89,2.01,N
22.87858,55.92338,315.61,0.54,0.68,2026-09-30,2121,N,nominal,2.0NRT,296.8,1.83,N
35.36869,59.30431,295.22,0.44,0.63,2026-09-30,2116,N,nominal,2.0NRT,283.82,0.38,N
22.8768,55.61349,317.3,0.57,0.69,2026-09-30,2121,N,nominal,2.0NRT,295.7,1.13,N
33.90247,71.917,308.43,0.39,0.36,2026-09-30,2116,N,nominal,2.0NRT,293.19,0.38,N
22.87035,55.61285,310.9,0.57,0.69,2026-09-30,2121,N,nominal,2.0NRT,295.43,1.13,N
22.40619,56.98596,309.01,0.46,0.63,2026-09-30,2121,N,nominal,2.0NRT,294.51,2.03,N
33.6885,72.71262,313.2,0.39,0.36,2026-09-30,2116,N,nominal,2.0NRT,294.64,1.2,N
22.40578,56.99057,317.99,0.46,0.63,2026-09-30,2121,N,nominal,2.0NRT,294.41,1.84,N
33.54761,71.5499,310.75,0.38,0.36,2026-09-30,2116,N,nominal,2.0NRT,295.27,1.28,N
33.40655,71.93735,304.53,0.39,0.36,2026-09-30,2116,N,nominal,2.0NRT,293.4,0.56,N
18.72049,79.53731,303.79,0.53,0.67,2026-09-30,2121,N,nominal,2.0NRT,291.06,1.21,N
33.29632,71.18717,317.17,0.38,0.36,2026-09-30,2116,N,nominal,2.0NRT,293.44,1.33,N
33.24343,71.51904,307.77,0.38,0.36,2026-09-30,2116,N,nominal,2.0NRT,292.19,0.56,N
22.52302,54.04688,307.68,0.7,0.75,2026-09-30,2121,N,nominal,2.0NRT,297.26,2.26,N
32.88823,71.61623,312.96,0.39,0.36,2026-09-30,2116,N,nominal,2.0NRT,295.24,1.46,N
32.57487,72.56334,312.38,0.4,0.37,2026-09-30,2116,N,nominal,2.0NRT,296.33,1.42,N
22.52553,54.04975,309.29,0.7,0.75,2026-09-30,2121,N,nominal,2.0NRT,297.64,1.74,N
32.6546,70.47575,306.25,0.39,0.36,2026-09-30,2116,N,nominal,2.0NRT,294.52,0.79,N
22.32719,56.48755,330.87,0.49,0.65,2026-09-30,2121,N,nominal,2.0NRT,295.03,3.48,N
31.25704,76.92664,299.49,0.41,0.45,2026-09-30,2116,N,nominal,2.0NRT,288.62,0.52,N
22.29334,56.52411,330.06,0.49,0.65,2026-09-30,2121,N,nominal,2.0NRT,295.57,2.4,N
22.29292,56.52908,310.37,0.49,0.65,2026-09-30,2121,N,nominal,2.0NRT,294.97,2.4,N
28.71418,76.66705,302.82,0.44,0.46,2026-09-30,2116,N,nominal,2.0NRT,292.69,0.52,N
22.27231,56.25386,338.09,0.51,0.66,2026-09-30,2121,N,nominal,2.0NRT,295.14,4.95,N
22.27311,56.25503,325.12,0.51,0.66,2026-09-30,2121,N,nominal,2.0NRT,295.04,2.32,N
28.34683,77.25974,304.02,0.49,0.48,2026-09-30,2116,N,nominal,2.0NRT,293.35,0.99,N
22.27355,56.24997,313.6,0.51,0.66,2026-09-30,2121,N,nominal,2.0NRT,294.95,2.32,N
30.7529,56.65712,299.82,0.58,0.7,2026-09-30,2116,N,nominal,2.0NRT,287.95,1.66,N
22.10687,57.31926,307.91,0.43,0.62,2026-09-30,2121,N,nominal,2.0NRT,293.42,0.84,N
21.93627,57.07124,323.58,0.45,0.63,2026-09-30,2121,N,nominal,2.0NRT,294,2.42,N
30.66415,56.62031,295.35,0.58,0.7,2026-09-30,2116,N,nominal,2.0NRT,284.69,0.65,N
17.98522,80.82169,302.25,0.66,0.73,2026-09-30,2121,N,nominal,2.0NRT,287.21,1.61,N
30.49776,56.81697,299.39,0.56,0.69,2026-09-30,2116,N,nominal,2.0NRT,287.65,1.63,N
17.9834,80.82195,303.38,0.66,0.73,2026-09-30,2121,N,nominal,2.0NRT,287.56,2.14,N
21.83588,56.67958,314.89,0.47,0.64,2026-09-30,2121,N,nominal,2.0NRT,295.37,0.91,N
30.37045,56.12761,298.71,0.62,0.71,2026-09-30,2116,N,nominal,2.0NRT,285.54,0.5,N
21.83344,56.67958,314.91,0.47,0.64,2026-09-30,2121,N,nominal,2.0NRT,295.14,1.09,N
19.57348,71.36221,312.69,0.48,0.4,2026-09-30,2121,N,nominal,2.0NRT,294.52,1.01,N
30.23295,56.90489,307.01,0.55,0.68,2026-09-30,2116,N,nominal,2.0NRT,285.98,3.14,N
19.23288,73.02467,304.77,0.4,0.44,2026-09-30,2121,N,nominal,2.0NRT,292.18,0.75,N
30.23262,56.91076,299.95,0.55,0.68,2026-09-30,2116,N,nominal,2.0NRT,284.76,1.83,N
19.52946,71.29919,311.57,0.48,0.4,2026-09-30,2121,N,nominal,2.0NRT,294.79,1.01,N
21.33246,57.72244,310.16,0.4,0.6,2026-09-30,2121,N,nominal,2.0NRT,293.83,0.83,N
30.21559,56.98679,295.88,0.55,0.68,2026-09-30,2116,N,nominal,2.0NRT,281.35,0.67,N
27.66903,76.12971,307.99,0.43,0.46,2026-09-30,2116,N,nominal,2.0NRT,295.41,2.3,N
21.32128,57.72107,312.45,0.4,0.6,2026-09-30,2121,N,nominal,2.0NRT,294.11,0.99,N
30.21721,55.98441,295.89,0.63,0.72,2026-09-30,2116,N,nominal,2.0NRT,278.7,1.46,N
21.31347,57.74411,324.15,0.4,0.6,2026-09-30,2121,N,nominal,2.0NRT,293.85,1.42,N
29.99141,55.85394,309.42,0.64,0.72,2026-09-30,2118,N,nominal,2.0NRT,283.65,2.79,N
21.31384,57.74018,304.82,0.4,0.6,2026-09-30,2121,N,nominal,2.0NRT,293.11,1.42,N
21.31311,57.74802,303.38,0.4,0.6,2026-09-30,2121,N,nominal,2.0NRT,293.21,0.92,N
29.98909,55.85443,307.42,0.64,0.72,2026-09-30,2118,N,nominal,2.0NRT,283.92,2.78,N
21.30277,57.79815,318.01,0.4,0.6,2026-09-30,2121,N,nominal,2.0NRT,294.22,1.4,N
26.64214,79.48225,321,0.36,0.57,2026-09-30,2118,N,nominal,2.0NRT,293.48,1.85,N
21.39485,56.71332,321.87,0.47,0.64,2026-09-30,2121,N,nominal,2.0NRT,294.99,1.7,N
28.42419,69.70089,324.44,0.38,0.36,2026-09-30,2118,N,nominal,2.0NRT,296.89,2.25,N
21.30563,57.70714,314.32,0.4,0.6,2026-09-30,2121,N,nominal,2.0NRT,293.51,0.89,N
27.2881,73.83765,306.9,0.5,0.41,2026-09-30,2118,N,nominal,2.0NRT,294.72,1.29,N
21.3152,57.74156,313.84,0.4,0.6,2026-09-30,2121,N,nominal,2.0NRT,293.43,1.13,N
28.05273,69.369,319.78,0.38,0.36,2026-09-30,2118,N,nominal,2.0NRT,297.92,1.48,N
21.31481,57.74548,315.06,0.4,0.6,2026-09-30,2121,N,nominal,2.0NRT,293.72,1.13,N
27.42163,70.78192,323.57,0.39,0.36,2026-09-30,2118,N,nominal,2.0NRT,296.94,1.77,N
21.30923,57.74484,314.57,0.4,0.6,2026-09-30,2121,N,nominal,2.0NRT,293.46,1.13,N
26.87761,73.51646,308.34,0.49,0.4,2026-09-30,2118,N,nominal,2.0NRT,295.36,1.67,N
26.87394,73.51562,307.25,0.49,0.4,2026-09-30,2118,N,nominal,2.0NRT,294.64,1.61,N
21.30412,57.7955,307.72,0.4,0.6,2026-09-30,2121,N,nominal,2.0NRT,293.66,0.77,N
28.73299,58.86412,305.53,0.41,0.61,2026-09-30,2118,N,nominal,2.0NRT,292.66,1.44,N
21.30373,57.79942,309.37,0.4,0.6,2026-09-30,2121,N,nominal,2.0NRT,293.71,0.77,N
21.39798,56.71162,306.03,0.47,0.64,2026-09-30,2121,N,nominal,2.0NRT,294.92,0.56,N
21.39754,56.71623,304.73,0.46,0.64,2026-09-30,2121,N,nominal,2.0NRT,294.59,0.56,N
19.36874,71.3549,313.25,0.49,0.4,2026-09-30,2121,N,nominal,2.0NRT,294.44,0.94,N
19.2152,72.11359,314.83,0.53,0.42,2026-09-30,2121,N,nominal,2.0NRT,294.69,1.64,N
21.29094,57.09705,306.35,0.44,0.62,2026-09-30,2121,N,nominal,2.0NRT,293.74,0.87,N
19.34756,71.3031,310.68,0.48,0.4,2026-09-30,2121,N,nominal,2.0NRT,294.61,0.97,N
19.27838,71.42509,313.26,0.49,0.4,2026-09-30,2121,N,nominal,2.0NRT,294.54,1.61,N
18.69463,73.03939,307.34,0.41,0.45,2026-09-30,2121,N,nominal,2.0NRT,292.6,1.35,N
21.00276,56.53099,349.92,0.47,0.64,2026-09-30,2121,N,nominal,2.0NRT,295.77,6.25,N
18.69053,73.03854,304.41,0.41,0.45,2026-09-30,2121,N,nominal,2.0NRT,292.4,1.35,N
18.68831,73.05014,307.63,0.41,0.45,2026-09-30,2121,N,nominal,2.0NRT,292.55,0.95,N
18.68381,73.02912,308.9,0.41,0.45,2026-09-30,2121,N,nominal,2.0NRT,292.85,2.53,N
18.68233,73.03683,305.99,0.41,0.45,2026-09-30,2121,N,nominal,2.0NRT,293.45,2.41,N
20.98915,56.77354,306.21,0.46,0.63,2026-09-30,2121,N,nominal,2.0NRT,293.72,0.53,N
21.00053,56.529,342.48,0.47,0.64,2026-09-30,2121,N,nominal,2.0NRT,295.3,4.87,N
20.55967,56.42042,306.96,0.48,0.64,2026-09-30,2121,N,nominal,2.0NRT,293.02,0.51,N
16.36051,81.28621,303.3,0.76,0.77,2026-09-30,2121,N,nominal,2.0NRT,286.48,0.18,N
20.37636,55.93084,305.48,0.51,0.66,2026-09-30,2121,N,nominal,2.0NRT,294.3,1.26,N
20.38775,55.66315,308.5,0.53,0.67,2026-09-30,2121,N,nominal,2.0NRT,293,1.24,N
20.38287,55.64661,303.64,0.53,0.67,2026-09-30,2121,N,nominal,2.0NRT,293.23,1.36,N
20.21174,55.71075,312.89,0.52,0.67,2026-09-30,2121,N,nominal,2.0NRT,293.11,1,N
19.26653,56.17325,305.84,0.48,0.64,2026-09-30,2121,N,nominal,2.0NRT,292.33,0.52,N
18.0119,54.57137,307.5,0.59,0.7,2026-09-30,2121,N,nominal,2.0NRT,292.57,1.14,N
18.03224,54.64143,304.18,0.58,0.7,2026-09-30,2121,N,nominal,2.0NRT,293.01,0.69,N
18.01272,54.57044,311.13,0.59,0.7,2026-09-30,2121,N,nominal,2.0NRT,292.71,0.84,N
9.07411,78.35144,312.97,0.67,0.74,2026-09-30,2123,N,nominal,2.0NRT,278.34,1.45,N
9.07407,78.35124,312.06,0.68,0.74,2026-09-30,2123,N,nominal,2.0NRT,278.39,1.35,N
21.31153,57.74335,307.5,0.77,0.77,2026-09-30,2259,N,nominal,2.0NRT,291.41,1.67,N
21.39596,56.71318,306.13,0.66,0.73,2026-09-30,2259,N,nominal,2.0NRT,293.34,1.11,N
21.00011,56.53,322.91,0.66,0.73,2026-09-30,2259,N,nominal,2.0NRT,292.92,4.27,N
20.99853,56.53637,302.85,0.66,0.73,2026-09-30,2259,N,nominal,2.0NRT,291.96,2.48,N
20.39039,55.66122,312.15,0.6,0.71,2026-09-30,2259,N,nominal,2.0NRT,292.31,2.21,N
39.41023,62.84668,296.04,0.51,0.66,2026-09-30,2254,N,nominal,2.0NRT,281.88,0.78,N
20.38675,55.64807,308.94,0.6,0.71,2026-09-30,2259,N,nominal,2.0NRT,291.91,1.24,N
20.39191,55.66118,302.89,0.6,0.71,2026-09-30,2259,N,nominal,2.0NRT,292.17,2.07,N
20.38821,55.64796,306.54,0.6,0.71,2026-09-30,2259,N,nominal,2.0NRT,292.22,1.27,N
39.51104,54.32898,306.75,0.39,0.44,2026-09-30,2257,N,nominal,2.0NRT,288.11,0.73,N
20.21575,55.71265,308.55,0.61,0.71,2026-09-30,2259,N,nominal,2.0NRT,292.02,1.29,N
18.01268,54.5745,310.55,0.58,0.7,2026-09-30,2301,N,nominal,2.0NRT,292.01,0.78,N
38.25776,58.39258,301.15,0.33,0.55,2026-09-30,2257,N,nominal,2.0NRT,286.74,0.61,N
38.19188,58.05171,298.79,0.32,0.54,2026-09-30,2257,N,nominal,2.0NRT,285.39,0.79,N
37.94376,58.5662,296.66,0.34,0.56,2026-09-30,2257,N,nominal,2.0NRT,285.26,0.49,N
38.67964,54.31596,319.9,0.4,0.44,2026-09-30,2257,N,nominal,2.0NRT,286.82,1.5,N
38.64875,54.28056,326.55,0.4,0.44,2026-09-30,2257,N,nominal,2.0NRT,288.98,2.15,N
38.64774,54.28507,301.29,0.4,0.44,2026-09-30,2257,N,nominal,2.0NRT,286.23,1.15,N
38.6489,54.2833,332.68,0.4,0.44,2026-09-30,2257,N,nominal,2.0NRT,289.04,2.81,N
37.29627,55.48363,297.18,0.49,0.49,2026-09-30,2257,N,nominal,2.0NRT,287.05,0.7,N
36.33809,58.66827,298.07,0.38,0.59,2026-09-30,2257,N,nominal,2.0NRT,283.92,0.59,N
36.29884,54.78673,296.25,0.48,0.48,2026-09-30,2257,N,nominal,2.0NRT,285,0.72,N
33.0408,56.84953,305.12,0.37,0.58,2026-09-30,2257,N,nominal,2.0NRT,288.63,0.92,N
32.33489,54.08786,298.25,0.53,0.5,2026-09-30,2259,N,nominal,2.0NRT,276.21,1.33,N
31.70455,55.44946,308.01,0.33,0.55,2026-09-30,2259,N,nominal,2.0NRT,293.08,1.09,N
30.75632,56.65993,307.24,0.41,0.6,2026-09-30,2259,N,nominal,2.0NRT,287.88,1.58,N
30.66644,56.62047,299.04,0.41,0.6,2026-09-30,2259,N,nominal,2.0NRT,284.72,0.78,N
30.66729,56.62352,298.97,0.41,0.6,2026-09-30,2259,N,nominal,2.0NRT,284.98,0.6,N
30.18033,57.16846,296.25,0.45,0.63,2026-09-30,2259,N,nominal,2.0NRT,283.85,0.68,N
30.23438,56.90909,313.89,0.43,0.62,2026-09-30,2259,N,nominal,2.0NRT,287.48,1.65,N
29.84758,58.14638,304.87,0.52,0.67,2026-09-30,2259,N,nominal,2.0NRT,294.77,0.71,N
30.36735,56.12775,300.8,0.39,0.59,2026-09-30,2259,N,nominal,2.0NRT,285.57,0.79,N
30.39245,55.76762,298.48,0.37,0.58,2026-09-30,2259,N,nominal,2.0NRT,287.4,0.37,N
30.32415,55.97537,304.5,0.38,0.59,2026-09-30,2259,N,nominal,2.0NRT,287.76,0.55,N
30.21731,55.98292,302.01,0.38,0.59,2026-09-30,2259,N,nominal,2.0NRT,287.68,1.03,N
30.21635,55.98678,297.85,0.38,0.59,2026-09-30,2259,N,nominal,2.0NRT,287.49,0.72,N
29.93045,56.73376,299.69,0.43,0.62,2026-09-30,2259,N,nominal,2.0NRT,284.93,1.89,N
29.99369,55.85681,354.21,0.38,0.59,2026-09-30,2259,N,nominal,2.0NRT,284.82,3.5,N
29.99476,55.85252,300.75,0.38,0.59,2026-09-30,2259,N,nominal,2.0NRT,281.64,3.5,N
29.9884,55.85516,312.43,0.38,0.59,2026-09-30,2259,N,nominal,2.0NRT,284,3.5,N
29.99287,55.85394,351.09,0.38,0.59,2026-09-30,2259,N,nominal,2.0NRT,284.55,5.03,N
29.99181,55.8583,323.5,0.38,0.59,2026-09-30,2259,N,nominal,2.0NRT,283.31,5.03,N
30.08024,55.39898,330.81,0.36,0.57,2026-09-30,2259,N,nominal,2.0NRT,286.74,2.79,N
30.01108,55.20357,296.08,0.35,0.57,2026-09-30,2259,N,nominal,2.0NRT,283.66,0.75,N
29.99583,55.1986,301.81,0.35,0.57,2026-09-30,2259,N,nominal,2.0NRT,284.15,0.99,N
29.99074,55.19695,299.29,0.35,0.57,2026-09-30,2259,N,nominal,2.0NRT,284.81,0.8,N
29.15178,55.36594,298.62,0.37,0.58,2026-09-30,2259,N,nominal,2.0NRT,286.76,0.62,N
29.20246,54.4833,297.37,0.33,0.55,2026-09-30,2259,N,nominal,2.0NRT,287.07,0.75,N
26.95747,55.54391,305.93,0.43,0.62,2026-09-30,2259,N,nominal,2.0NRT,295.48,1.51,N
25.97277,56.07196,310.7,0.48,0.65,2026-09-30,2259,N,nominal,2.0NRT,298.07,5.41,N
25.96692,56.07019,308.3,0.48,0.65,2026-09-30,2259,N,nominal,2.0NRT,298.04,4.6,N
25.97689,56.07204,310.03,0.48,0.65,2026-09-30,2259,N,nominal,2.0NRT,297.85,0.77,N
25.9652,56.06844,308.82,0.48,0.65,2026-09-30,2259,N,nominal,2.0NRT,297.79,1.27,N
25.55795,55.9771,308.87,0.49,0.65,2026-09-30,2259,N,nominal,2.0NRT,297.21,1.26,N
25.90103,54.53394,308.27,0.39,0.59,2026-09-30,2259,N,nominal,2.0NRT,297.44,0.5,N
25.56005,55.9871,308.26,0.49,0.65,2026-09-30,2259,N,nominal,2.0NRT,297.2,0.7,N
25.90167,54.53178,313.66,0.39,0.59,2026-09-30,2259,N,nominal,2.0NRT,297.89,0.66,N
24.51177,54.02251,323.23,0.39,0.59,2026-09-30,2301,N,nominal,2.0NRT,299.33,5.05,N
24.51265,54.01868,318.38,0.39,0.59,2026-09-30,2301,N,nominal,2.0NRT,299.51,5.75,N
24.00201,55.44349,309.02,0.49,0.65,2026-09-30,2301,N,nominal,2.0NRT,297.46,1.51,N
23.19,55.45823,333.2,0.51,0.66,2026-09-30,2301,N,nominal,2.0NRT,297.16,4.42,N
23.18879,55.46317,309.85,0.51,0.66,2026-09-30,2301,N,nominal,2.0NRT,296.68,2.23,N
23.18985,55.45699,317.69,0.51,0.66,2026-09-30,2301,N,nominal,2.0NRT,296.75,4.33,N
22.92609,55.80438,327.89,0.54,0.68,2026-09-30,2301,N,nominal,2.0NRT,296.13,3.05,N
22.87622,55.92673,313.04,0.55,0.68,2026-09-30,2301,N,nominal,2.0NRT,296.25,1.71,N
22.87553,55.61629,319.6,0.53,0.67,2026-09-30,2301,N,nominal,2.0NRT,295.82,1.81,N
22.40739,56.986,307.24,0.66,0.73,2026-09-30,2301,N,nominal,2.0NRT,293.5,1.53,N
22.40578,56.99237,308.34,0.66,0.73,2026-09-30,2301,N,nominal,2.0NRT,293.06,1.53,N
22.32847,56.48858,311.2,0.61,0.71,2026-09-30,2301,N,nominal,2.0NRT,294.34,1.2,N
22.32701,56.49445,306.66,0.61,0.71,2026-09-30,2301,N,nominal,2.0NRT,294.28,1.2,N
22.2909,56.52805,332.1,0.62,0.71,2026-09-30,2301,N,nominal,2.0NRT,294.64,2.94,N
22.27652,56.2571,305.77,0.6,0.7,2026-09-30,2301,N,nominal,2.0NRT,294.1,1.01,N
22.27012,56.25532,318.03,0.6,0.7,2026-09-30,2301,N,nominal,2.0NRT,294.15,2.57,N
21.93658,57.07054,309.47,0.68,0.74,2026-09-30,2301,N,nominal,2.0NRT,292.59,1.19,N
21.9349,57.07715,303.81,0.68,0.74,2026-09-30,2301,N,nominal,2.0NRT,292.52,1.19,N
21.93517,57.07114,309.44,0.68,0.74,2026-09-30,2301,N,nominal,2.0NRT,292.69,1.91,N
22.07932,55.98111,308.14,0.58,0.7,2026-09-30,2301,N,nominal,2.0NRT,294.52,2.83,N
22.5261,54.05028,308.35,0.43,0.62,2026-09-30,2301,N,nominal,2.0NRT,297.94,1.34,N
22.0791,55.981,309.74,0.58,0.7,2026-09-30,2301,N,nominal,2.0NRT,294.58,1.92,N
22.52457,54.05245,313.8,0.43,0.62,2026-09-30,2301,N,nominal,2.0NRT,298.16,1.15,N
38.30607,101.5676,332.11,0.71,0.75,2026-10-01,0514,N,nominal,2.0NRT,293.95,8.66,D
38.30503,101.56734,336.22,0.71,0.75,2026-10-01,0514,N,nominal,2.0NRT,294.21,8.43,D
7.74567,100.32931,340.02,0.4,0.37,2026-10-01,0646,N,nominal,2.0NRT,296.19,3.06,D
10.90697,99.50342,331.03,0.4,0.37,2026-10-01,0646,N,low,2.0NRT,302.99,8.15,D
12.71813,101.14722,336.29,0.39,0.36,2026-10-01,0648,N,nominal,2.0NRT,295.8,3.08,D
13.46854,101.03621,332.1,0.39,0.36,2026-10-01,0648,N,nominal,2.0NRT,293.96,2.15,D
14.05625,99.96335,331.83,0.38,0.36,2026-10-01,0648,N,low,2.0NRT,302.15,4.24,D
14.4382,100.75874,331.45,0.39,0.36,2026-10-01,0648,N,nominal,2.0NRT,296.55,0.95,D
14.34744,99.6815,335.31,0.39,0.36,2026-10-01,0648,N,nominal,2.0NRT,292.83,3.29,D
14.67464,100.80113,331.83,0.39,0.36,2026-10-01,0648,N,nominal,2.0NRT,299.45,3.39,D
14.70098,100.5296,333.47,0.39,0.36,2026-10-01,0648,N,nominal,2.0NRT,296.25,1.74,D
14.72086,100.52642,334.09,0.39,0.36,2026-10-01,0648,N,nominal,2.0NRT,296.86,3.71,D
14.70566,99.96046,333.84,0.38,0.36,2026-10-01,0648,N,nominal,2.0NRT,296.42,2.43,D
14.84168,100.74419,331.24,0.39,0.36,2026-10-01,0648,N,nominal,2.0NRT,296.13,2.22,D
15.00345,100.73992,336.21,0.39,0.36,2026-10-01,0648,N,nominal,2.0NRT,297.07,2.43,D
14.97602,100.53551,331.06,0.39,0.36,2026-10-01,0648,N,nominal,2.0NRT,297.14,2.13,D
15.01462,100.50021,330.38,0.39,0.36,2026-10-01,0648,N,nominal,2.0NRT,295.91,1.88,D
14.98391,100.05302,341.04,0.38,0.36,2026-10-01,0648,N,nominal,2.0NRT,296.32,3.32,D
15.07697,100.50851,346.86,0.39,0.36,2026-10-01,0648,N,nominal,2.0NRT,298.82,4.9,D
15.11523,100.62689,339.13,0.39,0.36,2026-10-01,0648,N,nominal,2.0NRT,299.33,5.29,D
15.16913,100.62867,334.31,0.39,0.36,2026-10-01,0648,N,nominal,2.0NRT,297.2,2.83,D
15.09981,99.99349,333.28,0.38,0.36,2026-10-01,0648,N,nominal,2.0NRT,297.6,3.11,D
15.26222,100.73096,333.91,0.39,0.36,2026-10-01,0648,N,nominal,2.0NRT,295.53,2.53,D
15.16893,100.11295,331.96,0.38,0.36,2026-10-01,0648,N,nominal,2.0NRT,298.45,2.33,D
15.26714,100.46955,336.06,0.39,0.36,2026-10-01,0648,N,nominal,2.0NRT,294.88,3.63,D
15.26656,100.08921,337.09,0.38,0.36,2026-10-01,0648,N,nominal,2.0NRT,295.67,2.68,D
15.31376,99.86632,331.72,0.38,0.36,2026-10-01,0648,N,nominal,2.0NRT,297.12,2.75,D
15.5356,100.27889,333.94,0.38,0.36,2026-10-01,0648,N,nominal,2.0NRT,296.62,2.89,D
16.21084,100.26999,332.4,0.39,0.36,2026-10-01,0648,N,nominal,2.0NRT,296.12,2.25,D
16.21416,100.26945,335.09,0.39,0.36,2026-10-01,0648,N,nominal,2.0NRT,296.21,3.91,D
16.24441,100.04376,336.87,0.38,0.36,2026-10-01,0648,N,nominal,2.0NRT,295.92,3.48,D
16.02772,98.37123,335.53,0.4,0.37,2026-10-01,0648,N,nominal,2.0NRT,298.95,3.14,D
16.38656,99.86644,332.72,0.38,0.36,2026-10-01,0648,N,nominal,2.0NRT,297.23,2.22,D
16.61684,100.46995,337.45,0.39,0.36,2026-10-01,0648,N,nominal,2.0NRT,297.66,2.77,D
16.57046,99.91977,333.04,0.38,0.36,2026-10-01,0648,N,nominal,2.0NRT,297.84,1.86,D
17.07835,100.10081,335.02,0.39,0.36,2026-10-01,0648,N,nominal,2.0NRT,298.42,3.33,D
17.67262,101.33791,333.83,0.41,0.37,2026-10-01,0648,N,nominal,2.0NRT,298.51,2.27,D
17.54229,100.44537,335.11,0.39,0.36,2026-10-01,0648,N,nominal,2.0NRT,297.34,2.21,D
17.60337,100.49545,334.85,0.39,0.36,2026-10-01,0648,N,nominal,2.0NRT,297.82,4.22,D
17.59607,100.21564,342.56,0.39,0.36,2026-10-01,0648,N,nominal,2.0NRT,298.81,3.97,D
17.5994,100.21511,335.78,0.39,0.36,2026-10-01,0648,N,nominal,2.0NRT,298.1,4.49,D
18.85257,100.16618,332.07,0.39,0.36,2026-10-01,0650,N,nominal,2.0NRT,298.71,3.32,D
18.83425,99.99564,334.81,0.39,0.36,2026-10-01,0650,N,nominal,2.0NRT,297.7,4.52,D
19.89318,100.09074,337.7,0.39,0.36,2026-10-01,0650,N,nominal,2.0NRT,299.27,3.57,D
20.968,85.17603,326.17,0.62,0.71,2026-10-01,0650,N,low,2.0NRT,296.88,5.92,D
26.19698,90.50164,332.49,0.46,0.47,2026-10-01,0652,N,nominal,2.0NRT,298.99,1.49,D
28.05147,95.8957,325.87,0.39,0.36,2026-10-01,0652,N,nominal,2.0NRT,295.06,1.38,D
28.42719,92.41805,336.17,0.5,0.41,2026-10-01,0652,N,low,2.0NRT,306.7,5.35,D
29.64446,91.29312,326.93,0.54,0.42,2026-10-01,0652,N,low,2.0NRT,300.48,6.13,D
29.64495,91.29037,334.02,0.54,0.42,2026-10-01,0652,N,nominal,2.0NRT,299.18,4.07,D
29.64874,91.28924,331.19,0.54,0.42,2026-10-01,0652,N,nominal,2.0NRT,300.39,4.07,D
36.27627,99.71119,342.05,0.53,0.42,2026-10-01,0654,N,nominal,2.0NRT,300.25,7.33,D
36.86494,101.6732,328.31,0.45,0.47,2026-10-01,0654,N,nominal,2.0NRT,297.05,3.39,D
7.74164,80.08393,336.76,0.49,0.4,2026-10-01,0828,N,nominal,2.0NRT,298.91,8.22,D
36.45468,94.91351,335.85,0.39,0.36,2026-10-01,0654,N,nominal,2.0NRT,303.41,3.06,D
7.8871,80.89134,332.1,0.55,0.43,2026-10-01,0828,N,nominal,2.0NRT,293.43,5.02,D
8.0543,80.69315,343.84,0.54,0.42,2026-10-01,0828,N,nominal,2.0NRT,300.51,7.82,D
8.11077,80.37022,335.39,0.52,0.41,2026-10-01,0828,N,nominal,2.0NRT,296.91,2.6,D
8.22,81.04875,331.39,0.57,0.43,2026-10-01,0828,N,nominal,2.0NRT,299.75,5,D
8.28008,80.73605,334.53,0.54,0.42,2026-10-01,0828,N,nominal,2.0NRT,296.52,5.18,D
8.2091,80.14625,337.64,0.5,0.41,2026-10-01,0828,N,nominal,2.0NRT,302.54,4.96,D
8.28026,80.73795,330.27,0.54,0.42,2026-10-01,0828,N,nominal,2.0NRT,297.09,5.67,D
8.21303,80.14688,332.41,0.5,0.41,2026-10-01,0828,N,nominal,2.0NRT,301,4.68,D
8.23751,80.2653,335.67,0.51,0.41,2026-10-01,0828,N,nominal,2.0NRT,295.98,2.32,D
8.30662,80.6989,332.7,0.54,0.42,2026-10-01,0828,N,nominal,2.0NRT,294.69,4.4,D
8.24543,80.21234,337.04,0.51,0.41,2026-10-01,0828,N,nominal,2.0NRT,303.55,3.94,D
8.39935,80.76165,335.65,0.55,0.42,2026-10-01,0828,N,nominal,2.0NRT,301.59,9.69,D
8.39958,80.76382,339.37,0.55,0.43,2026-10-01,0828,N,nominal,2.0NRT,302.52,7.15,D
8.33625,80.20077,334.08,0.51,0.41,2026-10-01,0828,N,nominal,2.0NRT,301.75,4.74,D
8.38971,80.41295,333.83,0.52,0.42,2026-10-01,0828,N,nominal,2.0NRT,302.33,6.76,D
8.39014,80.38862,330.63,0.52,0.42,2026-10-01,0828,N,nominal,2.0NRT,297.81,3.65,D
8.35745,80.16013,330.46,0.51,0.41,2026-10-01,0828,N,nominal,2.0NRT,296.22,3.74,D
8.40887,80.41022,339.73,0.52,0.42,2026-10-01,0828,N,nominal,2.0NRT,301.84,8.38,D
8.50992,80.25771,349.07,0.51,0.41,2026-10-01,0828,N,nominal,2.0NRT,303.8,11.15,D
8.58553,80.69866,338.49,0.55,0.42,2026-10-01,0828,N,nominal,2.0NRT,302.99,5.24,D
8.63819,80.56268,336.53,0.54,0.42,2026-10-01,0828,N,nominal,2.0NRT,304.34,8.37,D
8.76052,80.58287,334.77,0.54,0.42,2026-10-01,0828,N,nominal,2.0NRT,304.77,3.63,D
39.70531,98.02763,335.05,0.49,0.4,2026-10-01,0654,N,nominal,2.0NRT,304.93,3.6,D
8.76415,80.49776,337.41,0.53,0.42,2026-10-01,0828,N,nominal,2.0NRT,303.2,7.16,D
39.70966,98.03268,337.82,0.49,0.4,2026-10-01,0654,N,nominal,2.0NRT,305.28,4.26,D
8.84128,78.00632,341.64,0.41,0.37,2026-10-01,0828,N,nominal,2.0NRT,301.88,6.11,D
8.92758,77.74334,342.59,0.4,0.37,2026-10-01,0828,N,nominal,2.0NRT,296.33,3.96,D
39.82427,98.69053,332.05,0.52,0.42,2026-10-01,0654,N,nominal,2.0NRT,304.7,2.3,D
9.42319,80.33737,335.6,0.53,0.42,2026-10-01,0828,N,nominal,2.0NRT,302.71,9.6,D
9.4248,80.3391,340.93,0.53,0.42,2026-10-01,0828,N,nominal,2.0NRT,303.63,8.3,D
39.80503,96.88708,335.81,0.44,0.39,2026-10-01,0654,N,low,2.0NRT,306.68,2.79,D
9.42731,80.32883,341.04,0.53,0.42,2026-10-01,0828,N,nominal,2.0NRT,300.93,10.81,D
9.17016,77.91811,340.87,0.41,0.37,2026-10-01,0828,N,nominal,2.0NRT,307.31,8.53,D
9.49259,78.67966,338.88,0.44,0.38,2026-10-01,0828,N,nominal,2.0NRT,302.05,3.32,D
9.33211,77.41198,347.44,0.4,0.37,2026-10-01,0828,N,nominal,2.0NRT,304.56,9.74,D
9.65645,78.92221,337.06,0.45,0.39,2026-10-01,0828,N,nominal,2.0NRT,301.19,1.6,D
9.70301,78.81469,334.12,0.45,0.39,2026-10-01,0828,N,nominal,2.0NRT,298.38,2.66,D
9.96278,78.20811,331.07,0.43,0.38,2026-10-01,0828,N,nominal,2.0NRT,300.97,1.46,D
9.99021,78.11714,331.29,0.42,0.38,2026-10-01,0828,N,nominal,2.0NRT,296.03,2.04,D
10.15436,78.70897,335.95,0.45,0.39,2026-10-01,0828,N,nominal,2.0NRT,300.19,3.32,D
10.2558,78.90551,341.93,0.46,0.39,2026-10-01,0828,N,nominal,2.0NRT,299.18,5,D
10.57024,79.31104,330.67,0.48,0.4,2026-10-01,0828,N,nominal,2.0NRT,299.92,2.71,D
10.495,77.49612,335.25,0.41,0.37,2026-10-01,0828,N,low,2.0NRT,305.36,2.64,D
10.48664,77.19983,337.43,0.4,0.37,2026-10-01,0828,N,nominal,2.0NRT,301.67,1.76,D
10.66777,77.85938,331.37,0.42,0.38,2026-10-01,0828,N,nominal,2.0NRT,301.14,1.75,D
10.77234,76.50561,334.23,0.39,0.36,2026-10-01,0828,N,nominal,2.0NRT,296.64,1.56,D
10.88764,77.20576,336.4,0.4,0.37,2026-10-01,0828,N,nominal,2.0NRT,301.65,4.06,D
10.98076,77.26665,335.64,0.4,0.37,2026-10-01,0828,N,nominal,2.0NRT,302.76,1.69,D
10.98022,77.26296,335.3,0.4,0.37,2026-10-01,0828,N,nominal,2.0NRT,301.68,1.69,D
11.58609,79.64046,333.31,0.52,0.41,2026-10-01,0828,N,nominal,2.0NRT,300.48,1.35,D
11.97933,79.37566,334.37,0.51,0.41,2026-10-01,0828,N,nominal,2.0NRT,299.31,5.81,D
11.97858,79.37245,334.31,0.51,0.41,2026-10-01,0828,N,nominal,2.0NRT,299.05,5.89,D
13.10711,75.15337,333.51,0.38,0.36,2026-10-01,0828,N,nominal,2.0NRT,296.78,2.24,D
13.79512,79.84664,336.32,0.57,0.43,2026-10-01,0828,N,nominal,2.0NRT,295.75,3.4,D
14.64925,77.10971,341.31,0.42,0.38,2026-10-01,0830,N,nominal,2.0NRT,296.45,3.21,D
14.48248,75.63831,333.95,0.39,0.36,2026-10-01,0830,N,nominal,2.0NRT,302.85,2.51,D
14.52242,75.63203,334.1,0.39,0.36,2026-10-01,0830,N,nominal,2.0NRT,301.59,3.28,D
14.52575,75.6315,331.03,0.39,0.36,2026-10-01,0830,N,low,2.0NRT,302.4,2.78,D
14.61301,75.26563,333.69,0.39,0.36,2026-10-01,0830,N,nominal,2.0NRT,300.12,3.02,D
15.20123,78.56314,340.37,0.5,0.41,2026-10-01,0830,N,nominal,2.0NRT,305.89,8.6,D
15.20058,78.5585,335.09,0.5,0.41,2026-10-01,0830,N,low,2.0NRT,306.66,5.18,D
15.19787,78.56059,343.24,0.5,0.41,2026-10-01,0830,N,nominal,2.0NRT,303.52,3.48,D
15.20162,78.56003,342.46,0.5,0.41,2026-10-01,0830,N,nominal,2.0NRT,307.13,6.4,D
14.94199,75.99251,336.76,0.4,0.37,2026-10-01,0830,N,nominal,2.0NRT,299.29,2.46,D
14.94336,75.99177,347.46,0.4,0.37,2026-10-01,0830,N,nominal,2.0NRT,299.26,5.95,D
15.10197,76.89828,333.46,0.42,0.38,2026-10-01,0830,N,nominal,2.0NRT,298.84,2.21,D
16.05314,80.14682,333.53,0.42,0.45,2026-10-01,0830,N,nominal,2.0NRT,302.34,3.84,D
16.05419,80.14674,337.18,0.42,0.45,2026-10-01,0830,N,nominal,2.0NRT,302.03,4.09,D
15.82515,78.30957,331.92,0.49,0.4,2026-10-01,0830,N,low,2.0NRT,302.97,2.75,D
15.46761,75.21387,332.6,0.39,0.36,2026-10-01,0830,N,low,2.0NRT,304.12,1.79,D
15.73539,75.51096,336.66,0.39,0.36,2026-10-01,0830,N,nominal,2.0NRT,306.1,3.48,D
15.7374,75.51015,336.65,0.39,0.36,2026-10-01,0830,N,nominal,2.0NRT,303.31,1.82,D
15.89215,76.48196,331.43,0.41,0.37,2026-10-01,0830,N,low,2.0NRT,303.44,1.91,D
15.84156,75.48206,333.21,0.39,0.36,2026-10-01,0830,N,low,2.0NRT,305.32,3.99,D
16.44864,79.44863,339.16,0.39,0.44,2026-10-01,0830,N,nominal,2.0NRT,297.84,2.73,D
16.12859,75.54476,337.76,0.39,0.36,2026-10-01,0830,N,nominal,2.0NRT,307.02,2.04,D
16.91229,78.30808,332.48,0.51,0.41,2026-10-01,0830,N,low,2.0NRT,303.27,2.78,D
16.92335,78.07688,333.43,0.49,0.4,2026-10-01,0830,N,nominal,2.0NRT,301.28,4.29,D
17.38884,80.49394,330.82,0.46,0.47,2026-10-01,0830,N,nominal,2.0NRT,298.37,3.29,D
17.38984,80.49478,330.95,0.46,0.47,2026-10-01,0830,N,nominal,2.0NRT,298.31,3.47,D
17.99044,82.95481,328.87,0.34,0.56,2026-10-01,0830,N,nominal,2.0NRT,290.84,1.18,D
17.99118,82.95425,330.28,0.34,0.56,2026-10-01,0830,N,nominal,2.0NRT,290.64,1.36,D
17.26654,75.15054,343.04,0.39,0.36,2026-10-01,0830,N,nominal,2.0NRT,308.38,5.05,D
17.28424,75.17773,332.27,0.39,0.36,2026-10-01,0830,N,low,2.0NRT,305.99,1.81,D
17.62936,75.71758,333.66,0.4,0.37,2026-10-01,0830,N,low,2.0NRT,308.19,4.01,D
17.53129,74.97627,333.72,0.39,0.36,2026-10-01,0830,N,low,2.0NRT,306.27,2.23,D
17.90114,74.71369,334.95,0.39,0.36,2026-10-01,0830,N,nominal,2.0NRT,302.52,1.47,D
18.8784,78.39811,338.34,0.54,0.42,2026-10-01,0830,N,nominal,2.0NRT,299.45,4.81,D
18.50013,74.44566,336.33,0.39,0.36,2026-10-01,0830,N,nominal,2.0NRT,305.4,2.17,D
18.51314,74.23863,334.95,0.39,0.36,2026-10-01,0830,N,nominal,2.0NRT,301.3,1.71,D
18.57499,74.1348,338.55,0.38,0.36,2026-10-01,0830,N,nominal,2.0NRT,305.7,8.93,D
19.24516,77.42312,330.74,0.48,0.4,2026-10-01,0830,N,low,2.0NRT,303.35,2.59,D
18.68304,73.03576,333.19,0.39,0.36,2026-10-01,0830,N,nominal,2.0NRT,302.99,2.95,D
18.68578,73.03152,334.05,0.39,0.36,2026-10-01,0830,N,nominal,2.0NRT,304.02,2.95,D
19.0549,73.01181,336.23,0.39,0.36,2026-10-01,0830,N,nominal,2.0NRT,300.78,1.92,D
20.96916,85.17443,332.71,0.51,0.66,2026-10-01,0830,N,nominal,2.0NRT,295.75,3.72,D
20.72713,76.99412,334.09,0.48,0.4,2026-10-01,0830,N,nominal,2.0NRT,303.43,1.62,D
20.51367,74.11801,345.93,0.39,0.36,2026-10-01,0833,N,nominal,2.0NRT,305.13,8.06,D
21.74689,83.8438,337.34,0.43,0.62,2026-10-01,0833,N,nominal,2.0NRT,300.13,6.9,D
21.75265,83.84332,329.08,0.43,0.62,2026-10-01,0833,N,low,2.0NRT,299.33,7.72,D
21.13013,75.82262,338.99,0.43,0.38,2026-10-01,0833,N,nominal,2.0NRT,307.62,5,D
22.37583,87.28114,326.59,0.72,0.76,2026-10-01,0833,N,nominal,2.0NRT,293.44,9.48,D
21.24204,76.2944,334.56,0.45,0.39,2026-10-01,0833,N,nominal,2.0NRT,305.24,2.04,D
21.24387,76.29494,331.8,0.45,0.39,2026-10-01,0833,N,low,2.0NRT,304.63,3.04,D
21.22645,76.08258,336.48,0.44,0.39,2026-10-01,0833,N,nominal,2.0NRT,305.4,2.35,D
21.17565,75.50218,332.86,0.42,0.38,2026-10-01,0833,N,low,2.0NRT,306.77,1.58,D
21.38871,74.86161,335.84,0.4,0.37,2026-10-01,0833,N,low,2.0NRT,308.54,3.2,D
21.10535,72.64744,343.85,0.39,0.36,2026-10-01,0833,N,nominal,2.0NRT,309.45,8.01,D
21.10362,72.63634,346.7,0.39,0.36,2026-10-01,0833,N,nominal,2.0NRT,304.98,9.58,D
21.11024,72.63516,333.71,0.39,0.36,2026-10-01,0833,N,low,2.0NRT,305.86,3.12,D
22.36081,82.30225,342,0.35,0.57,2026-10-01,0833,N,nominal,2.0NRT,302.5,7.54,D
20.9484,71.36459,339.13,0.41,0.37,2026-10-01,0833,N,nominal,2.0NRT,303.09,4.07,D
21.72665,75.58475,331.9,0.43,0.38,2026-10-01,0833,N,nominal,2.0NRT,306.73,0.85,D
22.59635,76.86835,331.03,0.5,0.41,2026-10-01,0833,N,low,2.0NRT,305.71,3.62,D
22.07831,72.83035,330.97,0.38,0.36,2026-10-01,0833,N,low,2.0NRT,305.24,1.08,D
22.66504,76.95376,335.05,0.5,0.41,2026-10-01,0833,N,low,2.0NRT,309.12,5.23,D
22.71728,77.12204,337.63,0.51,0.41,2026-10-01,0833,N,nominal,2.0NRT,307.8,4.13,D
22.73356,76.30598,333.32,0.47,0.4,2026-10-01,0833,N,low,2.0NRT,308,4.23,D
22.74537,76.25439,334.48,0.47,0.39,2026-10-01,0833,N,low,2.0NRT,306.18,2.81,D
22.63044,75.33266,337.76,0.43,0.38,2026-10-01,0833,N,low,2.0NRT,312.32,4.22,D
22.65009,75.3465,337.4,0.43,0.38,2026-10-01,0833,N,nominal,2.0NRT,309.46,1.56,D
22.65896,75.28164,340.12,0.42,0.38,2026-10-01,0833,N,low,2.0NRT,313.92,2.9,D
22.68078,75.36284,339.42,0.43,0.38,2026-10-01,0833,N,low,2.0NRT,312.4,2.7,D
22.3745,73.1506,338.27,0.38,0.36,2026-10-01,0833,N,nominal,2.0NRT,306,3.62,D
22.67996,75.15245,340.72,0.42,0.38,2026-10-01,0833,N,nominal,2.0NRT,314.84,4,D
22.7231,75.43709,337.15,0.43,0.38,2026-10-01,0833,N,low,2.0NRT,310.63,3.09,D
22.7307,75.3634,348.41,0.43,0.38,2026-10-01,0833,N,nominal,2.0NRT,315.25,8.75,D
22.7278,75.29182,343.5,0.43,0.38,2026-10-01,0833,N,low,2.0NRT,315.02,4.13,D
22.84285,75.6269,340.53,0.44,0.38,2026-10-01,0833,N,nominal,2.0NRT,313.41,2.77,D
22.85224,75.64291,341.47,0.44,0.38,2026-10-01,0833,N,nominal,2.0NRT,312.02,1.12,D
22.83836,75.41172,339.75,0.43,0.38,2026-10-01,0833,N,low,2.0NRT,314.73,3.36,D
22.87862,75.54813,341.35,0.44,0.38,2026-10-01,0833,N,nominal,2.0NRT,311.27,5.35,D
22.914,75.43897,339.86,0.43,0.38,2026-10-01,0833,N,low,2.0NRT,314.52,5.17,D
22.97645,75.71204,342.9,0.44,0.39,2026-10-01,0833,N,nominal,2.0NRT,312.79,4.62,D
22.94942,75.24609,343.02,0.43,0.38,2026-10-01,0833,N,nominal,2.0NRT,313.29,2.26,D
22.94772,75.23364,340.19,0.43,0.38,2026-10-01,0833,N,low,2.0NRT,314.34,3.77,D
23.06889,75.46689,338.5,0.43,0.38,2026-10-01,0833,N,low,2.0NRT,313.46,2.04,D
23.19462,76.00306,343.44,0.46,0.39,2026-10-01,0833,N,nominal,2.0NRT,313.08,4.54,D
23.24234,75.68718,336.79,0.45,0.39,2026-10-01,0833,N,low,2.0NRT,309.92,1.47,D
23.55439,78.00951,331.19,0.39,0.44,2026-10-01,0833,N,low,2.0NRT,305.64,3.24,D
23.45107,77.09869,335.08,0.52,0.42,2026-10-01,0833,N,low,2.0NRT,308.36,5.1,D
23.53873,77.06731,336.67,0.52,0.41,2026-10-01,0833,N,low,2.0NRT,309.01,6.13,D
23.54453,76.58942,335.52,0.49,0.4,2026-10-01,0833,N,low,2.0NRT,307.78,3.31,D
23.38564,75.2563,341.17,0.43,0.38,2026-10-01,0833,N,nominal,2.0NRT,314.99,1.94,D
23.47128,75.70678,335.92,0.45,0.39,2026-10-01,0833,N,low,2.0NRT,310.55,1.49,D
24.00552,77.82178,333.66,0.39,0.44,2026-10-01,0833,N,nominal,2.0NRT,307.31,2.41,D
23.26663,69.69781,335.08,0.44,0.39,2026-10-01,0833,N,low,2.0NRT,309.56,2.24,D
23.2662,69.69945,335.44,0.44,0.39,2026-10-01,0833,N,low,2.0NRT,309.32,2.99,D
23.86959,71.82667,339,0.39,0.36,2026-10-01,0833,N,nominal,2.0NRT,309.99,4.16,D
23.42614,68.55688,335.41,0.5,0.41,2026-10-01,0833,N,nominal,2.0NRT,305.39,2.97,D
24.93969,76.49097,337.83,0.5,0.41,2026-10-01,0833,N,low,2.0NRT,311.31,3.34,D
25.44836,75.04951,336.74,0.44,0.38,2026-10-01,0833,N,nominal,2.0NRT,305.74,3.55,D
24.93783,67.97192,338.92,0.5,0.41,2026-10-01,0833,N,nominal,2.0NRT,307.33,5.51,D
25.10184,68.41149,332.56,0.48,0.4,2026-10-01,0833,N,nominal,2.0NRT,305.01,2.29,D
25.65897,69.23344,334.05,0.44,0.38,2026-10-01,0833,N,nominal,2.0NRT,307.68,1.29,D
26.53048,74.81424,338.15,0.44,0.38,2026-10-01,0833,N,nominal,2.0NRT,310.02,1.62,D
26.07759,66.37812,333.81,0.39,0.44,2026-10-01,0833,N,low,2.0NRT,307.32,2.09,D
28.07035,77.6895,335.87,0.42,0.45,2026-10-01,0833,N,nominal,2.0NRT,300.66,2.01,D
28.07036,77.68987,333.97,0.42,0.46,2026-10-01,0833,N,nominal,2.0NRT,300.69,2.19,D
27.92755,76.29298,339.74,0.53,0.42,2026-10-01,0833,N,low,2.0NRT,311.75,5.59,D
28.13563,77.62385,342.32,0.42,0.45,2026-10-01,0833,N,nominal,2.0NRT,301.46,2.75,D
28.13982,77.62328,331.86,0.42,0.45,2026-10-01,0833,N,nominal,2.0NRT,300.78,2.75,D
28.26084,77.35455,334.73,0.41,0.45,2026-10-01,0833,N,nominal,2.0NRT,300.61,1.6,D
28.32816,77.50861,334.35,0.42,0.45,2026-10-01,0833,N,nominal,2.0NRT,300.9,2.3,D
27.96164,68.90907,336.32,0.42,0.38,2026-10-01,0835,N,low,2.0NRT,307.8,6.44,D
29.5934,76.01209,335.08,0.54,0.42,2026-10-01,0835,N,nominal,2.0NRT,302.24,2.29,D
29.59392,76.01521,334.7,0.54,0.42,2026-10-01,0835,N,nominal,2.0NRT,304.11,3.13,D
29.08037,70.27804,349.52,0.39,0.36,2026-10-01,0835,N,nominal,2.0NRT,311.47,6.41,D
29.5332,73.1814,341.67,0.41,0.37,2026-10-01,0835,N,nominal,2.0NRT,309.27,3.63,D
27.20565,60.64334,335.32,0.4,0.6,2026-10-01,0835,N,low,2.0NRT,307.92,2.44,D
28.86929,67.60899,339.06,0.46,0.39,2026-10-01,0835,N,low,2.0NRT,310.9,3.59,D
28.87371,67.61285,338.37,0.46,0.39,2026-10-01,0835,N,low,2.0NRT,310.2,2.88,D
29.48163,70.56012,338.8,0.39,0.36,2026-10-01,0835,N,nominal,2.0NRT,306.24,2.42,D
29.4903,70.46867,336.59,0.39,0.36,2026-10-01,0835,N,low,2.0NRT,308.49,5.64,D
29.50038,70.44617,331.92,0.39,0.36,2026-10-01,0835,N,low,2.0NRT,306.7,1.13,D
29.97616,73.11026,335.04,0.41,0.37,2026-10-01,0835,N,nominal,2.0NRT,304.94,5.64,D
30.02492,73.13757,337.91,0.41,0.37,2026-10-01,0835,N,nominal,2.0NRT,305.37,4.37,D
30.61206,76.81929,340.54,0.41,0.45,2026-10-01,0835,N,nominal,2.0NRT,303.53,3.87,D
30.62704,76.65929,331.43,0.4,0.44,2026-10-01,0835,N,nominal,2.0NRT,300.68,2.47,D
30.32547,73.42484,343.3,0.42,0.38,2026-10-01,0835,N,nominal,2.0NRT,306.6,8.69,D
30.39105,73.64681,334.58,0.43,0.38,2026-10-01,0835,N,nominal,2.0NRT,302.48,2.62,D
30.34141,73.24358,330.73,0.42,0.38,2026-10-01,0835,N,nominal,2.0NRT,302.94,1.89,D
30.42536,73.58115,346.25,0.43,0.38,2026-10-01,0835,N,nominal,2.0NRT,305.98,5.36,D
30.70469,74.18742,335.25,0.46,0.39,2026-10-01,0835,N,low,2.0NRT,305.45,1.47,D
30.6914,73.74635,333.49,0.44,0.38,2026-10-01,0835,N,low,2.0NRT,306.24,2.55,D
30.71667,73.9116,347.87,0.44,0.39,2026-10-01,0835,N,nominal,2.0NRT,305.39,9.49,D
30.72022,73.911,346.74,0.44,0.39,2026-10-01,0835,N,nominal,2.0NRT,303.55,9.49,D
30.79854,73.7951,335.54,0.44,0.38,2026-10-01,0835,N,nominal,2.0NRT,304.06,3.09,D
30.60234,71.76935,330.52,0.39,0.36,2026-10-01,0835,N,low,2.0NRT,304.41,2.36,D
31.02212,74.44208,337.25,0.47,0.4,2026-10-01,0835,N,nominal,2.0NRT,302.95,3.54,D
30.99517,74.22249,333.56,0.46,0.39,2026-10-01,0835,N,nominal,2.0NRT,304.36,1.92,D
31.02644,74.3561,334.5,0.47,0.39,2026-10-01,0835,N,low,2.0NRT,305.06,5.41,D
31.06897,74.55081,347.28,0.48,0.4,2026-10-01,0835,N,nominal,2.0NRT,304.85,4.76,D
31.07263,74.55021,331.19,0.48,0.4,2026-10-01,0835,N,low,2.0NRT,304.27,4.76,D
31.09102,74.60854,342.17,0.48,0.4,2026-10-01,0835,N,nominal,2.0NRT,303.59,4.51,D
31.09718,74.62806,334.84,0.48,0.4,2026-10-01,0835,N,nominal,2.0NRT,301.92,2.13,D
31.10024,74.62242,330.71,0.48,0.4,2026-10-01,0835,N,low,2.0NRT,303.38,4.26,D
31.04419,73.86015,333.16,0.45,0.39,2026-10-01,0835,N,low,2.0NRT,307.36,1.81,D
31.12821,74.34193,333.94,0.47,0.4,2026-10-01,0835,N,nominal,2.0NRT,306.82,2.84,D
31.13185,74.34132,337.37,0.47,0.4,2026-10-01,0835,N,nominal,2.0NRT,304.8,2.84,D
31.03981,73.47316,333.88,0.43,0.38,2026-10-01,0835,N,nominal,2.0NRT,302.07,3.43,D
31.17375,74.43999,331.69,0.47,0.4,2026-10-01,0835,N,nominal,2.0NRT,303.63,1.98,D
31.46166,74.57589,334.94,0.48,0.4,2026-10-01,0835,N,nominal,2.0NRT,301.85,4.37,D
31.46357,74.57303,330.9,0.48,0.4,2026-10-01,0835,N,low,2.0NRT,301.94,2.78,D
31.66927,74.98784,332.44,0.51,0.41,2026-10-01,0835,N,nominal,2.0NRT,303.58,2.6,D
31.62707,74.21121,348.23,0.47,0.39,2026-10-01,0835,N,nominal,2.0NRT,308.32,6.81,D
31.62706,74.20932,346.48,0.47,0.39,2026-10-01,0835,N,nominal,2.0NRT,308.61,5.77,D
31.74843,74.46946,336.46,0.48,0.4,2026-10-01,0835,N,nominal,2.0NRT,301.97,3.52,D
31.67701,73.57209,331.46,0.44,0.38,2026-10-01,0835,N,low,2.0NRT,301.93,4.67,D
31.82073,74.67986,336.71,0.49,0.4,2026-10-01,0835,N,nominal,2.0NRT,302.39,5.26,D
31.84672,74.6122,334.27,0.49,0.4,2026-10-01,0835,N,nominal,2.0NRT,301.62,4.04,D
31.78777,73.81272,335.09,0.45,0.39,2026-10-01,0835,N,nominal,2.0NRT,301.4,2.12,D
31.91712,74.74688,335.96,0.5,0.41,2026-10-01,0835,N,nominal,2.0NRT,303.25,3.64,D
31.93505,74.868,333.05,0.5,0.41,2026-10-01,0835,N,nominal,2.0NRT,300.8,2.97,D
31.91447,74.16499,347,0.47,0.4,2026-10-01,0835,N,nominal,2.0NRT,301.4,8.02,D
31.91385,74.16005,334.53,0.47,0.4,2026-10-01,0835,N,nominal,2.0NRT,301.83,8.02,D
31.78957,73.08615,334.5,0.43,0.38,2026-10-01,0835,N,nominal,2.0NRT,302.6,3.58,D
31.9448,74.16999,342.57,0.47,0.4,2026-10-01,0835,N,nominal,2.0NRT,302.23,4.89,D
31.86695,73.53561,333.37,0.44,0.38,2026-10-01,0835,N,nominal,2.0NRT,301.44,2.33,D
31.94404,74.16706,333.1,0.47,0.4,2026-10-01,0835,N,nominal,2.0NRT,301.16,5,D
31.86555,73.53249,333.64,0.44,0.38,2026-10-01,0835,N,nominal,2.0NRT,302.79,2.68,D
31.93571,74.00772,337.86,0.46,0.39,2026-10-01,0835,N,nominal,2.0NRT,305.04,7.78,D
31.9907,74.43111,330.74,0.48,0.4,2026-10-01,0835,N,nominal,2.0NRT,299.93,4.31,D
31.99009,74.42601,332.85,0.48,0.4,2026-10-01,0835,N,nominal,2.0NRT,300.21,4.31,D
32.00037,73.66057,332.2,0.45,0.39,2026-10-01,0835,N,low,2.0NRT,302.97,2.3,D
31.82682,72.33753,340.88,0.41,0.37,2026-10-01,0835,N,nominal,2.0NRT,301.2,2.61,D
31.86102,72.38381,332.42,0.41,0.37,2026-10-01,0835,N,nominal,2.0NRT,301.96,1.71,D
32.08607,73.48826,333.79,0.44,0.39,2026-10-01,0835,N,nominal,2.0NRT,302.69,3.28,D
32.14748,73.83239,337.72,0.46,0.39,2026-10-01,0835,N,nominal,2.0NRT,300.65,4.64,D
32.19444,73.94353,331.04,0.46,0.39,2026-10-01,0835,N,low,2.0NRT,301.75,3.58,D
32.1956,73.92337,336.93,0.46,0.39,2026-10-01,0835,N,nominal,2.0NRT,302.34,2.26,D
32.21971,73.93922,340.18,0.46,0.39,2026-10-01,0835,N,nominal,2.0NRT,302.68,3.87,D
32.22332,73.93859,341.73,0.46,0.39,2026-10-01,0835,N,nominal,2.0NRT,302.15,3.87,D
32.23363,73.96184,330.61,0.46,0.39,2026-10-01,0835,N,low,2.0NRT,303.36,4.15,D
32.26781,74.20445,332.44,0.47,0.4,2026-10-01,0835,N,nominal,2.0NRT,300.63,3.61,D
31.8134,70.80595,331.92,0.39,0.36,2026-10-01,0835,N,nominal,2.0NRT,302.97,1.95,D
32.27399,73.30095,341.16,0.44,0.38,2026-10-01,0835,N,nominal,2.0NRT,302.25,7.53,D
32.52992,74.16749,336.03,0.47,0.4,2026-10-01,0835,N,nominal,2.0NRT,304.62,3.32,D
32.45384,73.35632,336.22,0.44,0.38,2026-10-01,0835,N,nominal,2.0NRT,300.22,2.6,D
33.29699,71.18822,335.12,0.39,0.36,2026-10-01,0835,N,nominal,2.0NRT,302.37,1.74,D
30.08452,55.40173,332.55,0.69,0.74,2026-10-01,0835,N,low,2.0NRT,307.32,2.73,D
34.4791,63.93707,335.74,0.56,0.43,2026-10-01,0837,N,nominal,2.0NRT,308.27,4.81,D
36.32334,62.63979,343.92,0.4,0.44,2026-10-01,0837,N,nominal,2.0NRT,306.57,33.08,D
37.03127,62.41969,346.3,0.39,0.44,2026-10-01,0835,N,nominal,2.0NRT,307.35,4.21,D
37.03431,62.41406,341.74,0.39,0.44,2026-10-01,0835,N,nominal,2.0NRT,306.93,2.32,D
36.63549,59.43526,339.58,0.57,0.52,2026-10-01,0835,N,nominal,2.0NRT,300.78,5.52,D
36.63559,59.43375,342.77,0.57,0.52,2026-10-01,0835,N,nominal,2.0NRT,301.48,4.14,D
37.43688,61.0466,334.86,0.45,0.47,2026-10-01,0835,N,nominal,2.0NRT,302.59,3.58,D
37.44107,61.04513,338.79,0.45,0.47,2026-10-01,0835,N,nominal,2.0NRT,299.13,3.58,D
37.43972,61.04799,333.78,0.45,0.47,2026-10-01,0835,N,nominal,2.0NRT,302.71,4.06,D
37.43859,61.04302,343.01,0.45,0.47,2026-10-01,0835,N,nominal,2.0NRT,302.56,3.59,D
37.78703,62.53805,330.36,0.56,0.43,2026-10-01,0835,N,low,2.0NRT,303.44,2.93,D
37.72632,60.72652,336.62,0.46,0.47,2026-10-01,0835,N,nominal,2.0NRT,304.3,6.99,D
37.72515,60.72141,343.4,0.46,0.47,2026-10-01,0835,N,nominal,2.0NRT,307.23,7.68,D
38.64616,54.28205,343.07,0.47,0.64,2026-10-01,0837,N,nominal,2.0NRT,304.62,2.5,D
38.68055,54.31309,335.01,0.46,0.64,2026-10-01,0837,N,nominal,2.0NRT,304.88,1.45,D
39.35083,55.54276,336.98,0.39,0.59,2026-10-01,0837,N,nominal,2.0NRT,299.31,2.19,D
39.33784,54.02619,367,0.46,0.64,2026-10-01,0837,N,high,2.0NRT,301.75,6.6,D
39.33636,54.02105,340.94,0.46,0.64,2026-10-01,0837,N,nominal,2.0NRT,299.87,6.6,D
39.33551,54.02404,367,0.46,0.63,2026-10-01,0837,N,high,2.0NRT,302.21,12.22,D
19.2681,56.17497,339.53,0.57,0.52,2026-10-01,1013,N,nominal,2.0NRT,309.37,2.63,D
20.37438,55.93518,348.84,0.57,0.52,2026-10-01,1011,N,nominal,2.0NRT,310.08,2.11,D
20.37384,55.93293,341.11,0.57,0.52,2026-10-01,1011,N,nominal,2.0NRT,310.2,3.07,D
20.38826,55.66384,345.05,0.55,0.51,2026-10-01,1011,N,nominal,2.0NRT,314.57,3.49,D
20.38654,55.64812,338.37,0.54,0.51,2026-10-01,1011,N,low,2.0NRT,313.11,1.19,D
21.00178,56.53152,348.53,0.63,0.54,2026-10-01,1011,N,nominal,2.0NRT,310.93,6.41,D
21.3044,57.79877,339.02,0.38,0.59,2026-10-01,1011,N,nominal,2.0NRT,306.92,2.34,D
21.31071,57.7452,339.45,0.38,0.59,2026-10-01,1011,N,nominal,2.0NRT,306.14,4.32,D
21.31955,57.72169,335.27,0.38,0.59,2026-10-01,1011,N,low,2.0NRT,305.42,2.15,D
21.83216,56.68217,346.82,0.33,0.55,2026-10-01,1011,N,nominal,2.0NRT,310.67,1.64,D
22.01284,56.42609,336.9,0.32,0.55,2026-10-01,1011,N,low,2.0NRT,311.24,0.76,D
22.28977,56.52754,345.28,0.33,0.55,2026-10-01,1011,N,nominal,2.0NRT,310.38,1.68,D
22.27272,56.25478,350.53,0.63,0.54,2026-10-01,1011,N,nominal,2.0NRT,311.81,6.87,D
22.32746,56.49143,349.48,0.33,0.55,2026-10-01,1011,N,nominal,2.0NRT,311.65,2.76,D
22.32547,56.47192,350.87,0.32,0.55,2026-10-01,1011,N,nominal,2.0NRT,310.36,2.25,D
22.40416,56.99068,347.44,0.35,0.57,2026-10-01,1011,N,nominal,2.0NRT,308.87,2.92,D
22.40366,56.98963,352.95,0.35,0.57,2026-10-01,1011,N,nominal,2.0NRT,308.93,2.91,D
22.52472,54.04974,352.04,0.46,0.47,2026-10-01,1011,N,nominal,2.0NRT,324.61,7.91,D
22.52569,54.05857,367,0.46,0.47,2026-10-01,1011,N,low,2.0NRT,325.21,16.41,D
22.5252,54.05416,352.42,0.46,0.47,2026-10-01,1011,N,low,2.0NRT,329.98,16.41,D
22.52955,54.05346,351.98,0.46,0.47,2026-10-01,1011,N,nominal,2.0NRT,324.33,16.41,D
22.52907,54.0491,367,0.46,0.47,2026-10-01,1011,N,low,2.0NRT,325.5,7.91,D
22.87659,55.92799,347.58,0.61,0.53,2026-10-01,1011,N,nominal,2.0NRT,313.61,5.98,D
22.87398,55.61403,344.2,0.58,0.52,2026-10-01,1011,N,nominal,2.0NRT,314.79,2.94,D
23.19187,55.46181,340.65,0.57,0.52,2026-10-01,1011,N,low,2.0NRT,313.84,4.04,D
23.19127,55.45616,345.56,0.57,0.52,2026-10-01,1011,N,nominal,2.0NRT,314.98,2.66,D
23.27898,54.26735,346.69,0.48,0.48,2026-10-01,1013,N,nominal,2.0NRT,315.88,6.82,D
23.27844,54.2626,341.76,0.48,0.48,2026-10-01,1013,N,low,2.0NRT,315.71,3.08,D
24.50502,56.60876,345.35,0.35,0.57,2026-10-01,1013,N,nominal,2.0NRT,299.93,3.77,D
24.5047,56.60524,331.08,0.35,0.57,2026-10-01,1013,N,nominal,2.0NRT,300.05,3.77,D
24.50929,54.01985,332.41,0.48,0.48,2026-10-01,1013,N,nominal,2.0NRT,302.43,2.87,D
27.16064,56.10146,339.38,0.35,0.57,2026-10-01,1013,N,nominal,2.0NRT,300.28,2.99,D
27.16707,56.05376,338.8,0.35,0.57,2026-10-01,1013,N,nominal,2.0NRT,300.19,2.07,D
29.98985,55.85696,354.5,0.36,0.58,2026-10-01,1013,N,nominal,2.0NRT,313.35,7.72,D
36.91816,54.56273,336.61,0.36,0.57,2026-10-01,1015,N,nominal,2.0NRT,297.56,3.99,D
38.6463,54.28292,351.67,0.36,0.57,2026-10-01,1017,N,nominal,2.0NRT,306.18,3.16,D
38.64984,54.28299,352.12,0.36,0.57,2026-10-01,1017,N,nominal,2.0NRT,305.56,2.83,D
38.67864,54.31839,335.64,0.36,0.57,2026-10-01,1017,N,nominal,2.0NRT,304.49,2.03,D
39.02216,56.5429,336.88,0.48,0.64,2026-10-01,1017,N,nominal,2.0NRT,293.58,3.07,D
39.05161,56.52428,343.42,0.48,0.64,2026-10-01,1017,N,nominal,2.0NRT,296.57,6.33,D
39.0529,56.52666,339.23,0.48,0.64,2026-10-01,1017,N,nominal,2.0NRT,296.13,7.04,D
39.33953,54.02488,367,0.35,0.57,2026-10-01,1017,N,high,2.0NRT,305.13,6.31,D
39.33978,54.02905,337.28,0.35,0.57,2026-10-01,1017,N,nominal,2.0NRT,303.05,6.11,D
39.86161,98.2533,303.72,0.51,0.41,2026-10-01,1915,N,nominal,2.0NRT,284.92,1.56,N
39.81217,98.29126,303.02,0.51,0.41,2026-10-01,1915,N,nominal,2.0NRT,285.38,1.77,N
39.81149,98.29716,312.91,0.51,0.41,2026-10-01,1915,N,nominal,2.0NRT,287.02,1.77,N
39.81081,98.30306,298.21,0.51,0.41,2026-10-01,1915,N,nominal,2.0NRT,286.23,0.9,N
39.80704,98.30235,306.76,0.51,0.41,2026-10-01,1915,N,nominal,2.0NRT,282.14,0.9,N
39.79221,97.91171,298.08,0.53,0.42,2026-10-01,1915,N,nominal,2.0NRT,281.21,1.07,N
23.37892,100.96145,300.15,0.42,0.38,2026-10-01,1917,N,nominal,2.0NRT,289.26,0.46,N
24.11465,86.86169,307.3,0.5,0.66,2026-10-01,1917,N,nominal,2.0NRT,290.04,1.03,N
23.78086,86.38971,309.56,0.53,0.67,2026-10-01,1917,N,nominal,2.0NRT,279.85,2.73,N
21.90569,101.05077,307.14,0.44,0.38,2026-10-01,1917,N,nominal,2.0NRT,291.72,0.85,N
23.7777,86.38915,309.56,0.53,0.67,2026-10-01,1917,N,nominal,2.0NRT,272.43,2.9,N
23.7795,86.20972,301.8,0.54,0.68,2026-10-01,1917,N,nominal,2.0NRT,282.06,0.94,N
23.73628,86.43287,297.06,0.52,0.67,2026-10-01,1917,N,nominal,2.0NRT,266.02,0.81,N
23.66468,87.15623,305.61,0.47,0.64,2026-10-01,1917,N,nominal,2.0NRT,284.17,1.73,N
23.68019,86.08355,298.22,0.55,0.68,2026-10-01,1917,N,nominal,2.0NRT,277.3,0.81,N
23.67978,86.08913,296.66,0.55,0.68,2026-10-01,1917,N,nominal,2.0NRT,280.05,0.58,N
23.67938,86.09467,299.63,0.55,0.68,2026-10-01,1917,N,nominal,2.0NRT,281.22,0.58,N
23.68391,86.09456,301.51,0.55,0.68,2026-10-01,1917,N,nominal,2.0NRT,280.71,0.8,N
23.67841,86.08298,295.69,0.55,0.68,2026-10-01,1917,N,nominal,2.0NRT,278.49,0.92,N
23.64825,85.43567,309.4,0.6,0.71,2026-10-01,1917,N,nominal,2.0NRT,287.27,2.24,N
23.66465,84.99986,303.88,0.64,0.72,2026-10-01,1917,N,nominal,2.0NRT,291.53,1.49,N
23.65067,85.4399,303.51,0.6,0.71,2026-10-01,1917,N,nominal,2.0NRT,286.83,1.88,N
23.4849,87.36207,297.03,0.45,0.63,2026-10-01,1917,N,nominal,2.0NRT,278.67,0.82,N
23.48449,87.3666,298.88,0.45,0.63,2026-10-01,1917,N,nominal,2.0NRT,280.86,0.82,N
23.66352,84.99814,303.39,0.64,0.72,2026-10-01,1917,N,nominal,2.0NRT,290.78,1.86,N
22.35453,96.70251,299.94,0.4,0.37,2026-10-01,1917,N,nominal,2.0NRT,288.43,0.55,N
22.87166,86.06137,304.27,0.54,0.68,2026-10-01,1917,N,nominal,2.0NRT,288.46,0.89,N
22.80267,86.09152,305.16,0.54,0.68,2026-10-01,1917,N,nominal,2.0NRT,290.15,2.4,N
22.79398,86.19882,304.25,0.53,0.67,2026-10-01,1917,N,nominal,2.0NRT,291.6,2.77,N
22.78726,86.20364,304.97,0.53,0.67,2026-10-01,1917,N,nominal,2.0NRT,291.35,2.03,N
22.57082,85.89478,297.91,0.55,0.68,2026-10-01,1917,N,nominal,2.0NRT,279.82,0.54,N
22.38151,87.27737,305.77,0.45,0.63,2026-10-01,1917,N,nominal,2.0NRT,292.14,1.61,N
22.37564,87.27673,318.91,0.45,0.63,2026-10-01,1917,N,nominal,2.0NRT,293.27,2.05,N
22.37525,87.28119,312.12,0.45,0.63,2026-10-01,1917,N,nominal,2.0NRT,292.48,2.05,N
22.36782,87.29832,309.44,0.45,0.63,2026-10-01,1917,N,nominal,2.0NRT,292.42,1.81,N
22.35688,87.28818,308.93,0.45,0.63,2026-10-01,1917,N,nominal,2.0NRT,292.29,1.43,N
22.36224,87.01887,308.12,0.47,0.64,2026-10-01,1917,N,nominal,2.0NRT,291.59,1.25,N
22.36524,87.01712,315.51,0.46,0.64,2026-10-01,1917,N,nominal,2.0NRT,293.05,1.49,N
22.35929,87.01646,306.21,0.46,0.64,2026-10-01,1917,N,nominal,2.0NRT,291.75,1.49,N
20.79607,98.35977,304.02,0.38,0.36,2026-10-01,1917,N,nominal,2.0NRT,290.77,0.52,N
22.05359,88.12357,319.43,0.39,0.59,2026-10-01,1917,N,nominal,2.0NRT,290.04,2.84,N
20.65717,98.25127,324.02,0.38,0.36,2026-10-01,1917,N,nominal,2.0NRT,290.79,1.75,N
20.86677,96.38952,308.08,0.4,0.37,2026-10-01,1919,N,nominal,2.0NRT,291.73,0.98,N
20.50878,97.92778,302.74,0.38,0.36,2026-10-01,1919,N,nominal,2.0NRT,290.15,0.54,N
21.92544,85.22118,304.76,0.6,0.7,2026-10-01,1919,N,nominal,2.0NRT,282.8,1.83,N
22.031,83.3625,301.2,0.78,0.78,2026-10-01,1919,N,nominal,2.0NRT,289.36,2.52,N
21.9213,83.35222,301.4,0.78,0.78,2026-10-01,1919,N,nominal,2.0NRT,289.13,2.56,N
38.6269,101.2559,298.35,0.4,0.37,2026-10-01,1915,N,nominal,2.0NRT,277.29,2.42,N
21.92124,83.3515,303.42,0.78,0.78,2026-10-01,1919,N,nominal,2.0NRT,289.28,1.47,N
38.62355,101.25512,332.97,0.4,0.37,2026-10-01,1915,N,nominal,2.0NRT,278.14,2.42,N
21.07918,85.03295,308.39,0.6,0.71,2026-10-01,1919,N,nominal,2.0NRT,286.57,1.95,N
21.0787,85.03893,309.93,0.6,0.71,2026-10-01,1919,N,nominal,2.0NRT,289.64,1.95,N
20.99813,86.01154,312.98,0.52,0.67,2026-10-01,1919,N,nominal,2.0NRT,292.02,1.6,N
20.97361,86.00356,304.49,0.52,0.67,2026-10-01,1919,N,nominal,2.0NRT,291.56,1.39,N
20.96736,86.00297,306.37,0.52,0.67,2026-10-01,1919,N,nominal,2.0NRT,291.88,2.35,N
20.95145,86.04276,303.27,0.52,0.67,2026-10-01,1919,N,nominal,2.0NRT,291.68,1.33,N
20.96941,86.00163,307.99,0.52,0.67,2026-10-01,1919,N,nominal,2.0NRT,291.97,2.73,N
20.9627,86.00616,306.31,0.52,0.67,2026-10-01,1919,N,nominal,2.0NRT,291.6,1.29,N
20.97139,85.1531,305.69,0.59,0.7,2026-10-01,1919,N,nominal,2.0NRT,289.69,2.14,N
20.96947,85.17677,308.62,0.59,0.7,2026-10-01,1919,N,nominal,2.0NRT,288.92,1.56,N
20.96386,85.16438,304.38,0.59,0.7,2026-10-01,1919,N,nominal,2.0NRT,289.57,3.53,N
20.96338,85.17033,305.09,0.59,0.7,2026-10-01,1919,N,nominal,2.0NRT,289.78,1.56,N
20.9629,85.17619,303.4,0.59,0.7,2026-10-01,1919,N,nominal,2.0NRT,289.77,1.56,N
20.96196,85.18778,304.06,0.59,0.7,2026-10-01,1919,N,nominal,2.0NRT,289.47,2.36,N
20.88778,84.98243,304.9,0.6,0.71,2026-10-01,1919,N,nominal,2.0NRT,290.17,1.88,N
20.8674,84.98695,305.33,0.6,0.71,2026-10-01,1919,N,nominal,2.0NRT,290.06,1.27,N
20.86081,84.98591,305.77,0.6,0.71,2026-10-01,1919,N,nominal,2.0NRT,289.33,1.27,N
20.80614,85.25689,307.98,0.58,0.7,2026-10-01,1919,N,nominal,2.0NRT,291.83,2.08,N
20.86291,84.98576,313.23,0.6,0.71,2026-10-01,1919,N,nominal,2.0NRT,289.4,2.57,N
20.8065,85.25625,310.39,0.58,0.7,2026-10-01,1919,N,nominal,2.0NRT,291.84,1.83,N
20.79346,85.25513,309.31,0.58,0.7,2026-10-01,1919,N,nominal,2.0NRT,291.39,2.23,N
20.78647,85.26007,307.45,0.58,0.7,2026-10-01,1919,N,nominal,2.0NRT,291.75,2.23,N
20.78599,85.26575,304.55,0.58,0.7,2026-10-01,1919,N,nominal,2.0NRT,291.59,1.41,N
20.76356,85.29844,305.53,0.57,0.69,2026-10-01,1919,N,nominal,2.0NRT,291.35,2.04,N
17.61305,83.20123,305.77,0.72,0.76,2026-10-01,1919,N,nominal,2.0NRT,288.8,1.47,N
36.89224,101.75198,297.83,0.39,0.36,2026-10-01,1915,N,nominal,2.0NRT,281.14,1.18,N
17.60595,83.20054,302.77,0.72,0.76,2026-10-01,1919,N,nominal,2.0NRT,288.96,1.31,N
14.64845,101.03933,312.72,0.53,0.42,2026-10-01,1919,N,nominal,2.0NRT,291.46,2.87,N
36.66962,101.67666,296.91,0.39,0.36,2026-10-01,1915,N,nominal,2.0NRT,279.93,0.76,N
14.63371,101.07681,305.02,0.54,0.42,2026-10-01,1919,N,nominal,2.0NRT,289.47,1.6,N
36.59011,101.48689,311,0.39,0.36,2026-10-01,1915,N,nominal,2.0NRT,280.36,1.41,N
36.57368,101.52765,300.5,0.39,0.36,2026-10-01,1915,N,nominal,2.0NRT,280.78,0.96,N
36.56708,101.52612,304.95,0.39,0.36,2026-10-01,1915,N,nominal,2.0NRT,279.35,1.42,N
36.43969,101.60429,296.3,0.39,0.36,2026-10-01,1915,N,nominal,2.0NRT,276.43,0.54,N
30.10662,101.96125,297.55,0.4,0.37,2026-10-01,1917,N,nominal,2.0NRT,280.88,0.48,N
30.06869,96.97961,303.37,0.46,0.39,2026-10-01,1917,N,nominal,2.0NRT,285.12,1.48,N
29.74724,98.71737,298.61,0.4,0.37,2026-10-01,1917,N,nominal,2.0NRT,279.12,0.71,N
29.65809,90.89888,297.39,0.32,0.55,2026-10-01,1917,N,nominal,2.0NRT,280.65,0.61,N
29.37436,91.15004,295.35,0.62,0.54,2026-10-01,1917,N,nominal,2.0NRT,279.86,1.81,N
29.2616,91.92312,299.09,0.55,0.51,2026-10-01,1917,N,nominal,2.0NRT,281.23,1.38,N
29.22435,88.3501,298.83,0.46,0.63,2026-10-01,1917,N,nominal,2.0NRT,279.74,0.81,N
29.08821,88.01183,299.71,0.48,0.64,2026-10-01,1917,N,nominal,2.0NRT,277.64,0.88,N
29.08222,88.01126,297.6,0.48,0.64,2026-10-01,1917,N,nominal,2.0NRT,276.64,0.88,N
29.08633,88.01115,314.11,0.48,0.64,2026-10-01,1917,N,nominal,2.0NRT,278.5,2.25,N
26.62078,101.59389,328.9,0.41,0.37,2026-10-01,1917,N,nominal,2.0NRT,288.97,5.33,N
26.62006,101.59802,306.88,0.41,0.37,2026-10-01,1917,N,nominal,2.0NRT,287.9,3.18,N
26.58045,101.66798,298.19,0.41,0.37,2026-10-01,1917,N,nominal,2.0NRT,280.22,0.93,N
26.57704,101.66734,333.8,0.41,0.37,2026-10-01,1917,N,nominal,2.0NRT,282.07,1.5,N
26.57773,101.66332,299.37,0.41,0.37,2026-10-01,1917,N,nominal,2.0NRT,279.86,1.74,N
26.57635,101.67133,300.61,0.41,0.37,2026-10-01,1917,N,nominal,2.0NRT,280.04,1.5,N
26.57362,101.66666,302.32,0.41,0.37,2026-10-01,1917,N,nominal,2.0NRT,281.03,1.5,N
26.38246,101.97451,308.65,0.42,0.38,2026-10-01,1917,N,nominal,2.0NRT,289.16,1.42,N
27.32329,91.46223,299.87,0.56,0.51,2026-10-01,1919,N,nominal,2.0NRT,285.81,1.07,N
27.31874,91.4592,326.42,0.56,0.51,2026-10-01,1919,N,nominal,2.0NRT,287.61,4.34,N
27.32378,91.46017,301.64,0.56,0.51,2026-10-01,1919,N,nominal,2.0NRT,286.19,0.8,N
27.31857,91.46394,328.73,0.56,0.51,2026-10-01,1919,N,nominal,2.0NRT,287.11,5.26,N
25.51612,100.72651,298.06,0.4,0.37,2026-10-01,1919,N,nominal,2.0NRT,285.58,0.63,N
25.0638,101.56816,298.33,0.42,0.38,2026-10-01,1919,N,nominal,2.0NRT,286.86,0.51,N
25.06308,101.57233,299.44,0.42,0.38,2026-10-01,1919,N,nominal,2.0NRT,288,0.51,N
22.9333,69.69612,313.61,0.47,0.39,2026-10-01,2059,N,nominal,2.0NRT,295.88,1.94,N
22.93268,69.70069,312.87,0.47,0.39,2026-10-01,2059,N,nominal,2.0NRT,296.08,1.77,N
21.23322,79.62952,309.48,0.48,0.48,2026-10-01,2059,N,nominal,2.0NRT,294.98,1.48,N
22.90658,69.7038,305.49,0.47,0.39,2026-10-01,2059,N,nominal,2.0NRT,295.31,1.54,N
21.23385,79.63256,307.25,0.48,0.48,2026-10-01,2059,N,nominal,2.0NRT,294.97,1.51,N
21.33727,78.96751,306.68,0.43,0.46,2026-10-01,2059,N,nominal,2.0NRT,293.42,0.9,N
21.33646,78.97166,304.84,0.43,0.46,2026-10-01,2059,N,nominal,2.0NRT,293.32,0.9,N
22.36545,73.11513,307.78,0.38,0.36,2026-10-01,2059,N,nominal,2.0NRT,297.19,3.62,N
21.24997,79.20894,323.09,0.45,0.47,2026-10-01,2059,N,nominal,2.0NRT,294.96,2.46,N
21.82336,73.11362,306.81,0.38,0.36,2026-10-01,2059,N,nominal,2.0NRT,294.73,0.94,N
22.41663,69.04137,312.36,0.49,0.41,2026-10-01,2059,N,nominal,2.0NRT,295.49,1.7,N
21.10965,72.63793,320.72,0.38,0.36,2026-10-01,2059,N,nominal,2.0NRT,299.38,1.32,N
21.11023,72.63425,314.16,0.38,0.36,2026-10-01,2059,N,nominal,2.0NRT,299.46,1.32,N
21.10849,72.64529,315.46,0.38,0.36,2026-10-01,2059,N,nominal,2.0NRT,298.31,2.41,N
21.10791,72.64898,313.11,0.38,0.36,2026-10-01,2059,N,nominal,2.0NRT,299.37,2.11,N
21.10518,72.64471,332.42,0.38,0.36,2026-10-01,2059,N,nominal,2.0NRT,300.22,2.41,N
21.10303,72.63674,345.18,0.38,0.36,2026-10-01,2059,N,nominal,2.0NRT,300.55,7.83,N
19.78681,79.15003,308.21,0.47,0.48,2026-10-01,2059,N,nominal,2.0NRT,295.5,1.89,N
39.52982,76.04861,299.47,0.4,0.37,2026-10-01,2055,N,nominal,2.0NRT,288.05,0.79,N
19.09848,82.16887,314.23,0.38,0.59,2026-10-01,2059,N,nominal,2.0NRT,291.5,1.93,N
39.52961,76.00058,301.95,0.4,0.37,2026-10-01,2055,N,nominal,2.0NRT,288.83,0.9,N
20.91003,71.4593,320,0.39,0.37,2026-10-01,2059,N,nominal,2.0NRT,297.91,2.26,N
19.93862,73.7112,301.83,0.4,0.37,2026-10-01,2059,N,nominal,2.0NRT,291.8,0.87,N
19.93527,73.71059,306.76,0.4,0.37,2026-10-01,2059,N,nominal,2.0NRT,291.88,0.87,N
18.7226,79.53572,310.43,0.52,0.5,2026-10-01,2059,N,nominal,2.0NRT,295.41,2.23,N
39.04939,76.18047,306.81,0.4,0.37,2026-10-01,2055,N,nominal,2.0NRT,286.87,1.55,N
18.71704,79.5397,308.67,0.52,0.5,2026-10-01,2059,N,nominal,2.0NRT,295.41,2.58,N
39.80321,64.56768,298.12,0.45,0.63,2026-10-01,2055,N,nominal,2.0NRT,281.17,0.62,N
21.30686,57.79724,301.39,0.79,0.78,2026-10-01,2059,N,nominal,2.0NRT,291.32,0.98,N
39.8053,64.56695,301.69,0.45,0.63,2026-10-01,2055,N,nominal,2.0NRT,281.56,0.88,N
17.98552,80.83135,300.07,0.33,0.55,2026-10-01,2059,N,nominal,2.0NRT,278.58,0.48,N
39.18735,65.28512,297.24,0.41,0.6,2026-10-01,2055,N,nominal,2.0NRT,286.25,1.21,N
17.98178,80.82398,300.33,0.33,0.55,2026-10-01,2059,N,nominal,2.0NRT,277.93,0.62,N
37.20125,79.30067,301.67,0.41,0.37,2026-10-01,2055,N,nominal,2.0NRT,285.5,0.78,N
17.95678,80.79235,301.42,0.33,0.55,2026-10-01,2059,N,nominal,2.0NRT,278.91,0.71,N
37.14466,79.49947,302.04,0.41,0.37,2026-10-01,2055,N,nominal,2.0NRT,288.39,1.32,N
17.95901,80.79255,301.05,0.33,0.55,2026-10-01,2059,N,nominal,2.0NRT,278.9,0.72,N
17.95839,80.79562,303.26,0.33,0.55,2026-10-01,2059,N,nominal,2.0NRT,279.52,0.72,N
36.99633,80.1926,296.79,0.43,0.38,2026-10-01,2055,N,nominal,2.0NRT,285.4,0.9,N
19.31652,73.08571,308.15,0.39,0.36,2026-10-01,2059,N,nominal,2.0NRT,293.43,2.2,N
37.46605,77.27375,304.58,0.38,0.36,2026-10-01,2055,N,nominal,2.0NRT,281.85,0.65,N
19.53065,71.30073,310.09,0.39,0.36,2026-10-01,2059,N,nominal,2.0NRT,295.92,1.16,N
19.37,71.35364,330.8,0.39,0.36,2026-10-01,2059,N,nominal,2.0NRT,294.28,3.37,N
38.67794,65.9546,297.95,0.37,0.58,2026-10-01,2055,N,nominal,2.0NRT,282.92,0.63,N
19.27787,71.42581,309.36,0.39,0.36,2026-10-01,2059,N,nominal,2.0NRT,296.24,0.96,N
38.55203,65.9463,296.24,0.37,0.58,2026-10-01,2055,N,nominal,2.0NRT,284.51,0.57,N
18.8807,72.97102,311.46,0.39,0.36,2026-10-01,2059,N,nominal,2.0NRT,295.24,3.14,N
38.44656,66.39462,328.71,0.35,0.57,2026-10-01,2055,N,nominal,2.0NRT,282.48,1.65,N
18.6936,73.04002,318.71,0.39,0.36,2026-10-01,2101,N,nominal,2.0NRT,296.02,2.85,N
18.693,73.0437,316.05,0.39,0.36,2026-10-01,2101,N,nominal,2.0NRT,295.58,2.85,N
38.45506,65.80333,307.77,0.38,0.59,2026-10-01,2055,N,nominal,2.0NRT,285.21,0.94,N
18.68694,73.03883,306.89,0.39,0.36,2026-10-01,2101,N,nominal,2.0NRT,294.98,1.7,N
38.35543,66.3143,302.36,0.35,0.57,2026-10-01,2055,N,nominal,2.0NRT,281.51,0.26,N
18.683,73.04191,320.5,0.39,0.36,2026-10-01,2101,N,nominal,2.0NRT,296.1,1.7,N
38.35227,66.31264,323.31,0.35,0.57,2026-10-01,2055,N,nominal,2.0NRT,282.34,1.79,N
18.68361,73.03822,307.44,0.39,0.36,2026-10-01,2101,N,nominal,2.0NRT,295.28,1.7,N
18.68087,73.03395,309.42,0.39,0.36,2026-10-01,2101,N,nominal,2.0NRT,295.13,3.69,N
38.05159,67.26785,297.32,0.62,0.54,2026-10-01,2055,N,nominal,2.0NRT,285.3,1.04,N
18.68027,73.03762,309.14,0.39,0.36,2026-10-01,2101,N,nominal,2.0NRT,295.3,3.51,N
38.13077,64.67648,299.49,0.43,0.62,2026-10-01,2055,N,nominal,2.0NRT,284.07,0.95,N
17.37133,77.44744,311.7,0.41,0.45,2026-10-01,2101,N,nominal,2.0NRT,294.21,0.98,N
38.13084,64.67523,304.28,0.43,0.62,2026-10-01,2055,N,nominal,2.0NRT,284.44,0.76,N
17.14105,77.18327,303.88,0.4,0.44,2026-10-01,2101,N,nominal,2.0NRT,284.77,0.67,N
15.31072,77.07758,298.36,0.42,0.45,2026-10-01,2101,N,nominal,2.0NRT,281.51,0.15,N
37.96365,65.00602,297.02,0.41,0.61,2026-10-01,2055,N,nominal,2.0NRT,283.17,0.64,N
15.33252,76.28554,309.68,0.57,0.43,2026-10-01,2101,N,nominal,2.0NRT,292.39,1.99,N
37.79826,62.54801,300.08,0.56,0.69,2026-10-01,2055,N,nominal,2.0NRT,283.78,1.06,N
15.17667,77.10123,308.96,0.43,0.46,2026-10-01,2101,N,nominal,2.0NRT,292.2,2.02,N
15.22548,76.76352,300.29,0.4,0.45,2026-10-01,2101,N,nominal,2.0NRT,283.03,0.63,N
37.79772,62.54855,302.13,0.56,0.69,2026-10-01,2055,N,nominal,2.0NRT,283.75,1.11,N
15.18429,76.66653,324.63,0.4,0.44,2026-10-01,2101,N,nominal,2.0NRT,291.37,2,N
37.11728,62.35929,304.41,0.57,0.69,2026-10-01,2055,N,nominal,2.0NRT,284.37,0.87,N
15.65953,73.99049,309.51,0.43,0.38,2026-10-01,2101,N,nominal,2.0NRT,289.3,0.97,N
15.18024,76.6657,310.46,0.4,0.44,2026-10-01,2101,N,nominal,2.0NRT,292.13,2,N
37.03164,62.41658,322.17,0.56,0.69,2026-10-01,2055,N,nominal,2.0NRT,285.45,3.36,N
15.17817,76.67684,307.82,0.4,0.44,2026-10-01,2101,N,nominal,2.0NRT,291.99,2.6,N
35.60673,73.53645,297.16,0.44,0.38,2026-10-01,2055,N,nominal,2.0NRT,281.48,2.37,N
15.17826,76.65376,309.07,0.4,0.44,2026-10-01,2101,N,nominal,2.0NRT,292.22,1.97,N
15.17757,76.65747,316.22,0.4,0.44,2026-10-01,2101,N,nominal,2.0NRT,292.17,1.57,N
35.60324,73.53563,330.57,0.44,0.38,2026-10-01,2055,N,nominal,2.0NRT,284.57,2.37,N
15.17619,76.66489,305.89,0.4,0.44,2026-10-01,2101,N,nominal,2.0NRT,290.69,1.54,N
15.17352,76.65665,305.44,0.4,0.44,2026-10-01,2101,N,nominal,2.0NRT,291.19,1.57,N
35.16534,73.07477,313.13,0.45,0.39,2026-10-01,2055,N,nominal,2.0NRT,283.59,1.15,N
15.17871,76.65355,307.04,0.4,0.44,2026-10-01,2101,N,nominal,2.0NRT,292.17,1.78,N
33.68701,72.71252,305.21,0.45,0.39,2026-10-01,2055,N,nominal,2.0NRT,290.89,1.46,N
15.17805,76.65726,315.07,0.4,0.44,2026-10-01,2101,N,nominal,2.0NRT,292.65,1.7,N
15.17399,76.65643,306.69,0.4,0.44,2026-10-01,2101,N,nominal,2.0NRT,291.11,1.7,N
34.48317,60.76069,295.69,0.67,0.74,2026-10-01,2055,N,nominal,2.0NRT,285.4,0.41,N
15.16961,76.38056,307.7,0.39,0.44,2026-10-01,2101,N,nominal,2.0NRT,291.73,1.57,N
29.37385,91.14908,297.23,0.77,0.78,2026-10-01,2055,N,nominal,2.0NRT,278.21,2.89,N
13.39145,80.10264,307.69,0.36,0.57,2026-10-01,2101,N,nominal,2.0NRT,286.02,1.08,N
29.37774,91.15284,296.03,0.78,0.78,2026-10-01,2055,N,nominal,2.0NRT,278.02,2.9,N
11.81104,77.92434,307.49,0.55,0.51,2026-10-01,2101,N,nominal,2.0NRT,289.53,2.11,N
32.72137,72.92535,303.99,0.43,0.38,2026-10-01,2057,N,nominal,2.0NRT,292.2,0.51,N
11.81003,77.92289,309.3,0.55,0.51,2026-10-01,2101,N,nominal,2.0NRT,289.49,2.06,N
32.71626,72.77528,304.8,0.44,0.38,2026-10-01,2057,N,nominal,2.0NRT,291.66,1.1,N
32.26839,75.08451,308.28,0.39,0.36,2026-10-01,2057,N,nominal,2.0NRT,293.79,0.52,N
32.57565,72.56153,310.03,0.44,0.39,2026-10-01,2057,N,nominal,2.0NRT,295.34,1.43,N
31.25991,76.92503,303.37,0.4,0.37,2026-10-01,2057,N,nominal,2.0NRT,291.1,0.74,N
31.2492,76.9268,300.69,0.4,0.37,2026-10-01,2057,N,nominal,2.0NRT,289.11,0.87,N
31.10742,77.69801,301.39,0.42,0.37,2026-10-01,2057,N,nominal,2.0NRT,283.8,0.77,N
31.68188,73.96173,306.98,0.4,0.37,2026-10-01,2057,N,nominal,2.0NRT,294.77,0.98,N
31.60945,74.40407,308.76,0.39,0.36,2026-10-01,2057,N,nominal,2.0NRT,295.79,1.04,N
31.76933,70.10574,311.26,0.56,0.43,2026-10-01,2057,N,nominal,2.0NRT,293.79,1.83,N
31.77026,70.111,304.57,0.56,0.43,2026-10-01,2057,N,nominal,2.0NRT,293.5,1.65,N
29.12507,75.77797,309.43,0.39,0.36,2026-10-01,2057,N,nominal,2.0NRT,296.54,1.08,N
28.66337,77.5766,305.84,0.43,0.38,2026-10-01,2057,N,nominal,2.0NRT,295.46,0.63,N
28.34747,77.25551,307.75,0.43,0.38,2026-10-01,2057,N,nominal,2.0NRT,295.67,0.92,N
28.34581,77.2571,313.69,0.43,0.38,2026-10-01,2057,N,nominal,2.0NRT,295.48,1.25,N
28.34691,77.23041,307.05,0.43,0.38,2026-10-01,2057,N,nominal,2.0NRT,294.46,0.76,N
28.21445,77.32399,327.25,0.43,0.38,2026-10-01,2057,N,nominal,2.0NRT,294.6,2.38,N
28.21097,77.3232,317.03,0.43,0.38,2026-10-01,2057,N,nominal,2.0NRT,294.54,1.9,N
27.66961,76.13091,307.1,0.4,0.37,2026-10-01,2057,N,nominal,2.0NRT,296.81,1.14,N
27.66892,76.13496,306.99,0.4,0.37,2026-10-01,2057,N,nominal,2.0NRT,296.56,1.02,N
27.66624,76.13017,305.22,0.4,0.37,2026-10-01,2057,N,nominal,2.0NRT,294.07,1.14,N
28.42606,69.70127,310.4,0.54,0.42,2026-10-01,2057,N,nominal,2.0NRT,296.73,2.08,N
26.64227,79.47698,309.88,0.56,0.43,2026-10-01,2057,N,nominal,2.0NRT,295.09,2.19,N
28.05291,69.37125,305.82,0.55,0.43,2026-10-01,2057,N,nominal,2.0NRT,295.74,0.58,N
27.28771,73.83974,312.54,0.39,0.36,2026-10-01,2057,N,nominal,2.0NRT,297.13,1.07,N
26.87836,73.51403,311.95,0.39,0.36,2026-10-01,2057,N,nominal,2.0NRT,295.04,1.9,N
26.87444,73.51728,313.75,0.39,0.36,2026-10-01,2057,N,nominal,2.0NRT,295.11,1.62,N
26.60436,73.68594,307.88,0.39,0.36,2026-10-01,2057,N,nominal,2.0NRT,295.45,1.17,N
23.69172,87.12527,308.22,0.61,0.71,2026-10-01,2057,N,nominal,2.0NRT,288.77,2.81,N
23.66302,87.15573,306.72,0.62,0.71,2026-10-01,2057,N,nominal,2.0NRT,290.98,1.82,N
23.69386,87.12608,305.01,0.61,0.71,2026-10-01,2057,N,nominal,2.0NRT,289.05,0.89,N
23.695,87.09389,301.83,0.61,0.71,2026-10-01,2057,N,nominal,2.0NRT,287.95,2.4,N
23.68739,87.12426,303.47,0.61,0.71,2026-10-01,2057,N,nominal,2.0NRT,288.65,2.02,N
23.66538,87.1566,308.2,0.62,0.71,2026-10-01,2057,N,nominal,2.0NRT,290.9,2.26,N
23.80421,86.33294,308.52,0.55,0.68,2026-10-01,2057,N,nominal,2.0NRT,282.53,2.94,N
23.79882,86.35452,300.46,0.55,0.68,2026-10-01,2057,N,nominal,2.0NRT,282.7,1.97,N
26.2979,74.12672,308.28,0.38,0.36,2026-10-01,2057,N,nominal,2.0NRT,297.08,1.42,N
23.55965,87.24315,303.67,0.63,0.72,2026-10-01,2057,N,nominal,2.0NRT,288.96,2.71,N
23.76672,86.40307,306.11,0.55,0.68,2026-10-01,2057,N,nominal,2.0NRT,282.29,2.72,N
23.76051,86.4013,306.45,0.55,0.68,2026-10-01,2057,N,nominal,2.0NRT,282.15,2.97,N
23.75505,86.42292,302.43,0.56,0.68,2026-10-01,2057,N,nominal,2.0NRT,284.01,1.2,N
23.73846,86.43583,310.53,0.56,0.69,2026-10-01,2057,N,nominal,2.0NRT,287.81,2.76,N
23.56492,87.08758,301.75,0.61,0.71,2026-10-01,2057,N,nominal,2.0NRT,288.76,0.44,N
26.25883,74.09623,317.33,0.38,0.36,2026-10-01,2057,N,nominal,2.0NRT,297.76,1.63,N
23.80101,86.33098,307.63,0.55,0.68,2026-10-01,2057,N,nominal,2.0NRT,282.73,1.91,N
23.79573,86.35271,305.72,0.55,0.68,2026-10-01,2057,N,nominal,2.0NRT,283.53,2.21,N
23.76396,86.40131,303.24,0.55,0.68,2026-10-01,2057,N,nominal,2.0NRT,281.83,1.72,N
23.76267,86.40659,305.15,0.55,0.68,2026-10-01,2057,N,nominal,2.0NRT,282.34,1.72,N
23.75644,86.4049,302.77,0.55,0.68,2026-10-01,2057,N,nominal,2.0NRT,283.07,1.94,N
23.73596,86.43407,313.4,0.56,0.69,2026-10-01,2057,N,nominal,2.0NRT,286.64,2.78,N
23.78407,86.21149,295.74,0.54,0.68,2026-10-01,2057,N,nominal,2.0NRT,271.27,0.48,N
23.77791,86.20982,304.37,0.54,0.68,2026-10-01,2057,N,nominal,2.0NRT,271.73,1.22,N
23.55994,87.08564,307.14,0.61,0.71,2026-10-01,2057,N,nominal,2.0NRT,289.88,1.7,N
23.7119,86.45049,307.77,0.56,0.69,2026-10-01,2057,N,nominal,2.0NRT,287.74,2.73,N
23.61374,86.78983,304.27,0.59,0.7,2026-10-01,2057,N,nominal,2.0NRT,290.31,1.5,N
23.68543,86.39615,302.74,0.56,0.68,2026-10-01,2057,N,nominal,2.0NRT,279.82,2.08,N
23.67918,86.39449,302.56,0.56,0.68,2026-10-01,2057,N,nominal,2.0NRT,278.98,1.47,N
23.67782,86.39996,299.92,0.56,0.69,2026-10-01,2057,N,nominal,2.0NRT,278.88,1.73,N
23.67645,86.39663,299.4,0.56,0.69,2026-10-01,2057,N,nominal,2.0NRT,277.49,1.31,N
23.6751,86.40217,299.43,0.56,0.69,2026-10-01,2057,N,nominal,2.0NRT,278.73,1.29,N
24.44846,83.04057,305.97,0.34,0.56,2026-10-01,2057,N,nominal,2.0NRT,294.1,0.67,N
23.79075,85.55389,313,0.49,0.65,2026-10-01,2057,N,nominal,2.0NRT,292.28,1.17,N
23.78481,85.55231,304.23,0.49,0.65,2026-10-01,2057,N,nominal,2.0NRT,291.16,1.17,N
23.69394,85.3718,311.74,0.48,0.65,2026-10-01,2057,N,nominal,2.0NRT,291.76,1.92,N
23.69579,85.28727,306.34,0.48,0.64,2026-10-01,2057,N,nominal,2.0NRT,291.99,1.19,N
23.69808,85.37172,307.62,0.48,0.65,2026-10-01,2057,N,nominal,2.0NRT,291.4,1.02,N
23.69829,85.29162,304.3,0.48,0.64,2026-10-01,2057,N,nominal,2.0NRT,291.82,1.42,N
23.65054,85.43954,305.59,0.49,0.65,2026-10-01,2057,N,nominal,2.0NRT,291.86,1.28,N
24.19714,82.71475,307.03,0.32,0.55,2026-10-01,2057,N,nominal,2.0NRT,293.58,1.01,N
24.19648,82.71783,306.47,0.32,0.55,2026-10-01,2057,N,nominal,2.0NRT,293.83,0.65,N
24.14109,82.70583,306.25,0.32,0.55,2026-10-01,2057,N,nominal,2.0NRT,293.52,0.69,N
24.14648,82.65767,311.75,0.32,0.55,2026-10-01,2057,N,nominal,2.0NRT,294.24,0.91,N
26.23395,68.91129,317.85,0.56,0.43,2026-10-01,2057,N,nominal,2.0NRT,294.66,2.02,N
26.23584,68.91072,313.14,0.56,0.43,2026-10-01,2057,N,nominal,2.0NRT,294.7,1.44,N
26.19098,68.7486,315.44,0.57,0.43,2026-10-01,2057,N,nominal,2.0NRT,294.15,1.33,N
26.17366,68.7576,312.6,0.57,0.43,2026-10-01,2057,N,nominal,2.0NRT,294.13,1.11,N
26.1041,69.00802,306.59,0.55,0.42,2026-10-01,2057,N,nominal,2.0NRT,295.34,1.15,N
26.12369,68.81815,307.72,0.56,0.43,2026-10-01,2057,N,nominal,2.0NRT,294.85,0.43,N
26.09627,68.8769,312.62,0.56,0.43,2026-10-01,2057,N,nominal,2.0NRT,296.04,1.51,N
22.87447,86.06601,302.64,0.55,0.68,2026-10-01,2057,N,nominal,2.0NRT,290.68,1.53,N
22.87303,86.06219,306.52,0.55,0.68,2026-10-01,2057,N,nominal,2.0NRT,290.93,1.35,N
22.79724,86.20963,335.48,0.57,0.69,2026-10-01,2057,N,nominal,2.0NRT,289.96,7.82,N
22.78483,86.20559,314.83,0.57,0.69,2026-10-01,2057,N,nominal,2.0NRT,289.01,2.62,N
22.79915,86.09286,303.25,0.56,0.69,2026-10-01,2057,N,nominal,2.0NRT,286.84,1.27,N
22.37912,87.27969,313.96,0.67,0.74,2026-10-01,2057,N,nominal,2.0NRT,291.7,4.09,N
22.36577,87.3039,305.44,0.67,0.74,2026-10-01,2057,N,nominal,2.0NRT,289.76,2.97,N
22.36511,87.30488,302.43,0.67,0.74,2026-10-01,2057,N,nominal,2.0NRT,290.01,1.12,N
22.36505,87.02007,308.91,0.65,0.73,2026-10-01,2057,N,nominal,2.0NRT,290.9,2.14,N
24.93415,74.63251,316.04,0.39,0.36,2026-10-01,2057,N,nominal,2.0NRT,296.63,1.54,N
22.5724,85.89845,306.01,0.55,0.68,2026-10-01,2059,N,nominal,2.0NRT,289.57,1.55,N
24.76549,74.6089,312.51,0.39,0.36,2026-10-01,2059,N,nominal,2.0NRT,297.54,1.17,N
24.76217,74.60825,311.57,0.39,0.36,2026-10-01,2059,N,nominal,2.0NRT,295.25,1.17,N
24.71421,74.67007,305.36,0.39,0.36,2026-10-01,2059,N,nominal,2.0NRT,295.36,0.84,N
23.16584,82.34216,328.38,0.32,0.55,2026-10-01,2059,N,nominal,2.0NRT,294.61,2.04,N
23.16653,82.33899,313.71,0.32,0.55,2026-10-01,2059,N,nominal,2.0NRT,294.18,2.04,N
23.16224,82.33451,303.17,0.32,0.55,2026-10-01,2059,N,nominal,2.0NRT,292.25,1.36,N
24.57994,74.80261,307.59,0.39,0.36,2026-10-01,2059,N,nominal,2.0NRT,295.72,0.91,N
24.82043,73.09044,309.15,0.39,0.36,2026-10-01,2059,N,nominal,2.0NRT,296.73,2.07,N
25.39026,68.58444,307.3,0.57,0.43,2026-10-01,2059,N,nominal,2.0NRT,295.75,1.16,N
25.38628,68.58385,318.02,0.57,0.43,2026-10-01,2059,N,nominal,2.0NRT,295.65,1.16,N
24.6892,73.00124,308.37,0.39,0.36,2026-10-01,2059,N,nominal,2.0NRT,295.3,0.96,N
22.05411,85.46572,300.85,0.53,0.67,2026-10-01,2059,N,nominal,2.0NRT,289.28,0.8,N
22.21788,84.75542,302.58,0.48,0.64,2026-10-01,2059,N,nominal,2.0NRT,290.65,2.04,N
21.96931,85.31584,300.67,0.52,0.67,2026-10-01,2059,N,nominal,2.0NRT,289.05,0.49,N
21.92661,85.22371,311.55,0.52,0.67,2026-10-01,2059,N,nominal,2.0NRT,289.83,2.56,N
24.99269,66.93104,311.55,0.46,0.47,2026-10-01,2059,N,nominal,2.0NRT,295,0.97,N
22.31855,82.55753,305.08,0.35,0.56,2026-10-01,2059,N,nominal,2.0NRT,292.93,0.95,N
22.31635,82.56749,303.38,0.35,0.56,2026-10-01,2059,N,nominal,2.0NRT,292.85,0.69,N
22.31341,82.53162,308.66,0.34,0.56,2026-10-01,2059,N,nominal,2.0NRT,292.54,1.53,N
22.35862,82.30124,326.49,0.33,0.56,2026-10-01,2059,N,nominal,2.0NRT,293.43,1.71,N
22.35792,82.30445,314.9,0.33,0.56,2026-10-01,2059,N,nominal,2.0NRT,294.16,1.71,N
22.0389,83.72964,303.22,0.41,0.61,2026-10-01,2059,N,nominal,2.0NRT,291.29,1.05,N
22.01585,83.75331,303.89,0.42,0.61,2026-10-01,2059,N,nominal,2.0NRT,291,0.94,N
22.10606,83.12492,309.99,0.38,0.59,2026-10-01,2059,N,nominal,2.0NRT,291.52,0.97,N
22.0385,83.35117,310.68,0.39,0.6,2026-10-01,2059,N,nominal,2.0NRT,292.01,1.72,N
22.03764,83.355,304.94,0.39,0.6,2026-10-01,2059,N,nominal,2.0NRT,291.92,2.24,N
21.82039,83.99634,303.07,0.44,0.62,2026-10-01,2059,N,nominal,2.0NRT,290.03,1,N
21.9847,83.23386,311.87,0.39,0.59,2026-10-01,2059,N,nominal,2.0NRT,291.58,1.7,N
21.92621,83.34222,306.69,0.39,0.6,2026-10-01,2059,N,nominal,2.0NRT,291.93,2.22,N
21.9245,83.34981,304.5,0.4,0.6,2026-10-01,2059,N,nominal,2.0NRT,291.74,1.12,N
21.92364,83.35364,307.84,0.4,0.6,2026-10-01,2059,N,nominal,2.0NRT,291.87,1.12,N
21.87825,83.55491,305.31,0.41,0.6,2026-10-01,2059,N,nominal,2.0NRT,291.07,1.16,N
21.91821,83.35223,310.34,0.4,0.6,2026-10-01,2059,N,nominal,2.0NRT,291.51,2.01,N
21.76679,84.01798,306.72,0.44,0.62,2026-10-01,2059,N,nominal,2.0NRT,289.45,2.3,N
21.76583,84.02216,303.65,0.44,0.62,2026-10-01,2059,N,nominal,2.0NRT,289.39,1.07,N
21.76017,84.02067,303.58,0.44,0.62,2026-10-01,2059,N,nominal,2.0NRT,289.6,1.07,N
21.7592,84.02486,305.82,0.44,0.62,2026-10-01,2059,N,nominal,2.0NRT,289.04,1.07,N
21.87417,83.49597,307.03,0.4,0.6,2026-10-01,2059,N,nominal,2.0NRT,291.42,0.95,N
21.75353,84.02339,306.77,0.44,0.62,2026-10-01,2059,N,nominal,2.0NRT,289.35,1.25,N
21.75295,83.97391,308.26,0.44,0.62,2026-10-01,2059,N,nominal,2.0NRT,289.9,1.38,N
21.76384,83.84933,311.01,0.43,0.62,2026-10-01,2059,N,nominal,2.0NRT,291.33,1.71,N
21.7592,83.84367,311.01,0.43,0.62,2026-10-01,2059,N,nominal,2.0NRT,291.49,1.43,N
21.75825,83.84781,305.15,0.43,0.62,2026-10-01,2059,N,nominal,2.0NRT,290.82,1.43,N
21.75361,83.84216,314.13,0.43,0.62,2026-10-01,2059,N,nominal,2.0NRT,291.11,1.43,N
21.74803,83.84056,311.69,0.43,0.62,2026-10-01,2059,N,nominal,2.0NRT,291.05,1.48,N
21.74706,83.84474,313.07,0.43,0.62,2026-10-01,2059,N,nominal,2.0NRT,291.6,1.48,N
21.74149,83.84314,309.51,0.43,0.62,2026-10-01,2059,N,nominal,2.0NRT,291.77,1.48,N
21.7621,83.84666,310.16,0.43,0.62,2026-10-01,2059,N,nominal,2.0NRT,290.99,1.41,N
21.76116,83.85086,308.77,0.43,0.62,2026-10-01,2059,N,nominal,2.0NRT,291.02,1.41,N
21.7565,83.84515,321.77,0.43,0.62,2026-10-01,2059,N,nominal,2.0NRT,292.39,2.05,N
21.75091,83.84361,315.66,0.43,0.62,2026-10-01,2059,N,nominal,2.0NRT,291.54,2.05,N
22.00466,82.67107,315.48,0.36,0.57,2026-10-01,2059,N,nominal,2.0NRT,294.05,2.18,N
21.74534,83.84199,316.63,0.43,0.62,2026-10-01,2059,N,nominal,2.0NRT,291.23,1.74,N
21.7444,83.84616,303.4,0.43,0.62,2026-10-01,2059,N,nominal,2.0NRT,290.98,1.74,N
21.67715,84.03725,303.61,0.44,0.62,2026-10-01,2059,N,nominal,2.0NRT,288.53,0.94,N
21.67619,84.04146,302.14,0.44,0.62,2026-10-01,2059,N,nominal,2.0NRT,288.82,0.94,N
20.96826,86.01565,333.27,0.6,0.71,2026-10-01,2059,N,nominal,2.0NRT,291.18,6.95,N
20.9711,86.00397,304.95,0.6,0.71,2026-10-01,2059,N,nominal,2.0NRT,290.48,2.85,N
20.96968,86.00982,303.34,0.6,0.71,2026-10-01,2059,N,nominal,2.0NRT,290.29,2.85,N
20.96329,86.00787,316.51,0.6,0.71,2026-10-01,2059,N,nominal,2.0NRT,289.91,2.85,N
21.8036,82.04042,307.41,0.33,0.55,2026-10-01,2059,N,nominal,2.0NRT,293.21,1.02,N
21.08194,85.03433,305.1,0.52,0.67,2026-10-01,2059,N,nominal,2.0NRT,289.97,2.3,N
21.67464,82.0823,309.44,0.33,0.56,2026-10-01,2059,N,nominal,2.0NRT,293.57,1.58,N
20.97885,85.17364,303.78,0.54,0.68,2026-10-01,2059,N,nominal,2.0NRT,290.51,1.72,N
20.98118,85.13599,308.27,0.53,0.67,2026-10-01,2059,N,nominal,2.0NRT,290.96,2.49,N
20.97274,85.17188,311.22,0.54,0.68,2026-10-01,2059,N,nominal,2.0NRT,290.83,1.72,N
20.97154,85.17695,314.35,0.54,0.68,2026-10-01,2059,N,nominal,2.0NRT,290.96,1.72,N
20.97023,85.15481,311.97,0.53,0.67,2026-10-01,2059,N,nominal,2.0NRT,290.88,2.62,N
20.96782,85.16505,304.03,0.54,0.68,2026-10-01,2059,N,nominal,2.0NRT,291.09,3.1,N
20.96662,85.17011,307.28,0.54,0.68,2026-10-01,2059,N,nominal,2.0NRT,291.08,2.4,N
20.96542,85.1752,309.4,0.54,0.68,2026-10-01,2059,N,nominal,2.0NRT,291.3,2.4,N
20.96421,85.18034,303.71,0.54,0.68,2026-10-01,2059,N,nominal,2.0NRT,290.98,2.42,N
20.96298,85.18554,318.23,0.54,0.68,2026-10-01,2059,N,nominal,2.0NRT,291.03,2.42,N
20.9617,85.19097,303.67,0.54,0.68,2026-10-01,2059,N,nominal,2.0NRT,290.5,2.06,N
21.62247,81.79438,309.06,0.32,0.55,2026-10-01,2059,N,nominal,2.0NRT,292.27,0.78,N
20.88922,84.98414,302.27,0.52,0.67,2026-10-01,2059,N,nominal,2.0NRT,289.26,1.93,N
20.86742,84.99423,303.69,0.53,0.67,2026-10-01,2059,N,nominal,2.0NRT,289.97,1.43,N
20.80461,85.25865,310.33,0.55,0.68,2026-10-01,2059,N,nominal,2.0NRT,291.36,2.59,N
20.86255,84.98743,311.5,0.52,0.67,2026-10-01,2059,N,nominal,2.0NRT,288.93,1.6,N
20.79228,85.25513,308.68,0.55,0.68,2026-10-01,2059,N,nominal,2.0NRT,291.39,2.45,N
20.78478,85.2589,306.98,0.55,0.68,2026-10-01,2059,N,nominal,2.0NRT,291.1,1.78,N
20.76231,85.2975,314.24,0.55,0.68,2026-10-01,2059,N,nominal,2.0NRT,292.29,3.13,N
20.79526,85.25491,312.1,0.55,0.68,2026-10-01,2059,N,nominal,2.0NRT,291.64,3.29,N
20.78656,85.26402,308.42,0.55,0.68,2026-10-01,2059,N,nominal,2.0NRT,291.68,1.27,N
20.78533,85.26931,303.73,0.55,0.68,2026-10-01,2059,N,nominal,2.0NRT,291.15,1.27,N
20.7816,85.25705,302.63,0.55,0.68,2026-10-01,2059,N,nominal,2.0NRT,290.8,0.81,N
20.75941,85.29563,313.31,0.55,0.68,2026-10-01,2059,N,nominal,2.0NRT,291.55,3.48,N
20.75823,85.30069,305.4,0.55,0.68,2026-10-01,2059,N,nominal,2.0NRT,291.41,1.53,N
21.48695,81.77016,308.28,0.32,0.55,2026-10-01,2059,N,nominal,2.0NRT,292.17,0.73,N
22.63618,75.5984,308.79,0.43,0.38,2026-10-01,2059,N,nominal,2.0NRT,292.83,0.83,N
21.43675,81.71738,303.92,0.32,0.55,2026-10-01,2059,N,nominal,2.0NRT,291,0.29,N
21.3762,81.68297,307.33,0.32,0.54,2026-10-01,2059,N,nominal,2.0NRT,291.73,1.28,N
21.36671,81.68022,306.56,0.32,0.54,2026-10-01,2059,N,nominal,2.0NRT,291.97,1.02,N
38.47097,66.56817,303.15,0.49,0.65,2026-10-01,2235,N,nominal,2.0NRT,280.6,0.93,N
39.17763,63.57617,295.22,0.33,0.55,2026-10-01,2235,N,nominal,2.0NRT,282.53,0.29,N
38.35424,66.31792,337.87,0.47,0.64,2026-10-01,2235,N,nominal,2.0NRT,282.89,3.32,N
38.35572,66.31287,302.54,0.47,0.64,2026-10-01,2235,N,nominal,2.0NRT,282.01,3.32,N
38.34853,66.31544,320.07,0.47,0.64,2026-10-01,2235,N,nominal,2.0NRT,282.83,3.32,N
39.17322,63.34658,295.74,0.32,0.55,2026-10-01,2235,N,nominal,2.0NRT,283.36,0.34,N
38.35178,66.3132,333.63,0.48,0.64,2026-10-01,2235,N,nominal,2.0NRT,283.37,3.52,N
38.35031,66.31834,315.94,0.48,0.64,2026-10-01,2235,N,nominal,2.0NRT,283.13,3.52,N
38.46533,65.78236,296.34,0.44,0.63,2026-10-01,2235,N,nominal,2.0NRT,285.45,1.11,N
38.45288,65.80425,300.03,0.44,0.63,2026-10-01,2235,N,nominal,2.0NRT,282.62,0.56,N
39.01537,63.70437,303.47,0.34,0.56,2026-10-01,2235,N,nominal,2.0NRT,280.91,0.67,N
39.00452,63.53752,301.49,0.33,0.55,2026-10-01,2235,N,nominal,2.0NRT,282.06,0.64,N
38.96297,63.69423,301.89,0.34,0.56,2026-10-01,2235,N,nominal,2.0NRT,281.42,0.55,N
38.97601,63.46945,295.76,0.33,0.55,2026-10-01,2235,N,nominal,2.0NRT,282.81,0.5,N
38.12891,64.67638,303.34,0.4,0.6,2026-10-01,2235,N,nominal,2.0NRT,283.48,1.05,N
38.12952,64.67453,305.77,0.4,0.6,2026-10-01,2235,N,nominal,2.0NRT,284.08,1.1,N
37.96621,65.00643,302.17,0.42,0.61,2026-10-01,2235,N,nominal,2.0NRT,284.07,0.59,N
37.51634,66.41391,297.7,0.51,0.66,2026-10-01,2235,N,nominal,2.0NRT,287.01,0.89,N
37.51627,66.41423,298.67,0.51,0.66,2026-10-01,2235,N,nominal,2.0NRT,287.55,0.59,N
37.82582,65.17377,297,0.43,0.62,2026-10-01,2235,N,nominal,2.0NRT,283.92,1.01,N
39.27142,56.26789,300.62,0.45,0.39,2026-10-01,2235,N,nominal,2.0NRT,286.32,0.46,N
37.7958,62.55344,305.31,0.63,0.54,2026-10-01,2235,N,nominal,2.0NRT,284,1.24,N
37.79557,62.55405,300.33,0.63,0.54,2026-10-01,2235,N,nominal,2.0NRT,283.5,2.36,N
37.78944,62.53614,298.66,0.63,0.54,2026-10-01,2235,N,nominal,2.0NRT,284.19,1.08,N
39.5092,54.32903,310.72,0.4,0.37,2026-10-01,2235,N,nominal,2.0NRT,288.82,1.01,N
37.66901,62.2388,296.95,0.61,0.54,2026-10-01,2235,N,nominal,2.0NRT,283.68,0.91,N
37.66093,62.24343,297.69,0.61,0.54,2026-10-01,2235,N,nominal,2.0NRT,284.15,1.47,N
37.63907,62.20492,295.64,0.61,0.53,2026-10-01,2235,N,nominal,2.0NRT,283.75,0.55,N
37.61927,62.13779,297.14,0.61,0.53,2026-10-01,2235,N,nominal,2.0NRT,285.93,0.72,N
37.65654,61.90629,295.79,0.59,0.53,2026-10-01,2235,N,nominal,2.0NRT,285.18,0.69,N
37.59274,61.53086,296.66,0.56,0.52,2026-10-01,2235,N,nominal,2.0NRT,286.39,0.94,N
38.25696,58.38998,308.75,0.57,0.43,2026-10-01,2235,N,nominal,2.0NRT,289.33,1.4,N
38.19541,58.1044,298.37,0.56,0.43,2026-10-01,2235,N,nominal,2.0NRT,285.82,0.71,N
37.6337,60.34142,303.5,0.49,0.49,2026-10-01,2235,N,nominal,2.0NRT,286.55,1.31,N
37.12127,62.36481,300.07,0.32,0.55,2026-10-01,2235,N,nominal,2.0NRT,285.08,0.46,N
37.11642,62.36285,297.51,0.32,0.55,2026-10-01,2235,N,nominal,2.0NRT,285.18,1.19,N
37.11552,62.36637,308.07,0.32,0.55,2026-10-01,2235,N,nominal,2.0NRT,285.76,0.79,N
38.85258,54.23181,306.14,0.4,0.37,2026-10-01,2235,N,nominal,2.0NRT,286.87,0.73,N
37.94622,58.58841,300.58,0.39,0.44,2026-10-01,2235,N,nominal,2.0NRT,287.56,0.48,N
37.94304,58.56363,301.97,0.39,0.44,2026-10-01,2235,N,nominal,2.0NRT,288.1,0.83,N
37.03358,62.42052,325.58,0.32,0.55,2026-10-01,2235,N,nominal,2.0NRT,286.71,3.2,N
38.68205,54.31741,304.1,0.4,0.37,2026-10-01,2235,N,nominal,2.0NRT,287.15,1.46,N
38.6787,54.31644,323.66,0.4,0.37,2026-10-01,2235,N,nominal,2.0NRT,286.93,1.46,N
38.64921,54.28393,333.89,0.4,0.37,2026-10-01,2235,N,nominal,2.0NRT,289.67,2.49,N
38.64586,54.28297,299.95,0.4,0.37,2026-10-01,2235,N,nominal,2.0NRT,286.37,0.59,N
37.82787,58.38676,305.18,0.39,0.44,2026-10-01,2235,N,nominal,2.0NRT,286.51,0.51,N
37.34075,58.04594,296.32,0.57,0.43,2026-10-01,2235,N,nominal,2.0NRT,283.56,1.16,N
37.33961,58.05123,299.09,0.38,0.43,2026-10-01,2235,N,nominal,2.0NRT,283.72,1.12,N
36.47586,61.62474,296.27,0.61,0.53,2026-10-01,2235,N,nominal,2.0NRT,285.87,2.55,N
35.8894,63.01816,296.87,0.37,0.58,2026-10-01,2237,N,nominal,2.0NRT,285.34,0.49,N
36.48117,59.75039,296.55,0.48,0.48,2026-10-01,2237,N,nominal,2.0NRT,283.84,1.03,N
36.478,59.74387,297.32,0.48,0.48,2026-10-01,2237,N,nominal,2.0NRT,284.42,1.03,N
36.49376,59.33523,295.03,0.46,0.47,2026-10-01,2237,N,nominal,2.0NRT,282.96,0.6,N
36.26996,59.65099,296.58,0.48,0.48,2026-10-01,2237,N,nominal,2.0NRT,284.83,0.59,N
36.23754,59.7314,296.27,0.49,0.49,2026-10-01,2237,N,nominal,2.0NRT,283.54,0.96,N
36.33521,58.66615,307.54,0.43,0.46,2026-10-01,2237,N,nominal,2.0NRT,284.2,1.82,N
36.29642,54.78984,306.03,0.44,0.38,2026-10-01,2237,N,nominal,2.0NRT,286.25,1,N
35.36753,59.30683,296.28,0.49,0.48,2026-10-01,2237,N,nominal,2.0NRT,284.12,0.92,N
36.32055,54.18633,295.01,0.42,0.38,2026-10-01,2237,N,nominal,2.0NRT,283.33,0.63,N
33.75283,59.14732,295.54,0.52,0.5,2026-10-01,2237,N,nominal,2.0NRT,282.74,0.67,N
33.62763,59.17174,297.95,0.52,0.5,2026-10-01,2237,N,nominal,2.0NRT,285.62,1.23,N
33.04349,56.84947,311.58,0.4,0.44,2026-10-01,2237,N,nominal,2.0NRT,293.39,1.84,N
33.04031,56.85058,309.21,0.4,0.44,2026-10-01,2237,N,nominal,2.0NRT,291.71,2.01,N
32.33431,54.08577,305.73,0.46,0.39,2026-10-01,2237,N,nominal,2.0NRT,287.63,1.56,N
31.94211,54.04503,307.02,0.47,0.39,2026-10-01,2237,N,nominal,2.0NRT,290.77,1.07,N
31.85131,54.2848,306.04,0.48,0.4,2026-10-01,2237,N,nominal,2.0NRT,291.51,0.8,N
31.84769,54.28382,308.13,0.48,0.4,2026-10-01,2237,N,nominal,2.0NRT,289.72,0.85,N
31.62212,54.74333,302.85,0.5,0.41,2026-10-01,2237,N,nominal,2.0NRT,289.61,1.14,N
31.62149,54.72673,312.02,0.5,0.41,2026-10-01,2237,N,nominal,2.0NRT,289.77,1.46,N
31.60298,54.31934,297.95,0.48,0.4,2026-10-01,2237,N,nominal,2.0NRT,286.72,0.54,N
30.1567,60.73581,303.58,0.38,0.59,2026-10-01,2237,N,nominal,2.0NRT,293.19,0.55,N
30.75352,56.65728,300.46,0.44,0.46,2026-10-01,2237,N,nominal,2.0NRT,287.69,1.19,N
30.66511,56.62046,305.51,0.44,0.46,2026-10-01,2237,N,nominal,2.0NRT,285.56,1.02,N
30.50036,56.81702,301.79,0.45,0.47,2026-10-01,2237,N,nominal,2.0NRT,288.81,1.38,N
30.23416,56.90892,311.58,0.46,0.47,2026-10-01,2237,N,nominal,2.0NRT,288.25,2.18,N
30.36913,56.12759,301.66,0.42,0.45,2026-10-01,2237,N,nominal,2.0NRT,286.73,0.81,N
30.34926,56.13997,300.32,0.42,0.45,2026-10-01,2237,N,nominal,2.0NRT,285.01,0.61,N
30.37866,55.86292,312.66,0.4,0.44,2026-10-01,2237,N,nominal,2.0NRT,287.63,1.26,N
30.38989,55.76628,308.37,0.4,0.44,2026-10-01,2237,N,nominal,2.0NRT,286.48,0.99,N
30.32182,55.97365,301.79,0.41,0.45,2026-10-01,2237,N,nominal,2.0NRT,286.77,0.72,N
30.21832,55.98411,306.24,0.41,0.45,2026-10-01,2237,N,nominal,2.0NRT,287.05,1.16,N
30.21342,55.98706,301.16,0.41,0.45,2026-10-01,2237,N,nominal,2.0NRT,285.83,1.16,N
29.99118,55.85638,339.48,0.41,0.45,2026-10-01,2237,N,nominal,2.0NRT,287,2.58,N
29.9921,55.85197,295.76,0.41,0.45,2026-10-01,2237,N,nominal,2.0NRT,282.9,2.73,N
30.08114,55.39967,315.55,0.38,0.44,2026-10-01,2237,N,nominal,2.0NRT,287.83,1.79,N
29.98713,55.85529,303.83,0.41,0.45,2026-10-01,2237,N,nominal,2.0NRT,283.52,2.58,N
30.0788,55.39078,297.25,0.38,0.43,2026-10-01,2237,N,nominal,2.0NRT,286.9,0.89,N
30.078,55.39471,300.9,0.38,0.44,2026-10-01,2237,N,nominal,2.0NRT,288.22,0.89,N
30.00758,55.20411,300.66,0.57,0.43,2026-10-01,2237,N,nominal,2.0NRT,285.62,1.18,N
29.13266,55.3813,303.46,0.4,0.44,2026-10-01,2240,N,nominal,2.0NRT,289.29,1.79,N
29.20234,54.48388,301.2,0.54,0.42,2026-10-01,2240,N,nominal,2.0NRT,286.11,1.49,N
29.17193,54.61784,303.98,0.55,0.42,2026-10-01,2240,N,nominal,2.0NRT,291.8,1.65,N
28.96157,54.03736,300.89,0.51,0.41,2026-10-01,2240,N,nominal,2.0NRT,285.99,0.95,N
27.92529,54.38783,311.91,0.56,0.43,2026-10-01,2240,N,nominal,2.0NRT,292.78,1.62,N
27.16816,56.0981,307.02,0.48,0.48,2026-10-01,2240,N,nominal,2.0NRT,295.97,3.58,N
27.16278,56.10171,306.64,0.48,0.48,2026-10-01,2240,N,nominal,2.0NRT,296.3,2.82,N
27.15843,56.10058,319.61,0.48,0.48,2026-10-01,2240,N,nominal,2.0NRT,296.22,2.82,N
27.15846,56.10239,322.04,0.48,0.48,2026-10-01,2240,N,nominal,2.0NRT,296.31,4.92,N
25.97294,56.07211,313.15,0.5,0.49,2026-10-01,2240,N,nominal,2.0NRT,299.71,4.87,N
25.97225,56.07037,311.56,0.5,0.49,2026-10-01,2240,N,nominal,2.0NRT,299.25,3.94,N
25.9678,56.06922,311.02,0.5,0.49,2026-10-01,2240,N,nominal,2.0NRT,300.06,4.13,N
39.85591,66.20233,295.37,0.43,0.62,2026-10-01,2235,N,nominal,2.0NRT,282.17,1.23,N
24.45529,56.55486,308.3,0.57,0.52,2026-10-01,2240,N,nominal,2.0NRT,296.02,2.56,N
24.45563,56.55394,307.24,0.57,0.52,2026-10-01,2240,N,nominal,2.0NRT,296.4,2.97,N
24.60783,54.15153,330.54,0.41,0.45,2026-10-01,2240,N,nominal,2.0NRT,303.77,2.34,N
24.34816,54.47063,311.2,0.43,0.46,2026-10-01,2240,N,nominal,2.0NRT,300.59,0.93,N
24.32669,54.4719,312.28,0.43,0.46,2026-10-01,2240,N,nominal,2.0NRT,301.25,2.68,N
24.32084,54.4572,314.22,0.43,0.46,2026-10-01,2240,N,nominal,2.0NRT,303.94,3.51,N
24.00348,55.44217,312.44,0.5,0.49,2026-10-01,2240,N,nominal,2.0NRT,300.18,2.02,N
23.19402,55.45837,309.31,0.52,0.5,2026-10-01,2240,N,nominal,2.0NRT,297.98,1.31,N
23.15317,55.44839,308.89,0.52,0.5,2026-10-01,2240,N,nominal,2.0NRT,297.83,1.39,N
23.31113,54.17787,307.48,0.43,0.46,2026-10-01,2240,N,nominal,2.0NRT,297.23,1.88,N
22.9276,55.80478,331.22,0.55,0.51,2026-10-01,2240,N,nominal,2.0NRT,296.73,4.13,N
22.87805,55.92315,313.91,0.56,0.52,2026-10-01,2240,N,nominal,2.0NRT,296.48,1.93,N
22.87689,55.9286,307.9,0.56,0.52,2026-10-01,2240,N,nominal,2.0NRT,296.62,1.93,N
22.87209,55.61621,321.76,0.54,0.51,2026-10-01,2240,N,nominal,2.0NRT,296.55,2.55,N
22.87884,55.37536,344.79,0.52,0.5,2026-10-01,2240,N,nominal,2.0NRT,299.17,4.36,N
22.8743,55.37425,315.07,0.52,0.5,2026-10-01,2240,N,nominal,2.0NRT,297.4,4.36,N
22.673,56.25275,307.85,0.6,0.53,2026-10-01,2240,N,nominal,2.0NRT,295.6,0.65,N
22.40833,56.99053,325.01,0.34,0.56,2026-10-01,2240,N,nominal,2.0NRT,294.36,1.74,N
22.40323,56.98938,322.73,0.34,0.56,2026-10-01,2240,N,nominal,2.0NRT,294.03,1.48,N
22.32467,56.49326,305.56,0.63,0.54,2026-10-01,2240,N,nominal,2.0NRT,295.52,1.33,N
22.10616,57.31897,317.83,0.36,0.57,2026-10-01,2240,N,nominal,2.0NRT,293.53,0.73,N
22.27201,56.25271,336.96,0.61,0.53,2026-10-01,2240,N,nominal,2.0NRT,295.24,4.19,N
21.93689,57.07486,324.46,0.35,0.56,2026-10-01,2240,N,nominal,2.0NRT,294.11,1.62,N
21.93763,57.07152,308.16,0.35,0.56,2026-10-01,2240,N,nominal,2.0NRT,293.79,1.86,N
21.93597,57.07495,327.7,0.35,0.56,2026-10-01,2240,N,nominal,2.0NRT,294.07,1.8,N
21.93669,57.0716,308.53,0.35,0.56,2026-10-01,2240,N,nominal,2.0NRT,294.15,2.01,N
22.52488,54.05206,309.41,0.44,0.46,2026-10-01,2240,N,nominal,2.0NRT,298.39,1.45,N
22.01169,56.42573,313.17,0.63,0.54,2026-10-01,2240,N,nominal,2.0NRT,294.61,1.86,N
21.83248,56.67943,312.07,0.33,0.55,2026-10-01,2240,N,nominal,2.0NRT,294.21,1.66,N
21.32067,57.72197,310.73,0.39,0.59,2026-10-01,2242,N,nominal,2.0NRT,292.68,0.8,N
21.31568,57.74452,308.49,0.39,0.6,2026-10-01,2242,N,nominal,2.0NRT,292.98,0.67,N
21.30388,57.7978,308.66,0.4,0.6,2026-10-01,2242,N,nominal,2.0NRT,292.88,0.9,N
21.30942,57.74693,315.2,0.39,0.6,2026-10-01,2242,N,nominal,2.0NRT,293.19,1.6,N
21.30692,57.70661,313.26,0.39,0.59,2026-10-01,2242,N,nominal,2.0NRT,293.22,0.83,N
21.29573,57.67991,306.39,0.39,0.59,2026-10-01,2242,N,nominal,2.0NRT,292.79,0.63,N
20.98896,56.77442,307.94,0.35,0.56,2026-10-01,2242,N,nominal,2.0NRT,293.56,0.37,N
21.00366,56.53077,322.86,0.33,0.56,2026-10-01,2242,N,nominal,2.0NRT,294.44,2.56,N
21.00297,56.53397,341.96,0.33,0.56,2026-10-01,2242,N,nominal,2.0NRT,294.51,2.56,N
20.55965,56.42058,313.54,0.34,0.56,2026-10-01,2242,N,nominal,2.0NRT,293.39,0.54,N
20.37787,55.93769,315.69,0.63,0.54,2026-10-01,2242,N,nominal,2.0NRT,293.51,1.93,N
20.37292,55.93649,312.8,0.63,0.54,2026-10-01,2242,N,nominal,2.0NRT,293.41,2.09,N
20.3898,55.66171,322.88,0.61,0.53,2026-10-01,2242,N,nominal,2.0NRT,294.19,3.12,N
20.38737,55.64909,309.3,0.61,0.53,2026-10-01,2242,N,nominal,2.0NRT,294.01,1.18,N
20.38862,55.6609,322,0.61,0.53,2026-10-01,2242,N,nominal,2.0NRT,293.71,2.22,N
20.38611,55.64824,310.76,0.61,0.53,2026-10-01,2242,N,nominal,2.0NRT,294.28,2.02,N
20.213,55.71027,317.82,0.62,0.54,2026-10-01,2242,N,nominal,2.0NRT,293.5,1.57,N
19.26675,56.17657,311.94,0.34,0.56,2026-10-01,2242,N,nominal,2.0NRT,292.76,0.97,N
18.56023,55.86843,305.82,0.34,0.56,2026-10-01,2242,N,nominal,2.0NRT,292.92,0.55,N
18.55956,55.87164,304.61,0.34,0.56,2026-10-01,2242,N,nominal,2.0NRT,292.15,0.55,N
18.32388,55.10711,304.52,0.61,0.54,2026-10-01,2242,N,nominal,2.0NRT,291.44,0.81,N
18.01316,54.5761,307.07,0.57,0.52,2026-10-01,2242,N,nominal,2.0NRT,292.76,1.65,N
13.04705,96.86747,335.65,0.32,0.54,2026-10-02,0627,N,nominal,2.0NRT,290.66,2,D
14.1748,100.56698,333.8,0.53,0.42,2026-10-02,0627,N,nominal,2.0NRT,284.99,5.5,D
14.17378,100.26131,330.5,0.56,0.43,2026-10-02,0627,N,nominal,2.0NRT,287.01,4.94,D
14.58491,101.84267,341.41,0.46,0.39,2026-10-02,0627,N,nominal,2.0NRT,297.43,5.81,D
14.70413,100.05053,330.03,0.56,0.43,2026-10-02,0627,N,nominal,2.0NRT,290.3,2.57,D
15.31954,99.8474,333.24,0.57,0.43,2026-10-02,0627,N,nominal,2.0NRT,293.23,4.07,D
16.03259,99.56018,336.83,0.57,0.43,2026-10-02,0629,N,nominal,2.0NRT,293.68,4.79,D
16.23473,100.06841,341.43,0.53,0.42,2026-10-02,0629,N,nominal,2.0NRT,292.82,7.59,D
16.21415,99.32916,336.4,0.39,0.44,2026-10-02,0629,N,nominal,2.0NRT,293.71,2.82,D
17.31169,101.76691,330.61,0.43,0.38,2026-10-02,0629,N,low,2.0NRT,304.02,3.3,D
17.1788,99.97956,332.54,0.52,0.42,2026-10-02,0629,N,nominal,2.0NRT,297.64,4.35,D
18.11695,101.26072,334.03,0.44,0.38,2026-10-02,0629,N,nominal,2.0NRT,299.79,3.11,D
18.15413,101.28787,339.3,0.44,0.38,2026-10-02,0629,N,nominal,2.0NRT,299.86,6.87,D
18.15764,101.2872,346.95,0.44,0.38,2026-10-02,0629,N,nominal,2.0NRT,300.21,6.87,D
18.35583,100.2516,331.77,0.49,0.4,2026-10-02,0629,N,nominal,2.0NRT,298.05,4.93,D
18.8779,100.4517,332.07,0.47,0.4,2026-10-02,0629,N,nominal,2.0NRT,296.88,2.01,D
19.28988,101.6123,334.99,0.42,0.38,2026-10-02,0629,N,nominal,2.0NRT,298.12,3.11,D
19.50865,99.48384,328.88,0.51,0.41,2026-10-02,0629,N,nominal,2.0NRT,297.94,4.27,D
21.65007,101.59173,334.97,0.4,0.37,2026-10-02,0629,N,nominal,2.0NRT,299.13,3.3,D
22.06654,99.62671,332.26,0.47,0.4,2026-10-02,0631,N,nominal,2.0NRT,296.25,6.16,D
22.07012,99.62591,330.28,0.47,0.4,2026-10-02,0631,N,nominal,2.0NRT,295.27,5.49,D
22.99492,101.74777,331.59,0.39,0.36,2026-10-02,0631,N,nominal,2.0NRT,297.09,2.08,D
22.26483,96.02609,328.44,0.49,0.48,2026-10-02,0631,N,nominal,2.0NRT,292.46,2.26,D
24.37353,100.89798,327.44,0.4,0.37,2026-10-02,0631,N,nominal,2.0NRT,296.12,3.04,D
26.56602,101.67226,329.92,0.38,0.36,2026-10-02,0631,N,nominal,2.0NRT,299.28,4.57,D
28.90754,99.11179,335.24,0.41,0.37,2026-10-02,0631,N,low,2.0NRT,305.56,2.17,D
29.60357,91.00078,327.08,0.35,0.57,2026-10-02,0633,N,low,2.0NRT,297.37,1.68,D
36.47666,101.53148,328.27,0.41,0.37,2026-10-02,0633,N,nominal,2.0NRT,297.93,1.58,D
36.49403,101.50434,331.71,0.41,0.37,2026-10-02,0633,N,nominal,2.0NRT,297.77,4.03,D
36.83203,101.82463,338.94,0.42,0.38,2026-10-02,0633,N,nominal,2.0NRT,297.81,5.48,D
36.807,101.47427,332.92,0.41,0.37,2026-10-02,0633,N,nominal,2.0NRT,299.23,2,D
36.87929,101.88802,329.4,0.43,0.38,2026-10-02,0633,N,nominal,2.0NRT,297.75,2.26,D
38.30869,101.57488,345.54,0.43,0.38,2026-10-02,0635,N,nominal,2.0NRT,302.57,3.45,D
39.01419,100.42995,333.6,0.41,0.37,2026-10-02,0635,N,nominal,2.0NRT,302.04,4.92,D
39.01757,100.4292,334.81,0.41,0.37,2026-10-02,0635,N,nominal,2.0NRT,301.3,3.49,D
39.76799,98.68549,342.32,0.39,0.36,2026-10-02,0635,N,nominal,2.0NRT,305.18,13.05,D
39.82479,98.81516,337.32,0.39,0.36,2026-10-02,0635,N,nominal,2.0NRT,305.46,4.01,D
39.8068,96.89076,335.28,0.39,0.36,2026-10-02,0635,N,nominal,2.0NRT,302.6,3.11,D
7.28448,80.88157,340.64,0.39,0.36,2026-10-02,0807,N,nominal,2.0NRT,299.83,6.35,D
7.34932,80.99494,337.68,0.38,0.36,2026-10-02,0807,N,nominal,2.0NRT,304.84,4.78,D
7.48968,81.66943,337.59,0.39,0.36,2026-10-02,0807,N,nominal,2.0NRT,306.41,1.87,D
7.46478,81.24254,331.15,0.38,0.36,2026-10-02,0807,N,low,2.0NRT,302.61,2.98,D
7.6417,80.94051,332.13,0.38,0.36,2026-10-02,0807,N,nominal,2.0NRT,301.82,3.46,D
7.6546,81.00246,335.39,0.38,0.36,2026-10-02,0807,N,nominal,2.0NRT,302.08,3.22,D
7.65845,81.00542,344.07,0.38,0.36,2026-10-02,0807,N,nominal,2.0NRT,305.71,7.75,D
7.63144,80.38892,332.34,0.39,0.36,2026-10-02,0807,N,nominal,2.0NRT,301.46,2.14,D
7.78015,81.0257,340.43,0.38,0.36,2026-10-02,0807,N,nominal,2.0NRT,303.71,5.6,D
7.82749,81.22432,349.72,0.38,0.36,2026-10-02,0807,N,nominal,2.0NRT,305.85,13.51,D
7.8308,81.22381,341.09,0.38,0.36,2026-10-02,0807,N,nominal,2.0NRT,301.32,13.51,D
7.74555,80.08131,333.96,0.39,0.36,2026-10-02,0807,N,nominal,2.0NRT,299.79,4.95,D
7.95909,81.15698,330.54,0.38,0.36,2026-10-02,0807,N,low,2.0NRT,302.39,3.96,D
7.96103,81.01463,330.36,0.38,0.36,2026-10-02,0807,N,low,2.0NRT,300.65,3.29,D
7.86887,79.97788,334.27,0.39,0.36,2026-10-02,0807,N,nominal,2.0NRT,295.19,4.38,D
8.02994,80.91099,338.75,0.38,0.36,2026-10-02,0807,N,nominal,2.0NRT,294.92,3.54,D
8.10315,81.03738,330.21,0.38,0.36,2026-10-02,0807,N,nominal,2.0NRT,297.96,2.2,D
8.03448,80.19431,331.02,0.39,0.36,2026-10-02,0807,N,low,2.0NRT,301.33,2.57,D
8.18324,81.00719,340.2,0.38,0.36,2026-10-02,0807,N,nominal,2.0NRT,299.92,4.11,D
8.18655,81.00668,336.4,0.38,0.36,2026-10-02,0807,N,nominal,2.0NRT,300.34,3.66,D
8.28739,80.30119,331.81,0.39,0.36,2026-10-02,0807,N,low,2.0NRT,302.01,2.23,D
8.32318,80.18047,342.53,0.39,0.36,2026-10-02,0807,N,nominal,2.0NRT,305.47,18.45,D
8.39176,80.25534,333.36,0.39,0.36,2026-10-02,0807,N,low,2.0NRT,303.45,2.58,D
8.43678,80.39184,330.1,0.39,0.36,2026-10-02,0807,N,low,2.0NRT,302.57,2.77,D
8.41401,80.2231,345.98,0.39,0.36,2026-10-02,0807,N,nominal,2.0NRT,307.73,7.04,D
8.46828,80.24341,340.93,0.39,0.36,2026-10-02,0807,N,nominal,2.0NRT,303.6,3.39,D
8.50256,80.24825,336.99,0.39,0.36,2026-10-02,0807,N,nominal,2.0NRT,304.67,1.73,D
8.50202,80.24475,335.8,0.39,0.36,2026-10-02,0807,N,nominal,2.0NRT,302.18,1.87,D
8.60386,80.66164,333.37,0.38,0.36,2026-10-02,0807,N,nominal,2.0NRT,302.16,3.43,D
8.66759,80.33001,331.19,0.39,0.36,2026-10-02,0807,N,low,2.0NRT,302.81,2.54,D
8.87294,80.87187,337.76,0.38,0.36,2026-10-02,0807,N,nominal,2.0NRT,302.76,3.45,D
8.87241,80.86839,336.66,0.38,0.36,2026-10-02,0807,N,nominal,2.0NRT,301.34,3.45,D
8.90924,80.88762,334.53,0.38,0.36,2026-10-02,0807,N,nominal,2.0NRT,302.05,3.05,D
8.89966,80.82502,335.95,0.38,0.36,2026-10-02,0807,N,nominal,2.0NRT,298.97,4.03,D
8.89616,80.75791,331.19,0.38,0.36,2026-10-02,0807,N,nominal,2.0NRT,299.3,2.37,D
8.93226,80.81915,338.44,0.38,0.36,2026-10-02,0807,N,nominal,2.0NRT,300.41,2.82,D
8.93911,80.77537,332.02,0.38,0.36,2026-10-02,0807,N,nominal,2.0NRT,301.61,1.83,D
8.94956,80.55635,343.24,0.38,0.36,2026-10-02,0807,N,nominal,2.0NRT,306.62,20.88,D
8.95287,80.55583,337.67,0.38,0.36,2026-10-02,0807,N,nominal,2.0NRT,303.37,20.88,D
9.06839,80.71191,335.27,0.38,0.36,2026-10-02,0807,N,nominal,2.0NRT,297.26,5.31,D
9.09057,80.4621,335.6,0.39,0.36,2026-10-02,0807,N,nominal,2.0NRT,301.01,3.2,D
9.17249,80.53147,347.15,0.38,0.36,2026-10-02,0807,N,nominal,2.0NRT,300.89,6.25,D
9.22087,80.64803,335.07,0.38,0.36,2026-10-02,0807,N,nominal,2.0NRT,301.83,5.22,D
9.37941,80.60124,334.41,0.38,0.36,2026-10-02,0807,N,nominal,2.0NRT,303.98,3.42,D
9.42821,80.52165,336.48,0.38,0.36,2026-10-02,0807,N,nominal,2.0NRT,304.97,1.54,D
9.47924,80.45656,333.84,0.38,0.36,2026-10-02,0807,N,low,2.0NRT,306.86,2.75,D
9.48255,80.45604,341.15,0.38,0.36,2026-10-02,0807,N,nominal,2.0NRT,306.99,7.1,D
9.48322,80.24406,342.01,0.39,0.36,2026-10-02,0807,N,nominal,2.0NRT,305.31,5.01,D
9.46071,77.92206,335.56,0.45,0.39,2026-10-02,0807,N,nominal,2.0NRT,301.8,4.11,D
10.32206,79.34957,334.15,0.39,0.37,2026-10-02,0809,N,nominal,2.0NRT,298.34,2.8,D
10.41835,79.25252,337.66,0.4,0.37,2026-10-02,0809,N,nominal,2.0NRT,302.01,4.37,D
10.63588,79.64193,330.01,0.39,0.36,2026-10-02,0809,N,low,2.0NRT,303.38,2.24,D
10.50323,77.80206,333.51,0.44,0.38,2026-10-02,0809,N,low,2.0NRT,307.6,4.32,D
11.07815,79.65669,338.91,0.39,0.36,2026-10-02,0809,N,nominal,2.0NRT,303.16,4.55,D
12.07595,78.74899,334.53,0.4,0.37,2026-10-02,0809,N,nominal,2.0NRT,300.46,2.81,D
11.87286,76.63638,330.85,0.48,0.4,2026-10-02,0809,N,nominal,2.0NRT,297.7,3.92,D
12.62045,79.54345,332.97,0.39,0.36,2026-10-02,0809,N,nominal,2.0NRT,301.69,3.04,D
12.81738,79.46049,347.66,0.39,0.36,2026-10-02,0809,N,nominal,2.0NRT,303.94,9.33,D
13.17219,80.2739,348.14,0.39,0.36,2026-10-02,0809,N,nominal,2.0NRT,307.69,8.01,D
13.19529,80.29199,332.8,0.39,0.36,2026-10-02,0809,N,low,2.0NRT,305.03,1.93,D
13.27583,80.13022,335.62,0.38,0.36,2026-10-02,0809,N,nominal,2.0NRT,302.12,3.31,D
13.39292,80.10063,330.76,0.38,0.36,2026-10-02,0809,N,low,2.0NRT,305.31,1.72,D
13.40894,80.09447,331.11,0.38,0.36,2026-10-02,0809,N,low,2.0NRT,305.47,1.56,D
13.59791,79.55939,333.75,0.38,0.36,2026-10-02,0809,N,low,2.0NRT,305.97,1.9,D
13.59736,79.55585,337.48,0.38,0.36,2026-10-02,0809,N,nominal,2.0NRT,307.32,2.22,D
13.77253,79.68336,333.8,0.38,0.36,2026-10-02,0809,N,nominal,2.0NRT,303.58,2.17,D
13.82275,79.63491,335.91,0.38,0.36,2026-10-02,0809,N,nominal,2.0NRT,304.8,4.12,D
13.85134,79.66656,336.77,0.38,0.36,2026-10-02,0809,N,nominal,2.0NRT,306.08,2.15,D
13.87395,79.6593,336.57,0.38,0.36,2026-10-02,0809,N,nominal,2.0NRT,305.66,2.48,D
14.01889,79.28264,339.22,0.39,0.36,2026-10-02,0809,N,nominal,2.0NRT,306.65,5.99,D
14.0222,79.2821,343.5,0.39,0.36,2026-10-02,0809,N,nominal,2.0NRT,306.7,5.99,D
14.45041,79.38162,333.91,0.38,0.36,2026-10-02,0809,N,nominal,2.0NRT,299.58,3.11,D
14.50336,79.63835,337.38,0.38,0.36,2026-10-02,0809,N,nominal,2.0NRT,306.52,3.24,D
14.48566,78.20309,332.78,0.4,0.37,2026-10-02,0809,N,low,2.0NRT,302.96,2.69,D
14.8452,80.01656,335.65,0.39,0.36,2026-10-02,0809,N,nominal,2.0NRT,304.79,1.61,D
14.62822,78.5488,333.43,0.39,0.36,2026-10-02,0809,N,low,2.0NRT,304.52,2.89,D
14.6059,77.51727,330.08,0.41,0.37,2026-10-02,0809,N,low,2.0NRT,302.05,1.12,D
15.12581,79.61521,341.9,0.38,0.36,2026-10-02,0809,N,nominal,2.0NRT,300.56,4.34,D
15.40609,80.03831,335.29,0.39,0.36,2026-10-02,0809,N,nominal,2.0NRT,305.18,2.92,D
15.27213,78.89359,336.58,0.39,0.36,2026-10-02,0809,N,low,2.0NRT,307.14,2.58,D
15.46558,79.73826,336.53,0.39,0.36,2026-10-02,0809,N,nominal,2.0NRT,298.45,4.19,D
15.18044,76.67863,330.05,0.44,0.38,2026-10-02,0809,N,low,2.0NRT,300.45,4.37,D
15.17712,76.6583,341.05,0.44,0.38,2026-10-02,0809,N,low,2.0NRT,301.28,4.33,D
15.17645,76.65423,339.75,0.44,0.38,2026-10-02,0809,N,low,2.0NRT,300.54,4.33,D
15.18196,76.6658,330.81,0.44,0.38,2026-10-02,0809,N,low,2.0NRT,300.89,3.86,D
15.18185,76.66691,333.58,0.44,0.38,2026-10-02,0809,N,low,2.0NRT,301.02,4.7,D
15.1798,76.65472,338.24,0.44,0.38,2026-10-02,0809,N,nominal,2.0NRT,299.62,5.86,D
15.70196,78.3106,332.53,0.39,0.36,2026-10-02,0809,N,low,2.0NRT,304.98,2.86,D
15.42653,76.05802,330.75,0.46,0.39,2026-10-02,0809,N,low,2.0NRT,303.19,3.14,D
15.99307,79.5119,332.96,0.38,0.36,2026-10-02,0809,N,low,2.0NRT,304.35,2.23,D
16.0734,79.79652,336.37,0.39,0.36,2026-10-02,0809,N,nominal,2.0NRT,303.49,3.1,D
15.74291,75.51815,336.05,0.49,0.4,2026-10-02,0809,N,nominal,2.0NRT,304.02,1.38,D
16.43943,79.71398,332.54,0.39,0.36,2026-10-02,0809,N,low,2.0NRT,306.18,3.21,D
15.52621,73.99226,330.89,0.4,0.44,2026-10-02,0809,N,nominal,2.0NRT,299.67,3.05,D
16.45871,79.54866,332.81,0.39,0.36,2026-10-02,0809,N,low,2.0NRT,304.57,3.23,D
16.46093,79.54095,341.33,0.39,0.36,2026-10-02,0809,N,nominal,2.0NRT,305.76,5.59,D
15.81623,75.42181,336.56,0.49,0.41,2026-10-02,0809,N,nominal,2.0NRT,304.43,2.75,D
16.74195,80.2963,330,0.4,0.37,2026-10-02,0809,N,low,2.0NRT,301.8,3.6,D
16.02864,75.66051,333.32,0.48,0.4,2026-10-02,0809,N,low,2.0NRT,307.27,4.36,D
16.64364,79.0733,336.33,0.38,0.36,2026-10-02,0809,N,nominal,2.0NRT,302.73,1.16,D
17.06083,80.93665,335.38,0.41,0.37,2026-10-02,0809,N,nominal,2.0NRT,299.65,2.18,D
16.82358,79.27783,337.28,0.38,0.36,2026-10-02,0809,N,nominal,2.0NRT,300.4,2.53,D
17.0639,80.76337,367,0.41,0.37,2026-10-02,0809,N,high,2.0NRT,300.01,14.87,D
16.84901,78.17395,331.86,0.39,0.36,2026-10-02,0809,N,nominal,2.0NRT,301.83,3.05,D
16.89101,78.4194,337.56,0.39,0.36,2026-10-02,0809,N,nominal,2.0NRT,304.82,3.28,D
17.64072,78.95608,344.54,0.38,0.36,2026-10-02,0809,N,nominal,2.0NRT,301.13,5.24,D
17.95707,80.79548,332.65,0.41,0.37,2026-10-02,0809,N,low,2.0NRT,305.59,4.03,D
17.98273,80.82749,333.08,0.42,0.37,2026-10-02,0809,N,low,2.0NRT,306,5.81,D
17.67665,76.05052,332.19,0.44,0.38,2026-10-02,0811,N,low,2.0NRT,304.14,1.93,D
17.54486,74.87785,341.87,0.5,0.41,2026-10-02,0811,N,nominal,2.0NRT,302.05,4.47,D
18.72731,78.3844,334.89,0.38,0.36,2026-10-02,0811,N,low,2.0NRT,304.92,4.25,D
18.73722,78.38272,337.24,0.38,0.36,2026-10-02,0811,N,nominal,2.0NRT,306.37,3.71,D
18.77425,78.44705,332.27,0.38,0.36,2026-10-02,0811,N,nominal,2.0NRT,299.46,3.32,D
18.98864,79.80825,336.35,0.4,0.37,2026-10-02,0811,N,nominal,2.0NRT,302.11,3.56,D
18.78571,78.38937,332.26,0.38,0.36,2026-10-02,0811,N,low,2.0NRT,304.42,4.57,D
18.79669,78.37262,345.38,0.38,0.36,2026-10-02,0811,N,nominal,2.0NRT,302.07,4.16,D
18.80219,78.36424,336.21,0.38,0.36,2026-10-02,0811,N,nominal,2.0NRT,303.54,4.27,D
18.82553,78.47184,332.63,0.38,0.36,2026-10-02,0811,N,nominal,2.0NRT,303.03,2.15,D
18.81935,78.40968,330.93,0.38,0.36,2026-10-02,0811,N,low,2.0NRT,303.78,2.16,D
18.82774,78.4196,338.68,0.38,0.36,2026-10-02,0811,N,nominal,2.0NRT,303.16,3.47,D
18.82718,78.41598,347.24,0.38,0.36,2026-10-02,0811,N,nominal,2.0NRT,303.71,6.41,D
18.84486,78.44274,335.53,0.38,0.36,2026-10-02,0811,N,nominal,2.0NRT,302.99,3.35,D
19.5578,83.5219,331.85,0.38,0.44,2026-10-02,0811,N,nominal,2.0NRT,297.3,2.3,D
18.8734,78.3858,331.48,0.38,0.36,2026-10-02,0811,N,nominal,2.0NRT,301.95,1.98,D
18.89048,78.38663,334.37,0.38,0.36,2026-10-02,0811,N,nominal,2.0NRT,300.7,1.65,D
18.87589,78.27003,330.76,0.38,0.36,2026-10-02,0811,N,low,2.0NRT,303.23,1.89,D
18.90594,78.39889,335.92,0.38,0.36,2026-10-02,0811,N,nominal,2.0NRT,304.1,3.16,D
18.70325,74.20592,342.74,0.52,0.42,2026-10-02,0811,N,nominal,2.0NRT,302.62,2.59,D
20.53233,85.90872,333.24,0.56,0.51,2026-10-02,0811,N,nominal,2.0NRT,297.96,4.53,D
19.96288,79.33514,335.93,0.39,0.36,2026-10-02,0811,N,nominal,2.0NRT,301.92,3.38,D
19.77793,77.75636,336.3,0.39,0.36,2026-10-02,0811,N,low,2.0NRT,306.55,2.62,D
20.96432,86.00861,344.14,0.57,0.52,2026-10-02,0811,N,nominal,2.0NRT,298.38,9.51,D
20.96976,86.01367,344.64,0.57,0.52,2026-10-02,0811,N,nominal,2.0NRT,299.4,9.51,D
31.06854,73.7525,331.15,0.4,0.37,2026-10-02,0813,N,nominal,2.0NRT,301.96,1.76,D
21.19378,81.41858,335.51,0.47,0.4,2026-10-02,0811,N,nominal,2.0NRT,305.2,8.86,D
20.62644,77.09985,341.56,0.39,0.36,2026-10-02,0811,N,nominal,2.0NRT,313.06,2.42,D
21.24876,79.21044,333.41,0.4,0.37,2026-10-02,0811,N,low,2.0NRT,307.26,2.45,D
21.91984,83.35495,338.35,0.4,0.44,2026-10-02,0811,N,nominal,2.0NRT,304.56,3.74,D
21.91937,83.35104,336.62,0.4,0.44,2026-10-02,0811,N,nominal,2.0NRT,308.83,3.74,D
21.92347,83.35047,338.77,0.4,0.44,2026-10-02,0811,N,nominal,2.0NRT,306.99,5.28,D
22.36578,87.30181,332.1,0.36,0.57,2026-10-02,0811,N,low,2.0NRT,302.57,3.87,D
22.37969,87.27882,339.56,0.36,0.57,2026-10-02,0811,N,nominal,2.0NRT,302.5,6.02,D
22.04127,83.73084,333.94,0.43,0.46,2026-10-02,0811,N,low,2.0NRT,304.67,4.62,D
22.21425,84.86928,330.73,0.5,0.49,2026-10-02,0811,N,low,2.0NRT,301.21,4.24,D
21.31433,76.07219,333.27,0.41,0.37,2026-10-02,0811,N,nominal,2.0NRT,306.81,1.11,D
22.78667,86.20337,344.13,0.62,0.54,2026-10-02,0811,N,nominal,2.0NRT,303.59,12.98,D
22.7973,86.20856,346.44,0.62,0.54,2026-10-02,0811,N,nominal,2.0NRT,301.64,23.18,D
22.35895,82.30417,339.57,0.53,0.42,2026-10-02,0811,N,nominal,2.0NRT,305.75,10.47,D
21.75705,76.49412,335.34,0.4,0.37,2026-10-02,0811,N,nominal,2.0NRT,307.91,2.07,D
21.10115,72.63675,351.63,0.39,0.44,2026-10-02,0811,N,nominal,2.0NRT,306.91,5.11,D
21.10719,72.64706,347.69,0.39,0.44,2026-10-02,0811,N,nominal,2.0NRT,310.2,8.47,D
21.10515,72.63589,340.97,0.39,0.44,2026-10-02,0811,N,nominal,2.0NRT,305.61,5.11,D
21.1044,72.64738,343.59,0.39,0.44,2026-10-02,0811,N,nominal,2.0NRT,308.88,4.79,D
21.10229,72.63625,353.94,0.39,0.44,2026-10-02,0811,N,nominal,2.0NRT,307.21,10.87,D
21.10839,72.64654,337.27,0.39,0.44,2026-10-02,0811,N,low,2.0NRT,307.67,4.79,D
21.81935,76.41979,332.96,0.4,0.37,2026-10-02,0811,N,low,2.0NRT,306.23,4.32,D
21.76694,75.84244,338.45,0.41,0.37,2026-10-02,0811,N,nominal,2.0NRT,309.92,2.92,D
21.73447,75.60257,337.27,0.42,0.38,2026-10-02,0811,N,low,2.0NRT,309.92,4.08,D
21.88696,76.46662,338.68,0.4,0.37,2026-10-02,0811,N,low,2.0NRT,311.94,2.14,D
22.33079,77.2079,335.66,0.39,0.36,2026-10-02,0811,N,low,2.0NRT,309.25,2.29,D
23.66458,87.15849,331.02,0.36,0.58,2026-10-02,0811,N,nominal,2.0NRT,297.99,3.62,D
22.19848,75.82665,334,0.41,0.37,2026-10-02,0811,N,nominal,2.0NRT,308.65,2.6,D
22.16921,75.40128,341.71,0.42,0.38,2026-10-02,0811,N,nominal,2.0NRT,312.42,5.92,D
22.40319,76.67941,339.97,0.39,0.36,2026-10-02,0811,N,nominal,2.0NRT,311.78,3.81,D
22.45194,76.77107,338.25,0.39,0.36,2026-10-02,0811,N,nominal,2.0NRT,310.73,2.94,D
23.71113,86.4485,330.42,0.33,0.55,2026-10-02,0811,N,low,2.0NRT,301.58,4.54,D
23.71388,86.45013,329.52,0.33,0.55,2026-10-02,0811,N,low,2.0NRT,300.96,3.76,D
23.73828,86.43413,340.17,0.33,0.55,2026-10-02,0811,N,nominal,2.0NRT,301.59,3.47,D
22.51296,76.72884,337.62,0.39,0.36,2026-10-02,0811,N,nominal,2.0NRT,310.74,1.37,D
23.76104,86.40176,336.84,0.33,0.55,2026-10-02,0811,N,nominal,2.0NRT,301.14,5.44,D
22.58035,76.98264,341.37,0.39,0.36,2026-10-02,0811,N,nominal,2.0NRT,313.75,3.48,D
23.77818,86.2112,346.94,0.32,0.54,2026-10-02,0811,N,nominal,2.0NRT,306.09,3.02,D
23.77787,86.20807,331.49,0.32,0.54,2026-10-02,0811,N,low,2.0NRT,305.25,3.02,D
23.78323,86.21055,329.59,0.32,0.54,2026-10-02,0811,N,low,2.0NRT,302.1,3.02,D
23.78155,86.20855,349.59,0.32,0.54,2026-10-02,0811,N,nominal,2.0NRT,305.47,5.32,D
23.78707,85.55101,331.32,0.58,0.52,2026-10-02,0811,N,low,2.0NRT,304.88,6.33,D
22.65989,76.62781,347.13,0.39,0.36,2026-10-02,0811,N,nominal,2.0NRT,314.21,6.05,D
22.74825,76.44383,336.51,0.39,0.36,2026-10-02,0811,N,low,2.0NRT,311.32,1.68,D
22.63663,75.36343,345.38,0.42,0.38,2026-10-02,0811,N,nominal,2.0NRT,311.63,2.17,D
22.97175,76.9726,339.09,0.39,0.36,2026-10-02,0811,N,low,2.0NRT,313.7,2.54,D
22.7799,75.61298,339.51,0.41,0.37,2026-10-02,0811,N,low,2.0NRT,313.38,3.17,D
22.85266,75.33523,341.58,0.42,0.37,2026-10-02,0811,N,nominal,2.0NRT,314.79,3.12,D
22.94597,75.83649,337.63,0.4,0.37,2026-10-02,0811,N,low,2.0NRT,311.91,2.71,D
22.99893,76.03452,338.8,0.4,0.37,2026-10-02,0811,N,nominal,2.0NRT,313.56,2.55,D
22.92202,75.24707,342.69,0.42,0.38,2026-10-02,0811,N,nominal,2.0NRT,315.08,2.47,D
23.25037,77.06359,340.45,0.38,0.36,2026-10-02,0811,N,nominal,2.0NRT,315.36,3.78,D
23.08775,75.95395,344.68,0.4,0.37,2026-10-02,0811,N,nominal,2.0NRT,315.29,3.24,D
23.32168,77.08871,338.47,0.38,0.36,2026-10-02,0811,N,low,2.0NRT,313.28,1.96,D
23.14188,75.85548,341.66,0.4,0.37,2026-10-02,0811,N,nominal,2.0NRT,310.62,3.03,D
23.26483,75.28597,342.28,0.42,0.37,2026-10-02,0811,N,nominal,2.0NRT,314.41,2.46,D
23.69341,76.86626,337.32,0.39,0.36,2026-10-02,0811,N,nominal,2.0NRT,311.35,2.15,D
24.1301,79.45457,330.86,0.42,0.37,2026-10-02,0811,N,low,2.0NRT,305.18,2.63,D
24.10001,77.8429,333.73,0.39,0.36,2026-10-02,0813,N,low,2.0NRT,306.91,0.64,D
23.98663,76.02631,335.15,0.39,0.36,2026-10-02,0813,N,low,2.0NRT,307.44,0.75,D
23.72884,71.20588,345.3,0.42,0.46,2026-10-02,0813,N,nominal,2.0NRT,310.61,5.07,D
24.79194,76.80598,335.07,0.38,0.36,2026-10-02,0813,N,low,2.0NRT,309.53,2.6,D
24,72.20437,334.8,0.55,0.43,2026-10-02,0813,N,low,2.0NRT,308.35,3.73,D
24.90598,76.92922,337.24,0.38,0.36,2026-10-02,0813,N,nominal,2.0NRT,307.19,1.21,D
24.78456,75.08733,349.6,0.41,0.37,2026-10-02,0813,N,nominal,2.0NRT,310.82,6.07,D
24.7839,75.08331,357.65,0.41,0.37,2026-10-02,0813,N,low,2.0NRT,314.09,7.67,D
24.78728,75.08261,355.33,0.41,0.37,2026-10-02,0813,N,nominal,2.0NRT,311.57,7.67,D
24.78795,75.08662,356.99,0.41,0.37,2026-10-02,0813,N,low,2.0NRT,311.55,6.07,D
24.83754,73.63487,335.67,0.46,0.39,2026-10-02,0813,N,nominal,2.0NRT,306.95,1.52,D
25.30199,75.59393,330.47,0.4,0.37,2026-10-02,0813,N,low,2.0NRT,303.65,2.54,D
25.47226,76.49557,339.25,0.38,0.36,2026-10-02,0813,N,nominal,2.0NRT,312.06,2.08,D
26.33148,77.67956,343.84,0.39,0.36,2026-10-02,0813,N,nominal,2.0NRT,309.3,9.47,D
26.35098,77.69607,343.15,0.39,0.36,2026-10-02,0813,N,nominal,2.0NRT,307.1,3.37,D
24.60815,68.00512,367,0.32,0.54,2026-10-02,0813,N,high,2.0NRT,305.52,5.82,D
26.64313,79.47942,330.78,0.44,0.38,2026-10-02,0813,N,low,2.0NRT,303.8,2.14,D
26.40623,77.7463,334.48,0.39,0.36,2026-10-02,0813,N,low,2.0NRT,309.01,2.97,D
25.78164,73.70275,337.42,0.45,0.39,2026-10-02,0813,N,low,2.0NRT,311.25,21.23,D
26.65101,78.45236,335.04,0.41,0.37,2026-10-02,0813,N,low,2.0NRT,305.81,1.73,D
24.92085,68.03256,331.37,0.63,0.54,2026-10-02,0813,N,low,2.0NRT,303.72,4.48,D
25.08706,68.57132,330.49,0.58,0.52,2026-10-02,0813,N,nominal,2.0NRT,303.92,4.29,D
27.80426,77.83923,331.4,0.4,0.37,2026-10-02,0813,N,low,2.0NRT,306.06,1.62,D
27.77832,77.43036,333.07,0.39,0.36,2026-10-02,0813,N,low,2.0NRT,304.54,2.21,D
27.52378,75.27411,337.32,0.39,0.36,2026-10-02,0813,N,nominal,2.0NRT,310.21,2.43,D
28.01735,77.51802,332.75,0.39,0.37,2026-10-02,0813,N,low,2.0NRT,303.93,2.98,D
26.04621,66.39885,341.53,0.37,0.58,2026-10-02,0813,N,nominal,2.0NRT,301.85,1.65,D
28.21563,77.57272,337.45,0.4,0.37,2026-10-02,0813,N,low,2.0NRT,308.28,5.77,D
28.32787,77.64803,342.71,0.4,0.37,2026-10-02,0813,N,nominal,2.0NRT,304.65,4.33,D
27.8955,73.58791,344.87,0.43,0.38,2026-10-02,0813,N,nominal,2.0NRT,316.07,2.72,D
27.89476,73.58361,340.37,0.43,0.38,2026-10-02,0813,N,nominal,2.0NRT,314.04,2.72,D
27.89969,73.59145,347.36,0.43,0.38,2026-10-02,0813,N,nominal,2.0NRT,316.01,5.03,D
27.89821,73.58284,339.72,0.43,0.38,2026-10-02,0813,N,nominal,2.0NRT,313.23,2.72,D
27.89895,73.58714,356.7,0.43,0.38,2026-10-02,0813,N,low,2.0NRT,315.43,2.72,D
27.9024,73.58637,341.84,0.43,0.38,2026-10-02,0813,N,low,2.0NRT,313.89,2.29,D
27.40989,70.83833,341.21,0.38,0.44,2026-10-02,0813,N,low,2.0NRT,312.6,5.21,D
27.4111,70.83765,340.29,0.38,0.43,2026-10-02,0813,N,low,2.0NRT,313.46,4.9,D
28.49902,76.96928,339.44,0.39,0.36,2026-10-02,0813,N,nominal,2.0NRT,307.66,4.14,D
27.98522,73.58218,345.98,0.43,0.38,2026-10-02,0813,N,nominal,2.0NRT,315.01,3.95,D
27.98448,73.57788,344.77,0.43,0.38,2026-10-02,0813,N,low,2.0NRT,314.86,4.11,D
27.98793,73.57711,351.57,0.43,0.38,2026-10-02,0813,N,nominal,2.0NRT,315.25,4.89,D
28.02082,73.05622,350.14,0.44,0.39,2026-10-02,0813,N,nominal,2.0NRT,314.73,14.22,D
28.02003,73.05176,349.13,0.44,0.39,2026-10-02,0813,N,nominal,2.0NRT,315.35,10.25,D
28.03216,73.05834,340.87,0.44,0.39,2026-10-02,0813,N,low,2.0NRT,315.38,5.95,D
28.03489,73.05307,351.54,0.44,0.39,2026-10-02,0813,N,nominal,2.0NRT,315.86,8.71,D
28.13274,72.99081,336.45,0.45,0.39,2026-10-02,0813,N,low,2.0NRT,310.4,2.43,D
28.13194,72.98631,338.05,0.45,0.39,2026-10-02,0813,N,low,2.0NRT,310.52,2.43,D
28.1433,72.98843,341.35,0.45,0.39,2026-10-02,0813,N,nominal,2.0NRT,311.2,3.12,D
28.14251,72.98392,347.53,0.45,0.39,2026-10-02,0813,N,nominal,2.0NRT,311.9,3.12,D
28.14172,72.97942,344.04,0.45,0.39,2026-10-02,0813,N,nominal,2.0NRT,311.87,3.64,D
28.14014,72.97041,341.05,0.45,0.39,2026-10-02,0813,N,low,2.0NRT,312.57,4.42,D
28.1424,72.96661,339.18,0.45,0.39,2026-10-02,0813,N,low,2.0NRT,311.95,3.85,D
28.15379,72.96876,339.12,0.45,0.39,2026-10-02,0813,N,low,2.0NRT,311.74,4.28,D
28.15812,72.97246,338.19,0.45,0.39,2026-10-02,0813,N,low,2.0NRT,311.38,4.28,D
28.86807,77.15512,336.55,0.39,0.36,2026-10-02,0813,N,nominal,2.0NRT,305.18,2.62,D
28.98252,77.76429,333.25,0.4,0.37,2026-10-02,0813,N,nominal,2.0NRT,303.28,2.49,D
28.44737,73.29198,339.55,0.43,0.38,2026-10-02,0813,N,low,2.0NRT,312.8,3.62,D
28.45084,73.2912,340.46,0.43,0.38,2026-10-02,0813,N,low,2.0NRT,313.41,3.62,D
28.45472,73.27219,342.68,0.43,0.38,2026-10-02,0813,N,low,2.0NRT,312.93,3.95,D
28.45395,73.26781,349.05,0.43,0.38,2026-10-02,0813,N,nominal,2.0NRT,312.49,3.95,D
27.88118,69.82941,345.02,0.43,0.46,2026-10-02,0813,N,low,2.0NRT,315.03,7.57,D
29.02834,75.7172,337.95,0.38,0.36,2026-10-02,0813,N,low,2.0NRT,310.54,2.82,D
29.09657,75.96254,333.63,0.38,0.36,2026-10-02,0813,N,low,2.0NRT,307.71,1.96,D
29.11516,75.95077,331.68,0.38,0.36,2026-10-02,0813,N,nominal,2.0NRT,304.11,1.49,D
29.33587,76.31234,333.42,0.39,0.36,2026-10-02,0813,N,nominal,2.0NRT,303.79,1.66,D
29.65892,71.61372,334.42,0.49,0.4,2026-10-02,0813,N,nominal,2.0NRT,303.01,8.97,D
30.60366,76.65687,332.87,0.39,0.36,2026-10-02,0813,N,low,2.0NRT,303.72,2.82,D
30.15719,73.4466,332.38,0.41,0.37,2026-10-02,0813,N,nominal,2.0NRT,301.79,4.29,D
29.90148,71.4766,337.21,0.49,0.4,2026-10-02,0813,N,nominal,2.0NRT,303.53,5.63,D
29.90608,71.48071,332.92,0.49,0.4,2026-10-02,0813,N,nominal,2.0NRT,302.11,7.3,D
29.90515,71.47569,339.13,0.49,0.4,2026-10-02,0813,N,nominal,2.0NRT,303.17,5.63,D
30.27057,73.25013,338.14,0.42,0.37,2026-10-02,0813,N,nominal,2.0NRT,305.49,3,D
30.3291,73.54959,346.41,0.41,0.37,2026-10-02,0813,N,nominal,2.0NRT,307.28,10.19,D
30.24943,72.86254,330.84,0.43,0.38,2026-10-02,0813,N,nominal,2.0NRT,303.25,2.36,D
30.43188,73.63612,331.84,0.4,0.37,2026-10-02,0813,N,nominal,2.0NRT,302.97,1.85,D
30.45291,73.73952,333.46,0.4,0.37,2026-10-02,0813,N,nominal,2.0NRT,302.86,1.91,D
30.4597,73.65587,336.3,0.4,0.37,2026-10-02,0813,N,low,2.0NRT,306.39,4.52,D
30.42977,73.47973,342.1,0.41,0.37,2026-10-02,0813,N,nominal,2.0NRT,307.02,5.25,D
30.42905,73.47551,334.96,0.41,0.37,2026-10-02,0813,N,nominal,2.0NRT,304.79,5.25,D
30.53958,73.71584,333.01,0.4,0.37,2026-10-02,0813,N,nominal,2.0NRT,304.61,2.38,D
30.5786,73.82024,338.3,0.4,0.37,2026-10-02,0813,N,nominal,2.0NRT,304.31,3.81,D
30.58448,73.79315,341.94,0.4,0.37,2026-10-02,0813,N,nominal,2.0NRT,303.91,10.66,D
30.59822,73.62603,334.14,0.4,0.37,2026-10-02,0813,N,nominal,2.0NRT,302.95,2.42,D
30.65401,73.89769,347.14,0.4,0.37,2026-10-02,0813,N,nominal,2.0NRT,303.73,9.64,D
30.75101,73.67911,336.13,0.4,0.37,2026-10-02,0813,N,nominal,2.0NRT,304.87,2.89,D
30.82508,73.99306,343.46,0.4,0.37,2026-10-02,0813,N,nominal,2.0NRT,303.8,3.91,D
30.77895,73.63443,335.98,0.4,0.37,2026-10-02,0813,N,nominal,2.0NRT,305.95,3.1,D
30.83942,73.89184,337.34,0.4,0.37,2026-10-02,0813,N,nominal,2.0NRT,302.35,4.77,D
30.82637,73.8134,345.27,0.4,0.37,2026-10-02,0813,N,nominal,2.0NRT,302.68,4.66,D
30.91319,74.02457,333.51,0.39,0.37,2026-10-02,0813,N,nominal,2.0NRT,304.77,1.81,D
31.05123,74.6501,345.49,0.39,0.36,2026-10-02,0813,N,nominal,2.0NRT,316.13,27.72,D
31.01561,74.4283,335.3,0.39,0.36,2026-10-02,0813,N,nominal,2.0NRT,304.31,2.13,D
31.05453,74.6494,344.32,0.39,0.36,2026-10-02,0813,N,nominal,2.0NRT,311.49,55.77,D
31.0065,74.32967,336.99,0.39,0.36,2026-10-02,0813,N,nominal,2.0NRT,305.85,9,D
31.01378,74.33228,354.66,0.39,0.36,2026-10-02,0813,N,nominal,2.0NRT,308.16,9.78,D
31.03738,74.45705,331.41,0.39,0.36,2026-10-02,0813,N,low,2.0NRT,304.77,1.33,D
31.04069,74.45633,334.1,0.39,0.36,2026-10-02,0813,N,low,2.0NRT,305.19,1.33,D
31.02435,74.35516,334.34,0.39,0.36,2026-10-02,0813,N,nominal,2.0NRT,303.25,3.89,D
31.00723,74.22858,339.08,0.39,0.36,2026-10-02,0813,N,nominal,2.0NRT,304.03,2.82,D
31.06415,74.55984,334.8,0.39,0.36,2026-10-02,0813,N,nominal,2.0NRT,303.88,2.62,D
31.08105,74.62289,339.3,0.39,0.36,2026-10-02,0813,N,nominal,2.0NRT,303.33,2.17,D
31.03177,74.25269,337.78,0.39,0.36,2026-10-02,0813,N,nominal,2.0NRT,304.1,7.36,D
31.08076,74.53539,330.32,0.39,0.36,2026-10-02,0813,N,low,2.0NRT,305.09,2.34,D
31.06285,74.31737,341.84,0.39,0.36,2026-10-02,0813,N,nominal,2.0NRT,304.6,10.28,D
31.06219,74.31331,342.32,0.39,0.36,2026-10-02,0813,N,nominal,2.0NRT,305.01,10.28,D
31.25301,75.11407,332.3,0.38,0.36,2026-10-02,0813,N,nominal,2.0NRT,300.12,4.57,D
31.15369,74.37838,335.34,0.39,0.36,2026-10-02,0813,N,nominal,2.0NRT,302.5,3.25,D
31.1241,74.13225,332.66,0.39,0.36,2026-10-02,0813,N,nominal,2.0NRT,300.4,1.32,D
31.19415,74.5453,334.3,0.39,0.36,2026-10-02,0813,N,nominal,2.0NRT,301.08,4.72,D
31.07188,73.75175,336.17,0.4,0.37,2026-10-02,0813,N,nominal,2.0NRT,302.16,3.12,D
31.2821,74.82249,330.42,0.39,0.36,2026-10-02,0813,N,low,2.0NRT,300.97,1.93,D
31.28146,74.81848,332.12,0.39,0.36,2026-10-02,0813,N,nominal,2.0NRT,299.86,1.93,D
31.35603,75.05561,334.15,0.38,0.36,2026-10-02,0813,N,nominal,2.0NRT,302.42,3.18,D
31.15043,73.75636,331.27,0.4,0.37,2026-10-02,0813,N,nominal,2.0NRT,301.38,2.27,D
31.14974,73.75223,332.34,0.4,0.37,2026-10-02,0813,N,nominal,2.0NRT,302.17,2.27,D
31.37582,74.79001,334.48,0.39,0.36,2026-10-02,0813,N,nominal,2.0NRT,302.36,6.51,D
31.37519,74.78598,332.24,0.39,0.36,2026-10-02,0813,N,nominal,2.0NRT,301.53,4.26,D
31.33491,74.49475,342.95,0.39,0.36,2026-10-02,0813,N,nominal,2.0NRT,304.49,8.07,D
31.36975,74.54153,344.45,0.39,0.36,2026-10-02,0816,N,nominal,2.0NRT,304.29,5.78,D
31.52109,75.07076,335.83,0.38,0.36,2026-10-02,0816,N,nominal,2.0NRT,301.72,3.71,D
31.44562,74.54599,332.96,0.39,0.36,2026-10-02,0816,N,nominal,2.0NRT,302.93,2.11,D
31.53604,75.08052,335.91,0.38,0.36,2026-10-02,0816,N,nominal,2.0NRT,301.82,2.74,D
31.59757,75.37057,342.9,0.38,0.36,2026-10-02,0816,N,nominal,2.0NRT,298.62,3.87,D
31.54475,74.98318,330.06,0.38,0.36,2026-10-02,0816,N,nominal,2.0NRT,300.39,1.28,D
31.48598,74.5879,335.04,0.39,0.36,2026-10-02,0816,N,nominal,2.0NRT,301.89,3.01,D
31.48623,74.52515,340.47,0.39,0.36,2026-10-02,0816,N,nominal,2.0NRT,304.04,5.69,D
31.48953,74.52444,333.37,0.39,0.36,2026-10-02,0816,N,nominal,2.0NRT,301.33,3.07,D
31.44162,73.82509,348.29,0.4,0.37,2026-10-02,0816,N,nominal,2.0NRT,304.4,10.6,D
31.44312,73.82532,349.01,0.4,0.37,2026-10-02,0816,N,nominal,2.0NRT,301.93,10.79,D
31.5077,74.09183,330.94,0.39,0.36,2026-10-02,0816,N,nominal,2.0NRT,301.1,2.3,D
31.60518,74.61262,334.55,0.39,0.36,2026-10-02,0816,N,nominal,2.0NRT,301.33,2.52,D
31.71876,74.87994,331.34,0.38,0.36,2026-10-02,0816,N,nominal,2.0NRT,300,1.79,D
31.74207,75.00935,338.01,0.38,0.36,2026-10-02,0816,N,nominal,2.0NRT,301.51,2.82,D
31.57616,73.90794,347.84,0.39,0.36,2026-10-02,0816,N,nominal,2.0NRT,301.73,5.85,D
31.73427,74.71952,337.38,0.39,0.36,2026-10-02,0816,N,nominal,2.0NRT,300.53,3.51,D
31.72675,74.65018,330.61,0.39,0.36,2026-10-02,0816,N,nominal,2.0NRT,299.19,2.16,D
31.79041,74.96995,335.02,0.38,0.36,2026-10-02,0816,N,nominal,2.0NRT,300.07,2.09,D
31.68002,74.14381,332.87,0.39,0.36,2026-10-02,0816,N,nominal,2.0NRT,301.69,4.2,D
31.68333,74.14307,339.76,0.39,0.36,2026-10-02,0816,N,nominal,2.0NRT,300.76,4.2,D
31.7486,74.48647,335.77,0.39,0.36,2026-10-02,0816,N,nominal,2.0NRT,302.6,9.04,D
31.75126,74.48169,331.8,0.39,0.36,2026-10-02,0816,N,low,2.0NRT,301.82,9.7,D
31.78635,74.38628,336.87,0.39,0.36,2026-10-02,0816,N,nominal,2.0NRT,301.19,3.38,D
31.87586,74.71442,333.6,0.38,0.36,2026-10-02,0816,N,nominal,2.0NRT,301.17,2.29,D
31.82203,74.37427,330.01,0.39,0.36,2026-10-02,0816,N,nominal,2.0NRT,301.1,3.4,D
31.82534,74.37354,342.52,0.39,0.36,2026-10-02,0816,N,nominal,2.0NRT,302.05,4.65,D
31.87507,74.62263,332.87,0.39,0.36,2026-10-02,0816,N,nominal,2.0NRT,299.81,2.06,D
31.8893,74.66973,341.24,0.39,0.36,2026-10-02,0816,N,nominal,2.0NRT,301.77,2.46,D
31.82113,74.09662,331.05,0.39,0.36,2026-10-02,0816,N,nominal,2.0NRT,301.74,1.44,D
31.50932,72.23426,333.84,0.44,0.38,2026-10-02,0816,N,nominal,2.0NRT,303.62,4.94,D
31.83639,74.1271,339.35,0.39,0.36,2026-10-02,0816,N,nominal,2.0NRT,309.92,21.82,D
31.83572,74.12302,331.27,0.39,0.36,2026-10-02,0816,N,nominal,2.0NRT,300.72,21.82,D
31.84566,74.16311,339.27,0.39,0.36,2026-10-02,0816,N,nominal,2.0NRT,301.76,5.43,D
31.83969,74.12637,338.04,0.39,0.36,2026-10-02,0816,N,nominal,2.0NRT,301.41,4.7,D
31.85426,74.15274,334.5,0.39,0.36,2026-10-02,0816,N,nominal,2.0NRT,301.45,3.76,D
31.8536,74.14867,330.07,0.39,0.36,2026-10-02,0816,N,low,2.0NRT,301.47,2.75,D
31.82899,73.99727,332.55,0.39,0.36,2026-10-02,0816,N,nominal,2.0NRT,301.54,2.48,D
31.87991,74.29056,338.29,0.39,0.36,2026-10-02,0816,N,nominal,2.0NRT,301.1,4.14,D
31.72689,73.21661,348.09,0.41,0.37,2026-10-02,0816,N,nominal,2.0NRT,302.24,7.55,D
31.89664,74.13911,337.43,0.39,0.36,2026-10-02,0816,N,nominal,2.0NRT,301.99,3.41,D
31.90258,74.15471,344.86,0.39,0.36,2026-10-02,0816,N,nominal,2.0NRT,303.38,12.8,D
31.92688,74.26336,334.48,0.39,0.36,2026-10-02,0816,N,nominal,2.0NRT,299.99,2.23,D
32.05463,74.83948,335.36,0.38,0.36,2026-10-02,0816,N,nominal,2.0NRT,301.51,5.81,D
31.92182,73.98535,334.85,0.39,0.36,2026-10-02,0816,N,nominal,2.0NRT,300.61,2.62,D
31.92221,73.86165,332.85,0.39,0.36,2026-10-02,0816,N,nominal,2.0NRT,300.85,4.03,D
31.98087,74.13763,343.62,0.39,0.36,2026-10-02,0816,N,nominal,2.0NRT,301.29,3.39,D
32.13266,75.03583,334.28,0.38,0.36,2026-10-02,0816,N,nominal,2.0NRT,299.87,1.97,D
31.96089,73.92978,342,0.39,0.36,2026-10-02,0816,N,nominal,2.0NRT,301.33,4.25,D
31.97216,73.91446,347.21,0.39,0.36,2026-10-02,0816,N,nominal,2.0NRT,302.08,5.26,D
32.13182,74.89815,348.22,0.38,0.36,2026-10-02,0816,N,nominal,2.0NRT,302.85,7.71,D
31.97548,73.91371,345.08,0.39,0.36,2026-10-02,0816,N,nominal,2.0NRT,304.34,21.3,D
32.15813,74.98028,333.6,0.38,0.36,2026-10-02,0816,N,nominal,2.0NRT,300.47,2.93,D
31.97469,73.62372,338.29,0.4,0.37,2026-10-02,0816,N,nominal,2.0NRT,301.66,4.92,D
31.97399,73.61956,333.15,0.4,0.37,2026-10-02,0816,N,nominal,2.0NRT,301.24,2.19,D
32.24878,75.33017,342.89,0.38,0.36,2026-10-02,0816,N,nominal,2.0NRT,299.07,4.29,D
32.1891,74.8955,334.05,0.38,0.36,2026-10-02,0816,N,nominal,2.0NRT,299.65,1.89,D
31.99755,73.6573,336.12,0.4,0.37,2026-10-02,0816,N,nominal,2.0NRT,301.11,3.2,D
32.03233,73.67953,337.16,0.4,0.37,2026-10-02,0816,N,nominal,2.0NRT,301.27,4.34,D
32.08011,73.86594,333.93,0.39,0.36,2026-10-02,0816,N,nominal,2.0NRT,299.98,4.68,D
32.07204,73.81644,336.84,0.39,0.36,2026-10-02,0816,N,nominal,2.0NRT,303.12,6.6,D
32.12069,73.98896,333.92,0.39,0.36,2026-10-02,0816,N,nominal,2.0NRT,301.71,1.45,D
32.09841,73.81955,334.81,0.39,0.36,2026-10-02,0816,N,nominal,2.0NRT,302.92,2.94,D
32.15435,73.86678,330.42,0.39,0.36,2026-10-02,0816,N,nominal,2.0NRT,298.51,3.21,D
32.13943,73.75458,340.17,0.39,0.36,2026-10-02,0816,N,nominal,2.0NRT,301.58,2.73,D
32.18235,73.9543,333.71,0.39,0.36,2026-10-02,0816,N,nominal,2.0NRT,301.66,1.95,D
32.175,73.90907,340.72,0.39,0.36,2026-10-02,0816,N,nominal,2.0NRT,302.83,6.71,D
32.16225,73.8308,347.57,0.39,0.36,2026-10-02,0816,N,nominal,2.0NRT,303.31,8.55,D
32.20834,73.82533,346.01,0.39,0.36,2026-10-02,0816,N,nominal,2.0NRT,302.08,4.11,D
32.23657,73.97684,336.87,0.39,0.36,2026-10-02,0816,N,nominal,2.0NRT,302.27,4.07,D
32.2204,73.8568,335.24,0.39,0.36,2026-10-02,0816,N,nominal,2.0NRT,300.73,2.37,D
32.22371,73.85605,335.25,0.39,0.36,2026-10-02,0816,N,nominal,2.0NRT,300.82,2.85,D
32.35999,74.02615,336.23,0.39,0.36,2026-10-02,0816,N,nominal,2.0NRT,301.02,2.61,D
31.97186,71.75441,337.27,0.45,0.39,2026-10-02,0816,N,nominal,2.0NRT,303.07,2.52,D
32.25134,73.30582,340.02,0.4,0.37,2026-10-02,0816,N,nominal,2.0NRT,302.83,4.18,D
32.42382,73.64454,337.03,0.39,0.36,2026-10-02,0816,N,nominal,2.0NRT,301.52,2.61,D
32.49728,73.22457,332.54,0.4,0.37,2026-10-02,0816,N,nominal,2.0NRT,301.56,1.79,D
32.52672,73.21328,335.54,0.4,0.37,2026-10-02,0816,N,nominal,2.0NRT,300.82,5,D
32.51743,70.41778,332.86,0.5,0.41,2026-10-02,0816,N,low,2.0NRT,303.82,2.55,D
33.7601,74.8605,343.16,0.38,0.36,2026-10-02,0816,N,nominal,2.0NRT,300.83,4.97,D
34.46955,71.68958,338.42,0.42,0.38,2026-10-02,0816,N,nominal,2.0NRT,307.37,10.16,D
34.47377,71.69323,347.04,0.42,0.38,2026-10-02,0816,N,nominal,2.0NRT,304.63,10.16,D
34.47298,71.6888,344.09,0.42,0.38,2026-10-02,0816,N,nominal,2.0NRT,304,10.16,D
35.16904,73.06996,330.03,0.39,0.36,2026-10-02,0816,N,low,2.0NRT,304.95,3.09,D
38.0523,67.26747,333.99,0.56,0.43,2026-10-02,0818,N,low,2.0NRT,306.26,2.12,D
37.03174,62.41768,346.48,0.35,0.56,2026-10-02,0818,N,nominal,2.0NRT,307.89,3.77,D
38.35463,66.31414,335.13,0.41,0.45,2026-10-02,0818,N,low,2.0NRT,307.46,3.57,D
37.79864,62.55083,331.01,0.33,0.55,2026-10-02,0818,N,low,2.0NRT,305.66,1.7,D
38.63864,64.03819,330.4,0.52,0.5,2026-10-02,0818,N,nominal,2.0NRT,299.66,2.28,D
37.83828,60.24083,330.08,0.43,0.62,2026-10-02,0818,N,nominal,2.0NRT,299.01,1.4,D
38.18702,58.35804,340.06,0.52,0.67,2026-10-02,0818,N,nominal,2.0NRT,300.71,6.78,D
22.52297,54.05262,343.81,0.41,0.37,2026-10-02,0954,N,low,2.0NRT,316.46,1.88,D
22.879,55.92717,350.62,0.48,0.4,2026-10-02,0954,N,nominal,2.0NRT,311.44,4.52,D
22.87124,55.61372,339.7,0.46,0.39,2026-10-02,0954,N,low,2.0NRT,310.86,0.71,D
23.19178,55.45854,345.94,0.46,0.39,2026-10-02,0954,N,nominal,2.0NRT,314.49,6.34,D
23.19295,55.45966,341.18,0.46,0.39,2026-10-02,0954,N,low,2.0NRT,312.88,5.78,D
23.27755,54.26706,341.91,0.42,0.37,2026-10-02,0954,N,low,2.0NRT,314.6,2.19,D
24.50479,56.61035,338.86,0.54,0.42,2026-10-02,0954,N,nominal,2.0NRT,305.39,4.35,D
24.50413,56.60498,336.95,0.54,0.42,2026-10-02,0954,N,nominal,2.0NRT,305.61,5.62,D
27.15999,56.10168,342.15,0.55,0.43,2026-10-02,0956,N,nominal,2.0NRT,305.32,3.71,D
27.17048,56.055,336.12,0.55,0.42,2026-10-02,0956,N,nominal,2.0NRT,305.81,2.69,D
27.48992,56.75914,337.72,0.4,0.44,2026-10-02,0956,N,nominal,2.0NRT,305.84,2.27,D
36.96558,54.56745,340.88,0.4,0.44,2026-10-02,0958,N,nominal,2.0NRT,299.38,1.89,D
37.03046,54.51813,343.27,0.39,0.44,2026-10-02,0958,N,nominal,2.0NRT,305.35,3.89,D
37.25975,55.09055,337.04,0.42,0.45,2026-10-02,0958,N,nominal,2.0NRT,305.64,1.99,D
37.76277,60.69081,345.18,0.43,0.62,2026-10-02,0958,N,nominal,2.0NRT,301.37,4.83,D
38.64817,54.28354,347.41,0.4,0.44,2026-10-02,0958,N,nominal,2.0NRT,310.87,3.99,D
38.6805,54.31619,337.2,0.4,0.44,2026-10-02,0958,N,nominal,2.0NRT,308.46,1.86,D
18.32144,55.10456,340.09,0.41,0.37,2026-10-02,0952,N,low,2.0NRT,311.32,1.02,D
19.26595,56.17588,339.89,0.45,0.39,2026-10-02,0952,N,nominal,2.0NRT,310.4,1.86,D
19.26953,56.17533,336.99,0.45,0.39,2026-10-02,0952,N,low,2.0NRT,309.75,1.67,D
20.21231,55.71423,339.11,0.44,0.39,2026-10-02,0954,N,nominal,2.0NRT,308.95,2.71,D
20.2115,55.71159,340.29,0.44,0.39,2026-10-02,0954,N,nominal,2.0NRT,308.52,2.89,D
20.22739,55.72211,336.74,0.44,0.39,2026-10-02,0954,N,low,2.0NRT,309.68,1.62,D
20.23093,55.72158,338.53,0.44,0.39,2026-10-02,0954,N,low,2.0NRT,308.64,1.62,D
20.37477,55.93678,338.08,0.45,0.39,2026-10-02,0954,N,low,2.0NRT,308.4,1.09,D
20.3885,55.66342,344.33,0.44,0.39,2026-10-02,0954,N,nominal,2.0NRT,309.64,4.17,D
20.38618,55.64655,340.24,0.44,0.38,2026-10-02,0954,N,nominal,2.0NRT,309.51,2.17,D
21.00296,56.53347,340.82,0.49,0.4,2026-10-02,0954,N,low,2.0NRT,312.03,5.47,D
21.31142,57.74476,343.84,0.38,0.43,2026-10-02,0954,N,nominal,2.0NRT,308.92,8.5,D
21.33459,57.72242,340.99,0.38,0.43,2026-10-02,0954,N,nominal,2.0NRT,310.34,6.1,D
21.33142,56.70181,337,0.5,0.41,2026-10-02,0954,N,low,2.0NRT,309.28,1.5,D
21.83198,56.68184,338.8,0.51,0.41,2026-10-02,0954,N,low,2.0NRT,309.91,0.81,D
21.93477,57.07267,339.79,0.54,0.42,2026-10-02,0954,N,low,2.0NRT,310.6,3.3,D
21.93865,57.07211,337.49,0.54,0.42,2026-10-02,0954,N,low,2.0NRT,310.79,4.02,D
22.16799,57.38707,340.03,0.56,0.43,2026-10-02,0954,N,low,2.0NRT,311.81,2.43,D
22.29184,56.52598,336.32,0.51,0.41,2026-10-02,0954,N,low,2.0NRT,308.01,1.31,D
22.32583,56.49113,341.29,0.51,0.41,2026-10-02,0954,N,nominal,2.0NRT,309.08,4.66,D
22.32705,56.47087,339.89,0.5,0.41,2026-10-02,0954,N,nominal,2.0NRT,308.58,2.63,D
22.40527,56.99006,340.7,0.54,0.42,2026-10-02,0954,N,nominal,2.0NRT,309.07,4.1,D
22.44032,56.69954,337.36,0.52,0.41,2026-10-02,0954,N,low,2.0NRT,308.75,2.05,D
20.17492,101.99505,312.91,0.39,0.36,2026-10-02,1900,N,nominal,2.0NRT,282.23,0.88,N
14.6492,101.03983,308.73,0.38,0.36,2026-10-02,1902,N,nominal,2.0NRT,278.55,0.84,N
14.63307,101.07735,306.85,0.38,0.36,2026-10-02,1902,N,nominal,2.0NRT,280.65,1.01,N
14.67291,100.80226,310.86,0.39,0.36,2026-10-02,1902,N,nominal,2.0NRT,269.44,1.23,N
6.96565,100.76804,323.89,0.4,0.37,2026-10-02,1904,N,nominal,2.0NRT,284.96,1.83,N
29.74671,98.71894,304.44,0.43,0.46,2026-10-02,1858,N,nominal,2.0NRT,279.33,1.1,N
29.3769,91.14965,300.83,0.6,0.71,2026-10-02,1858,N,nominal,2.0NRT,279.8,2.19,N
29.26345,91.92217,302.54,0.54,0.68,2026-10-02,1858,N,nominal,2.0NRT,281.16,1.99,N
26.62091,101.59631,335.84,0.43,0.38,2026-10-02,1858,N,nominal,2.0NRT,288.3,8.13,N
26.63725,101.42611,302.2,0.44,0.38,2026-10-02,1858,N,nominal,2.0NRT,288.19,0.78,N
26.62246,101.45526,308.44,0.44,0.38,2026-10-02,1858,N,nominal,2.0NRT,289.01,0.9,N
26.61897,101.45454,305.37,0.44,0.38,2026-10-02,1858,N,nominal,2.0NRT,288.64,0.79,N
26.58164,101.69914,304.22,0.43,0.38,2026-10-02,1858,N,nominal,2.0NRT,289.11,0.47,N
26.57882,101.66802,331.88,0.43,0.38,2026-10-02,1858,N,nominal,2.0NRT,290.81,5.12,N
26.57944,101.66357,313.8,0.43,0.38,2026-10-02,1858,N,nominal,2.0NRT,288.25,3.14,N
26.57596,101.66293,326.08,0.43,0.38,2026-10-02,1858,N,nominal,2.0NRT,290.13,13.11,N
26.57536,101.66733,334.3,0.43,0.38,2026-10-02,1858,N,nominal,2.0NRT,294.36,12.88,N
26.57475,101.67177,304.33,0.43,0.38,2026-10-02,1858,N,nominal,2.0NRT,290.42,12.88,N
26.56721,101.6747,314.99,0.43,0.38,2026-10-02,1858,N,nominal,2.0NRT,292.9,1.49,N
26.56374,101.67399,312.88,0.43,0.38,2026-10-02,1858,N,nominal,2.0NRT,292.7,1.49,N
26.56314,101.67834,306.62,0.43,0.38,2026-10-02,1858,N,nominal,2.0NRT,293.01,1.49,N
24.40849,97.7755,297.85,0.42,0.45,2026-10-02,1858,N,nominal,2.0NRT,285.66,0.6,N
22.35614,96.70294,300.11,0.45,0.47,2026-10-02,1900,N,nominal,2.0NRT,288.48,0.74,N
21.76645,97.14057,328.56,0.42,0.45,2026-10-02,1900,N,nominal,2.0NRT,288.73,3.04,N
19.57265,71.36113,321.14,0.42,0.45,2026-10-02,2042,N,nominal,2.0NRT,296.33,4.43,N
17.60468,83.20075,308.89,0.47,0.48,2026-10-02,2042,N,nominal,2.0NRT,292.87,2.25,N
17.98345,80.82807,312.19,0.5,0.41,2026-10-02,2042,N,nominal,2.0NRT,295.71,3.18,N
17.98415,80.82551,313.54,0.5,0.41,2026-10-02,2042,N,nominal,2.0NRT,294.89,3.18,N
17.95841,80.79581,316.48,0.5,0.41,2026-10-02,2042,N,nominal,2.0NRT,295.28,3.12,N
19.13404,73.06178,303.7,0.5,0.41,2026-10-02,2042,N,nominal,2.0NRT,283.57,0.96,N
37.49739,61.8489,301.46,0.52,0.41,2026-10-02,2218,N,nominal,2.0NRT,289.68,0.78,N
19.17858,70.94396,316.16,0.44,0.46,2026-10-02,2042,N,nominal,2.0NRT,295.31,5.38,N
18.69113,73.0427,314.3,0.49,0.4,2026-10-02,2042,N,nominal,2.0NRT,296.15,2.65,N
37.7931,59.12327,298.64,0.41,0.37,2026-10-02,2218,N,nominal,2.0NRT,285.5,0.7,N
18.68493,73.0322,309.16,0.49,0.4,2026-10-02,2042,N,nominal,2.0NRT,296.36,4.43,N
37.11959,62.36147,301.11,0.55,0.43,2026-10-02,2218,N,nominal,2.0NRT,289.38,0.95,N
18.68056,73.03631,311.36,0.49,0.4,2026-10-02,2042,N,nominal,2.0NRT,296.63,4.69,N
37.82837,58.38403,314.62,0.4,0.37,2026-10-02,2218,N,nominal,2.0NRT,289.98,1.19,N
18.68418,73.0299,309.54,0.49,0.4,2026-10-02,2042,N,nominal,2.0NRT,295.99,4.08,N
37.03347,62.41819,323.37,0.56,0.43,2026-10-02,2218,N,nominal,2.0NRT,292.38,5.21,N
18.67979,73.03401,310.99,0.49,0.4,2026-10-02,2042,N,nominal,2.0NRT,295.95,3.03,N
37.0348,62.41856,309.55,0.56,0.43,2026-10-02,2218,N,nominal,2.0NRT,291.15,2.61,N
17.37127,77.44714,309.63,0.39,0.36,2026-10-02,2042,N,nominal,2.0NRT,293.95,1.01,N
37.03094,62.41729,311.13,0.56,0.43,2026-10-02,2218,N,nominal,2.0NRT,289.92,2.61,N
17.36878,77.44698,303.51,0.39,0.36,2026-10-02,2042,N,nominal,2.0NRT,292.62,0.74,N
17.14002,77.18274,308.39,0.39,0.36,2026-10-02,2042,N,nominal,2.0NRT,293.3,1,N
17.06443,76.98061,312.22,0.39,0.36,2026-10-02,2042,N,nominal,2.0NRT,296.13,1.14,N
37.45391,57.68567,307.37,0.39,0.36,2026-10-02,2218,N,nominal,2.0NRT,288.65,1.82,N
15.68371,78.45924,309.1,0.42,0.38,2026-10-02,2042,N,nominal,2.0NRT,295.45,0.68,N
37.45318,57.69001,308.07,0.39,0.36,2026-10-02,2218,N,nominal,2.0NRT,288.4,0.85,N
15.33289,76.28566,317.57,0.38,0.36,2026-10-02,2042,N,nominal,2.0NRT,293.68,1.6,N
37.34058,58.04868,310.1,0.39,0.36,2026-10-02,2218,N,nominal,2.0NRT,287.01,1.37,N
15.65757,73.9902,318.71,0.42,0.38,2026-10-02,2042,N,nominal,2.0NRT,294.28,2.7,N
36.47699,61.62447,302.28,0.52,0.42,2026-10-02,2218,N,nominal,2.0NRT,291.24,2.91,N
15.1741,77.09978,309.08,0.39,0.36,2026-10-02,2042,N,nominal,2.0NRT,292.86,1.16,N
36.99169,56.23025,306.63,0.38,0.36,2026-10-02,2218,N,nominal,2.0NRT,286.55,1.27,N
36.23859,59.73082,300.65,0.44,0.39,2026-10-02,2218,N,nominal,2.0NRT,286.1,0.8,N
15.02221,78.0143,309.18,0.41,0.37,2026-10-02,2042,N,nominal,2.0NRT,295.17,1.92,N
36.34514,58.6788,325.73,0.41,0.37,2026-10-02,2218,N,nominal,2.0NRT,291.51,1.77,N
15.22548,76.76335,308.73,0.39,0.36,2026-10-02,2042,N,nominal,2.0NRT,294.1,1.04,N
36.34175,58.67791,301,0.41,0.37,2026-10-02,2218,N,nominal,2.0NRT,287.84,1.77,N
15.18887,76.65806,313.25,0.39,0.36,2026-10-02,2044,N,nominal,2.0NRT,295.83,2,N
36.34258,58.6759,305.4,0.41,0.37,2026-10-02,2218,N,nominal,2.0NRT,287.8,1.32,N
36.33741,58.66505,321.24,0.41,0.37,2026-10-02,2218,N,nominal,2.0NRT,288.36,1.5,N
15.18555,76.65748,314.88,0.39,0.36,2026-10-02,2044,N,nominal,2.0NRT,295.62,2.4,N
35.35633,60.21587,301.45,0.48,0.4,2026-10-02,2218,N,nominal,2.0NRT,287.73,0.91,N
15.18382,76.66824,315.19,0.39,0.36,2026-10-02,2044,N,nominal,2.0NRT,294.56,1.14,N
35.89193,57.06456,303.77,0.39,0.36,2026-10-02,2218,N,nominal,2.0NRT,290.52,0.73,N
35.36809,59.30791,303.37,0.44,0.38,2026-10-02,2218,N,nominal,2.0NRT,285.35,0.52,N
15.18324,76.67182,306.06,0.39,0.36,2026-10-02,2044,N,nominal,2.0NRT,293.87,1.14,N
15.18454,76.64258,308.28,0.39,0.36,2026-10-02,2044,N,nominal,2.0NRT,294.19,1.18,N
15.1805,76.66767,313.11,0.39,0.36,2026-10-02,2044,N,nominal,2.0NRT,293.98,1.14,N
15.17934,76.67484,310.23,0.39,0.36,2026-10-02,2044,N,nominal,2.0NRT,294.52,1.34,N
15.17877,76.67843,308.15,0.39,0.36,2026-10-02,2044,N,nominal,2.0NRT,294.77,1.34,N
15.17314,76.69218,323.32,0.39,0.36,2026-10-02,2044,N,nominal,2.0NRT,294.45,2.5,N
15.17891,76.65635,314.43,0.39,0.36,2026-10-02,2044,N,nominal,2.0NRT,295.02,2.86,N
15.17602,76.67427,307.73,0.39,0.36,2026-10-02,2044,N,nominal,2.0NRT,293.6,1.24,N
15.17544,76.67785,315.04,0.39,0.36,2026-10-02,2044,N,nominal,2.0NRT,294.91,1.24,N
15.17559,76.65578,333.37,0.39,0.36,2026-10-02,2044,N,nominal,2.0NRT,295.73,2.86,N
15.17501,76.65936,308.67,0.39,0.36,2026-10-02,2044,N,nominal,2.0NRT,294.13,1.6,N
33.75184,59.14647,303.18,0.45,0.39,2026-10-02,2220,N,nominal,2.0NRT,283.45,1.48,N
15.16938,76.67312,309.75,0.39,0.36,2026-10-02,2044,N,nominal,2.0NRT,293.99,1.51,N
15.19599,76.38015,312.62,0.38,0.36,2026-10-02,2044,N,nominal,2.0NRT,294.42,1.51,N
15.13644,76.70801,306.55,0.39,0.36,2026-10-02,2044,N,nominal,2.0NRT,293.53,0.68,N
15.11018,76.80682,310.71,0.39,0.36,2026-10-02,2044,N,nominal,2.0NRT,294.23,1.45,N
32.92448,60.23362,298.95,0.52,0.42,2026-10-02,2220,N,nominal,2.0NRT,287.87,0.99,N
15.16891,76.37923,314.64,0.38,0.36,2026-10-02,2044,N,nominal,2.0NRT,296.04,1.46,N
15.1656,76.37866,306.56,0.38,0.36,2026-10-02,2044,N,nominal,2.0NRT,294.79,1.46,N
15.07044,76.86703,307.77,0.39,0.36,2026-10-02,2044,N,nominal,2.0NRT,294.07,1.48,N
14.87275,78.05312,309.92,0.42,0.37,2026-10-02,2044,N,nominal,2.0NRT,294.61,1.87,N
33.04275,56.85116,331.76,0.4,0.37,2026-10-02,2220,N,nominal,2.0NRT,294.81,2.94,N
14.62306,75.61695,309.33,0.38,0.36,2026-10-02,2044,N,nominal,2.0NRT,292.98,0.85,N
33.04347,56.84694,311.94,0.4,0.37,2026-10-02,2220,N,nominal,2.0NRT,293.7,1.32,N
13.70954,79.62032,311.56,0.5,0.41,2026-10-02,2044,N,nominal,2.0NRT,294.34,1.89,N
33.03941,56.85034,310.1,0.4,0.37,2026-10-02,2220,N,nominal,2.0NRT,291.95,1.27,N
13.44622,80.09927,309.68,0.53,0.42,2026-10-02,2044,N,nominal,2.0NRT,291.99,2.37,N
13.44524,80.09716,304.98,0.53,0.42,2026-10-02,2044,N,nominal,2.0NRT,290.75,1.39,N
12.97214,79.93561,310.95,0.53,0.42,2026-10-02,2044,N,nominal,2.0NRT,292.32,1.65,N
12.87741,79.92654,305.99,0.53,0.42,2026-10-02,2044,N,nominal,2.0NRT,291.91,1.02,N
11.81569,77.91724,324.02,0.44,0.38,2026-10-02,2044,N,nominal,2.0NRT,293.95,2.82,N
11.46438,77.81485,309.12,0.44,0.38,2026-10-02,2044,N,nominal,2.0NRT,291.7,1.94,N
11.46371,77.81885,308.48,0.44,0.38,2026-10-02,2044,N,nominal,2.0NRT,289.88,0.65,N
32.33423,54.08755,299.33,0.39,0.36,2026-10-02,2220,N,nominal,2.0NRT,278.33,0.72,N
11.18128,79.09859,309.33,0.5,0.41,2026-10-02,2044,N,nominal,2.0NRT,292.24,1.6,N
10.71315,78.09106,305.07,0.46,0.39,2026-10-02,2044,N,nominal,2.0NRT,293.34,1.13,N
9.97958,76.37518,307.43,0.4,0.37,2026-10-02,2044,N,nominal,2.0NRT,294.51,2.11,N
8.91505,80.47776,299.93,0.44,0.46,2026-10-02,2044,N,nominal,2.0NRT,283.86,0.43,N
31.95142,54.09394,304.17,0.39,0.36,2026-10-02,2220,N,nominal,2.0NRT,291.77,0.8,N
31.94161,54.04555,329.53,0.39,0.36,2026-10-02,2220,N,nominal,2.0NRT,292.58,3.11,N
31.93891,54.04078,305.04,0.39,0.36,2026-10-02,2220,N,nominal,2.0NRT,293.34,1.27,N
31.70464,55.44971,307.5,0.39,0.36,2026-10-02,2220,N,nominal,2.0NRT,294.94,0.77,N
31.85025,54.28748,312.15,0.39,0.36,2026-10-02,2220,N,nominal,2.0NRT,294.88,1.48,N
31.62427,54.74327,306.32,0.38,0.36,2026-10-02,2220,N,nominal,2.0NRT,292.43,0.99,N
31.57011,54.37122,305.33,0.39,0.36,2026-10-02,2220,N,nominal,2.0NRT,290.07,0.84,N
28.05179,69.36745,302.27,0.71,0.75,2026-10-02,2220,N,nominal,2.0NRT,290.92,0.87,N
30.15593,60.73395,307.48,0.41,0.45,2026-10-02,2220,N,nominal,2.0NRT,294.63,0.66,N
28.05298,69.36961,305.29,0.71,0.75,2026-10-02,2220,N,nominal,2.0NRT,290.97,0.97,N
30.75679,56.65649,303.72,0.41,0.37,2026-10-02,2220,N,nominal,2.0NRT,292.15,0.92,N
30.75607,56.66069,302.79,0.41,0.37,2026-10-02,2220,N,nominal,2.0NRT,290.97,0.92,N
30.66443,56.62296,304.18,0.41,0.37,2026-10-02,2220,N,nominal,2.0NRT,281.4,1.01,N
29.47793,60.80668,302.48,0.43,0.46,2026-10-02,2220,N,nominal,2.0NRT,288.33,0.8,N
30.23426,56.90774,321.42,0.42,0.37,2026-10-02,2220,N,nominal,2.0NRT,291.56,2.26,N
30.37053,56.12864,305.54,0.4,0.37,2026-10-02,2220,N,nominal,2.0NRT,289.96,1.03,N
30.18,57.17007,296.98,0.43,0.38,2026-10-02,2220,N,nominal,2.0NRT,286.3,0.52,N
30.32522,56.22608,301.54,0.4,0.37,2026-10-02,2220,N,nominal,2.0NRT,289.09,0.52,N
30.32452,56.23021,301.64,0.4,0.37,2026-10-02,2220,N,nominal,2.0NRT,288.41,0.52,N
30.37948,55.8645,308.16,0.39,0.36,2026-10-02,2220,N,nominal,2.0NRT,291.74,0.87,N
30.20983,56.79197,306.23,0.41,0.37,2026-10-02,2220,N,nominal,2.0NRT,293,1.37,N
30.32294,55.9742,301.36,0.4,0.37,2026-10-02,2220,N,nominal,2.0NRT,289.72,0.46,N
30.21561,55.9847,326.02,0.4,0.37,2026-10-02,2220,N,nominal,2.0NRT,290.93,2.75,N
29.92785,56.7333,323.83,0.42,0.37,2026-10-02,2220,N,nominal,2.0NRT,292.07,2.72,N
30.08227,55.40079,313.06,0.39,0.36,2026-10-02,2220,N,nominal,2.0NRT,289.97,1.02,N
30.08029,55.39207,317.63,0.39,0.36,2026-10-02,2220,N,nominal,2.0NRT,289.97,1.47,N
30.07698,55.39135,299.64,0.39,0.36,2026-10-02,2220,N,nominal,2.0NRT,287.82,1.47,N
29.99217,55.8559,329.98,0.4,0.37,2026-10-02,2220,N,nominal,2.0NRT,288.14,2.47,N
29.98884,55.85517,338.59,0.4,0.37,2026-10-02,2220,N,nominal,2.0NRT,289.74,15.5,N
29.80961,55.751,295.85,0.39,0.37,2026-10-02,2220,N,nominal,2.0NRT,285.69,0.4,N
29.69925,55.53641,301.92,0.39,0.36,2026-10-02,2220,N,nominal,2.0NRT,288.41,0.67,N
29.51322,55.79943,301.99,0.4,0.37,2026-10-02,2220,N,nominal,2.0NRT,287.95,0.54,N
28.20609,61.30511,300.78,0.48,0.48,2026-10-02,2220,N,nominal,2.0NRT,290.29,0.85,N
29.15088,55.3661,307.94,0.39,0.36,2026-10-02,2220,N,nominal,2.0NRT,289.14,1.39,N
29.13891,55.37592,306.34,0.39,0.36,2026-10-02,2220,N,nominal,2.0NRT,292.24,1.54,N
29.13492,55.37919,304.03,0.39,0.36,2026-10-02,2220,N,nominal,2.0NRT,291.31,1.18,N
26.126,68.81911,301.66,0.73,0.76,2026-10-02,2220,N,nominal,2.0NRT,289.78,0.38,N
26.09389,68.8808,306.01,0.74,0.76,2026-10-02,2220,N,nominal,2.0NRT,290.53,1.41,N
29.2034,54.48278,300.1,0.38,0.36,2026-10-02,2220,N,nominal,2.0NRT,288.85,0.57,N
29.17143,54.61832,328.96,0.38,0.36,2026-10-02,2220,N,nominal,2.0NRT,293.08,1.93,N
26.1206,68.81951,306,0.74,0.76,2026-10-02,2220,N,nominal,2.0NRT,290.17,1.34,N
26.09571,68.8837,305.06,0.74,0.76,2026-10-02,2220,N,nominal,2.0NRT,290.49,0.65,N
28.69118,54.18746,304.77,0.38,0.36,2026-10-02,2220,N,nominal,2.0NRT,293.49,0.5,N
25.3846,68.58833,301.92,0.74,0.76,2026-10-02,2220,N,nominal,2.0NRT,291.87,1.46,N
25.38955,68.58389,305.34,0.74,0.76,2026-10-02,2220,N,nominal,2.0NRT,291.81,1.36,N
27.22906,60.49076,305.92,0.45,0.47,2026-10-02,2220,N,nominal,2.0NRT,295.85,1.61,N
25.05305,67.49576,307.9,0.65,0.73,2026-10-02,2220,N,nominal,2.0NRT,293.22,1.91,N
25.05095,67.49619,310.59,0.65,0.73,2026-10-02,2220,N,nominal,2.0NRT,292.6,2.09,N
27.30374,56.30549,308.59,0.43,0.38,2026-10-02,2220,N,nominal,2.0NRT,297.08,1.13,N
27.30028,56.30473,314.72,0.43,0.38,2026-10-02,2220,N,nominal,2.0NRT,297.04,1.13,N
27.16891,56.09889,316.4,0.42,0.38,2026-10-02,2220,N,nominal,2.0NRT,298.96,2.91,N
39.90549,78.9502,301.63,0.45,0.39,2026-10-02,2036,N,nominal,2.0NRT,287.27,0.87,N
39.53011,76.04556,295.83,0.4,0.44,2026-10-02,2036,N,nominal,2.0NRT,284.36,0.79,N
39.04832,76.17893,297.2,0.39,0.44,2026-10-02,2036,N,nominal,2.0NRT,285.43,0.96,N
38.22394,77.09872,296.41,0.52,0.41,2026-10-02,2036,N,nominal,2.0NRT,285.59,0.7,N
38.68711,65.98701,302.12,0.67,0.73,2026-10-02,2036,N,nominal,2.0NRT,286.07,1.5,N
38.60439,64.7543,334.76,0.77,0.77,2026-10-02,2036,N,nominal,2.0NRT,286.69,7.57,N
38.60444,64.745,318.8,0.77,0.78,2026-10-02,2036,N,nominal,2.0NRT,285.49,8.57,N
38.35164,66.31066,340.87,0.64,0.72,2026-10-02,2036,N,nominal,2.0NRT,286.25,8.07,N
38.35051,66.31386,341.9,0.64,0.72,2026-10-02,2036,N,nominal,2.0NRT,286.49,5.25,N
27.16941,56.05532,345.73,0.42,0.38,2026-10-02,2220,N,nominal,2.0NRT,299.03,6.25,N
38.05185,67.26427,297.78,0.57,0.69,2026-10-02,2036,N,nominal,2.0NRT,284.98,0.68,N
27.1613,56.1016,343.93,0.42,0.38,2026-10-02,2220,N,nominal,2.0NRT,299.46,6.3,N
37.58429,70.116,321.26,0.39,0.6,2026-10-02,2038,N,nominal,2.0NRT,284.03,1.43,N
27.16598,56.05456,325.06,0.42,0.38,2026-10-02,2220,N,nominal,2.0NRT,297.08,3.58,N
35.96648,68.68776,297.08,0.46,0.63,2026-10-02,2038,N,nominal,2.0NRT,286.47,1.31,N
27.15786,56.10085,324.17,0.42,0.38,2026-10-02,2220,N,nominal,2.0NRT,297.42,3.58,N
27.16155,56.07981,311.23,0.42,0.38,2026-10-02,2220,N,nominal,2.0NRT,297.94,2.75,N
35.4483,73.45051,312.18,0.49,0.49,2026-10-02,2038,N,nominal,2.0NRT,285.73,1.98,N
27.14532,56.11125,320.07,0.42,0.38,2026-10-02,2220,N,nominal,2.0NRT,297.79,2.66,N
34.85029,76.67035,303.15,0.5,0.41,2026-10-02,2038,N,nominal,2.0NRT,265.68,0.21,N
34.47765,73.93382,300.51,0.45,0.47,2026-10-02,2038,N,nominal,2.0NRT,280.98,0.98,N
34.47343,73.93221,299.27,0.45,0.47,2026-10-02,2038,N,nominal,2.0NRT,281.59,1.14,N
33.68797,72.71295,306.89,0.51,0.5,2026-10-02,2038,N,nominal,2.0NRT,293.25,1.4,N
33.29863,71.18681,303.35,0.62,0.54,2026-10-02,2038,N,nominal,2.0NRT,292.11,1.05,N
33.29438,71.18698,307.98,0.62,0.54,2026-10-02,2038,N,nominal,2.0NRT,292.12,1.57,N
29.78863,91.60417,295.14,0.43,0.62,2026-10-02,2038,N,nominal,2.0NRT,278.26,1.48,N
32.71735,72.77589,304.08,0.5,0.49,2026-10-02,2038,N,nominal,2.0NRT,293.18,1.16,N
29.26183,91.92414,299.47,0.46,0.64,2026-10-02,2038,N,nominal,2.0NRT,276.84,1.42,N
32.57529,72.56148,306.68,0.51,0.49,2026-10-02,2038,N,nominal,2.0NRT,295.03,1.74,N
39.85474,66.20242,295.97,0.49,0.49,2026-10-02,2216,N,nominal,2.0NRT,283.85,0.84,N
29.37797,91.15195,295.78,0.42,0.61,2026-10-02,2038,N,nominal,2.0NRT,279.44,0.48,N
32.29411,70.72917,304.96,0.32,0.55,2026-10-02,2038,N,nominal,2.0NRT,293.44,0.82,N
39.18724,65.28966,298.97,0.46,0.47,2026-10-02,2218,N,nominal,2.0NRT,288.36,1.32,N
29.22347,88.3513,295.86,0.58,0.52,2026-10-02,2038,N,nominal,2.0NRT,279.69,1.31,N
39.55632,63.29286,298.74,0.55,0.42,2026-10-02,2218,N,nominal,2.0NRT,286.64,0.54,N
31.25816,76.9259,305.37,0.45,0.39,2026-10-02,2038,N,nominal,2.0NRT,290.08,0.43,N
38.6796,65.95699,310.94,0.51,0.49,2026-10-02,2218,N,nominal,2.0NRT,287.56,1.12,N
31.2504,76.92953,300.45,0.45,0.39,2026-10-02,2038,N,nominal,2.0NRT,289.62,0.64,N
38.68574,65.95235,298.16,0.51,0.49,2026-10-02,2218,N,nominal,2.0NRT,288.08,1.5,N
31.79511,69.9408,300.83,0.36,0.57,2026-10-02,2038,N,nominal,2.0NRT,286.95,0.55,N
38.67998,65.95634,309.34,0.51,0.49,2026-10-02,2218,N,nominal,2.0NRT,287.39,1.5,N
39.28466,63.04971,295.59,0.54,0.42,2026-10-02,2218,N,nominal,2.0NRT,285.11,0.32,N
31.79658,69.9398,303.76,0.36,0.57,2026-10-02,2038,N,nominal,2.0NRT,287.49,0.74,N
39.25064,63.21079,299.6,0.55,0.43,2026-10-02,2218,N,nominal,2.0NRT,285.68,0.82,N
27.72471,84.81438,303.54,0.39,0.44,2026-10-02,2040,N,nominal,2.0NRT,290.32,0.82,N
39.25092,63.17069,298.11,0.55,0.43,2026-10-02,2218,N,nominal,2.0NRT,285.52,0.43,N
29.12341,75.77647,305.56,0.47,0.4,2026-10-02,2040,N,nominal,2.0NRT,295.26,1.23,N
39.18375,63.3497,295.58,0.56,0.43,2026-10-02,2218,N,nominal,2.0NRT,285.44,1.04,N
39.1935,63.28513,297.2,0.56,0.43,2026-10-02,2218,N,nominal,2.0NRT,285.68,0.68,N
28.3739,77.22614,308.07,0.41,0.37,2026-10-02,2040,N,nominal,2.0NRT,294.53,0.89,N
39.17218,63.34561,296.07,0.56,0.43,2026-10-02,2218,N,nominal,2.0NRT,286.06,0.54,N
26.76051,83.19852,306.49,0.5,0.41,2026-10-02,2040,N,nominal,2.0NRT,295.14,0.56,N
39.17149,63.27592,298.6,0.56,0.43,2026-10-02,2218,N,nominal,2.0NRT,286,0.61,N
28.42462,69.69855,308.39,0.34,0.56,2026-10-02,2040,N,nominal,2.0NRT,294.79,1.1,N
39.16779,63.25429,304.84,0.55,0.43,2026-10-02,2218,N,nominal,2.0NRT,286.83,1.38,N
27.66636,76.12965,305.87,0.44,0.39,2026-10-02,2040,N,nominal,2.0NRT,295.37,1.32,N
39.16646,63.26059,297.45,0.56,0.43,2026-10-02,2218,N,nominal,2.0NRT,286.52,1.22,N
28.05163,69.3685,311.42,0.35,0.57,2026-10-02,2040,N,nominal,2.0NRT,294.8,0.5,N
39.12746,63.30797,301.57,0.56,0.43,2026-10-02,2218,N,nominal,2.0NRT,286.22,1.27,N
28.05233,69.36918,309.69,0.35,0.57,2026-10-02,2040,N,nominal,2.0NRT,294.6,0.47,N
39.11684,63.33835,303.45,0.56,0.43,2026-10-02,2218,N,nominal,2.0NRT,286.57,0.93,N
26.64103,79.47691,314.37,0.39,0.36,2026-10-02,2040,N,nominal,2.0NRT,296.2,1.01,N
39.01646,63.70649,313.99,0.39,0.44,2026-10-02,2218,N,nominal,2.0NRT,287.53,1.39,N
38.96366,63.69519,306.07,0.39,0.44,2026-10-02,2218,N,nominal,2.0NRT,285.94,0.6,N
26.00905,80.71815,309.26,0.41,0.37,2026-10-02,2040,N,nominal,2.0NRT,296.14,1.06,N
38.35212,66.31592,332.38,0.54,0.51,2026-10-02,2218,N,nominal,2.0NRT,288.39,3.81,N
26.87707,73.51422,306.06,0.38,0.44,2026-10-02,2040,N,nominal,2.0NRT,294.49,1.63,N
38.96702,63.62052,296.79,0.39,0.44,2026-10-02,2218,N,nominal,2.0NRT,286.35,0.54,N
26.87257,73.51751,308.33,0.38,0.44,2026-10-02,2040,N,nominal,2.0NRT,294.59,1.09,N
38.4552,65.8037,302.13,0.51,0.49,2026-10-02,2218,N,nominal,2.0NRT,287.85,1.27,N
38.97466,63.46756,298.27,0.57,0.43,2026-10-02,2218,N,nominal,2.0NRT,287.28,0.84,N
24.92172,84.15692,308.71,0.4,0.44,2026-10-02,2040,N,nominal,2.0NRT,293.86,0.78,N
23.6942,87.11996,305.48,0.63,0.54,2026-10-02,2040,N,nominal,2.0NRT,294.08,1.68,N
38.87336,63.79711,298.47,0.4,0.44,2026-10-02,2218,N,nominal,2.0NRT,285.58,0.8,N
23.69284,87.12605,307.23,0.63,0.54,2026-10-02,2040,N,nominal,2.0NRT,293.4,1.68,N
38.83865,63.81852,303.87,0.4,0.44,2026-10-02,2218,N,nominal,2.0NRT,286.41,0.63,N
23.69346,87.1259,309.2,0.63,0.54,2026-10-02,2040,N,nominal,2.0NRT,293.76,1.46,N
38.83839,63.82119,302.66,0.4,0.44,2026-10-02,2218,N,nominal,2.0NRT,285.8,0.56,N
38.60517,64.75696,351.32,0.45,0.47,2026-10-02,2218,N,nominal,2.0NRT,293.78,9.47,N
23.69519,87.09384,306.04,0.63,0.54,2026-10-02,2040,N,nominal,2.0NRT,293.27,1.5,N
38.60631,64.75192,300.84,0.45,0.47,2026-10-02,2218,N,nominal,2.0NRT,288.28,3.11,N
23.69119,87.11232,305.59,0.63,0.54,2026-10-02,2040,N,nominal,2.0NRT,293.22,5.14,N
38.60403,64.762,298.52,0.45,0.47,2026-10-02,2218,N,nominal,2.0NRT,287.28,9.47,N
23.68851,87.12468,308.16,0.63,0.54,2026-10-02,2040,N,nominal,2.0NRT,293.42,1.46,N
38.601,64.75537,301.07,0.45,0.47,2026-10-02,2218,N,nominal,2.0NRT,286.41,0.77,N
23.68893,87.09871,309.41,0.63,0.54,2026-10-02,2040,N,nominal,2.0NRT,294.19,2.24,N
38.78391,63.91386,298.6,0.4,0.44,2026-10-02,2218,N,nominal,2.0NRT,286.49,0.5,N
23.66566,87.15784,316.1,0.64,0.54,2026-10-02,2040,N,nominal,2.0NRT,293.82,1.95,N
38.1661,64.57787,296.8,0.45,0.47,2026-10-02,2218,N,nominal,2.0NRT,286.46,0.37,N
38.13054,64.67384,298.85,0.45,0.47,2026-10-02,2218,N,nominal,2.0NRT,287.45,1.09,N
23.66072,87.15656,305.53,0.64,0.54,2026-10-02,2040,N,nominal,2.0NRT,292.46,1.95,N
38.05416,64.8849,298.61,0.47,0.47,2026-10-02,2218,N,nominal,2.0NRT,287.34,0.44,N
23.80452,86.32798,318.73,0.56,0.52,2026-10-02,2040,N,nominal,2.0NRT,295.99,5.28,N
38.04978,64.90492,300.34,0.47,0.48,2026-10-02,2218,N,nominal,2.0NRT,286.8,0.49,N
23.80335,86.33342,312.73,0.56,0.52,2026-10-02,2040,N,nominal,2.0NRT,294.43,2.64,N
37.96651,65.00516,303.69,0.48,0.48,2026-10-02,2218,N,nominal,2.0NRT,286.83,0.63,N
23.79393,86.35421,318.31,0.56,0.52,2026-10-02,2040,N,nominal,2.0NRT,294.56,2.43,N
35.59085,73.58229,310.96,0.76,0.77,2026-10-02,2218,N,nominal,2.0NRT,283.15,3.15,N
23.78095,86.39141,308.28,0.57,0.52,2026-10-02,2040,N,nominal,2.0NRT,294.42,2.82,N
37.88723,65.09001,299.49,0.48,0.48,2026-10-02,2218,N,nominal,2.0NRT,286.93,0.48,N
23.66583,86.92001,304.91,0.61,0.54,2026-10-02,2040,N,nominal,2.0NRT,293.57,1.89,N
37.83018,65.1742,297.94,0.49,0.48,2026-10-02,2218,N,nominal,2.0NRT,287.78,0.95,N
37.82584,65.17257,298.79,0.49,0.48,2026-10-02,2218,N,nominal,2.0NRT,288.04,0.95,N
23.77979,86.37379,307.91,0.57,0.52,2026-10-02,2040,N,nominal,2.0NRT,294.09,1.75,N
37.75723,65.21568,298.27,0.49,0.49,2026-10-02,2218,N,nominal,2.0NRT,287.79,0.46,N
23.76793,86.40569,306.55,0.57,0.52,2026-10-02,2040,N,nominal,2.0NRT,294.11,2.23,N
37.79852,62.55284,303.94,0.55,0.42,2026-10-02,2218,N,nominal,2.0NRT,288.51,1.41,N
23.76322,86.4045,321.23,0.57,0.52,2026-10-02,2040,N,nominal,2.0NRT,294.55,2.23,N
37.79501,62.55003,296.48,0.55,0.42,2026-10-02,2218,N,nominal,2.0NRT,286.47,0.51,N
23.77275,86.36052,304.96,0.56,0.52,2026-10-02,2040,N,nominal,2.0NRT,293.27,3.23,N
37.66848,62.23752,300.8,0.53,0.42,2026-10-02,2218,N,nominal,2.0NRT,287.83,1.01,N
23.76559,86.39356,309.47,0.57,0.52,2026-10-02,2040,N,nominal,2.0NRT,295.64,5.68,N
37.65968,62.24095,304.75,0.53,0.42,2026-10-02,2218,N,nominal,2.0NRT,288.92,1.31,N
23.75849,86.40336,321.15,0.57,0.52,2026-10-02,2040,N,nominal,2.0NRT,293.88,3.37,N
37.66373,62.01619,300.54,0.52,0.42,2026-10-02,2218,N,nominal,2.0NRT,288.06,0.69,N
24.44791,83.04034,305.28,0.53,0.42,2026-10-02,2040,N,nominal,2.0NRT,294.43,1.05,N
37.61873,62.13853,303.49,0.53,0.42,2026-10-02,2218,N,nominal,2.0NRT,290.8,1,N
23.75489,86.41991,309.5,0.57,0.52,2026-10-02,2040,N,nominal,2.0NRT,292.44,2.34,N
37.65379,61.90834,302.59,0.52,0.41,2026-10-02,2218,N,nominal,2.0NRT,289.66,1.19,N
23.75495,86.39677,305.4,0.57,0.52,2026-10-02,2040,N,nominal,2.0NRT,293.57,3.18,N
37.59357,61.5277,302.98,0.5,0.41,2026-10-02,2218,N,nominal,2.0NRT,290.82,1.11,N
23.73707,86.43311,323.91,0.57,0.52,2026-10-02,2040,N,nominal,2.0NRT,295.27,5.41,N
37.49615,61.85045,299.21,0.52,0.41,2026-10-02,2218,N,nominal,2.0NRT,289.09,0.99,N
23.77939,86.34964,305.14,0.56,0.52,2026-10-02,2040,N,nominal,2.0NRT,293.45,1.67,N
38.19405,58.10192,302.36,0.39,0.36,2026-10-02,2218,N,nominal,2.0NRT,284.51,0.73,N
23.77595,86.36609,307.57,0.57,0.52,2026-10-02,2040,N,nominal,2.0NRT,294.14,2.41,N
23.76788,86.40471,309.28,0.57,0.52,2026-10-02,2040,N,nominal,2.0NRT,294.56,3.62,N
23.76317,86.4035,320.95,0.57,0.52,2026-10-02,2040,N,nominal,2.0NRT,294.51,3.62,N
23.76547,86.39252,306.67,0.57,0.52,2026-10-02,2040,N,nominal,2.0NRT,295.11,3.41,N
23.75844,86.40237,320.67,0.57,0.52,2026-10-02,2040,N,nominal,2.0NRT,293.81,5.45,N
23.75379,86.42454,303.83,0.57,0.52,2026-10-02,2040,N,nominal,2.0NRT,292.45,2.64,N
23.73726,86.43217,323.4,0.57,0.52,2026-10-02,2040,N,nominal,2.0NRT,294.9,4.23,N
23.73608,86.43775,307.03,0.57,0.52,2026-10-02,2040,N,nominal,2.0NRT,295.15,2.66,N
23.77873,86.21166,329.78,0.55,0.51,2026-10-02,2040,N,nominal,2.0NRT,295.47,4.2,N
23.55915,87.24046,323.22,0.32,0.55,2026-10-02,2040,N,nominal,2.0NRT,293.08,2.4,N
25.97292,56.07087,318.92,0.43,0.38,2026-10-02,2222,N,nominal,2.0NRT,301.18,2.98,N
23.77406,86.21057,307.76,0.55,0.51,2026-10-02,2040,N,nominal,2.0NRT,294.24,4.2,N
25.96597,56.06936,318.74,0.43,0.38,2026-10-02,2222,N,nominal,2.0NRT,301.63,3.08,N
23.5528,87.24545,311.21,0.32,0.55,2026-10-02,2040,N,nominal,2.0NRT,293.58,1.53,N
23.77278,86.19334,309.62,0.55,0.51,2026-10-02,2040,N,nominal,2.0NRT,294.67,1.51,N
23.77165,86.19871,307.25,0.55,0.51,2026-10-02,2040,N,nominal,2.0NRT,294.42,1.51,N
23.71362,86.4497,312.05,0.57,0.52,2026-10-02,2040,N,nominal,2.0NRT,294.72,3.59,N
23.70888,86.44854,306.84,0.57,0.52,2026-10-02,2040,N,nominal,2.0NRT,293.9,1.63,N
25.90306,54.53411,326.31,0.39,0.36,2026-10-02,2222,N,nominal,2.0NRT,299.8,0.23,N
23.56154,87.08504,310.19,0.63,0.54,2026-10-02,2040,N,nominal,2.0NRT,293.47,1.95,N
23.51528,87.27244,304.18,0.32,0.55,2026-10-02,2040,N,nominal,2.0NRT,292.88,0.47,N
25.5599,55.98427,312.66,0.43,0.38,2026-10-02,2222,N,nominal,2.0NRT,299.97,1.84,N
23.50626,87.31345,304.19,0.33,0.55,2026-10-02,2040,N,nominal,2.0NRT,292.68,0.3,N
23.68645,86.3904,309.59,0.57,0.52,2026-10-02,2040,N,nominal,2.0NRT,294.26,2.22,N
23.68529,86.39582,315.35,0.57,0.52,2026-10-02,2040,N,nominal,2.0NRT,294.36,2.22,N
23.68055,86.39469,311.47,0.57,0.52,2026-10-02,2040,N,nominal,2.0NRT,294.74,2.27,N
23.67936,86.40025,307.75,0.57,0.52,2026-10-02,2040,N,nominal,2.0NRT,294.59,2.17,N
23.67581,86.3936,306.91,0.57,0.52,2026-10-02,2040,N,nominal,2.0NRT,293.63,2.27,N
23.67462,86.39914,310.63,0.57,0.52,2026-10-02,2040,N,nominal,2.0NRT,295.18,2.17,N
23.7613,85.85874,303.91,0.53,0.5,2026-10-02,2040,N,nominal,2.0NRT,293.33,1.19,N
23.75785,85.85245,309,0.53,0.5,2026-10-02,2040,N,nominal,2.0NRT,294.21,2.45,N
23.75875,85.85535,306.47,0.53,0.5,2026-10-02,2040,N,nominal,2.0NRT,294.29,1.71,N
23.7577,85.86044,303.97,0.53,0.5,2026-10-02,2040,N,nominal,2.0NRT,293.4,1.6,N
23.75419,85.85422,309.18,0.53,0.5,2026-10-02,2040,N,nominal,2.0NRT,294.46,2.05,N
23.82293,85.49709,304.94,0.5,0.49,2026-10-02,2040,N,nominal,2.0NRT,294.3,2.26,N
23.69836,86.07634,319.56,0.54,0.51,2026-10-02,2040,N,nominal,2.0NRT,291.7,2.75,N
23.68005,86.09396,303.99,0.55,0.51,2026-10-02,2040,N,nominal,2.0NRT,293.53,2.02,N
23.78851,85.55044,306.16,0.5,0.49,2026-10-02,2040,N,nominal,2.0NRT,293.5,1.53,N
23.78751,85.55527,310.89,0.5,0.49,2026-10-02,2040,N,nominal,2.0NRT,293.13,1.53,N
23.67654,86.08745,312.68,0.55,0.51,2026-10-02,2040,N,nominal,2.0NRT,294.39,3.41,N
25.15567,55.24123,312.04,0.41,0.37,2026-10-02,2222,N,nominal,2.0NRT,300.28,0.89,N
26.23361,68.91328,316.27,0.36,0.57,2026-10-02,2040,N,nominal,2.0NRT,293.07,1.35,N
26.19095,68.74891,314.28,0.36,0.58,2026-10-02,2040,N,nominal,2.0NRT,292.35,0.7,N
23.69693,85.37308,304.18,0.49,0.49,2026-10-02,2040,N,nominal,2.0NRT,293.19,1.62,N
23.69249,85.37202,312.92,0.49,0.49,2026-10-02,2040,N,nominal,2.0NRT,292.97,1.62,N
26.1254,68.81635,315.19,0.36,0.57,2026-10-02,2040,N,nominal,2.0NRT,293.15,0.66,N
23.69604,85.28767,311.37,0.49,0.48,2026-10-02,2040,N,nominal,2.0NRT,293.9,1.36,N
23.69505,85.29247,304.76,0.49,0.48,2026-10-02,2040,N,nominal,2.0NRT,293.29,1.36,N
26.12006,68.81573,313.87,0.36,0.57,2026-10-02,2040,N,nominal,2.0NRT,292.2,0.66,N
24.20368,82.70744,307.33,0.51,0.41,2026-10-02,2040,N,nominal,2.0NRT,294.5,1.63,N
24.19804,82.71651,315.03,0.51,0.41,2026-10-02,2040,N,nominal,2.0NRT,294.7,2.06,N
23.73983,85.00949,307.79,0.47,0.48,2026-10-02,2040,N,nominal,2.0NRT,294.59,1.69,N
23.65075,85.43798,305.82,0.5,0.49,2026-10-02,2040,N,nominal,2.0NRT,293,0.96,N
26.09835,68.87989,313.89,0.36,0.57,2026-10-02,2040,N,nominal,2.0NRT,293.2,0.79,N
23.64628,85.43694,312.15,0.5,0.49,2026-10-02,2040,N,nominal,2.0NRT,293.49,1.92,N
23.72154,85.00996,302.51,0.47,0.48,2026-10-02,2040,N,nominal,2.0NRT,292.38,0.42,N
24.18231,82.65916,305.6,0.51,0.41,2026-10-02,2040,N,nominal,2.0NRT,294.7,1.69,N
24.18133,82.64329,304.96,0.51,0.41,2026-10-02,2040,N,nominal,2.0NRT,294.67,0.92,N
26.09515,68.88132,303.99,0.36,0.57,2026-10-02,2040,N,nominal,2.0NRT,293.54,0.55,N
24.14756,82.65663,309.58,0.51,0.41,2026-10-02,2040,N,nominal,2.0NRT,294.29,1.7,N
25.8935,68.35244,312.17,0.38,0.59,2026-10-02,2040,N,nominal,2.0NRT,292,1.5,N
24.46507,56.6241,318.76,0.47,0.4,2026-10-02,2222,N,nominal,2.0NRT,297.84,2.88,N
25.89315,68.35635,303.61,0.38,0.59,2026-10-02,2040,N,nominal,2.0NRT,291.67,0.91,N
24.46423,56.62872,310.43,0.47,0.4,2026-10-02,2222,N,nominal,2.0NRT,297.38,2.88,N
24.7145,75.95467,308.77,0.42,0.38,2026-10-02,2040,N,nominal,2.0NRT,295.92,0.74,N
22.87266,86.06463,308.96,0.56,0.52,2026-10-02,2040,N,nominal,2.0NRT,292.5,2.26,N
22.78991,86.20007,308.47,0.58,0.52,2026-10-02,2040,N,nominal,2.0NRT,294.22,3.09,N
22.784,86.2044,307.49,0.58,0.52,2026-10-02,2040,N,nominal,2.0NRT,293.14,2.87,N
22.80259,86.0925,303.5,0.57,0.52,2026-10-02,2040,N,nominal,2.0NRT,293.02,1.17,N
22.79787,86.09133,306.03,0.57,0.52,2026-10-02,2040,N,nominal,2.0NRT,292.24,1.17,N
24.76317,74.60633,312.47,0.48,0.4,2026-10-02,2040,N,nominal,2.0NRT,296.22,1.78,N
25.38601,68.58269,314.77,0.37,0.58,2026-10-02,2040,N,nominal,2.0NRT,293.9,0.99,N
25.38904,68.58201,325.74,0.37,0.58,2026-10-02,2040,N,nominal,2.0NRT,294.33,1.32,N
22.37947,87.27917,322.3,0.34,0.56,2026-10-02,2040,N,nominal,2.0NRT,293.23,1.81,N
22.37874,87.28248,316.57,0.34,0.56,2026-10-02,2040,N,nominal,2.0NRT,292.79,1.81,N
22.36406,87.29978,312.39,0.34,0.56,2026-10-02,2040,N,nominal,2.0NRT,292.38,2.86,N
22.36366,87.29977,311.26,0.34,0.56,2026-10-02,2040,N,nominal,2.0NRT,292.14,3.09,N
24.60782,54.15158,322.49,0.39,0.36,2026-10-02,2222,N,nominal,2.0NRT,301.84,1.12,N
22.36592,87.01746,313.13,0.33,0.55,2026-10-02,2040,N,nominal,2.0NRT,291.55,1.85,N
22.24607,87.39011,309.69,0.35,0.57,2026-10-02,2040,N,nominal,2.0NRT,291.88,1.07,N
22.0573,88.12524,308.81,0.39,0.6,2026-10-02,2040,N,nominal,2.0NRT,292.19,1.8,N
22.05661,88.12637,310.68,0.39,0.6,2026-10-02,2040,N,nominal,2.0NRT,292.46,1.66,N
22.05119,88.12498,310.98,0.39,0.6,2026-10-02,2040,N,nominal,2.0NRT,291.83,1.66,N
23.16669,82.34261,328.06,0.51,0.41,2026-10-02,2040,N,nominal,2.0NRT,295.7,4.3,N
23.16386,82.33687,317.28,0.51,0.41,2026-10-02,2040,N,nominal,2.0NRT,294.68,1.53,N
23.16292,82.34186,307.86,0.51,0.41,2026-10-02,2040,N,nominal,2.0NRT,293.43,1.53,N
24.51127,54.01822,336.74,0.39,0.36,2026-10-02,2222,N,nominal,2.0NRT,301.64,2.43,N
23.69415,78.49057,303.09,0.38,0.36,2026-10-02,2040,N,nominal,2.0NRT,290.53,0.49,N
22.20519,84.8492,311.35,0.49,0.49,2026-10-02,2040,N,nominal,2.0NRT,291.06,1.92,N
24.50907,54.01858,332.48,0.39,0.36,2026-10-02,2222,N,nominal,2.0NRT,301.81,3.3,N
22.21958,84.75449,305.83,0.48,0.48,2026-10-02,2040,N,nominal,2.0NRT,293.12,2.58,N
21.968,85.31533,303.9,0.53,0.5,2026-10-02,2040,N,nominal,2.0NRT,291.93,0.94,N
21.93007,85.22159,309.43,0.52,0.5,2026-10-02,2040,N,nominal,2.0NRT,292.48,1.58,N
21.92446,85.2256,303.81,0.52,0.5,2026-10-02,2040,N,nominal,2.0NRT,291.42,1.03,N
24.3338,54.46783,316.05,0.4,0.37,2026-10-02,2222,N,nominal,2.0NRT,300.18,1.43,N
21.93156,85.21907,302.17,0.52,0.5,2026-10-02,2040,N,nominal,2.0NRT,291.83,1.17,N
21.93052,85.22422,302.39,0.52,0.5,2026-10-02,2040,N,nominal,2.0NRT,292.04,1.17,N
24.32977,54.47107,324.44,0.4,0.37,2026-10-02,2222,N,nominal,2.0NRT,300.95,2.48,N
21.92596,85.22316,310.07,0.52,0.5,2026-10-02,2040,N,nominal,2.0NRT,292.67,1.17,N
22.32415,82.58811,312.55,0.54,0.42,2026-10-02,2040,N,nominal,2.0NRT,295.34,2.48,N
22.32034,82.56552,308.03,0.54,0.42,2026-10-02,2040,N,nominal,2.0NRT,296.97,2.16,N
24.32086,54.45775,315.56,0.4,0.37,2026-10-02,2222,N,nominal,2.0NRT,301.69,1.4,N
22.31746,82.55949,313.99,0.54,0.42,2026-10-02,2040,N,nominal,2.0NRT,296.81,2.16,N
22.36117,82.30328,309.35,0.52,0.42,2026-10-02,2040,N,nominal,2.0NRT,296.34,2.66,N
23.55494,58.19994,308.47,0.39,0.44,2026-10-02,2222,N,nominal,2.0NRT,298.39,0.79,N
22.35737,82.30249,330.26,0.52,0.42,2026-10-02,2040,N,nominal,2.0NRT,297.7,2.66,N
24.00465,55.44116,311.67,0.43,0.38,2026-10-02,2222,N,nominal,2.0NRT,299.78,1.54,N
22.31461,82.53192,309.18,0.54,0.42,2026-10-02,2040,N,nominal,2.0NRT,295.29,2.16,N
22.0428,83.72926,306.03,0.42,0.45,2026-10-02,2040,N,nominal,2.0NRT,291.68,1.81,N
22.03867,83.72829,309.18,0.42,0.45,2026-10-02,2040,N,nominal,2.0NRT,292.76,1.74,N
22.01644,83.753,310.01,0.42,0.45,2026-10-02,2040,N,nominal,2.0NRT,294.57,1.9,N
22.10656,83.12367,306.36,0.39,0.44,2026-10-02,2040,N,nominal,2.0NRT,295.14,1.56,N
22.06133,83.33868,311.05,0.4,0.44,2026-10-02,2040,N,nominal,2.0NRT,293.56,1.34,N
22.08732,83.11551,306.59,0.39,0.44,2026-10-02,2040,N,nominal,2.0NRT,293.96,0.83,N
22.03809,83.34975,312.94,0.4,0.44,2026-10-02,2040,N,nominal,2.0NRT,294.46,1.4,N
22.03735,83.35361,309.9,0.4,0.44,2026-10-02,2040,N,nominal,2.0NRT,294.92,2.63,N
22.03103,83.36441,307.41,0.4,0.44,2026-10-02,2040,N,nominal,2.0NRT,294,2.06,N
22.01858,83.34147,304.45,0.4,0.44,2026-10-02,2040,N,nominal,2.0NRT,293.32,0.52,N
21.98522,83.23136,314.27,0.4,0.44,2026-10-02,2040,N,nominal,2.0NRT,295.49,1.35,N
21.9845,83.23515,305.14,0.4,0.44,2026-10-02,2040,N,nominal,2.0NRT,293.91,1.35,N
21.96184,83.30984,309.67,0.4,0.44,2026-10-02,2040,N,nominal,2.0NRT,293.24,1.16,N
21.82611,83.89917,306.91,0.44,0.46,2026-10-02,2040,N,nominal,2.0NRT,293.78,1.15,N
21.92455,83.34995,312.69,0.4,0.44,2026-10-02,2040,N,nominal,2.0NRT,295.19,2.6,N
21.92049,83.34904,319.71,0.4,0.44,2026-10-02,2040,N,nominal,2.0NRT,296.41,3.04,N
21.91974,83.35293,317.81,0.4,0.44,2026-10-02,2040,N,nominal,2.0NRT,296.62,2.48,N
22.15446,82.09501,305.45,0.51,0.41,2026-10-02,2040,N,nominal,2.0NRT,295.4,0.98,N
21.76727,84.01825,319.12,0.44,0.46,2026-10-02,2040,N,nominal,2.0NRT,294.7,2.87,N
21.76218,84.02153,308.92,0.44,0.46,2026-10-02,2040,N,nominal,2.0NRT,294.2,2.06,N
21.7571,84.02482,314.88,0.44,0.46,2026-10-02,2040,N,nominal,2.0NRT,294.23,2.06,N
21.75285,84.02386,312.25,0.44,0.46,2026-10-02,2040,N,nominal,2.0NRT,293.23,2.37,N
22.00609,82.6693,309.6,0.55,0.43,2026-10-02,2040,N,nominal,2.0NRT,295.3,1.66,N
22.0063,82.67269,307.31,0.55,0.43,2026-10-02,2040,N,nominal,2.0NRT,294.88,3.29,N
21.76281,83.84661,313.12,0.43,0.46,2026-10-02,2040,N,nominal,2.0NRT,294.07,1.92,N
21.76199,83.85082,314.98,0.43,0.46,2026-10-02,2040,N,nominal,2.0NRT,294.41,1.92,N
21.75862,83.84566,313.44,0.43,0.46,2026-10-02,2040,N,nominal,2.0NRT,294.02,2.27,N
21.75442,83.84469,329.35,0.43,0.46,2026-10-02,2040,N,nominal,2.0NRT,295.71,2.27,N
23.19305,55.45862,309.3,0.44,0.38,2026-10-02,2222,N,nominal,2.0NRT,298.2,1.5,N
21.75024,83.8437,309.23,0.43,0.46,2026-10-02,2040,N,nominal,2.0NRT,294.52,2.37,N
23.1923,55.46285,309.98,0.44,0.38,2026-10-02,2222,N,nominal,2.0NRT,297.35,1.91,N
21.74605,83.84271,328.21,0.43,0.46,2026-10-02,2040,N,nominal,2.0NRT,294.91,2.37,N
21.74187,83.84171,311.98,0.43,0.46,2026-10-02,2040,N,nominal,2.0NRT,295.1,2.67,N
23.02115,76.38484,301.45,0.4,0.37,2026-10-02,2040,N,nominal,2.0NRT,290.88,0.37,N
23.41286,72.35169,338.63,0.41,0.45,2026-10-02,2040,N,nominal,2.0NRT,294.98,3.26,N
22.87985,55.92714,318.18,0.46,0.39,2026-10-02,2222,N,nominal,2.0NRT,296.82,1.44,N
23.41238,72.35571,324.19,0.41,0.45,2026-10-02,2040,N,nominal,2.0NRT,294.82,3.26,N
21.80303,82.03935,309.3,0.51,0.41,2026-10-02,2040,N,nominal,2.0NRT,296.13,1.38,N
22.87626,55.92639,314.36,0.46,0.39,2026-10-02,2222,N,nominal,2.0NRT,296.79,1.66,N
20.97155,86.01225,306.42,0.61,0.53,2026-10-02,2040,N,nominal,2.0NRT,293.11,3.06,N
22.8791,55.92455,311.55,0.46,0.39,2026-10-02,2222,N,nominal,2.0NRT,296.91,1.71,N
20.96669,86.01102,339.74,0.61,0.53,2026-10-02,2040,N,nominal,2.0NRT,293.72,5.52,N
22.67459,56.25072,315,0.48,0.4,2026-10-02,2222,N,nominal,2.0NRT,295.97,1.12,N
20.96791,86.00517,305.41,0.61,0.53,2026-10-02,2040,N,nominal,2.0NRT,293.1,1.9,N
22.67093,56.24996,313.29,0.48,0.4,2026-10-02,2222,N,nominal,2.0NRT,295.39,1.12,N
20.96306,86.00391,308.29,0.61,0.53,2026-10-02,2040,N,nominal,2.0NRT,292.31,1.9,N
20.96183,86.00978,311.28,0.61,0.53,2026-10-02,2040,N,nominal,2.0NRT,292.56,5.52,N
20.95321,86.0509,305.31,0.61,0.54,2026-10-02,2040,N,nominal,2.0NRT,292.61,2.7,N
22.40655,56.98724,326.41,0.52,0.42,2026-10-02,2222,N,nominal,2.0NRT,295.24,3.93,N
20.94956,86.04385,305.1,0.61,0.54,2026-10-02,2040,N,nominal,2.0NRT,292.52,2.05,N
20.94091,86.06052,307.16,0.61,0.54,2026-10-02,2040,N,nominal,2.0NRT,292.33,1.59,N
22.32692,56.49171,323.06,0.5,0.41,2026-10-02,2222,N,nominal,2.0NRT,295.69,2.21,N
21.67394,82.08208,314.41,0.52,0.41,2026-10-02,2040,N,nominal,2.0NRT,297.37,1.82,N
22.10614,57.31743,309.66,0.55,0.43,2026-10-02,2222,N,nominal,2.0NRT,294.25,2.01,N
21.67208,82.0801,311.09,0.52,0.41,2026-10-02,2040,N,nominal,2.0NRT,296.04,1.87,N
22.60622,54.06832,318.09,0.4,0.37,2026-10-02,2222,N,nominal,2.0NRT,300.3,2.57,N
21.07847,85.03544,319.65,0.53,0.5,2026-10-02,2040,N,nominal,2.0NRT,295.13,4.43,N
22.52492,54.04928,308.17,0.4,0.37,2026-10-02,2222,N,nominal,2.0NRT,297.74,1.2,N
21.07746,85.04046,306.48,0.53,0.5,2026-10-02,2040,N,nominal,2.0NRT,294.05,3.11,N
22.52427,54.05315,309.38,0.4,0.37,2026-10-02,2222,N,nominal,2.0NRT,298.3,0.68,N
20.97818,85.17234,311.14,0.54,0.51,2026-10-02,2040,N,nominal,2.0NRT,292.99,2.22,N
20.98104,85.13528,314.16,0.54,0.51,2026-10-02,2040,N,nominal,2.0NRT,294.12,3.54,N
20.97357,85.1712,307.98,0.54,0.51,2026-10-02,2040,N,nominal,2.0NRT,293.24,2.85,N
20.97251,85.17631,310.09,0.54,0.51,2026-10-02,2040,N,nominal,2.0NRT,293.15,2.04,N
20.96789,85.1752,327.45,0.54,0.51,2026-10-02,2040,N,nominal,2.0NRT,293.46,2.04,N
20.96895,85.1701,311.85,0.54,0.51,2026-10-02,2040,N,nominal,2.0NRT,293.23,2.85,N
20.96682,85.18034,305.26,0.54,0.51,2026-10-02,2040,N,nominal,2.0NRT,292.82,2.04,N
20.96574,85.18551,316.82,0.54,0.51,2026-10-02,2040,N,nominal,2.0NRT,293.23,1.89,N
21.93803,57.07615,325.62,0.54,0.42,2026-10-02,2222,N,nominal,2.0NRT,294.86,2.01,N
20.96464,85.19078,308.07,0.54,0.51,2026-10-02,2040,N,nominal,2.0NRT,293.37,1.89,N
21.93901,57.07098,304.9,0.54,0.42,2026-10-02,2222,N,nominal,2.0NRT,294.33,2.01,N
20.96754,85.15363,312.35,0.54,0.51,2026-10-02,2040,N,nominal,2.0NRT,293.45,2.28,N
21.83348,56.6816,322.61,0.52,0.41,2026-10-02,2222,N,nominal,2.0NRT,295.07,2.61,N
20.96541,85.16385,312.72,0.54,0.51,2026-10-02,2040,N,nominal,2.0NRT,293.74,2.59,N
21.33268,57.72485,307.33,0.4,0.44,2026-10-02,2222,N,nominal,2.0NRT,293.96,0.58,N
20.96435,85.16895,311.91,0.54,0.51,2026-10-02,2040,N,nominal,2.0NRT,293.6,2.59,N
21.32055,57.72222,309.81,0.4,0.44,2026-10-02,2222,N,nominal,2.0NRT,294.1,0.87,N
20.96327,85.1741,310.66,0.54,0.51,2026-10-02,2040,N,nominal,2.0NRT,293.55,3.49,N
21.31214,57.74426,330.49,0.4,0.44,2026-10-02,2222,N,nominal,2.0NRT,293.92,1.91,N
20.96111,85.18444,315.14,0.54,0.51,2026-10-02,2040,N,nominal,2.0NRT,293.6,3.28,N
20.97048,85.17312,331.71,0.54,0.51,2026-10-02,2040,N,nominal,2.0NRT,294.15,2.87,N
21.31141,57.74811,314.79,0.4,0.44,2026-10-02,2222,N,nominal,2.0NRT,293.57,1.91,N
20.97873,85.13195,311.5,0.54,0.51,2026-10-02,2040,N,nominal,2.0NRT,293.77,2.72,N
21.30186,57.79819,305.71,0.4,0.44,2026-10-02,2222,N,nominal,2.0NRT,294.02,0.78,N
20.9777,85.13711,306.18,0.54,0.51,2026-10-02,2040,N,nominal,2.0NRT,293.61,2.24,N
20.96945,85.17826,305.09,0.54,0.51,2026-10-02,2040,N,nominal,2.0NRT,293.02,1.97,N
21.61644,56.06246,308.1,0.48,0.4,2026-10-02,2222,N,nominal,2.0NRT,296.22,2.01,N
20.96273,85.18759,325.64,0.54,0.51,2026-10-02,2040,N,nominal,2.0NRT,293.89,4.88,N
21.29684,57.09616,308.57,0.55,0.43,2026-10-02,2222,N,nominal,2.0NRT,295.29,1.59,N
20.97,85.15142,311.17,0.54,0.51,2026-10-02,2040,N,nominal,2.0NRT,293.64,2.1,N
21.3771,56.39373,312.97,0.51,0.41,2026-10-02,2222,N,nominal,2.0NRT,294.29,1.09,N
20.96689,85.16685,313.86,0.54,0.51,2026-10-02,2040,N,nominal,2.0NRT,293.44,2.87,N
21.37691,56.39695,316.26,0.51,0.41,2026-10-02,2222,N,nominal,2.0NRT,294.07,1.23,N
20.96586,85.172,309.06,0.54,0.51,2026-10-02,2040,N,nominal,2.0NRT,293.38,2.87,N
20.98673,56.77537,305.36,0.54,0.42,2026-10-02,2222,N,nominal,2.0NRT,293.95,0.73,N
20.96483,85.17715,311.05,0.54,0.51,2026-10-02,2040,N,nominal,2.0NRT,293.54,1.97,N
21.00252,56.53066,332.76,0.52,0.42,2026-10-02,2222,N,nominal,2.0NRT,296.43,5.21,N
20.96379,85.18233,313.09,0.54,0.51,2026-10-02,2040,N,nominal,2.0NRT,293.49,1.97,N
20.56011,56.41956,309.31,0.52,0.42,2026-10-02,2222,N,nominal,2.0NRT,294.51,0.83,N
20.96228,85.16573,309.3,0.54,0.51,2026-10-02,2040,N,nominal,2.0NRT,293.27,1.61,N
20.37693,55.93609,326.75,0.49,0.41,2026-10-02,2222,N,nominal,2.0NRT,295.28,3.59,N
20.96125,85.17088,307.74,0.54,0.51,2026-10-02,2040,N,nominal,2.0NRT,293.58,1.61,N
20.37655,55.93404,331.96,0.5,0.41,2026-10-02,2222,N,nominal,2.0NRT,295.65,3.7,N
20.88901,84.98232,305.79,0.53,0.5,2026-10-02,2040,N,nominal,2.0NRT,293.23,1.16,N
20.39065,55.66257,312.25,0.48,0.4,2026-10-02,2222,N,nominal,2.0NRT,294.41,1.4,N
20.86497,84.99085,314.52,0.53,0.5,2026-10-02,2040,N,nominal,2.0NRT,293.9,4.12,N
20.38699,55.66182,316.63,0.48,0.4,2026-10-02,2222,N,nominal,2.0NRT,293.82,1.82,N
20.80573,85.25914,316.44,0.55,0.51,2026-10-02,2040,N,nominal,2.0NRT,293.64,4.06,N
20.38578,55.64741,323.94,0.48,0.4,2026-10-02,2222,N,nominal,2.0NRT,294.66,2.22,N
20.7975,85.25158,309.34,0.55,0.51,2026-10-02,2040,N,nominal,2.0NRT,292.64,2.6,N
20.22909,55.72187,321.71,0.49,0.4,2026-10-02,2222,N,nominal,2.0NRT,295.03,2.04,N
20.79642,85.25683,314.61,0.55,0.51,2026-10-02,2040,N,nominal,2.0NRT,292.85,2.6,N
20.21154,55.71354,323.71,0.49,0.4,2026-10-02,2222,N,nominal,2.0NRT,294.32,2.13,N
19.26752,56.17574,307.47,0.53,0.42,2026-10-02,2222,N,nominal,2.0NRT,293.67,0.82,N
18.68675,55.50704,302.31,0.5,0.41,2026-10-02,2225,N,nominal,2.0NRT,292.21,0.48,N
20.79175,85.25578,320.03,0.55,0.51,2026-10-02,2040,N,nominal,2.0NRT,293.23,2.6,N
20.79283,85.25051,314.42,0.55,0.51,2026-10-02,2040,N,nominal,2.0NRT,292.43,2.6,N
18.32305,55.10651,323.12,0.48,0.4,2026-10-02,2225,N,nominal,2.0NRT,292.79,1.89,N
20.79066,85.26109,306.91,0.55,0.51,2026-10-02,2040,N,nominal,2.0NRT,293.53,1.24,N
18.03484,54.63552,308.79,0.46,0.39,2026-10-02,2225,N,nominal,2.0NRT,294.8,1.02,N
20.78958,85.2664,307.66,0.55,0.51,2026-10-02,2040,N,nominal,2.0NRT,292.79,1.24,N
18.03332,54.64417,308.69,0.46,0.39,2026-10-02,2225,N,nominal,2.0NRT,294.56,1.4,N
20.78599,85.26003,313.91,0.55,0.51,2026-10-02,2040,N,nominal,2.0NRT,293.44,1.89,N
18.01245,54.57331,316.84,0.46,0.39,2026-10-02,2225,N,nominal,2.0NRT,294.58,1.14,N
20.78491,85.26533,308.91,0.55,0.51,2026-10-02,2040,N,nominal,2.0NRT,293.23,1.89,N
20.75972,85.2925,310.44,0.55,0.51,2026-10-02,2040,N,nominal,2.0NRT,293.14,2.25,N
20.75863,85.29777,309.99,0.55,0.51,2026-10-02,2040,N,nominal,2.0NRT,293.35,1.77,N
21.37542,81.68047,310.72,0.5,0.41,2026-10-02,2040,N,nominal,2.0NRT,295.08,2.12,N
21.37496,81.64072,309.4,0.5,0.41,2026-10-02,2040,N,nominal,2.0NRT,294.99,1.87,N
23.01079,70.10329,308.4,0.55,0.51,2026-10-02,2040,N,nominal,2.0NRT,296.21,1.11,N
21.31025,81.59063,307.38,0.5,0.41,2026-10-02,2040,N,nominal,2.0NRT,294.56,1.29,N
22.93224,69.69489,308.47,0.58,0.52,2026-10-02,2040,N,nominal,2.0NRT,295.75,1.94,N
22.93165,69.70067,307.18,0.58,0.52,2026-10-02,2040,N,nominal,2.0NRT,295.89,1.75,N
22.26308,75.13435,307.58,0.43,0.38,2026-10-02,2040,N,nominal,2.0NRT,294.76,0.83,N
22.93393,69.69871,309.48,0.58,0.52,2026-10-02,2040,N,nominal,2.0NRT,295.63,2.07,N
21.19438,81.4166,333.82,0.49,0.4,2026-10-02,2040,N,nominal,2.0NRT,295.09,6.88,N
21.18759,81.39094,316.09,0.49,0.4,2026-10-02,2040,N,nominal,2.0NRT,296.55,3.08,N
21.18475,81.38552,327.66,0.49,0.4,2026-10-02,2040,N,nominal,2.0NRT,295.67,2.81,N
21.1839,81.39017,324.59,0.49,0.4,2026-10-02,2040,N,nominal,2.0NRT,295.54,2.81,N
21.18107,81.38476,315.54,0.49,0.4,2026-10-02,2040,N,nominal,2.0NRT,296.27,2.81,N
22.46916,71.32008,313.27,0.46,0.47,2026-10-02,2040,N,nominal,2.0NRT,294.97,1.78,N
22.46864,71.32454,316.97,0.46,0.47,2026-10-02,2040,N,nominal,2.0NRT,295.69,1.68,N
22.4643,71.32393,340.24,0.46,0.47,2026-10-02,2040,N,nominal,2.0NRT,296.79,7,N
22.46481,71.31947,319.14,0.46,0.47,2026-10-02,2040,N,nominal,2.0NRT,296,5.58,N
21.23355,79.62892,313.61,0.41,0.37,2026-10-02,2040,N,nominal,2.0NRT,296.2,1.73,N
21.3376,78.96693,310.52,0.4,0.37,2026-10-02,2040,N,nominal,2.0NRT,295.84,0.9,N
21.33697,78.97074,315.68,0.4,0.37,2026-10-02,2040,N,nominal,2.0NRT,295.45,1.62,N
21.33424,78.96629,304.74,0.4,0.37,2026-10-02,2040,N,nominal,2.0NRT,294.27,0.9,N
21.2487,79.20744,310.64,0.4,0.37,2026-10-02,2040,N,nominal,2.0NRT,295.43,1.16,N
21.24804,79.2113,317.54,0.4,0.37,2026-10-02,2040,N,nominal,2.0NRT,295.42,1.16,N
21.24608,79.22289,314.48,0.4,0.37,2026-10-02,2040,N,nominal,2.0NRT,296.96,1.14,N
21.2427,79.22225,305.08,0.4,0.37,2026-10-02,2040,N,nominal,2.0NRT,294.91,1.14,N
22.41759,69.04055,309.01,0.63,0.54,2026-10-02,2042,N,nominal,2.0NRT,295.36,2.18,N
21.794,72.64848,331.93,0.56,0.43,2026-10-02,2042,N,nominal,2.0NRT,297.2,4.07,N
20.70557,78.62085,307.03,0.39,0.36,2026-10-02,2042,N,nominal,2.0NRT,296.1,1.01,N
20.70222,78.62022,307.04,0.39,0.36,2026-10-02,2042,N,nominal,2.0NRT,296.93,1.2,N
20.69576,78.63844,308.3,0.39,0.37,2026-10-02,2042,N,nominal,2.0NRT,296.26,1.39,N
21.4333,72.97845,308.13,0.53,0.42,2026-10-02,2042,N,nominal,2.0NRT,295.08,1.1,N
21.10628,72.64682,343.86,0.55,0.43,2026-10-02,2042,N,nominal,2.0NRT,302.21,11.23,N
21.10369,72.63558,331.83,0.55,0.43,2026-10-02,2042,N,nominal,2.0NRT,300.5,4.64,N
21.10235,72.64624,312.42,0.55,0.43,2026-10-02,2042,N,nominal,2.0NRT,298.27,2.6,N
21.09975,72.63499,327.32,0.55,0.43,2026-10-02,2042,N,nominal,2.0NRT,297.75,4.64,N
21.10715,72.64538,338.28,0.55,0.43,2026-10-02,2042,N,nominal,2.0NRT,301.75,8.21,N
21.10856,72.63474,314.83,0.55,0.43,2026-10-02,2042,N,nominal,2.0NRT,300.68,2.67,N
21.10321,72.64481,333.3,0.55,0.43,2026-10-02,2042,N,nominal,2.0NRT,298.18,8.21,N
21.10069,72.63358,331.05,0.55,0.43,2026-10-02,2042,N,nominal,2.0NRT,298.44,5.74,N
20.00523,79.18495,308.07,0.41,0.37,2026-10-02,2042,N,nominal,2.0NRT,295.51,0.91,N
19.96229,79.33482,315.32,0.42,0.37,2026-10-02,2042,N,nominal,2.0NRT,294.52,1.32,N
19.81768,79.33705,313.08,0.42,0.37,2026-10-02,2042,N,nominal,2.0NRT,295.19,1.4,N
19.78699,79.1497,311.3,0.41,0.37,2026-10-02,2042,N,nominal,2.0NRT,296.74,1.08,N
20.90948,71.46087,311.9,0.43,0.46,2026-10-02,2042,N,nominal,2.0NRT,297.35,2.29,N
19.72301,79.17382,307.57,0.41,0.37,2026-10-02,2042,N,nominal,2.0NRT,295.42,1.03,N
19.1056,82.16551,307.09,0.38,0.43,2026-10-02,2042,N,nominal,2.0NRT,291.94,0.52,N
19.10163,82.16467,305.67,0.38,0.43,2026-10-02,2042,N,nominal,2.0NRT,291.31,0.52,N
19.10096,82.16829,303.2,0.38,0.43,2026-10-02,2042,N,nominal,2.0NRT,292.05,1.23,N
19.09699,82.16745,319.25,0.38,0.43,2026-10-02,2042,N,nominal,2.0NRT,291.8,1.42,N
19.09234,82.17023,304.1,0.38,0.43,2026-10-02,2042,N,nominal,2.0NRT,291.89,1.42,N
19.87912,75.21356,327.94,0.41,0.37,2026-10-02,2042,N,nominal,2.0NRT,294.44,4.08,N
19.87569,75.21299,306.19,0.41,0.37,2026-10-02,2042,N,nominal,2.0NRT,288.28,2.14,N
19.93679,73.71173,311.27,0.47,0.4,2026-10-02,2042,N,nominal,2.0NRT,291.65,1.07,N
18.72205,79.53707,316.57,0.43,0.38,2026-10-02,2042,N,nominal,2.0NRT,296.45,1.55,N
18.71855,79.53642,314.87,0.43,0.38,2026-10-02,2042,N,nominal,2.0NRT,296.62,1.55,N
18.71435,79.53986,308.65,0.43,0.38,2026-10-02,2042,N,nominal,2.0NRT,296.3,1.54,N
5.86534,59.39654,295.02,0.48,0.64,2026-10-02,2225,N,nominal,2.0NRT,284.65,6.59,N
17.39729,100.0485,337.69,0.34,0.56,2026-10-03,0610,N,nominal,2.0NRT,273.65,4.36,D
17.39986,100.04795,336.61,0.34,0.56,2026-10-03,0610,N,nominal,2.0NRT,273.43,4.41,D
21.22479,101.22896,340.24,0.48,0.48,2026-10-03,0612,N,nominal,2.0NRT,295.33,3.72,D
21.22405,101.23035,339.56,0.48,0.48,2026-10-03,0612,N,nominal,2.0NRT,295.25,5.92,D
21.98191,101.63901,328.09,0.44,0.46,2026-10-03,0612,N,nominal,2.0NRT,294.98,2.65,D
21.85372,100.97141,326.21,0.48,0.48,2026-10-03,0612,N,low,2.0NRT,299.88,5.77,D
22.20411,101.25204,339.45,0.46,0.47,2026-10-03,0612,N,nominal,2.0NRT,290.45,5.39,D
26.6186,101.59578,328.34,0.55,0.43,2026-10-03,0614,N,low,2.0NRT,299.06,4.47,D
26.62253,101.59518,332.28,0.55,0.43,2026-10-03,0614,N,nominal,2.0NRT,298.56,4.47,D
35.08017,101.63985,334.53,0.42,0.38,2026-10-03,0616,N,nominal,2.0NRT,291.28,3.16,D
35.61991,100.65656,334.62,0.45,0.39,2026-10-03,0616,N,nominal,2.0NRT,305.59,4.34,D
35.6243,100.6605,340.57,0.45,0.39,2026-10-03,0616,N,nominal,2.0NRT,300.28,4.66,D
36.24894,100.31055,327.9,0.45,0.39,2026-10-03,0616,N,low,2.0NRT,301.08,0.99,D
36.81787,101.88818,326.86,0.4,0.37,2026-10-03,0616,N,nominal,2.0NRT,297.21,2.27,D
36.8086,101.79287,331.61,0.4,0.37,2026-10-03,0616,N,nominal,2.0NRT,295.13,2.86,D
38.3055,101.56968,343.71,0.4,0.37,2026-10-03,0616,N,nominal,2.0NRT,295.05,6.31,D
36.81808,93.28738,353,0.32,0.55,2026-10-03,0616,N,nominal,2.0NRT,294.45,2.24,D
36.83437,93.28857,342.12,0.32,0.55,2026-10-03,0616,N,nominal,2.0NRT,295.06,2.66,D
38.7505,100.5362,340.89,0.42,0.37,2026-10-03,0616,N,nominal,2.0NRT,298.79,3.39,D
38.75304,100.53047,353.17,0.42,0.37,2026-10-03,0616,N,nominal,2.0NRT,300.12,4.32,D
38.7522,100.52576,338.95,0.42,0.37,2026-10-03,0616,N,nominal,2.0NRT,300.69,4.32,D
6.17829,80.98602,332.05,0.41,0.45,2026-10-03,0750,N,nominal,2.0NRT,295.4,2.2,D
6.7119,81.09505,340.41,0.39,0.44,2026-10-03,0750,N,nominal,2.0NRT,291.51,3.93,D
6.97785,81.58344,334.99,0.55,0.42,2026-10-03,0750,N,nominal,2.0NRT,296.69,9.81,D
7.16551,81.67693,330.2,0.53,0.42,2026-10-03,0750,N,nominal,2.0NRT,293.64,7.39,D
7.66808,81.03575,339.95,0.38,0.43,2026-10-03,0750,N,nominal,2.0NRT,300.15,4.39,D
7.68453,81.01163,330.57,0.38,0.43,2026-10-03,0750,N,nominal,2.0NRT,298.77,5.29,D
7.98838,81.05807,342.63,0.57,0.43,2026-10-03,0750,N,nominal,2.0NRT,293.95,11.53,D
8.09152,80.73283,340.35,0.39,0.44,2026-10-03,0750,N,nominal,2.0NRT,297.38,7.22,D
8.48706,80.48609,345.74,0.4,0.44,2026-10-03,0750,N,nominal,2.0NRT,303.39,5.61,D
8.60626,80.77408,343.42,0.38,0.44,2026-10-03,0750,N,nominal,2.0NRT,295.71,4.79,D
8.78371,80.81883,335.1,0.57,0.43,2026-10-03,0750,N,nominal,2.0NRT,297.7,4.22,D
8.85126,80.77279,330.34,0.57,0.43,2026-10-03,0750,N,nominal,2.0NRT,298.22,6.21,D
8.72814,79.96826,340.74,0.43,0.46,2026-10-03,0750,N,nominal,2.0NRT,295.96,6.38,D
8.70922,78.06316,331.04,0.57,0.52,2026-10-03,0750,N,nominal,2.0NRT,281.83,3.35,D
9.08802,79.77063,333.54,0.44,0.46,2026-10-03,0750,N,nominal,2.0NRT,296.96,6.1,D
9.74365,80.21278,345.47,0.4,0.44,2026-10-03,0750,N,nominal,2.0NRT,297.93,5.88,D
9.79955,79.03995,330.62,0.47,0.48,2026-10-03,0750,N,low,2.0NRT,301.06,2.5,D
10.1133,77.90035,342.05,0.56,0.51,2026-10-03,0750,N,nominal,2.0NRT,294.15,11.03,D
10.37909,79.32158,331.12,0.45,0.47,2026-10-03,0750,N,nominal,2.0NRT,297.5,4.35,D
11.04349,79.78062,339.81,0.41,0.45,2026-10-03,0750,N,nominal,2.0NRT,299.19,3.29,D
11.23591,79.68957,340.06,0.41,0.45,2026-10-03,0750,N,nominal,2.0NRT,295.28,2.94,D
11.65932,78.41761,336.7,0.49,0.48,2026-10-03,0750,N,nominal,2.0NRT,299.41,1.36,D
11.70579,78.21401,330.86,0.5,0.49,2026-10-03,0750,N,nominal,2.0NRT,298.13,2.06,D
11.70807,78.21485,330.91,0.5,0.49,2026-10-03,0750,N,nominal,2.0NRT,298.27,5.2,D
12.04064,79.83054,334.39,0.39,0.44,2026-10-03,0750,N,nominal,2.0NRT,301.08,1.6,D
12.26832,79.87006,332.29,0.38,0.44,2026-10-03,0750,N,low,2.0NRT,302.52,1.9,D
13.21405,80.20757,344.85,0.53,0.42,2026-10-03,0750,N,nominal,2.0NRT,300.6,18.31,D
13.2788,80.28645,330.13,0.53,0.42,2026-10-03,0750,N,low,2.0NRT,300.67,2.22,D
13.43133,77.80464,338.09,0.5,0.49,2026-10-03,0752,N,nominal,2.0NRT,296.17,5.16,D
13.4358,77.80383,336.24,0.5,0.49,2026-10-03,0752,N,nominal,2.0NRT,295.83,5.16,D
13.96866,78.02879,331.53,0.47,0.48,2026-10-03,0752,N,nominal,2.0NRT,300.66,1.99,D
14.33833,78.99619,330.24,0.4,0.44,2026-10-03,0752,N,low,2.0NRT,300.56,3.77,D
14.33769,78.99252,331.77,0.4,0.44,2026-10-03,0752,N,nominal,2.0NRT,299.24,3.77,D
14.34177,78.99181,331.95,0.4,0.44,2026-10-03,0752,N,nominal,2.0NRT,299.99,3.77,D
14.27909,77.54798,332.73,0.5,0.49,2026-10-03,0752,N,nominal,2.0NRT,301.03,2.65,D
14.94054,78.86349,343.19,0.4,0.44,2026-10-03,0752,N,nominal,2.0NRT,296.73,4.67,D
15.15006,79.92865,341.5,0.52,0.42,2026-10-03,0752,N,nominal,2.0NRT,298.13,4.27,D
15.56332,80.05688,331.34,0.5,0.41,2026-10-03,0752,N,nominal,2.0NRT,300.54,2.16,D
15.23629,78.14026,332.3,0.44,0.46,2026-10-03,0752,N,nominal,2.0NRT,302.28,3.47,D
15.62258,79.774,337.14,0.52,0.42,2026-10-03,0752,N,nominal,2.0NRT,301.37,1.97,D
15.61878,79.72964,339.03,0.52,0.42,2026-10-03,0752,N,nominal,2.0NRT,304.51,7.63,D
15.34587,77.97777,333.3,0.45,0.47,2026-10-03,0752,N,nominal,2.0NRT,300.01,4.5,D
15.47943,78.54411,338.92,0.41,0.45,2026-10-03,0752,N,nominal,2.0NRT,301.71,3.5,D
15.85237,79.82478,332.16,0.51,0.41,2026-10-03,0752,N,nominal,2.0NRT,300.35,4.6,D
15.1328,75.53221,331.28,0.33,0.55,2026-10-03,0752,N,low,2.0NRT,301.53,3.04,D
15.71796,78.47479,331.56,0.41,0.45,2026-10-03,0752,N,low,2.0NRT,301.77,0.81,D
15.54715,77.54204,342.68,0.47,0.48,2026-10-03,0752,N,nominal,2.0NRT,303.23,4.09,D
15.6909,78.08591,337.21,0.44,0.46,2026-10-03,0752,N,nominal,2.0NRT,303.18,2.23,D
15.36342,75.54939,330.26,0.32,0.55,2026-10-03,0752,N,low,2.0NRT,301.94,5.34,D
16.62741,80.1955,349.06,0.48,0.4,2026-10-03,0752,N,nominal,2.0NRT,299.72,12.54,D
16.93103,80.73176,331.81,0.45,0.39,2026-10-03,0752,N,nominal,2.0NRT,294.75,5.15,D
16.93004,80.73273,335.49,0.45,0.39,2026-10-03,0752,N,nominal,2.0NRT,294.62,4.23,D
16.58267,77.41835,332.89,0.46,0.47,2026-10-03,0752,N,nominal,2.0NRT,300.29,2.22,D
17.61252,83.20628,333.44,0.39,0.36,2026-10-03,0752,N,nominal,2.0NRT,300.55,2.83,D
18.44012,83.30427,339.42,0.38,0.36,2026-10-03,0752,N,nominal,2.0NRT,298.76,4.56,D
17.36405,74.96057,331.58,0.32,0.55,2026-10-03,0752,N,nominal,2.0NRT,298.28,3.02,D
19.20361,83.4493,331.71,0.38,0.36,2026-10-03,0752,N,nominal,2.0NRT,296.42,1.97,D
18.72037,79.53924,331.27,0.49,0.4,2026-10-03,0752,N,low,2.0NRT,305.91,6.55,D
18.80217,78.39361,334.12,0.56,0.43,2026-10-03,0752,N,nominal,2.0NRT,303.18,3.1,D
18.81001,78.39202,331.75,0.56,0.43,2026-10-03,0752,N,low,2.0NRT,303.14,6.41,D
18.80157,78.39646,333.38,0.56,0.43,2026-10-03,0752,N,nominal,2.0NRT,303.32,4.88,D
18.80843,78.38966,338.33,0.56,0.43,2026-10-03,0752,N,nominal,2.0NRT,303.38,6.05,D
18.86799,78.40495,331.21,0.56,0.43,2026-10-03,0752,N,nominal,2.0NRT,303.61,3.58,D
18.87628,77.87505,333.4,0.4,0.44,2026-10-03,0752,N,nominal,2.0NRT,304.03,2.46,D
19.9602,84.30415,334.06,0.4,0.37,2026-10-03,0752,N,nominal,2.0NRT,298.89,4.06,D
19.03595,77.99639,336.88,0.39,0.44,2026-10-03,0752,N,nominal,2.0NRT,304.43,2.54,D
20.78603,85.2615,331.58,0.43,0.38,2026-10-03,0752,N,low,2.0NRT,301.8,4.91,D
18.9819,74.77508,330.8,0.62,0.54,2026-10-03,0752,N,nominal,2.0NRT,298.8,3.03,D
20.79298,85.26038,336.96,0.43,0.38,2026-10-03,0752,N,nominal,2.0NRT,300.98,8.97,D
20.79589,85.25574,336.44,0.43,0.38,2026-10-03,0752,N,nominal,2.0NRT,301.27,8.2,D
20.79532,85.25167,331.95,0.43,0.38,2026-10-03,0752,N,nominal,2.0NRT,300.2,3.19,D
20.80688,85.25822,333.79,0.43,0.38,2026-10-03,0752,N,nominal,2.0NRT,302.45,6.13,D
20.96383,86.00634,334.28,0.46,0.39,2026-10-03,0752,N,nominal,2.0NRT,302.33,7.69,D
20.96863,86.01461,339.75,0.46,0.39,2026-10-03,0752,N,nominal,2.0NRT,306.36,8.69,D
20.99953,86.01556,335.79,0.46,0.39,2026-10-03,0752,N,nominal,2.0NRT,301.5,4.87,D
20.86342,84.98936,337.08,0.42,0.37,2026-10-03,0752,N,nominal,2.0NRT,297.87,3.98,D
20.96198,85.18852,333.07,0.42,0.38,2026-10-03,0752,N,nominal,2.0NRT,301.42,3.19,D
20.96546,85.18797,336.01,0.42,0.38,2026-10-03,0752,N,nominal,2.0NRT,301.65,4.81,D
20.96488,85.18388,330.61,0.42,0.38,2026-10-03,0752,N,low,2.0NRT,301.67,5.45,D
20.96316,85.17168,331.11,0.42,0.38,2026-10-03,0752,N,nominal,2.0NRT,300.91,5.53,D
20.96605,85.16708,334.61,0.42,0.38,2026-10-03,0752,N,nominal,2.0NRT,299.76,5.77,D
20.97067,85.17467,349.81,0.42,0.38,2026-10-03,0752,N,nominal,2.0NRT,303.43,7.8,D
20.9678,85.15438,330.06,0.42,0.38,2026-10-03,0752,N,nominal,2.0NRT,299.85,3.31,D
20.972,85.17472,339.5,0.42,0.38,2026-10-03,0752,N,nominal,2.0NRT,301.04,6.19,D
20.96921,85.15439,333.85,0.42,0.38,2026-10-03,0752,N,nominal,2.0NRT,300.42,2.59,D
20.97838,85.16959,333.67,0.42,0.38,2026-10-03,0752,N,nominal,2.0NRT,300.92,3.4,D
20.98083,85.13596,330.37,0.42,0.38,2026-10-03,0752,N,low,2.0NRT,301.39,3.06,D
20.0728,76.17376,332.22,0.48,0.48,2026-10-03,0752,N,nominal,2.0NRT,301.72,4.04,D
21.19465,81.39183,334.2,0.4,0.37,2026-10-03,0752,N,low,2.0NRT,308.5,4.45,D
21.67648,84.03947,336.48,0.4,0.37,2026-10-03,0752,N,nominal,2.0NRT,304.17,2.44,D
21.67984,84.03892,336.46,0.4,0.37,2026-10-03,0752,N,nominal,2.0NRT,307.93,2.44,D
21.92693,85.22254,330.01,0.43,0.38,2026-10-03,0754,N,low,2.0NRT,303.16,4.74,D
21.7478,83.84382,343.28,0.39,0.37,2026-10-03,0754,N,nominal,2.0NRT,308.24,5.46,D
21.7545,83.84271,334.98,0.39,0.37,2026-10-03,0754,N,low,2.0NRT,307.31,4.47,D
21.75634,83.84245,337.36,0.39,0.37,2026-10-03,0754,N,nominal,2.0NRT,305.56,6.23,D
21.76414,83.84895,336.65,0.4,0.37,2026-10-03,0754,N,nominal,2.0NRT,305.78,3.85,D
22.36521,87.30276,335.93,0.55,0.43,2026-10-03,0754,N,nominal,2.0NRT,304.03,7.03,D
22.36914,87.30222,336.98,0.55,0.43,2026-10-03,0754,N,nominal,2.0NRT,304.63,6.41,D
22.37826,87.27917,344.54,0.55,0.43,2026-10-03,0754,N,nominal,2.0NRT,306.01,9.81,D
21.92129,83.35114,354.17,0.39,0.36,2026-10-03,0754,N,nominal,2.0NRT,313.34,5.11,D
21.92461,83.35057,336.29,0.39,0.36,2026-10-03,0754,N,low,2.0NRT,307.17,5.11,D
22.04176,83.72881,343.15,0.39,0.36,2026-10-03,0754,N,nominal,2.0NRT,309.36,4.21,D
21.98541,83.23286,334.15,0.39,0.36,2026-10-03,0754,N,low,2.0NRT,307.09,4.75,D
21.33786,78.96993,335,0.48,0.4,2026-10-03,0754,N,low,2.0NRT,308.97,4.68,D
22.32462,82.5892,338.73,0.38,0.36,2026-10-03,0754,N,nominal,2.0NRT,305.45,4.7,D
22.35822,82.3018,341.37,0.38,0.36,2026-10-03,0754,N,nominal,2.0NRT,308.86,7.54,D
21.96154,76.91532,332.01,0.4,0.44,2026-10-03,0754,N,low,2.0NRT,305.1,1.8,D
21.10385,72.64521,367,0.38,0.59,2026-10-03,0754,N,high,2.0NRT,308.74,7.54,D
21.10464,72.64886,335.37,0.38,0.59,2026-10-03,0754,N,nominal,2.0NRT,308.12,7.04,D
21.10226,72.63788,348.61,0.38,0.59,2026-10-03,0754,N,nominal,2.0NRT,308.61,7.01,D
21.1092,72.64388,333.69,0.38,0.59,2026-10-03,0754,N,nominal,2.0NRT,308.42,5.49,D
23.66674,87.15742,330.51,0.56,0.43,2026-10-03,0754,N,low,2.0NRT,304.27,8.42,D
22.1407,77.11347,340.68,0.39,0.44,2026-10-03,0754,N,nominal,2.0NRT,307.59,4.75,D
23.71361,86.45212,332.39,0.51,0.41,2026-10-03,0754,N,low,2.0NRT,305.38,6.41,D
23.16706,82.34403,333.05,0.38,0.36,2026-10-03,0754,N,nominal,2.0NRT,302.27,2.79,D
23.16649,82.3403,339.21,0.38,0.36,2026-10-03,0754,N,nominal,2.0NRT,303.45,3.77,D
23.69021,86.08646,339.07,0.49,0.4,2026-10-03,0754,N,nominal,2.0NRT,302.17,10.13,D
23.73757,86.43616,338.95,0.51,0.41,2026-10-03,0754,N,nominal,2.0NRT,308.32,5.76,D
23.73695,86.43111,335.28,0.51,0.41,2026-10-03,0754,N,low,2.0NRT,306.03,5.76,D
23.76037,86.40202,335.83,0.51,0.41,2026-10-03,0754,N,nominal,2.0NRT,303.48,5.63,D
23.76479,86.40644,333.2,0.51,0.41,2026-10-03,0754,N,low,2.0NRT,303.83,4.44,D
23.76416,86.40147,334.41,0.51,0.41,2026-10-03,0754,N,nominal,2.0NRT,303.02,5.63,D
23.7823,86.21161,334.53,0.5,0.41,2026-10-03,0754,N,nominal,2.0NRT,302.85,3.56,D
23.8051,86.32918,343.29,0.51,0.41,2026-10-03,0754,N,nominal,2.0NRT,306.99,8.4,D
23.7574,85.85456,330.45,0.48,0.4,2026-10-03,0754,N,low,2.0NRT,304.35,7.24,D
22.35618,76.94144,332.94,0.39,0.44,2026-10-03,0754,N,nominal,2.0NRT,303.82,2,D
22.20687,75.39947,344.03,0.49,0.49,2026-10-03,0754,N,nominal,2.0NRT,307.22,9.44,D
23.04451,79.41715,334.39,0.44,0.38,2026-10-03,0754,N,nominal,2.0NRT,301.27,2.99,D
22.65884,77.23503,330.18,0.56,0.43,2026-10-03,0754,N,nominal,2.0NRT,301.96,1.63,D
21.70078,72.54176,330.9,0.38,0.59,2026-10-03,0754,N,low,2.0NRT,305.55,2.32,D
21.79632,72.6469,336.85,0.37,0.58,2026-10-03,0754,N,nominal,2.0NRT,305.19,2.15,D
21.79351,72.64669,331.69,0.37,0.58,2026-10-03,0754,N,nominal,2.0NRT,306.45,1.32,D
23.26049,79.5546,335.13,0.43,0.38,2026-10-03,0754,N,low,2.0NRT,308.65,2.62,D
22.6377,75.41923,340.74,0.48,0.48,2026-10-03,0754,N,nominal,2.0NRT,310.43,3.83,D
21.002,56.53257,348.63,0.39,0.36,2026-10-03,0934,N,nominal,2.0NRT,315.5,6.04,D
21.3327,56.69812,346.09,0.39,0.36,2026-10-03,0934,N,nominal,2.0NRT,317.07,7.25,D
21.83479,56.67955,341.06,0.39,0.36,2026-10-03,0934,N,low,2.0NRT,314.49,1.68,D
21.93641,57.0727,341.69,0.38,0.36,2026-10-03,0934,N,low,2.0NRT,315.96,9.74,D
22.16734,57.38881,341.35,0.38,0.36,2026-10-03,0934,N,low,2.0NRT,314.92,1.49,D
22.17064,57.38823,341.34,0.38,0.36,2026-10-03,0934,N,low,2.0NRT,314.89,1.06,D
22.40444,56.98927,346.49,0.38,0.36,2026-10-03,0934,N,nominal,2.0NRT,314.18,5.22,D
22.32723,56.49142,342.91,0.39,0.36,2026-10-03,0934,N,low,2.0NRT,314.74,3.17,D
22.32763,56.47219,339.8,0.39,0.36,2026-10-03,0934,N,low,2.0NRT,313.96,2.17,D
22.44079,56.70012,343.87,0.38,0.36,2026-10-03,0934,N,nominal,2.0NRT,314.18,8.33,D
22.87912,55.92997,341.83,0.39,0.36,2026-10-03,0934,N,low,2.0NRT,315.17,2.89,D
22.87852,55.92619,349.59,0.39,0.36,2026-10-03,0934,N,nominal,2.0NRT,316.63,2.89,D
22.87121,55.61365,343.62,0.4,0.37,2026-10-03,0934,N,low,2.0NRT,315.93,1.92,D
22.87455,55.61302,341.37,0.4,0.37,2026-10-03,0934,N,low,2.0NRT,314.8,1.7,D
23.19262,55.45873,344.03,0.4,0.37,2026-10-03,0937,N,low,2.0NRT,317.16,4.03,D
24.45372,56.55301,339.27,0.38,0.36,2026-10-03,0937,N,low,2.0NRT,312.37,5.23,D
25.97426,56.06915,333.25,0.38,0.36,2026-10-03,0937,N,low,2.0NRT,305.3,3.25,D
24.50313,56.60984,340.15,0.38,0.36,2026-10-03,0937,N,low,2.0NRT,313.62,5.95,D
24.50643,56.60924,338.83,0.38,0.36,2026-10-03,0937,N,low,2.0NRT,310.64,5.95,D
24.50939,54.0196,344.08,0.42,0.38,2026-10-03,0937,N,nominal,2.0NRT,302.26,8.74,D
25.892,62.69996,337.19,0.45,0.47,2026-10-03,0937,N,nominal,2.0NRT,306.49,3.2,D
25.30651,56.37304,338.23,0.38,0.36,2026-10-03,0937,N,nominal,2.0NRT,305.78,2.62,D
28.05016,69.37041,332.17,0.6,0.71,2026-10-03,0937,N,nominal,2.0NRT,303.21,3.38,D
25.32856,55.66484,345.84,0.39,0.36,2026-10-03,0937,N,nominal,2.0NRT,317.23,8.51,D
27.16126,56.10276,337.96,0.38,0.36,2026-10-03,0937,N,low,2.0NRT,308.84,2.03,D
27.16736,56.05403,341.35,0.38,0.36,2026-10-03,0937,N,nominal,2.0NRT,310.38,2.5,D
27.17125,56.05726,337.56,0.38,0.36,2026-10-03,0937,N,low,2.0NRT,308.77,2.5,D
27.62072,57.69427,348.53,0.41,0.37,2026-10-03,0937,N,nominal,2.0NRT,316.44,7.19,D
28.85931,67.60912,336.47,0.48,0.65,2026-10-03,0937,N,low,2.0NRT,311.37,2.16,D
35.19921,59.15059,337.66,0.55,0.43,2026-10-03,0939,N,low,2.0NRT,311.8,8.77,D
35.20154,59.14824,347.08,0.56,0.43,2026-10-03,0939,N,nominal,2.0NRT,309.28,7.62,D
38.06525,65.51241,339.19,0.44,0.62,2026-10-03,0941,N,nominal,2.0NRT,301.67,2.99,D
38.34974,66.3181,335.53,0.49,0.65,2026-10-03,0941,N,nominal,2.0NRT,292.19,3.79,D
22.79375,75.76608,340.86,0.45,0.47,2026-10-03,0754,N,nominal,2.0NRT,309.25,3.65,D
22.73766,75.34924,344.9,0.48,0.48,2026-10-03,0754,N,nominal,2.0NRT,311.38,6.97,D
22.85522,75.76115,335.9,0.45,0.47,2026-10-03,0754,N,low,2.0NRT,309.23,3.8,D
22.86454,75.50834,335.22,0.47,0.48,2026-10-03,0754,N,low,2.0NRT,310.09,3.03,D
22.90128,75.55659,339.06,0.47,0.47,2026-10-03,0754,N,nominal,2.0NRT,309.59,3.07,D
24.19758,82.71687,332.77,0.39,0.36,2026-10-03,0754,N,low,2.0NRT,306.84,3.08,D
23.00595,75.86969,335.4,0.44,0.46,2026-10-03,0754,N,low,2.0NRT,308.19,2.45,D
23.08384,76.08582,335.9,0.43,0.46,2026-10-03,0754,N,low,2.0NRT,310.02,3.22,D
23.20418,75.73943,342.56,0.45,0.47,2026-10-03,0754,N,nominal,2.0NRT,309.6,3.54,D
23.20289,75.74065,334.28,0.45,0.47,2026-10-03,0754,N,low,2.0NRT,308.35,2.25,D
23.41829,76.7288,339.6,0.39,0.44,2026-10-03,0754,N,nominal,2.0NRT,309.17,3.07,D
23.26227,75.70439,337.92,0.45,0.47,2026-10-03,0754,N,nominal,2.0NRT,310.73,2.93,D
23.30698,75.69479,342.96,0.45,0.47,2026-10-03,0754,N,nominal,2.0NRT,311.49,2.52,D
23.8892,78.58627,331.68,0.46,0.39,2026-10-03,0754,N,nominal,2.0NRT,302.85,2.27,D
23.41933,75.88419,337.52,0.44,0.46,2026-10-03,0754,N,nominal,2.0NRT,310.79,3.23,D
23.65479,76.73837,334.54,0.39,0.44,2026-10-03,0754,N,low,2.0NRT,308.26,1.76,D
23.79831,76.72614,342.25,0.38,0.43,2026-10-03,0754,N,nominal,2.0NRT,305.56,2.66,D
23.1994,69.91773,339.73,0.51,0.66,2026-10-03,0754,N,nominal,2.0NRT,304.63,2.71,D
24.43631,73.84163,333.04,0.55,0.51,2026-10-03,0754,N,nominal,2.0NRT,302.46,3.09,D
24.43818,73.84398,332,0.55,0.51,2026-10-03,0754,N,nominal,2.0NRT,301.89,4.04,D
25.83659,81.22823,341.76,0.38,0.36,2026-10-03,0754,N,nominal,2.0NRT,304.45,4.19,D
25.55291,79.08263,343.95,0.43,0.38,2026-10-03,0754,N,nominal,2.0NRT,303.7,3.41,D
25.5592,79.09869,345.86,0.42,0.38,2026-10-03,0754,N,nominal,2.0NRT,304.98,7.06,D
25.55779,79.09031,340.67,0.43,0.38,2026-10-03,0754,N,nominal,2.0NRT,303.67,4.44,D
25.55708,79.08612,355.65,0.43,0.38,2026-10-03,0754,N,nominal,2.0NRT,305.7,4.44,D
25.55637,79.08192,343.33,0.43,0.38,2026-10-03,0754,N,nominal,2.0NRT,303.62,4.61,D
25.56124,79.08958,341.42,0.43,0.38,2026-10-03,0754,N,nominal,2.0NRT,303.87,4.44,D
25.56053,79.0854,349.45,0.43,0.38,2026-10-03,0754,N,nominal,2.0NRT,304.52,4.44,D
25.72654,79.11784,346.3,0.42,0.38,2026-10-03,0754,N,nominal,2.0NRT,305.89,5.06,D
25.72511,79.1095,336.3,0.42,0.38,2026-10-03,0754,N,nominal,2.0NRT,304.04,2.51,D
25.72582,79.11366,356.67,0.42,0.38,2026-10-03,0754,N,low,2.0NRT,306.6,5.06,D
25.72998,79.11713,346.1,0.42,0.38,2026-10-03,0754,N,nominal,2.0NRT,306.14,5,D
25.72926,79.11295,357.18,0.42,0.38,2026-10-03,0754,N,nominal,2.0NRT,305.26,5,D
25.75335,79.10793,346.66,0.42,0.38,2026-10-03,0754,N,nominal,2.0NRT,305.84,3.97,D
26.91323,78.30226,336.4,0.44,0.38,2026-10-03,0754,N,nominal,2.0NRT,304.85,1.3,D
26.91673,78.30149,336.64,0.44,0.38,2026-10-03,0754,N,nominal,2.0NRT,305.22,2.59,D
26.92099,78.30511,337.68,0.44,0.38,2026-10-03,0754,N,nominal,2.0NRT,306.14,6.51,D
26.92023,78.30074,337.06,0.44,0.38,2026-10-03,0754,N,low,2.0NRT,308.13,2.59,D
27.11736,77.8351,336.36,0.45,0.39,2026-10-03,0756,N,low,2.0NRT,309.27,3.13,D
27.64773,78.30807,333,0.43,0.38,2026-10-03,0756,N,nominal,2.0NRT,301.92,2.2,D
28.03952,78.03633,340.07,0.44,0.38,2026-10-03,0756,N,nominal,2.0NRT,304.41,3.24,D
26.18667,69.03895,331.57,0.49,0.65,2026-10-03,0756,N,nominal,2.0NRT,298.72,3.81,D
28.07394,77.8224,333.12,0.44,0.39,2026-10-03,0756,N,low,2.0NRT,305.44,3.03,D
28.07745,77.82161,333.62,0.44,0.39,2026-10-03,0756,N,low,2.0NRT,304.55,3.03,D
26.18241,69.04175,333.18,0.49,0.65,2026-10-03,0756,N,nominal,2.0NRT,298.29,1.89,D
28.04915,77.60256,334.92,0.45,0.39,2026-10-03,0756,N,nominal,2.0NRT,307.07,2.01,D
28.08271,77.54255,332.28,0.46,0.39,2026-10-03,0756,N,low,2.0NRT,306.2,3.31,D
28.13671,77.58428,333.95,0.45,0.39,2026-10-03,0756,N,nominal,2.0NRT,303.94,2.98,D
28.41633,77.9072,333.95,0.44,0.38,2026-10-03,0756,N,nominal,2.0NRT,301.85,2.67,D
28.41442,77.50581,334.02,0.45,0.39,2026-10-03,0756,N,nominal,2.0NRT,305.14,2.14,D
28.4563,76.96561,340.36,0.48,0.4,2026-10-03,0756,N,nominal,2.0NRT,307.49,3.56,D
28.45556,76.96281,335.65,0.48,0.4,2026-10-03,0756,N,low,2.0NRT,308.23,2.19,D
29.01943,79.69272,334.18,0.39,0.36,2026-10-03,0756,N,nominal,2.0NRT,301.91,4.35,D
28.76049,77.94357,335.1,0.43,0.38,2026-10-03,0756,N,nominal,2.0NRT,303.75,4.87,D
27.40804,70.814,343.77,0.36,0.58,2026-10-03,0756,N,nominal,2.0NRT,308.58,1.31,D
28.90249,76.6275,336.84,0.49,0.4,2026-10-03,0756,N,nominal,2.0NRT,308.13,3.12,D
28.05242,69.36787,333.91,0.43,0.62,2026-10-03,0756,N,nominal,2.0NRT,303.83,2.89,D
29.87279,77.74401,337.62,0.43,0.38,2026-10-03,0756,N,nominal,2.0NRT,301.01,2.29,D
29.81747,73.14001,335.25,0.47,0.48,2026-10-03,0756,N,nominal,2.0NRT,301.37,1.96,D
29.79245,72.82779,338.22,0.49,0.49,2026-10-03,0756,N,nominal,2.0NRT,304.44,4.52,D
29.67229,72.08182,333.69,0.55,0.51,2026-10-03,0756,N,nominal,2.0NRT,300.23,3.85,D
30.12091,74.12667,331.46,0.41,0.45,2026-10-03,0756,N,nominal,2.0NRT,300.85,3.19,D
29.51275,70.53227,331.53,0.34,0.56,2026-10-03,0756,N,low,2.0NRT,302.61,1.44,D
30.94806,76.81995,349.31,0.45,0.39,2026-10-03,0756,N,nominal,2.0NRT,299.83,4.38,D
30.35885,73.49787,337.58,0.44,0.46,2026-10-03,0756,N,nominal,2.0NRT,302.44,2.64,D
30.39422,73.45439,334.3,0.44,0.46,2026-10-03,0756,N,nominal,2.0NRT,301.55,2.71,D
30.39141,73.4407,332.25,0.44,0.46,2026-10-03,0756,N,nominal,2.0NRT,302.79,2.59,D
30.39061,73.44234,330.74,0.44,0.46,2026-10-03,0756,N,nominal,2.0NRT,302.78,2.71,D
30.75686,74.20491,341.87,0.4,0.44,2026-10-03,0756,N,nominal,2.0NRT,301.63,3.94,D
30.64219,73.61613,330.09,0.43,0.46,2026-10-03,0756,N,low,2.0NRT,300.82,3.13,D
30.64633,73.61497,343.01,0.43,0.46,2026-10-03,0756,N,nominal,2.0NRT,301.42,3.13,D
30.64297,73.61697,330.25,0.43,0.46,2026-10-03,0756,N,low,2.0NRT,300.26,3.1,D
30.64618,73.61142,330.44,0.43,0.46,2026-10-03,0756,N,low,2.0NRT,301.1,2.24,D
30.70175,73.68906,333.98,0.42,0.46,2026-10-03,0756,N,nominal,2.0NRT,301.44,2.12,D
30.83443,74.12801,334.98,0.4,0.44,2026-10-03,0756,N,nominal,2.0NRT,303.04,2.18,D
30.81555,73.81405,337.48,0.42,0.45,2026-10-03,0756,N,nominal,2.0NRT,301.44,3.08,D
30.90253,74.07063,330.42,0.4,0.44,2026-10-03,0756,N,nominal,2.0NRT,301.88,1.55,D
31.1041,74.66992,330.55,0.56,0.43,2026-10-03,0756,N,nominal,2.0NRT,301.2,2.35,D
31.10885,74.63224,330.47,0.56,0.43,2026-10-03,0756,N,low,2.0NRT,303.14,5.29,D
31.03796,74.21725,336.5,0.39,0.44,2026-10-03,0756,N,nominal,2.0NRT,301.05,2.27,D
31.04004,74.16519,330.3,0.39,0.44,2026-10-03,0756,N,nominal,2.0NRT,300.22,3.35,D
31.03922,74.16112,341.86,0.39,0.44,2026-10-03,0756,N,nominal,2.0NRT,300.81,3.91,D
30.91929,73.46886,332.6,0.43,0.46,2026-10-03,0756,N,nominal,2.0NRT,299.41,2.78,D
31.32647,74.0406,331.04,0.4,0.44,2026-10-03,0756,N,low,2.0NRT,301.89,4.1,D
31.44816,74.62585,335.98,0.55,0.43,2026-10-03,0756,N,nominal,2.0NRT,302.93,4.33,D
31.45203,74.62481,336,0.55,0.43,2026-10-03,0756,N,nominal,2.0NRT,299.71,4.16,D
31.44223,74.55476,331.86,0.56,0.43,2026-10-03,0756,N,nominal,2.0NRT,301.76,3.62,D
31.49838,74.61234,336.65,0.55,0.43,2026-10-03,0756,N,nominal,2.0NRT,302.19,5.31,D
31.48601,74.54905,335.52,0.56,0.43,2026-10-03,0756,N,nominal,2.0NRT,303.34,8.28,D
31.48488,74.54327,337.09,0.56,0.43,2026-10-03,0756,N,nominal,2.0NRT,304.21,8.28,D
31.49813,74.61135,336.1,0.55,0.43,2026-10-03,0756,N,nominal,2.0NRT,302.13,4.58,D
31.48539,74.54819,340.17,0.56,0.43,2026-10-03,0756,N,nominal,2.0NRT,304.42,12.05,D
31.48422,74.54243,336.32,0.56,0.43,2026-10-03,0756,N,nominal,2.0NRT,303.75,5.98,D
31.64843,75.14881,333.64,0.52,0.41,2026-10-03,0756,N,nominal,2.0NRT,301.95,4.72,D
31.54447,74.59892,334.88,0.55,0.43,2026-10-03,0756,N,nominal,2.0NRT,301.65,5.56,D
31.50234,73.97247,330.74,0.4,0.44,2026-10-03,0756,N,nominal,2.0NRT,302.22,2.97,D
31.62606,74.21185,332.74,0.38,0.43,2026-10-03,0756,N,nominal,2.0NRT,303.7,1.7,D
31.61545,74.07486,341.11,0.39,0.44,2026-10-03,0756,N,nominal,2.0NRT,302.25,3.49,D
31.81112,74.73751,334.04,0.54,0.42,2026-10-03,0756,N,nominal,2.0NRT,301.71,3.83,D
31.86984,74.79215,330.55,0.53,0.42,2026-10-03,0756,N,nominal,2.0NRT,300.96,3.03,D
31.81567,74.37299,333.51,0.56,0.43,2026-10-03,0756,N,nominal,2.0NRT,302.51,7.48,D
31.83534,74.1623,345.3,0.57,0.43,2026-10-03,0756,N,nominal,2.0NRT,304.83,17.33,D
31.82459,73.99812,341.25,0.39,0.44,2026-10-03,0756,N,nominal,2.0NRT,301.93,4.51,D
31.95836,74.45529,338.54,0.55,0.43,2026-10-03,0756,N,nominal,2.0NRT,302.5,9.24,D
31.96222,74.45424,339.34,0.55,0.43,2026-10-03,0756,N,nominal,2.0NRT,299.79,9.24,D
31.89505,74.1189,340.84,0.38,0.43,2026-10-03,0756,N,nominal,2.0NRT,302.89,6.99,D
31.89898,74.11781,332.28,0.38,0.43,2026-10-03,0756,N,low,2.0NRT,302.63,2.6,D
31.89818,74.11382,330.8,0.38,0.43,2026-10-03,0756,N,low,2.0NRT,302.63,2.6,D
31.81026,73.49373,339.71,0.41,0.45,2026-10-03,0756,N,nominal,2.0NRT,300.28,2.56,D
31.854,73.66643,341.34,0.4,0.45,2026-10-03,0756,N,nominal,2.0NRT,302.66,6.98,D
31.92652,73.87966,333.55,0.39,0.44,2026-10-03,0756,N,nominal,2.0NRT,303.2,2.87,D
31.8741,73.12291,331.07,0.43,0.46,2026-10-03,0756,N,nominal,2.0NRT,301.97,1.09,D
32.03487,73.87154,337.73,0.39,0.44,2026-10-03,0756,N,nominal,2.0NRT,301.34,3.62,D
32.11009,74.05664,331.37,0.57,0.43,2026-10-03,0756,N,nominal,2.0NRT,300.43,1.5,D
32.11433,73.99512,332.55,0.39,0.44,2026-10-03,0756,N,nominal,2.0NRT,302.23,1.9,D
32.08981,73.87348,333.99,0.39,0.44,2026-10-03,0756,N,nominal,2.0NRT,302.41,2.33,D
31.82288,72.31493,331.9,0.48,0.48,2026-10-03,0756,N,nominal,2.0NRT,300.93,3,D
32.15454,73.86,331.86,0.39,0.44,2026-10-03,0756,N,nominal,2.0NRT,300.05,1.88,D
32.148,73.76642,336.01,0.39,0.44,2026-10-03,0756,N,nominal,2.0NRT,303.03,4.3,D
32.19865,73.80872,334.91,0.39,0.44,2026-10-03,0756,N,nominal,2.0NRT,302,3.03,D
32.29923,73.82438,332.01,0.39,0.44,2026-10-03,0756,N,nominal,2.0NRT,301.68,2.86,D
31.67824,70.83228,331.44,0.58,0.52,2026-10-03,0756,N,nominal,2.0NRT,302.02,1.31,D
31.79292,69.93977,350.88,0.33,0.55,2026-10-03,0756,N,nominal,2.0NRT,300.51,8.01,D
31.79964,69.94572,331.32,0.33,0.55,2026-10-03,0756,N,nominal,2.0NRT,298.09,4.21,D
38.86085,77.51053,333.7,0.38,0.36,2026-10-03,0758,N,nominal,2.0NRT,301.81,2.5,D
38.35459,66.31534,338.86,0.35,0.57,2026-10-03,0758,N,nominal,2.0NRT,301.86,3.57,D
38.35353,66.31133,339.78,0.36,0.57,2026-10-03,0758,N,nominal,2.0NRT,301.34,2.52,D
14.64687,101.03937,300.03,0.38,0.44,2026-10-03,1841,N,nominal,2.0NRT,271.06,1.15,N
14.63032,101.10043,296.27,0.57,0.43,2026-10-03,1841,N,nominal,2.0NRT,273.6,0.61,N
6.84972,101.46619,300.91,0.45,0.39,2026-10-03,1843,N,nominal,2.0NRT,280.97,0.51,N
6.79125,101.22304,298.15,0.46,0.39,2026-10-03,1843,N,nominal,2.0NRT,274.2,0.53,N
26.58626,99.9312,295.22,0.32,0.54,2026-10-03,1841,N,nominal,2.0NRT,283.38,0.42,N
25.06322,101.57105,297.59,0.48,0.48,2026-10-03,1841,N,nominal,2.0NRT,286.11,0.64,N
24.9182,99.09563,304.86,0.34,0.56,2026-10-03,1841,N,nominal,2.0NRT,286.71,0.88,N
23.53487,100.675,309.84,0.53,0.5,2026-10-03,1841,N,nominal,2.0NRT,287.16,1.16,N
22.06369,97.17046,306.66,0.42,0.61,2026-10-03,1841,N,nominal,2.0NRT,285.82,0.9,N
22.06181,97.17253,311.48,0.42,0.61,2026-10-03,1841,N,nominal,2.0NRT,286.32,1.17,N
38.9226,88.32657,295.42,0.39,0.36,2026-10-03,2017,N,nominal,2.0NRT,284.25,0.75,N
15.91626,77.36317,305.54,0.48,0.4,2026-10-03,2023,N,nominal,2.0NRT,293.79,1.1,N
15.33633,76.27906,305.95,0.54,0.42,2026-10-03,2023,N,nominal,2.0NRT,293.44,1.12,N
15.33565,76.2841,304.3,0.54,0.42,2026-10-03,2023,N,nominal,2.0NRT,293.19,1.12,N
15.33261,76.24744,308.71,0.54,0.42,2026-10-03,2023,N,nominal,2.0NRT,292.81,1.04,N
15.33326,76.24589,309.79,0.54,0.42,2026-10-03,2023,N,nominal,2.0NRT,292.55,1.53,N
15.17718,77.09985,305.14,0.49,0.4,2026-10-03,2023,N,nominal,2.0NRT,293.18,1.81,N
15.02301,78.01456,312.42,0.44,0.38,2026-10-03,2023,N,nominal,2.0NRT,294.97,1.39,N
15.18401,76.66721,315.6,0.51,0.41,2026-10-03,2023,N,nominal,2.0NRT,294,1.82,N
35.16447,73.07397,330.97,0.47,0.64,2026-10-03,2017,N,nominal,2.0NRT,287.25,14.05,N
15.1802,76.66666,307.03,0.51,0.41,2026-10-03,2023,N,nominal,2.0NRT,294.46,1.82,N
15.1777,76.65652,319.07,0.51,0.41,2026-10-03,2023,N,nominal,2.0NRT,295.96,2.47,N
35.1643,73.07749,367,0.47,0.64,2026-10-03,2017,N,high,2.0NRT,290.13,13.2,N
15.17507,76.67572,306.32,0.51,0.41,2026-10-03,2023,N,nominal,2.0NRT,293.6,1.64,N
32.57698,72.56132,308.72,0.48,0.65,2026-10-03,2019,N,nominal,2.0NRT,295.26,2.16,N
15.17309,76.69015,307.59,0.51,0.41,2026-10-03,2023,N,nominal,2.0NRT,293.46,1.63,N
15.17389,76.65597,310.12,0.51,0.41,2026-10-03,2023,N,nominal,2.0NRT,294.09,2.47,N
32.30363,74.31855,310.66,0.38,0.59,2026-10-03,2019,N,nominal,2.0NRT,293.9,0.97,N
15.16862,76.67274,306.94,0.51,0.41,2026-10-03,2023,N,nominal,2.0NRT,293.99,1.4,N
29.26167,91.92232,295.38,0.49,0.49,2026-10-03,2019,N,nominal,2.0NRT,279.75,0.97,N
15.16705,76.37866,306.47,0.53,0.42,2026-10-03,2023,N,nominal,2.0NRT,293.64,2.34,N
31.80229,69.94286,298.73,0.68,0.74,2026-10-03,2019,N,nominal,2.0NRT,287.99,0.69,N
15.07175,76.86574,306.4,0.5,0.41,2026-10-03,2023,N,nominal,2.0NRT,293.19,1.64,N
14.45219,79.74448,314.12,0.39,0.36,2026-10-03,2023,N,nominal,2.0NRT,292.29,1.65,N
31.79568,69.93472,299.79,0.68,0.74,2026-10-03,2019,N,nominal,2.0NRT,287.43,1.19,N
14.58703,78.58005,310.09,0.42,0.37,2026-10-03,2023,N,nominal,2.0NRT,293.98,0.96,N
31.79532,69.9442,307.79,0.68,0.74,2026-10-03,2019,N,nominal,2.0NRT,287.31,1.19,N
13.71091,79.61891,310.95,0.39,0.36,2026-10-03,2023,N,nominal,2.0NRT,293.35,1.19,N
13.44666,80.09873,308.22,0.38,0.36,2026-10-03,2023,N,nominal,2.0NRT,292.8,0.9,N
27.7251,84.81586,304.52,0.39,0.36,2026-10-03,2019,N,nominal,2.0NRT,290.69,0.7,N
13.39188,80.10069,322.41,0.38,0.36,2026-10-03,2023,N,nominal,2.0NRT,293.74,2.54,N
28.77178,76.69927,304.32,0.5,0.49,2026-10-03,2019,N,nominal,2.0NRT,293.83,0.61,N
13.03452,77.87769,312.85,0.43,0.38,2026-10-03,2023,N,nominal,2.0NRT,290.2,1.49,N
26.75925,83.19868,311.54,0.39,0.36,2026-10-03,2019,N,nominal,2.0NRT,296.73,2.24,N
12.72458,77.66595,322.42,0.43,0.38,2026-10-03,2023,N,nominal,2.0NRT,289.7,1.75,N
28.05538,69.36585,311.36,0.68,0.74,2026-10-03,2019,N,nominal,2.0NRT,297.22,1.97,N
11.81745,78.7878,314.57,0.4,0.37,2026-10-03,2025,N,nominal,2.0NRT,291.41,0.8,N
11.81491,77.91829,307.03,0.42,0.38,2026-10-03,2025,N,nominal,2.0NRT,293.53,1.45,N
28.04961,69.36758,312.48,0.68,0.74,2026-10-03,2019,N,nominal,2.0NRT,296.87,0.96,N
11.7677,77.01343,305.99,0.45,0.39,2026-10-03,2025,N,nominal,2.0NRT,288.14,0.6,N
26.64486,79.47961,314.13,0.5,0.41,2026-10-03,2019,N,nominal,2.0NRT,295.35,1.42,N
11.26789,80.00467,317.16,0.38,0.36,2026-10-03,2025,N,nominal,2.0NRT,295.56,0.63,N
26.64111,79.47901,313.92,0.5,0.41,2026-10-03,2019,N,nominal,2.0NRT,295.7,1.42,N
8.85082,78.13667,301.51,0.4,0.37,2026-10-03,2025,N,nominal,2.0NRT,276.42,0.2,N
25.03732,87.38731,307.56,0.49,0.41,2026-10-03,2019,N,nominal,2.0NRT,293.55,1.3,N
26.53331,74.85673,307.86,0.61,0.53,2026-10-03,2019,N,nominal,2.0NRT,295.97,2.54,N
25.31204,83.0131,309.53,0.38,0.36,2026-10-03,2021,N,nominal,2.0NRT,296.63,0.8,N
26.27237,74.18925,308.65,0.33,0.55,2026-10-03,2021,N,nominal,2.0NRT,298.3,1.47,N
24.92994,84.14935,311.67,0.39,0.36,2026-10-03,2021,N,nominal,2.0NRT,296.07,1.15,N
24.11396,86.86124,307.8,0.48,0.4,2026-10-03,2021,N,nominal,2.0NRT,295.3,1.8,N
26.23675,68.91108,305.65,0.7,0.75,2026-10-03,2021,N,nominal,2.0NRT,294.5,0.89,N
26.23209,68.91261,306.13,0.7,0.75,2026-10-03,2021,N,nominal,2.0NRT,294.06,0.9,N
26.12452,68.81572,306.4,0.71,0.75,2026-10-03,2021,N,nominal,2.0NRT,293.96,0.89,N
23.69382,87.11623,307.18,0.5,0.41,2026-10-03,2021,N,nominal,2.0NRT,292.47,3.01,N
23.6929,87.12112,305.57,0.5,0.41,2026-10-03,2021,N,nominal,2.0NRT,290.08,2.38,N
23.68917,87.12032,307.22,0.5,0.41,2026-10-03,2021,N,nominal,2.0NRT,292.58,4.12,N
23.6836,87.12926,306.71,0.5,0.41,2026-10-03,2021,N,nominal,2.0NRT,294.36,2.66,N
23.66127,87.24731,305.66,0.51,0.41,2026-10-03,2021,N,nominal,2.0NRT,293.12,2.62,N
23.66593,87.16103,315.22,0.5,0.41,2026-10-03,2021,N,nominal,2.0NRT,294.07,2.12,N
23.66311,87.15534,320.72,0.5,0.41,2026-10-03,2021,N,nominal,2.0NRT,294.75,2.12,N
23.66219,87.16022,304.66,0.5,0.41,2026-10-03,2021,N,nominal,2.0NRT,293.06,2.12,N
23.67224,87.12488,305.08,0.5,0.41,2026-10-03,2021,N,nominal,2.0NRT,293.42,1.93,N
23.66595,87.15916,317.69,0.5,0.41,2026-10-03,2021,N,nominal,2.0NRT,294.95,2.43,N
23.66312,87.15344,316.37,0.5,0.41,2026-10-03,2021,N,nominal,2.0NRT,294.37,4.02,N
23.66222,87.15834,308.02,0.5,0.41,2026-10-03,2021,N,nominal,2.0NRT,293.52,2.43,N
23.80449,86.33163,331.32,0.46,0.39,2026-10-03,2021,N,nominal,2.0NRT,297.9,3.61,N
23.80529,86.32718,311.28,0.46,0.39,2026-10-03,2021,N,nominal,2.0NRT,296.37,2.77,N
23.79688,86.35336,325.53,0.46,0.39,2026-10-03,2021,N,nominal,2.0NRT,296.07,2.29,N
23.80091,86.33088,308.55,0.46,0.39,2026-10-03,2021,N,nominal,2.0NRT,294.85,1.15,N
23.79769,86.34888,307.53,0.46,0.39,2026-10-03,2021,N,nominal,2.0NRT,295.84,2.29,N
23.80052,86.31229,306.5,0.46,0.39,2026-10-03,2021,N,nominal,2.0NRT,295.15,2.72,N
23.78244,86.39229,309.68,0.46,0.39,2026-10-03,2021,N,nominal,2.0NRT,296.35,1.87,N
23.79818,86.28391,306.11,0.46,0.39,2026-10-03,2021,N,nominal,2.0NRT,294.54,1.47,N
23.78208,86.37354,312.54,0.46,0.39,2026-10-03,2021,N,nominal,2.0NRT,295.77,1.83,N
23.77965,86.38701,313,0.46,0.39,2026-10-03,2021,N,nominal,2.0NRT,295.61,2.07,N
23.77884,86.39154,313.49,0.46,0.39,2026-10-03,2021,N,nominal,2.0NRT,296.31,1.87,N
23.77559,86.40958,306.07,0.46,0.39,2026-10-03,2021,N,nominal,2.0NRT,294.39,0.93,N
23.78415,86.34135,309.61,0.46,0.39,2026-10-03,2021,N,nominal,2.0NRT,295.42,1.63,N
23.77651,86.36304,315,0.46,0.39,2026-10-03,2021,N,nominal,2.0NRT,295.97,1.44,N
23.7757,86.36752,308.72,0.46,0.39,2026-10-03,2021,N,nominal,2.0NRT,294.8,1.44,N
23.7692,86.40358,315.75,0.46,0.39,2026-10-03,2021,N,nominal,2.0NRT,296.15,2.58,N
23.76561,86.4028,330.49,0.46,0.39,2026-10-03,2021,N,nominal,2.0NRT,297.84,3,N
23.77292,86.36227,314.14,0.46,0.39,2026-10-03,2021,N,nominal,2.0NRT,294.76,2.55,N
23.76723,86.3938,313.43,0.46,0.39,2026-10-03,2021,N,nominal,2.0NRT,298.39,1.89,N
23.7648,86.40728,310.31,0.46,0.39,2026-10-03,2021,N,nominal,2.0NRT,296.09,2.61,N
23.76201,86.40204,330.05,0.46,0.39,2026-10-03,2021,N,nominal,2.0NRT,296.38,3,N
23.76363,86.39304,309.12,0.46,0.39,2026-10-03,2021,N,nominal,2.0NRT,297.05,1.89,N
23.76282,86.39755,307.86,0.46,0.39,2026-10-03,2021,N,nominal,2.0NRT,295.89,3,N
23.75841,86.40128,313.83,0.46,0.39,2026-10-03,2021,N,nominal,2.0NRT,296.03,1.95,N
23.7576,86.40577,318.97,0.46,0.39,2026-10-03,2021,N,nominal,2.0NRT,295.4,2.05,N
23.75514,86.41933,312.12,0.46,0.39,2026-10-03,2021,N,nominal,2.0NRT,295.12,1.65,N
23.75432,86.42385,310.71,0.46,0.39,2026-10-03,2021,N,nominal,2.0NRT,294.43,1.6,N
23.75562,86.39604,306.67,0.46,0.39,2026-10-03,2021,N,nominal,2.0NRT,295.42,1.95,N
23.75154,86.41856,310.22,0.46,0.39,2026-10-03,2021,N,nominal,2.0NRT,296.18,1.65,N
23.78162,86.21103,326.68,0.45,0.39,2026-10-03,2021,N,nominal,2.0NRT,293.58,4.12,N
23.73744,86.4344,339.22,0.47,0.39,2026-10-03,2021,N,nominal,2.0NRT,299.39,3.72,N
23.77806,86.21029,312.73,0.45,0.39,2026-10-03,2021,N,nominal,2.0NRT,293.1,3.53,N
23.73826,86.42986,307.51,0.47,0.39,2026-10-03,2021,N,nominal,2.0NRT,295.41,3.72,N
23.73301,86.43817,308.17,0.47,0.39,2026-10-03,2021,N,nominal,2.0NRT,297.08,2.26,N
23.77332,86.19554,320.83,0.45,0.39,2026-10-03,2021,N,nominal,2.0NRT,295.56,1.92,N
23.77251,86.19999,308.18,0.45,0.39,2026-10-03,2021,N,nominal,2.0NRT,295.14,1.92,N
23.72497,86.44116,307.67,0.47,0.39,2026-10-03,2021,N,nominal,2.0NRT,296.02,2.1,N
23.72467,86.4223,310.11,0.46,0.39,2026-10-03,2021,N,nominal,2.0NRT,298.11,2.36,N
23.71249,86.44794,315.83,0.47,0.39,2026-10-03,2021,N,nominal,2.0NRT,296.81,1.56,N
23.71166,86.45247,311.56,0.47,0.39,2026-10-03,2021,N,nominal,2.0NRT,295.59,1.67,N
23.56136,87.23898,320.99,0.51,0.41,2026-10-03,2021,N,nominal,2.0NRT,293.58,4.2,N
23.71303,86.42455,311.97,0.47,0.39,2026-10-03,2021,N,nominal,2.0NRT,296.93,3.16,N
23.70888,86.44718,306.27,0.47,0.39,2026-10-03,2021,N,nominal,2.0NRT,294.97,1.56,N
23.56229,87.23403,306.12,0.51,0.41,2026-10-03,2021,N,nominal,2.0NRT,293.32,3.21,N
23.6332,86.83589,305.52,0.49,0.4,2026-10-03,2021,N,nominal,2.0NRT,294.34,2.37,N
23.5576,87.23816,311.15,0.51,0.41,2026-10-03,2021,N,nominal,2.0NRT,293.25,2.43,N
23.55666,87.24311,308.64,0.51,0.41,2026-10-03,2021,N,nominal,2.0NRT,293.96,2.43,N
23.77627,85.99586,311.53,0.45,0.39,2026-10-03,2021,N,nominal,2.0NRT,294.41,1.61,N
23.77366,85.99749,306.92,0.45,0.39,2026-10-03,2021,N,nominal,2.0NRT,293.84,1.11,N
23.6849,86.39288,329.36,0.46,0.39,2026-10-03,2021,N,nominal,2.0NRT,297.66,2.36,N
23.6841,86.39739,309.58,0.46,0.39,2026-10-03,2021,N,nominal,2.0NRT,295.12,2.36,N
23.61407,86.78507,305.22,0.48,0.4,2026-10-03,2021,N,nominal,2.0NRT,294.04,1.42,N
23.61317,86.79007,309.69,0.48,0.4,2026-10-03,2021,N,nominal,2.0NRT,294.99,2.79,N
23.68049,86.39664,313.39,0.46,0.39,2026-10-03,2021,N,nominal,2.0NRT,296.95,1.69,N
23.6777,86.39139,307.94,0.46,0.39,2026-10-03,2021,N,nominal,2.0NRT,294.36,1.69,N
23.67689,86.39588,314.9,0.46,0.39,2026-10-03,2021,N,nominal,2.0NRT,296.65,1.69,N
23.67607,86.40043,318.89,0.46,0.39,2026-10-03,2021,N,nominal,2.0NRT,297.88,1.96,N
23.67526,86.40497,306.93,0.46,0.39,2026-10-03,2021,N,nominal,2.0NRT,295.72,1.96,N
23.51657,87.27407,305.29,0.51,0.41,2026-10-03,2021,N,nominal,2.0NRT,293.41,3.16,N
23.83721,85.4688,307.79,0.43,0.38,2026-10-03,2021,N,nominal,2.0NRT,295.77,1.09,N
23.7613,85.86041,312.76,0.44,0.38,2026-10-03,2021,N,nominal,2.0NRT,294.75,2.33,N
23.82175,85.49577,308.23,0.43,0.38,2026-10-03,2021,N,nominal,2.0NRT,295.97,2.59,N
23.75855,85.85535,319.74,0.44,0.38,2026-10-03,2021,N,nominal,2.0NRT,296.31,2.46,N
23.81174,85.53254,306.51,0.43,0.38,2026-10-03,2021,N,nominal,2.0NRT,292.7,0.86,N
23.75579,85.85034,308.33,0.44,0.38,2026-10-03,2021,N,nominal,2.0NRT,294.76,1.51,N
23.75503,85.85461,315.49,0.44,0.38,2026-10-03,2021,N,nominal,2.0NRT,296.83,1.51,N
23.58316,86.7249,308.66,0.48,0.4,2026-10-03,2021,N,nominal,2.0NRT,295.7,1.63,N
23.78998,85.55408,306.4,0.43,0.38,2026-10-03,2021,N,nominal,2.0NRT,294.66,1.19,N
23.7865,85.55338,308.91,0.43,0.38,2026-10-03,2021,N,nominal,2.0NRT,294.31,1.23,N
23.68258,86.09608,308.51,0.45,0.39,2026-10-03,2021,N,nominal,2.0NRT,294.6,1.63,N
23.67706,86.08578,318.43,0.45,0.39,2026-10-03,2021,N,nominal,2.0NRT,296.32,2.38,N
23.66838,86.09306,310.31,0.45,0.39,2026-10-03,2021,N,nominal,2.0NRT,294.82,1.13,N
24.20489,82.7083,313.98,0.38,0.36,2026-10-03,2021,N,nominal,2.0NRT,295.96,1.13,N
24.2043,82.71206,306.95,0.38,0.36,2026-10-03,2021,N,nominal,2.0NRT,296.34,1.13,N
23.83925,84.94745,303.71,0.41,0.37,2026-10-03,2021,N,nominal,2.0NRT,292.87,0.57,N
24.2004,82.71523,305.71,0.38,0.36,2026-10-03,2021,N,nominal,2.0NRT,294.6,0.94,N
24.19709,82.71462,309.88,0.38,0.36,2026-10-03,2021,N,nominal,2.0NRT,294.29,0.77,N
24.1965,82.71841,307.47,0.38,0.36,2026-10-03,2021,N,nominal,2.0NRT,294.34,0.77,N
23.55271,86.54227,306.54,0.47,0.4,2026-10-03,2021,N,nominal,2.0NRT,294.44,1.38,N
23.54825,86.54608,308.15,0.47,0.4,2026-10-03,2021,N,nominal,2.0NRT,294.78,1.12,N
24.18157,82.66129,309.93,0.38,0.36,2026-10-03,2021,N,nominal,2.0NRT,296.5,1.67,N
24.18061,82.64558,306.91,0.39,0.36,2026-10-03,2021,N,nominal,2.0NRT,295.11,1.08,N
24.1625,82.63061,310.44,0.39,0.36,2026-10-03,2021,N,nominal,2.0NRT,295.1,0.91,N
24.14787,82.65893,315.91,0.38,0.36,2026-10-03,2021,N,nominal,2.0NRT,295.71,1.18,N
24.14022,82.70798,308.84,0.38,0.36,2026-10-03,2021,N,nominal,2.0NRT,294.46,1.11,N
24.14456,82.65831,326.68,0.38,0.36,2026-10-03,2021,N,nominal,2.0NRT,295.22,1.57,N
24.15395,82.59798,311.13,0.39,0.36,2026-10-03,2021,N,nominal,2.0NRT,294.52,1.44,N
23.69561,85.36843,307.26,0.42,0.38,2026-10-03,2021,N,nominal,2.0NRT,294.04,1.23,N
23.69489,85.37257,318.18,0.42,0.38,2026-10-03,2021,N,nominal,2.0NRT,294.15,1.23,N
24.13537,82.69542,304.12,0.38,0.36,2026-10-03,2021,N,nominal,2.0NRT,293.42,0.85,N
23.69826,85.29224,306.97,0.42,0.38,2026-10-03,2021,N,nominal,2.0NRT,294.41,0.9,N
23.69553,85.28743,315.47,0.42,0.38,2026-10-03,2021,N,nominal,2.0NRT,294.95,1.68,N
23.69481,85.29155,303.99,0.42,0.38,2026-10-03,2021,N,nominal,2.0NRT,293.52,0.93,N
23.6569,85.50668,305.47,0.43,0.38,2026-10-03,2021,N,nominal,2.0NRT,294.14,0.73,N
24.3276,81.32952,308.11,0.4,0.37,2026-10-03,2021,N,nominal,2.0NRT,295.74,0.82,N
23.74031,85.01046,313.34,0.41,0.37,2026-10-03,2021,N,nominal,2.0NRT,295.81,1.9,N
23.65136,85.43654,309.3,0.43,0.38,2026-10-03,2021,N,nominal,2.0NRT,293.3,1.13,N
23.6503,85.43719,322.95,0.43,0.38,2026-10-03,2021,N,nominal,2.0NRT,294.99,2.22,N
23.72062,85.00709,310.97,0.41,0.37,2026-10-03,2021,N,nominal,2.0NRT,293.47,0.81,N
23.64683,85.43649,314.64,0.43,0.38,2026-10-03,2021,N,nominal,2.0NRT,293.49,1.28,N
23.64611,85.44065,315.02,0.43,0.38,2026-10-03,2021,N,nominal,2.0NRT,293.73,1.28,N
23.66534,85.00006,305.86,0.41,0.37,2026-10-03,2021,N,nominal,2.0NRT,294.5,0.98,N
25.38793,68.58067,306.74,0.72,0.76,2026-10-03,2021,N,nominal,2.0NRT,294.51,1.11,N
24.76462,74.60951,307.45,0.6,0.53,2026-10-03,2021,N,nominal,2.0NRT,295.61,1.86,N
24.01002,80.52969,305.82,0.42,0.38,2026-10-03,2021,N,nominal,2.0NRT,295.3,0.79,N
24.66134,74.6333,305.91,0.6,0.53,2026-10-03,2021,N,nominal,2.0NRT,295.8,2.55,N
23.99067,79.39119,305.93,0.47,0.4,2026-10-03,2021,N,nominal,2.0NRT,294.76,1.31,N
22.87351,86.06104,312.5,0.46,0.39,2026-10-03,2021,N,nominal,2.0NRT,294.33,1.87,N
22.81691,86.08608,305.11,0.46,0.39,2026-10-03,2021,N,nominal,2.0NRT,293.97,0.97,N
22.79658,86.19834,314.43,0.47,0.39,2026-10-03,2021,N,nominal,2.0NRT,295.1,1.94,N
22.79379,86.19306,314.28,0.47,0.39,2026-10-03,2021,N,nominal,2.0NRT,294.44,1.98,N
22.79215,86.20207,308.91,0.47,0.39,2026-10-03,2021,N,nominal,2.0NRT,294.49,1.64,N
22.79133,86.2066,306.83,0.47,0.4,2026-10-03,2021,N,nominal,2.0NRT,295.11,1.64,N
22.78936,86.19681,315.47,0.47,0.39,2026-10-03,2021,N,nominal,2.0NRT,296.04,1.98,N
22.80091,86.09206,306.2,0.46,0.39,2026-10-03,2021,N,nominal,2.0NRT,294.81,1.03,N
22.38015,87.29162,308.77,0.53,0.42,2026-10-03,2021,N,nominal,2.0NRT,293.45,2.35,N
22.37826,87.28046,333.97,0.53,0.42,2026-10-03,2021,N,nominal,2.0NRT,297.2,6.57,N
22.36667,87.29943,323.56,0.54,0.42,2026-10-03,2021,N,nominal,2.0NRT,294.41,5.91,N
23.1683,82.34167,313.85,0.39,0.36,2026-10-03,2021,N,nominal,2.0NRT,294.85,1.4,N
23.16772,82.34542,308,0.39,0.36,2026-10-03,2021,N,nominal,2.0NRT,293.63,0.7,N
23.16499,82.34106,333.05,0.39,0.36,2026-10-03,2021,N,nominal,2.0NRT,295.61,1.52,N
22.57293,85.89353,322.5,0.46,0.39,2026-10-03,2021,N,nominal,2.0NRT,294.57,2.42,N
23.16557,82.33733,314.46,0.39,0.36,2026-10-03,2021,N,nominal,2.0NRT,295.21,1.52,N
22.57215,85.89791,316.52,0.46,0.39,2026-10-03,2021,N,nominal,2.0NRT,294.97,2.42,N
23.16226,82.33672,307.48,0.39,0.36,2026-10-03,2021,N,nominal,2.0NRT,292.55,1.52,N
22.36604,87.016,312.97,0.52,0.41,2026-10-03,2021,N,nominal,2.0NRT,294.72,3.72,N
22.36133,87.02018,306.55,0.52,0.41,2026-10-03,2021,N,nominal,2.0NRT,294.46,2.95,N
22.16758,85.43594,302.66,0.44,0.38,2026-10-03,2021,N,nominal,2.0NRT,292.3,0.48,N
22.13405,85.38199,304.31,0.44,0.38,2026-10-03,2021,N,nominal,2.0NRT,292.8,0.75,N
22.2095,84.86249,314.26,0.42,0.38,2026-10-03,2021,N,nominal,2.0NRT,296.3,1.97,N
22.22476,84.75278,306.81,0.42,0.37,2026-10-03,2021,N,nominal,2.0NRT,295.36,1.27,N
22.21721,84.75542,309.27,0.42,0.37,2026-10-03,2021,N,nominal,2.0NRT,295.17,2.13,N
22.0535,85.4669,308.07,0.44,0.39,2026-10-03,2021,N,nominal,2.0NRT,292.6,1.32,N
22.20157,84.57868,305.93,0.41,0.37,2026-10-03,2021,N,nominal,2.0NRT,294.58,0.83,N
21.96784,85.31453,306.34,0.44,0.38,2026-10-03,2021,N,nominal,2.0NRT,292.72,0.99,N
21.92999,85.22162,309.12,0.44,0.38,2026-10-03,2021,N,nominal,2.0NRT,293.31,1.15,N
21.92649,85.22092,304.56,0.44,0.38,2026-10-03,2021,N,nominal,2.0NRT,292.8,1.15,N
21.92575,85.22513,314.04,0.44,0.38,2026-10-03,2021,N,nominal,2.0NRT,293.22,1.15,N
22.33081,82.60707,324.58,0.38,0.36,2026-10-03,2021,N,nominal,2.0NRT,296.46,2.62,N
22.32324,82.59039,330.5,0.38,0.36,2026-10-03,2021,N,nominal,2.0NRT,297.28,3.02,N
22.32368,82.5446,307.36,0.38,0.36,2026-10-03,2021,N,nominal,2.0NRT,297.22,0.91,N
22.32074,82.56319,314.37,0.38,0.36,2026-10-03,2021,N,nominal,2.0NRT,298.29,2.28,N
22.3584,82.30253,338.85,0.38,0.36,2026-10-03,2021,N,nominal,2.0NRT,300.2,4.39,N
22.31802,82.55886,317.53,0.38,0.36,2026-10-03,2021,N,nominal,2.0NRT,297.63,1.96,N
22.31744,82.56258,313.67,0.38,0.36,2026-10-03,2021,N,nominal,2.0NRT,298.69,2.01,N
22.31552,82.53165,309.3,0.38,0.36,2026-10-03,2021,N,nominal,2.0NRT,296.87,0.65,N
22.31493,82.53536,306.89,0.38,0.36,2026-10-03,2021,N,nominal,2.0NRT,295.25,0.65,N
22.31221,82.53104,308.04,0.38,0.36,2026-10-03,2021,N,nominal,2.0NRT,295.2,0.65,N
22.06437,83.70616,313.72,0.39,0.36,2026-10-03,2021,N,nominal,2.0NRT,294.24,1.35,N
22.0399,83.72891,314.4,0.39,0.36,2026-10-03,2021,N,nominal,2.0NRT,296.39,2.53,N
22.0154,83.75169,308.91,0.39,0.37,2026-10-03,2021,N,nominal,2.0NRT,295.37,1.15,N
22.01476,83.7555,312.04,0.39,0.37,2026-10-03,2021,N,nominal,2.0NRT,295.21,1.25,N
22.08726,83.11384,305.51,0.39,0.36,2026-10-03,2021,N,nominal,2.0NRT,294.85,0.75,N
22.03844,83.35124,310.44,0.39,0.36,2026-10-03,2021,N,nominal,2.0NRT,293.25,1.36,N
22.03451,83.35436,304.14,0.39,0.36,2026-10-03,2021,N,nominal,2.0NRT,293.02,1.41,N
22.03328,83.36188,306,0.39,0.36,2026-10-03,2021,N,nominal,2.0NRT,294.65,0.93,N
22.03267,83.36564,308.58,0.39,0.36,2026-10-03,2021,N,nominal,2.0NRT,295.04,0.93,N
21.96556,83.77378,306.84,0.4,0.37,2026-10-03,2021,N,nominal,2.0NRT,295.91,1.49,N
22.01972,83.34,302.27,0.39,0.36,2026-10-03,2021,N,nominal,2.0NRT,290.66,0.56,N
21.98578,83.23335,319.57,0.39,0.36,2026-10-03,2021,N,nominal,2.0NRT,296.2,2.72,N
21.86053,83.967,309.14,0.4,0.37,2026-10-03,2021,N,nominal,2.0NRT,295.29,0.83,N
21.84045,83.98299,306.6,0.4,0.37,2026-10-03,2021,N,nominal,2.0NRT,295.04,0.76,N
21.82321,83.99646,308.94,0.4,0.37,2026-10-03,2021,N,nominal,2.0NRT,294.95,1.07,N
21.92313,83.34959,337.69,0.39,0.36,2026-10-03,2021,N,nominal,2.0NRT,297.9,2.4,N
21.92497,83.33834,311.93,0.39,0.36,2026-10-03,2021,N,nominal,2.0NRT,294.3,2.35,N
21.92252,83.35335,307.09,0.39,0.36,2026-10-03,2021,N,nominal,2.0NRT,295.62,2.4,N
21.91981,83.34898,326.77,0.39,0.36,2026-10-03,2021,N,nominal,2.0NRT,295.87,2.35,N
21.9192,83.35272,318.96,0.39,0.36,2026-10-03,2021,N,nominal,2.0NRT,296.86,2.35,N
21.87918,83.55471,309.25,0.39,0.36,2026-10-03,2021,N,nominal,2.0NRT,294.45,1.02,N
21.87516,83.49559,312.09,0.39,0.36,2026-10-03,2021,N,nominal,2.0NRT,294.88,1.28,N
22.00545,82.6708,321.47,0.38,0.36,2026-10-03,2021,N,nominal,2.0NRT,297.79,2.17,N
21.7675,84.01755,322.55,0.4,0.37,2026-10-03,2021,N,nominal,2.0NRT,297.84,2.36,N
21.76348,84.02076,313.96,0.4,0.37,2026-10-03,2021,N,nominal,2.0NRT,297.28,2.36,N
21.75608,84.02332,328.67,0.4,0.37,2026-10-03,2021,N,nominal,2.0NRT,297.74,3.18,N
21.75042,83.97445,314.12,0.4,0.37,2026-10-03,2021,N,nominal,2.0NRT,295.99,1.66,N
21.76501,83.84659,304.84,0.4,0.37,2026-10-03,2021,N,nominal,2.0NRT,292.33,0.72,N
21.76437,83.85042,314.53,0.4,0.37,2026-10-03,2021,N,nominal,2.0NRT,293.58,1.18,N
21.76166,83.84595,313.07,0.4,0.37,2026-10-03,2021,N,nominal,2.0NRT,292.64,1.3,N
21.76101,83.84977,310.2,0.4,0.37,2026-10-03,2021,N,nominal,2.0NRT,292.72,1.06,N
21.76037,83.85361,305.86,0.4,0.37,2026-10-03,2021,N,nominal,2.0NRT,291.46,1.06,N
21.7583,83.84531,306.92,0.4,0.37,2026-10-03,2021,N,nominal,2.0NRT,293.11,1.3,N
21.75494,83.84466,327.89,0.4,0.37,2026-10-03,2021,N,nominal,2.0NRT,295.76,4.01,N
21.74716,83.84412,328.36,0.4,0.37,2026-10-03,2021,N,nominal,2.0NRT,294.26,2.17,N
21.7478,83.84029,308.67,0.4,0.37,2026-10-03,2021,N,nominal,2.0NRT,293.49,2.17,N
21.71449,84.04032,313.4,0.4,0.37,2026-10-03,2021,N,nominal,2.0NRT,295.11,1.31,N
21.7438,83.84348,313.61,0.4,0.37,2026-10-03,2021,N,nominal,2.0NRT,294.94,1.39,N
21.74044,83.84282,311.29,0.4,0.37,2026-10-03,2021,N,nominal,2.0NRT,295.66,1.39,N
21.68283,84.04219,309.92,0.4,0.37,2026-10-03,2021,N,nominal,2.0NRT,295.27,1.52,N
21.6801,84.03768,317.06,0.4,0.37,2026-10-03,2021,N,nominal,2.0NRT,295.88,2.24,N
21.67672,84.03703,306.29,0.4,0.37,2026-10-03,2021,N,nominal,2.0NRT,293.31,0.92,N
21.6727,84.04023,308.02,0.4,0.37,2026-10-03,2021,N,nominal,2.0NRT,293.83,1.23,N
21.96823,82.06982,305.54,0.39,0.36,2026-10-03,2021,N,nominal,2.0NRT,295.5,0.62,N
21.92315,81.74834,308.85,0.39,0.36,2026-10-03,2021,N,nominal,2.0NRT,295.1,0.83,N
21.80034,82.04108,310.64,0.39,0.36,2026-10-03,2021,N,nominal,2.0NRT,295.54,1.39,N
21.73216,82.21547,308.12,0.38,0.36,2026-10-03,2021,N,nominal,2.0NRT,296.44,0.79,N
21.67169,82.08268,309.6,0.38,0.36,2026-10-03,2021,N,nominal,2.0NRT,296.36,1.05,N
20.97331,86.00484,309.88,0.48,0.4,2026-10-03,2021,N,nominal,2.0NRT,296.99,1.98,N
20.96488,86.05107,315.94,0.48,0.4,2026-10-03,2021,N,nominal,2.0NRT,296.66,1.81,N
20.96796,86.01331,332.52,0.48,0.4,2026-10-03,2021,N,nominal,2.0NRT,299.05,6.28,N
20.96598,86.00328,307.02,0.48,0.4,2026-10-03,2021,N,nominal,2.0NRT,296.75,1.99,N
20.96514,86.00792,307.38,0.48,0.4,2026-10-03,2021,N,nominal,2.0NRT,296.79,1.99,N
20.95386,86.04877,309.6,0.48,0.4,2026-10-03,2021,N,nominal,2.0NRT,297.24,2.51,N
20.95103,86.0434,318.57,0.48,0.4,2026-10-03,2021,N,nominal,2.0NRT,295.86,2.88,N
20.94025,86.06053,307.28,0.49,0.4,2026-10-03,2021,N,nominal,2.0NRT,296.92,1.69,N
21.62242,81.79242,306.19,0.39,0.36,2026-10-03,2021,N,nominal,2.0NRT,294.66,1.1,N
21.08193,85.03503,323.75,0.44,0.38,2026-10-03,2021,N,nominal,2.0NRT,296.3,2.27,N
21.07843,85.03432,324.98,0.44,0.38,2026-10-03,2021,N,nominal,2.0NRT,297.42,3.54,N
21.0777,85.03851,320.69,0.44,0.38,2026-10-03,2021,N,nominal,2.0NRT,297.19,1.22,N
21.57606,82.02448,308.24,0.38,0.36,2026-10-03,2021,N,nominal,2.0NRT,296.93,1.31,N
21.07697,85.04268,310.82,0.44,0.38,2026-10-03,2021,N,nominal,2.0NRT,294.99,1.22,N
21.0742,85.0378,310.86,0.44,0.38,2026-10-03,2021,N,nominal,2.0NRT,297.12,1.22,N
21.07347,85.04197,305.2,0.44,0.38,2026-10-03,2021,N,nominal,2.0NRT,294.52,1.22,N
21.55664,81.86479,305.24,0.39,0.36,2026-10-03,2021,N,nominal,2.0NRT,295.05,0.56,N
21.54396,81.9464,308.27,0.39,0.36,2026-10-03,2021,N,nominal,2.0NRT,296.34,0.86,N
21.56003,81.75461,309.89,0.39,0.36,2026-10-03,2021,N,nominal,2.0NRT,296,1.29,N
20.97784,85.17111,325.3,0.44,0.39,2026-10-03,2021,N,nominal,2.0NRT,296.75,3.05,N
20.97887,85.16862,308.8,0.44,0.39,2026-10-03,2021,N,nominal,2.0NRT,295.52,1.29,N
20.97813,85.17285,316.48,0.44,0.39,2026-10-03,2021,N,nominal,2.0NRT,295.74,1.29,N
20.98122,85.13403,312.91,0.44,0.39,2026-10-03,2021,N,nominal,2.0NRT,296.2,1.89,N
20.97534,85.1679,308.44,0.44,0.39,2026-10-03,2021,N,nominal,2.0NRT,295.3,1.46,N
20.9746,85.17213,313.09,0.44,0.39,2026-10-03,2021,N,nominal,2.0NRT,296.55,1.46,N
20.97034,85.17564,342.19,0.44,0.39,2026-10-03,2021,N,nominal,2.0NRT,299.02,5.88,N
20.9777,85.13332,311.47,0.44,0.39,2026-10-03,2021,N,nominal,2.0NRT,296.93,1.89,N
20.97108,85.17142,306.66,0.44,0.39,2026-10-03,2021,N,nominal,2.0NRT,296.17,1.46,N
20.96459,85.18768,335.75,0.44,0.39,2026-10-03,2021,N,nominal,2.0NRT,298.6,2.18,N
20.97049,85.15378,310.68,0.44,0.39,2026-10-03,2021,N,nominal,2.0NRT,296.32,1.69,N
20.96828,85.16647,308.08,0.44,0.39,2026-10-03,2021,N,nominal,2.0NRT,296.25,1.73,N
20.96755,85.1707,311.22,0.44,0.39,2026-10-03,2021,N,nominal,2.0NRT,296.01,1.73,N
20.96681,85.17493,316.64,0.44,0.39,2026-10-03,2021,N,nominal,2.0NRT,296.56,2.02,N
20.96607,85.17916,318.88,0.44,0.39,2026-10-03,2021,N,nominal,2.0NRT,296.78,2.02,N
20.96533,85.18342,313.61,0.44,0.39,2026-10-03,2021,N,nominal,2.0NRT,296.36,2.18,N
20.96476,85.16575,326.02,0.44,0.39,2026-10-03,2021,N,nominal,2.0NRT,297.57,1.73,N
20.96328,85.17422,323.57,0.44,0.39,2026-10-03,2021,N,nominal,2.0NRT,297.38,2.02,N
20.96697,85.15305,318.16,0.44,0.39,2026-10-03,2021,N,nominal,2.0NRT,295.82,1.69,N
20.96549,85.16151,306.51,0.44,0.39,2026-10-03,2021,N,nominal,2.0NRT,295.77,1.77,N
20.96402,85.16998,312.96,0.44,0.39,2026-10-03,2021,N,nominal,2.0NRT,296.88,1.73,N
20.9618,85.18271,311.61,0.44,0.39,2026-10-03,2021,N,nominal,2.0NRT,296.37,2.18,N
20.96106,85.18697,316.33,0.44,0.39,2026-10-03,2021,N,nominal,2.0NRT,296.11,2.18,N
21.50098,81.8097,307.94,0.39,0.36,2026-10-03,2021,N,nominal,2.0NRT,295.72,0.81,N
20.95532,85.01128,308.72,0.44,0.38,2026-10-03,2021,N,nominal,2.0NRT,295.33,2.48,N
21.48683,81.76901,309.92,0.39,0.36,2026-10-03,2021,N,nominal,2.0NRT,296.18,1.13,N
21.45784,81.80206,307.7,0.39,0.36,2026-10-03,2021,N,nominal,2.0NRT,295.73,0.84,N
20.88813,84.98241,327,0.44,0.38,2026-10-03,2021,N,nominal,2.0NRT,296.42,3.07,N
20.86565,84.98652,326.62,0.44,0.38,2026-10-03,2021,N,nominal,2.0NRT,295.71,2.51,N
20.86491,84.99073,316.3,0.44,0.38,2026-10-03,2021,N,nominal,2.0NRT,296.99,2.4,N
20.86418,84.99496,315.4,0.44,0.38,2026-10-03,2021,N,nominal,2.0NRT,297.05,2.4,N
20.86213,84.98586,324.15,0.44,0.38,2026-10-03,2021,N,nominal,2.0NRT,293.76,1.54,N
20.80751,85.25566,322.46,0.45,0.39,2026-10-03,2021,N,nominal,2.0NRT,297.9,3.57,N
20.80321,85.25922,310.11,0.45,0.39,2026-10-03,2021,N,nominal,2.0NRT,295.14,1.94,N
22.26402,75.13426,305.97,0.52,0.5,2026-10-03,2021,N,nominal,2.0NRT,295.46,1.83,N
20.79966,85.2585,310.27,0.45,0.39,2026-10-03,2021,N,nominal,2.0NRT,295.21,1.2,N
20.79687,85.25349,315.61,0.45,0.39,2026-10-03,2021,N,nominal,2.0NRT,295.19,1.59,N
20.79612,85.25777,307.2,0.45,0.39,2026-10-03,2021,N,nominal,2.0NRT,295.14,1.2,N
20.79332,85.25278,342.98,0.45,0.39,2026-10-03,2021,N,nominal,2.0NRT,296.3,6.93,N
20.7918,85.26138,307.56,0.45,0.39,2026-10-03,2021,N,nominal,2.0NRT,296.7,1.8,N
20.78825,85.26068,311.56,0.45,0.39,2026-10-03,2021,N,nominal,2.0NRT,297.17,1.8,N
20.78749,85.26498,315.61,0.45,0.39,2026-10-03,2021,N,nominal,2.0NRT,296.68,2.48,N
20.77449,85.33817,305.21,0.45,0.39,2026-10-03,2021,N,nominal,2.0NRT,294.72,0.58,N
20.78393,85.26427,309.24,0.45,0.39,2026-10-03,2021,N,nominal,2.0NRT,295.3,1.09,N
21.37523,81.68143,312.49,0.39,0.36,2026-10-03,2021,N,nominal,2.0NRT,296.46,1.7,N
21.36526,81.67969,308.37,0.39,0.36,2026-10-03,2021,N,nominal,2.0NRT,296.21,1.15,N
21.36595,81.65304,307.47,0.39,0.36,2026-10-03,2021,N,nominal,2.0NRT,296.04,1.13,N
20.76081,85.29076,308.64,0.45,0.39,2026-10-03,2021,N,nominal,2.0NRT,295.3,1.16,N
20.76005,85.29502,313.56,0.45,0.39,2026-10-03,2021,N,nominal,2.0NRT,296.33,1.91,N
20.75929,85.2993,316.1,0.45,0.39,2026-10-03,2021,N,nominal,2.0NRT,295.89,1.91,N
21.34704,81.665,312.75,0.39,0.36,2026-10-03,2021,N,nominal,2.0NRT,296.48,1.41,N
21.34257,81.67185,307.51,0.39,0.36,2026-10-03,2021,N,nominal,2.0NRT,295.21,1.07,N
21.33997,81.67124,306.31,0.39,0.36,2026-10-03,2021,N,nominal,2.0NRT,295.13,1.02,N
21.37121,81.44686,308.29,0.39,0.36,2026-10-03,2021,N,nominal,2.0NRT,294.3,0.78,N
21.31159,81.58979,307.66,0.39,0.36,2026-10-03,2021,N,nominal,2.0NRT,295.71,0.94,N
21.24633,81.76916,306.98,0.39,0.36,2026-10-03,2021,N,nominal,2.0NRT,295.79,0.6,N
21.19254,81.41653,310.9,0.39,0.36,2026-10-03,2021,N,nominal,2.0NRT,294.82,1.4,N
21.19264,81.39352,306.43,0.39,0.36,2026-10-03,2021,N,nominal,2.0NRT,294.83,1.22,N
21.1893,81.39294,308.47,0.39,0.36,2026-10-03,2021,N,nominal,2.0NRT,295.94,1.22,N
21.18654,81.38862,314,0.39,0.36,2026-10-03,2021,N,nominal,2.0NRT,297.23,2.62,N
22.41534,69.03627,305.15,0.63,0.72,2026-10-03,2021,N,nominal,2.0NRT,294.99,1.57,N
21.33801,78.9698,310.18,0.46,0.39,2026-10-03,2021,N,nominal,2.0NRT,295,1.4,N
21.33439,78.96922,316.09,0.46,0.39,2026-10-03,2021,N,nominal,2.0NRT,295.13,1.43,N
21.23511,79.63174,307.72,0.43,0.38,2026-10-03,2021,N,nominal,2.0NRT,293.24,2.02,N
21.24834,79.20848,313.75,0.45,0.39,2026-10-03,2021,N,nominal,2.0NRT,295.33,2.07,N
21.24651,79.22149,310.15,0.45,0.39,2026-10-03,2021,N,nominal,2.0NRT,296.24,1.18,N
21.24232,79.22525,310.56,0.45,0.39,2026-10-03,2021,N,nominal,2.0NRT,296.17,1.77,N
20.70242,78.61996,307.96,0.47,0.4,2026-10-03,2021,N,nominal,2.0NRT,297.07,1.72,N
20.69702,78.63532,310.52,0.47,0.4,2026-10-03,2021,N,nominal,2.0NRT,296.36,1.51,N
21.16614,72.88436,306.33,0.35,0.57,2026-10-03,2021,N,nominal,2.0NRT,296.18,0.75,N
21.12146,72.85105,306.73,0.35,0.57,2026-10-03,2021,N,nominal,2.0NRT,295.65,1.21,N
21.11089,72.63334,309.81,0.36,0.58,2026-10-03,2021,N,nominal,2.0NRT,297.88,2.01,N
21.10984,72.64403,313.09,0.36,0.58,2026-10-03,2021,N,nominal,2.0NRT,297.16,1.65,N
21.10949,72.64758,316.2,0.36,0.58,2026-10-03,2021,N,nominal,2.0NRT,298.71,1.65,N
21.10518,72.63627,338.51,0.36,0.58,2026-10-03,2021,N,nominal,2.0NRT,298.85,3.35,N
21.10448,72.64339,330.8,0.36,0.58,2026-10-03,2021,N,nominal,2.0NRT,297.31,4.44,N
21.10414,72.64694,340.82,0.36,0.58,2026-10-03,2021,N,nominal,2.0NRT,297.94,4.44,N
21.09982,72.63564,327.23,0.36,0.58,2026-10-03,2021,N,nominal,2.0NRT,296.7,3.35,N
21.10706,72.64671,367,0.36,0.57,2026-10-03,2021,N,high,2.0NRT,300.91,5.45,N
21.10744,72.64317,315.85,0.36,0.58,2026-10-03,2021,N,nominal,2.0NRT,297.15,5.45,N
21.10282,72.63544,350.71,0.36,0.58,2026-10-03,2021,N,nominal,2.0NRT,298.51,7.17,N
19.9612,79.33607,303.5,0.43,0.38,2026-10-03,2021,N,nominal,2.0NRT,293.23,0.76,N
19.96129,79.33331,303.85,0.43,0.38,2026-10-03,2021,N,nominal,2.0NRT,293.7,0.68,N
19.8171,79.33705,317.28,0.43,0.38,2026-10-03,2021,N,nominal,2.0NRT,295,1.61,N
19.78622,79.14944,308.11,0.44,0.38,2026-10-03,2021,N,nominal,2.0NRT,296.35,1.6,N
19.78741,79.06351,308.07,0.44,0.39,2026-10-03,2021,N,nominal,2.0NRT,295.49,1.21,N
19.1046,82.16599,306.58,0.39,0.36,2026-10-03,2021,N,nominal,2.0NRT,292.27,0.76,N
19.10401,82.16963,306.57,0.39,0.36,2026-10-03,2021,N,nominal,2.0NRT,293.31,0.7,N
19.09739,82.16846,316.23,0.39,0.36,2026-10-03,2021,N,nominal,2.0NRT,292.43,1.08,N
19.09107,82.16782,305.57,0.39,0.36,2026-10-03,2021,N,nominal,2.0NRT,291.01,1.2,N
18.72193,79.53852,315.7,0.42,0.37,2026-10-03,2021,N,nominal,2.0NRT,296.63,1.65,N
18.71848,79.53796,317.71,0.42,0.37,2026-10-03,2021,N,nominal,2.0NRT,296.41,1.65,N
18.70868,79.55652,313.28,0.42,0.37,2026-10-03,2021,N,nominal,2.0NRT,294.63,1.32,N
19.57377,71.36221,314.61,0.42,0.61,2026-10-03,2021,N,nominal,2.0NRT,294.66,2.4,N
19.56887,71.35334,346.31,0.42,0.61,2026-10-03,2021,N,nominal,2.0NRT,295.27,3.92,N
19.36938,71.3548,324.04,0.42,0.61,2026-10-03,2021,N,nominal,2.0NRT,294.52,2.16,N
19.36979,71.35072,315.57,0.42,0.61,2026-10-03,2021,N,nominal,2.0NRT,294.29,2.27,N
19.10126,73.05274,319.3,0.32,0.55,2026-10-03,2021,N,nominal,2.0NRT,293.6,1.27,N
17.98227,80.82597,308.25,0.39,0.36,2026-10-03,2021,N,nominal,2.0NRT,294.8,1.73,N
17.95628,80.79537,315.41,0.39,0.36,2026-10-03,2021,N,nominal,2.0NRT,295.59,2.07,N
18.69292,73.04118,315.29,0.32,0.54,2026-10-03,2023,N,nominal,2.0NRT,295.65,1.36,N
18.6828,73.03989,336.86,0.32,0.54,2026-10-03,2023,N,nominal,2.0NRT,295.11,2.49,N
18.68384,73.03064,313.54,0.32,0.54,2026-10-03,2023,N,nominal,2.0NRT,294.52,1.27,N
18.68349,73.03373,313.26,0.32,0.54,2026-10-03,2023,N,nominal,2.0NRT,295.37,1.27,N
18.68315,73.03681,312.44,0.32,0.54,2026-10-03,2023,N,nominal,2.0NRT,295.33,2.49,N
18.68246,73.04295,310.15,0.32,0.54,2026-10-03,2023,N,nominal,2.0NRT,296.12,2.55,N
17.58261,80.32047,306.59,0.39,0.36,2026-10-03,2023,N,nominal,2.0NRT,293.97,0.78,N
17.46428,80.65459,311.75,0.39,0.36,2026-10-03,2023,N,nominal,2.0NRT,293.48,1.24,N
17.79167,75.74633,311.75,0.42,0.45,2026-10-03,2023,N,nominal,2.0NRT,292.8,1.97,N
17.14669,78.22289,304.54,0.45,0.39,2026-10-03,2023,N,nominal,2.0NRT,292.37,0.77,N
16.87126,80.02058,310.51,0.39,0.37,2026-10-03,2023,N,nominal,2.0NRT,294.55,0.72,N
16.80991,79.91557,307.21,0.4,0.37,2026-10-03,2023,N,nominal,2.0NRT,294.73,0.89,N
17.14181,77.18213,305.79,0.51,0.41,2026-10-03,2023,N,nominal,2.0NRT,294.28,1.01,N
17.13866,77.17678,304.91,0.51,0.41,2026-10-03,2023,N,nominal,2.0NRT,294.54,1.01,N
17.13981,77.17498,305.84,0.51,0.41,2026-10-03,2023,N,nominal,2.0NRT,294.59,1.34,N
17.06343,76.97833,309.32,0.52,0.42,2026-10-03,2023,N,nominal,2.0NRT,295.41,1.65,N
28.0517,69.37174,314.42,0.38,0.59,2026-10-03,2201,N,nominal,2.0NRT,296.93,1.07,N
32.29352,70.73022,306.72,0.36,0.58,2026-10-03,2159,N,nominal,2.0NRT,295.79,1.23,N
31.76756,70.10804,307.7,0.34,0.56,2026-10-03,2159,N,nominal,2.0NRT,294.58,0.59,N
33.75333,59.14684,316.66,0.39,0.36,2026-10-03,2159,N,nominal,2.0NRT,286.25,1.78,N
33.62803,59.16967,306.58,0.39,0.36,2026-10-03,2159,N,nominal,2.0NRT,289.32,1.15,N
32.92403,60.23499,300.46,0.38,0.36,2026-10-03,2159,N,nominal,2.0NRT,290.45,0.61,N
33.04131,56.84903,311.14,0.44,0.39,2026-10-03,2159,N,nominal,2.0NRT,292.42,1.37,N
29.95113,69.52814,304.93,0.35,0.57,2026-10-03,2159,N,nominal,2.0NRT,290.95,1.54,N
29.95044,69.53103,315.43,0.35,0.57,2026-10-03,2159,N,nominal,2.0NRT,291.82,1.24,N
29.94975,69.53388,311.31,0.35,0.57,2026-10-03,2159,N,nominal,2.0NRT,292.22,1.24,N
32.33415,54.08678,301.43,0.39,0.44,2026-10-03,2159,N,nominal,2.0NRT,281.95,0.96,N
31.85133,54.28581,297.66,0.56,0.43,2026-10-03,2159,N,nominal,2.0NRT,274.51,0.87,N
30.96881,56.45161,302.26,0.44,0.38,2026-10-03,2201,N,nominal,2.0NRT,289.73,1.22,N
30.15617,60.73621,310.78,0.4,0.37,2026-10-03,2201,N,nominal,2.0NRT,297.95,1.28,N
30.75399,56.65715,301.5,0.43,0.38,2026-10-03,2201,N,nominal,2.0NRT,285.11,1.58,N
30.66579,56.62258,309.27,0.43,0.38,2026-10-03,2201,N,nominal,2.0NRT,285.12,1.15,N
30.66533,56.62011,306.52,0.43,0.38,2026-10-03,2201,N,nominal,2.0NRT,283.6,1.28,N
30.4905,56.82198,301.47,0.42,0.38,2026-10-03,2201,N,nominal,2.0NRT,288.53,1.39,N
28.05263,69.36795,312.7,0.38,0.59,2026-10-03,2201,N,nominal,2.0NRT,297.61,1.76,N
28.05546,69.37021,314.38,0.38,0.59,2026-10-03,2201,N,nominal,2.0NRT,297.6,1.13,N
28.05017,69.36857,315.03,0.38,0.59,2026-10-03,2201,N,nominal,2.0NRT,296.85,1.13,N
30.36981,56.12589,299.1,0.44,0.39,2026-10-03,2201,N,nominal,2.0NRT,287.22,1.26,N
30.34962,56.14127,300.76,0.44,0.39,2026-10-03,2201,N,nominal,2.0NRT,286.72,0.55,N
30.39194,55.76393,300.68,0.46,0.39,2026-10-03,2201,N,nominal,2.0NRT,289.44,0.39,N
30.37893,55.86381,308.62,0.45,0.39,2026-10-03,2201,N,nominal,2.0NRT,291.56,1.35,N
30.23453,56.90731,325.02,0.42,0.37,2026-10-03,2201,N,nominal,2.0NRT,293.36,2.78,N
30.18077,57.16572,299.32,0.41,0.37,2026-10-03,2201,N,nominal,2.0NRT,288.29,0.81,N
30.21883,55.98425,308.06,0.45,0.39,2026-10-03,2201,N,nominal,2.0NRT,290.59,1.22,N
30.21526,55.98368,315.76,0.45,0.39,2026-10-03,2201,N,nominal,2.0NRT,290.57,1.58,N
30.21733,55.98209,313.58,0.45,0.39,2026-10-03,2201,N,nominal,2.0NRT,290.71,1.52,N
30.21671,55.98675,304.67,0.45,0.39,2026-10-03,2201,N,nominal,2.0NRT,290.44,1.52,N
29.47613,60.80844,307.34,0.4,0.37,2026-10-03,2201,N,nominal,2.0NRT,290.45,0.88,N
29.9278,56.73329,313.59,0.42,0.38,2026-10-03,2201,N,nominal,2.0NRT,292.96,2.16,N
30.08248,55.39972,324.68,0.47,0.4,2026-10-03,2201,N,nominal,2.0NRT,288.25,3.92,N
29.9898,55.85525,341.07,0.45,0.39,2026-10-03,2201,N,nominal,2.0NRT,288.52,8.13,N
29.99701,55.19633,297.24,0.48,0.4,2026-10-03,2201,N,nominal,2.0NRT,285.79,0.74,N
29.99439,55.19829,296.1,0.48,0.4,2026-10-03,2201,N,nominal,2.0NRT,285.38,0.76,N
29.81138,55.75177,297.47,0.45,0.39,2026-10-03,2201,N,nominal,2.0NRT,285.26,0.48,N
29.51208,55.79741,299,0.45,0.39,2026-10-03,2201,N,nominal,2.0NRT,286.74,0.72,N
29.15294,55.36514,309.91,0.46,0.39,2026-10-03,2201,N,nominal,2.0NRT,289.9,1.15,N
29.14023,55.3776,303.46,0.46,0.39,2026-10-03,2201,N,nominal,2.0NRT,290.73,1.8,N
28.20509,61.30393,304.31,0.42,0.38,2026-10-03,2201,N,nominal,2.0NRT,290.38,0.98,N
29.17114,54.61683,305.39,0.5,0.41,2026-10-03,2201,N,nominal,2.0NRT,291.97,1.05,N
28.81264,56.39832,310.89,0.42,0.38,2026-10-03,2201,N,nominal,2.0NRT,283.43,1.29,N
28.80915,56.39805,301.57,0.42,0.38,2026-10-03,2201,N,nominal,2.0NRT,282.29,0.9,N
26.23179,68.91309,311.8,0.39,0.59,2026-10-03,2201,N,nominal,2.0NRT,294.38,1.11,N
26.12182,68.81652,323.59,0.39,0.59,2026-10-03,2201,N,nominal,2.0NRT,294.57,1.5,N
26.1311,68.72956,304.66,0.38,0.59,2026-10-03,2201,N,nominal,2.0NRT,294.24,0.33,N
25.87109,68.41708,314.01,0.37,0.58,2026-10-03,2201,N,nominal,2.0NRT,294.7,1.51,N
25.86864,68.41354,309.22,0.37,0.58,2026-10-03,2201,N,nominal,2.0NRT,294.53,0.78,N
25.8678,68.41722,306.48,0.37,0.58,2026-10-03,2201,N,nominal,2.0NRT,294.39,0.78,N
27.22822,60.48858,316.8,0.41,0.37,2026-10-03,2201,N,nominal,2.0NRT,298.06,2.43,N
25.38726,68.58504,313.72,0.39,0.59,2026-10-03,2201,N,nominal,2.0NRT,294.94,1.46,N
25.38683,68.58247,312.54,0.39,0.59,2026-10-03,2201,N,nominal,2.0NRT,295.27,1.34,N
27.42272,56.5001,315.21,0.41,0.37,2026-10-03,2201,N,nominal,2.0NRT,297.25,1.64,N
27.30132,56.30096,307.94,0.41,0.37,2026-10-03,2201,N,nominal,2.0NRT,297.73,2.11,N
27.16759,56.09529,310.54,0.42,0.38,2026-10-03,2201,N,nominal,2.0NRT,300.45,1.91,N
27.16698,56.09951,318.9,0.42,0.38,2026-10-03,2201,N,nominal,2.0NRT,299.55,1.14,N
27.17015,56.05241,312.18,0.42,0.38,2026-10-03,2201,N,nominal,2.0NRT,299.26,1.32,N
27.16955,56.05663,318.59,0.42,0.38,2026-10-03,2201,N,nominal,2.0NRT,299.17,1.3,N
27.16293,56.10312,310.49,0.42,0.38,2026-10-03,2201,N,nominal,2.0NRT,299.59,1.14,N
27.15948,56.1025,322.43,0.42,0.38,2026-10-03,2201,N,nominal,2.0NRT,299.43,2.13,N
27.16309,56.07714,314.11,0.42,0.38,2026-10-03,2201,N,nominal,2.0NRT,299.28,1.29,N
27.14388,56.11267,319.39,0.42,0.38,2026-10-03,2201,N,nominal,2.0NRT,298.99,1.93,N
25.05433,67.49593,308.1,0.34,0.56,2026-10-03,2201,N,nominal,2.0NRT,295.93,0.81,N
25.04926,67.49449,309.35,0.34,0.56,2026-10-03,2201,N,nominal,2.0NRT,295.11,1.07,N
26.95776,55.54179,313.87,0.44,0.38,2026-10-03,2201,N,nominal,2.0NRT,299.9,2.5,N
25.97581,56.07091,310.59,0.41,0.37,2026-10-03,2201,N,nominal,2.0NRT,300.14,2.18,N
25.97239,56.07031,322.63,0.41,0.37,2026-10-03,2201,N,nominal,2.0NRT,300.57,2.18,N
25.96554,56.0691,318.96,0.41,0.37,2026-10-03,2201,N,nominal,2.0NRT,301.23,3.24,N
25.90434,54.53376,312.13,0.47,0.39,2026-10-03,2201,N,nominal,2.0NRT,299.78,0.58,N
25.55739,55.97744,311.22,0.41,0.37,2026-10-03,2201,N,nominal,2.0NRT,300.48,1.24,N
25.30836,56.37254,322.41,0.4,0.37,2026-10-03,2201,N,nominal,2.0NRT,300.5,1.64,N
22.417,69.04003,314.07,0.48,0.65,2026-10-03,2201,N,nominal,2.0NRT,295.83,1.57,N
24.50508,56.60558,334.83,0.39,0.36,2026-10-03,2201,N,nominal,2.0NRT,304.09,4.33,N
24.5045,56.60945,324.64,0.39,0.36,2026-10-03,2201,N,nominal,2.0NRT,301.46,5.7,N
24.50684,56.59398,311.27,0.39,0.36,2026-10-03,2201,N,nominal,2.0NRT,301.21,0.88,N
24.50174,56.60498,311.88,0.39,0.36,2026-10-03,2201,N,nominal,2.0NRT,300.54,4.33,N
24.47364,56.63166,310.79,0.39,0.36,2026-10-03,2201,N,nominal,2.0NRT,299.84,0.81,N
24.46578,56.63818,321.74,0.39,0.36,2026-10-03,2201,N,nominal,2.0NRT,300.54,0.78,N
24.46928,56.61502,314.45,0.39,0.36,2026-10-03,2201,N,nominal,2.0NRT,299.55,0.82,N
24.45457,56.55286,319.55,0.39,0.36,2026-10-03,2201,N,nominal,2.0NRT,301,1.66,N
24.60887,54.151,332.31,0.47,0.4,2026-10-03,2201,N,nominal,2.0NRT,300.4,2.71,N
24.51137,54.01834,332.63,0.48,0.4,2026-10-03,2201,N,nominal,2.0NRT,300.51,3.21,N
24.32834,54.46888,313.02,0.45,0.39,2026-10-03,2201,N,nominal,2.0NRT,300.34,1.63,N
24.32475,54.4683,312.51,0.45,0.39,2026-10-03,2201,N,nominal,2.0NRT,301.73,1.73,N
24.00492,55.43977,312,0.42,0.37,2026-10-03,2201,N,nominal,2.0NRT,300.36,1.85,N
23.55647,58.20121,311.17,0.39,0.36,2026-10-03,2201,N,nominal,2.0NRT,300.46,1.25,N
23.48258,58.28121,309.95,0.39,0.36,2026-10-03,2201,N,nominal,2.0NRT,299.92,0.59,N
23.36644,56.28524,320.07,0.39,0.36,2026-10-03,2203,N,nominal,2.0NRT,297.78,2.2,N
23.19327,55.45805,325.81,0.41,0.37,2026-10-03,2203,N,nominal,2.0NRT,299.38,3.48,N
23.31268,54.17929,309.61,0.46,0.39,2026-10-03,2203,N,nominal,2.0NRT,297.72,0.74,N
22.70765,57.57839,310.85,0.38,0.36,2026-10-03,2203,N,nominal,2.0NRT,296.63,1.53,N
22.87982,55.92709,308.89,0.4,0.37,2026-10-03,2203,N,nominal,2.0NRT,297.28,1.23,N
22.87441,55.61427,325.22,0.4,0.37,2026-10-03,2203,N,nominal,2.0NRT,296.84,2.07,N
22.78144,55.81484,311.69,0.4,0.37,2026-10-03,2203,N,nominal,2.0NRT,296.91,1.24,N
22.67459,56.24904,309.73,0.39,0.36,2026-10-03,2203,N,nominal,2.0NRT,297,0.59,N
19.57161,71.35827,332.33,0.76,0.77,2026-10-03,2203,N,nominal,2.0NRT,292.51,7.6,N
22.7827,54.73019,309.75,0.43,0.38,2026-10-03,2203,N,nominal,2.0NRT,297.04,0.97,N
22.40806,56.98866,325.94,0.38,0.36,2026-10-03,2203,N,nominal,2.0NRT,296.4,2.32,N
22.40475,56.98806,331.25,0.38,0.36,2026-10-03,2203,N,nominal,2.0NRT,296.13,2.32,N
22.32722,56.48817,329.53,0.39,0.36,2026-10-03,2203,N,nominal,2.0NRT,296.8,2.34,N
22.32664,56.49193,308.55,0.39,0.36,2026-10-03,2203,N,nominal,2.0NRT,296.68,1.45,N
22.29369,56.52843,306.86,0.39,0.36,2026-10-03,2203,N,nominal,2.0NRT,295.98,0.46,N
22.60813,54.06863,312.93,0.45,0.39,2026-10-03,2203,N,nominal,2.0NRT,299.12,1.38,N
22.607,54.06604,310.75,0.45,0.39,2026-10-03,2203,N,nominal,2.0NRT,299.37,1.85,N
22.10893,57.31794,306.68,0.38,0.36,2026-10-03,2203,N,nominal,2.0NRT,294.3,0.52,N
22.52442,54.05275,311.94,0.45,0.39,2026-10-03,2203,N,nominal,2.0NRT,297.41,1.57,N
22.14785,56.38018,324.84,0.39,0.36,2026-10-03,2203,N,nominal,2.0NRT,295.53,1.85,N
21.93775,57.07376,331.08,0.38,0.36,2026-10-03,2203,N,nominal,2.0NRT,296.5,4.32,N
21.8333,56.68199,329.98,0.39,0.36,2026-10-03,2203,N,nominal,2.0NRT,296.27,1.64,N
21.33454,57.72438,322.23,0.39,0.36,2026-10-03,2203,N,nominal,2.0NRT,294.84,1.89,N
21.32124,57.72192,317.55,0.39,0.36,2026-10-03,2203,N,nominal,2.0NRT,294.83,1.42,N
21.31426,57.74365,324.99,0.39,0.36,2026-10-03,2203,N,nominal,2.0NRT,294.42,2.16,N
21.31365,57.74738,318.3,0.39,0.36,2026-10-03,2203,N,nominal,2.0NRT,294.49,0.98,N
21.30508,57.79961,309.48,0.39,0.36,2026-10-03,2203,N,nominal,2.0NRT,294.76,0.49,N
21.31032,57.74677,318.73,0.39,0.36,2026-10-03,2203,N,nominal,2.0NRT,293.96,1.43,N
21.30645,57.70767,319.43,0.39,0.36,2026-10-03,2203,N,nominal,2.0NRT,294.26,1.18,N
21.29851,57.68012,313.97,0.39,0.36,2026-10-03,2203,N,nominal,2.0NRT,293.58,0.65,N
21.29695,57.09674,318.1,0.38,0.36,2026-10-03,2203,N,nominal,2.0NRT,296.17,1.69,N
21.3773,56.39347,305.83,0.39,0.36,2026-10-03,2203,N,nominal,2.0NRT,274.99,0.35,N
21.40799,55.74433,311.8,0.39,0.36,2026-10-03,2203,N,nominal,2.0NRT,296.36,1.55,N
21.00399,56.53038,298.37,0.38,0.36,2026-10-03,2203,N,nominal,2.0NRT,267.84,0.4,N
20.39001,55.66423,328.88,0.39,0.36,2026-10-03,2203,N,nominal,2.0NRT,293.82,1.74,N
20.38666,55.66365,311.67,0.39,0.36,2026-10-03,2203,N,nominal,2.0NRT,291.81,0.69,N
20.3856,55.64808,312.39,0.39,0.36,2026-10-03,2203,N,nominal,2.0NRT,288.62,1.27,N
20.21314,55.71136,323.75,0.39,0.36,2026-10-03,2203,N,nominal,2.0NRT,288.76,2.1,N
19.3418,56.46128,306.89,0.38,0.36,2026-10-03,2203,N,nominal,2.0NRT,293.37,1.12,N
18.32447,55.10749,309.73,0.39,0.36,2026-10-03,2203,N,nominal,2.0NRT,292.59,0.8,N
18.32169,55.10323,328.24,0.39,0.36,2026-10-03,2203,N,nominal,2.0NRT,294,2.29,N
18.32112,55.10693,328.59,0.39,0.36,2026-10-03,2203,N,nominal,2.0NRT,292.76,2.29,N
18.01533,54.57423,306.2,0.4,0.37,2026-10-03,2203,N,nominal,2.0NRT,293.53,1.63,N
18.01195,54.57368,331.02,0.4,0.37,2026-10-03,2203,N,nominal,2.0NRT,294.37,1.63,N
39.17688,68.61441,299.39,0.39,0.44,2026-10-03,2157,N,nominal,2.0NRT,279.81,1.03,N
39.20158,66.83673,301.24,0.49,0.41,2026-10-03,2157,N,nominal,2.0NRT,289.72,0.79,N
38.39623,69.11269,305.78,0.43,0.46,2026-10-03,2157,N,nominal,2.0NRT,290.15,0.91,N
38.32688,68.98923,302.42,0.43,0.46,2026-10-03,2157,N,nominal,2.0NRT,290.36,0.88,N
39.25148,63.21246,300.95,0.39,0.36,2026-10-03,2157,N,nominal,2.0NRT,286.79,0.56,N
39.24817,63.21154,295.62,0.39,0.36,2026-10-03,2157,N,nominal,2.0NRT,285.44,0.56,N
39.20238,63.23631,302.36,0.39,0.36,2026-10-03,2157,N,nominal,2.0NRT,287.81,0.47,N
38.68401,65.98812,304.65,0.47,0.39,2026-10-03,2157,N,nominal,2.0NRT,288.08,0.99,N
38.32285,67.7761,302.69,0.56,0.43,2026-10-03,2157,N,nominal,2.0NRT,289.81,0.88,N
38.97018,63.62006,297.36,0.4,0.37,2026-10-03,2157,N,nominal,2.0NRT,278.42,1.01,N
38.66772,64.77659,299.82,0.43,0.38,2026-10-03,2157,N,nominal,2.0NRT,288.25,0.42,N
38.4663,65.78288,296.64,0.46,0.39,2026-10-03,2157,N,nominal,2.0NRT,283.72,0.91,N
38.35377,66.31585,332.62,0.49,0.4,2026-10-03,2157,N,nominal,2.0NRT,289.51,4.77,N
38.45414,65.80666,307.52,0.46,0.39,2026-10-03,2157,N,nominal,2.0NRT,288.33,0.95,N
38.35014,66.31471,316.45,0.49,0.4,2026-10-03,2157,N,nominal,2.0NRT,288.84,2.27,N
38.60262,64.7569,302.09,0.43,0.38,2026-10-03,2157,N,nominal,2.0NRT,289.12,0.87,N
38.60482,64.76003,301.02,0.43,0.38,2026-10-03,2157,N,nominal,2.0NRT,289.28,0.6,N
38.04983,67.26596,303.61,0.54,0.42,2026-10-03,2157,N,nominal,2.0NRT,286.15,1.02,N
38.65286,63.98046,309.41,0.41,0.37,2026-10-03,2157,N,nominal,2.0NRT,288.27,1.01,N
38.06323,65.49804,315.93,0.46,0.39,2026-10-03,2157,N,nominal,2.0NRT,289.91,2.24,N
38.0597,65.49695,320.29,0.46,0.39,2026-10-03,2157,N,nominal,2.0NRT,289.87,2.24,N
38.24773,64.44183,300.25,0.42,0.38,2026-10-03,2157,N,nominal,2.0NRT,288.61,0.44,N
38.11951,64.73971,299.32,0.43,0.38,2026-10-03,2157,N,nominal,2.0NRT,287.91,0.55,N
38.05586,64.88506,312.57,0.44,0.38,2026-10-03,2157,N,nominal,2.0NRT,287.91,1.4,N
38.05217,64.90465,305.28,0.44,0.38,2026-10-03,2157,N,nominal,2.0NRT,289.79,0.88,N
37.96698,65.00715,305.4,0.44,0.38,2026-10-03,2157,N,nominal,2.0NRT,290.1,0.98,N
37.98609,61.88572,296.29,0.38,0.36,2026-10-03,2157,N,nominal,2.0NRT,281.23,0.57,N
37.79794,62.54988,301.64,0.39,0.36,2026-10-03,2157,N,nominal,2.0NRT,288.51,0.53,N
37.74247,62.13013,302.76,0.39,0.36,2026-10-03,2157,N,nominal,2.0NRT,287.81,0.65,N
37.7411,62.07546,299.37,0.39,0.36,2026-10-03,2157,N,nominal,2.0NRT,287.87,0.59,N
37.66976,62.23808,302.49,0.39,0.36,2026-10-03,2157,N,nominal,2.0NRT,288.46,0.66,N
38.68262,54.31612,311.91,0.44,0.46,2026-10-03,2157,N,nominal,2.0NRT,283.75,1.3,N
38.67832,54.31544,303.91,0.44,0.46,2026-10-03,2157,N,nominal,2.0NRT,283.04,0.98,N
37.66245,62.24071,299.28,0.39,0.36,2026-10-03,2157,N,nominal,2.0NRT,288.33,0.83,N
38.651,54.27971,302.96,0.44,0.46,2026-10-03,2157,N,nominal,2.0NRT,282.35,0.6,N
38.65053,54.2849,295.64,0.44,0.46,2026-10-03,2157,N,nominal,2.0NRT,282.04,0.6,N
38.64669,54.27904,297.7,0.44,0.46,2026-10-03,2157,N,nominal,2.0NRT,283.18,0.91,N
38.64622,54.28424,298.76,0.44,0.46,2026-10-03,2157,N,nominal,2.0NRT,282.03,0.91,N
38.64915,54.28194,321.87,0.44,0.46,2026-10-03,2157,N,nominal,2.0NRT,283.7,2.14,N
37.65617,61.90577,300.31,0.38,0.36,2026-10-03,2157,N,nominal,2.0NRT,288.6,1,N
37.61804,62.13979,307.48,0.39,0.36,2026-10-03,2157,N,nominal,2.0NRT,289.42,0.69,N
37.61193,61.59073,300.85,0.38,0.36,2026-10-03,2157,N,nominal,2.0NRT,288.97,0.64,N
37.60918,61.60802,299.15,0.38,0.36,2026-10-03,2157,N,nominal,2.0NRT,288.74,0.54,N
37.59454,61.52793,307.85,0.38,0.36,2026-10-03,2157,N,nominal,2.0NRT,284.5,0.43,N
37.59125,61.5271,295.08,0.38,0.36,2026-10-03,2157,N,nominal,2.0NRT,282.55,0.43,N
37.49838,61.84966,300.61,0.38,0.36,2026-10-03,2157,N,nominal,2.0NRT,286.21,0.67,N
37.52636,61.0504,299.94,0.38,0.36,2026-10-03,2157,N,nominal,2.0NRT,288.95,0.46,N
34.79594,73.67965,296.38,0.46,0.63,2026-10-03,2157,N,nominal,2.0NRT,278.4,1,N
37.51126,61.01525,298.27,0.38,0.36,2026-10-03,2157,N,nominal,2.0NRT,285.93,0.49,N
37.34853,61.36293,299.63,0.38,0.36,2026-10-03,2157,N,nominal,2.0NRT,288.42,0.4,N
37.11783,62.36222,303.42,0.39,0.36,2026-10-03,2157,N,nominal,2.0NRT,289.26,0.88,N
37.1138,62.3657,310.75,0.39,0.36,2026-10-03,2157,N,nominal,2.0NRT,289.85,0.88,N
37.03411,62.41896,314.52,0.39,0.36,2026-10-03,2157,N,nominal,2.0NRT,291.78,2.27,N
37.0308,62.41809,311.52,0.39,0.36,2026-10-03,2157,N,nominal,2.0NRT,290.93,2.27,N
35.00515,70.98389,310.29,0.32,0.55,2026-10-03,2159,N,nominal,2.0NRT,286.77,1.07,N
35.00437,70.98704,308.3,0.32,0.55,2026-10-03,2159,N,nominal,2.0NRT,287.16,1.07,N
34.99944,70.98538,298.08,0.32,0.55,2026-10-03,2159,N,nominal,2.0NRT,285.57,0.58,N
37.45364,57.68556,317.11,0.45,0.39,2026-10-03,2159,N,nominal,2.0NRT,290.13,2.32,N
36.47769,61.62416,306.28,0.39,0.36,2026-10-03,2159,N,nominal,2.0NRT,290.52,1.72,N
36.47362,61.45903,300.24,0.38,0.36,2026-10-03,2159,N,nominal,2.0NRT,289.44,0.37,N
36.4317,61.67485,299.42,0.39,0.36,2026-10-03,2159,N,nominal,2.0NRT,289.17,0.39,N
36.99115,56.23101,302.57,0.51,0.41,2026-10-03,2159,N,nominal,2.0NRT,285.9,1.18,N
36.4804,59.74594,300.24,0.39,0.36,2026-10-03,2159,N,nominal,2.0NRT,287.52,0.95,N
36.49511,59.33501,311.45,0.4,0.37,2026-10-03,2159,N,nominal,2.0NRT,286.71,1.11,N
36.27122,59.64888,306.91,0.39,0.36,2026-10-03,2159,N,nominal,2.0NRT,288.7,0.52,N
36.23837,59.73156,306.67,0.39,0.36,2026-10-03,2159,N,nominal,2.0NRT,288.04,0.94,N
36.3429,58.67887,296.44,0.41,0.37,2026-10-03,2159,N,nominal,2.0NRT,278.73,0.93,N
33.29707,71.18642,309.96,0.36,0.58,2026-10-03,2159,N,nominal,2.0NRT,294.09,1.01,N
35.35543,60.2167,308.82,0.39,0.36,2026-10-03,2159,N,nominal,2.0NRT,290.19,1.09,N
35.36914,59.30471,305.22,0.4,0.37,2026-10-03,2159,N,nominal,2.0NRT,286.9,1.02,N
35.31713,59.48679,297.89,0.39,0.36,2026-10-03,2159,N,nominal,2.0NRT,287.68,0.69,N
32.89035,71.61923,309.48,0.39,0.6,2026-10-03,2159,N,nominal,2.0NRT,295.63,0.94,N
32.83047,71.6029,307.01,0.39,0.6,2026-10-03,2159,N,nominal,2.0NRT,295.72,1.03,N
38.68147,54.31316,310.23,0.71,0.75,2026-10-03,2339,N,nominal,2.0NRT,279.19,2.69,N
38.68363,54.31289,296.83,0.71,0.75,2026-10-03,2339,N,nominal,2.0NRT,277.65,1.25,N
38.68104,54.32081,296.78,0.71,0.75,2026-10-03,2339,N,nominal,2.0NRT,280.49,2.11,N
38.64708,54.2837,315.81,0.71,0.75,2026-10-03,2339,N,nominal,2.0NRT,281.08,2.4,N
16.95544,100.1993,340.33,0.68,0.74,2026-10-04,0553,N,nominal,2.0NRT,287.79,6.52,D
16.95711,100.20343,336.48,0.68,0.74,2026-10-04,0553,N,nominal,2.0NRT,287.2,9.31,D
20.3863,100.40318,328.02,0.56,0.69,2026-10-04,0553,N,nominal,2.0NRT,288.8,5.69,D
20.38874,100.39981,325.74,0.56,0.69,2026-10-04,0553,N,nominal,2.0NRT,289.09,6.1,D
22.99994,99.30194,325.51,0.57,0.69,2026-10-04,0555,N,nominal,2.0NRT,290.12,3.22,D
23.44657,98.84981,336.21,0.6,0.7,2026-10-04,0553,N,nominal,2.0NRT,288.29,7.46,D
36.18034,99.92912,337.08,0.53,0.5,2026-10-04,0557,N,nominal,2.0NRT,290.92,4.21,D
36.18452,99.93126,330.54,0.53,0.5,2026-10-04,0557,N,nominal,2.0NRT,289.23,3.21,D
36.10004,97.81351,328.23,0.35,0.56,2026-10-04,0557,N,nominal,2.0NRT,294.45,2.25,D
7.61916,81.03518,333.79,0.4,0.6,2026-10-04,0729,N,nominal,2.0NRT,289.91,6.09,D
7.61842,81.03436,332.95,0.4,0.6,2026-10-04,0729,N,nominal,2.0NRT,289.78,3.76,D
8.8989,80.79177,328.92,0.39,0.59,2026-10-04,0731,N,nominal,2.0NRT,293.29,5.44,D
9.31335,78.81738,330.46,0.52,0.67,2026-10-04,0731,N,nominal,2.0NRT,287.76,5.81,D
10.89597,79.01277,332.2,0.47,0.64,2026-10-04,0731,N,nominal,2.0NRT,291.45,4.35,D
14.42903,99.73887,331.32,0.45,0.63,2026-10-04,0731,N,nominal,2.0NRT,291.61,3.18,D
10.9644,77.33199,338.23,0.61,0.71,2026-10-04,0731,N,nominal,2.0NRT,287.98,5.69,D
14.99991,101.13971,328.73,0.56,0.69,2026-10-04,0731,N,nominal,2.0NRT,288,4.38,D
12.59611,79.52792,334.93,0.41,0.6,2026-10-04,0731,N,nominal,2.0NRT,291.88,2.14,D
12.59496,79.52746,334.35,0.41,0.6,2026-10-04,0731,N,nominal,2.0NRT,292.05,4.46,D
12.8441,78.52313,334.7,0.47,0.64,2026-10-04,0731,N,nominal,2.0NRT,293.75,5.49,D
12.84148,78.51955,332.68,0.47,0.64,2026-10-04,0731,N,nominal,2.0NRT,292.64,5.61,D
13.32781,79.29713,337.68,0.41,0.61,2026-10-04,0731,N,nominal,2.0NRT,291.37,6.31,D
16.60225,99.79702,332.51,0.48,0.65,2026-10-04,0731,N,nominal,2.0NRT,290.2,2.69,D
17.05363,100.35282,328.96,0.53,0.67,2026-10-04,0731,N,nominal,2.0NRT,290.49,3.9,D
14.17343,79.87207,333.84,0.36,0.58,2026-10-04,0731,N,nominal,2.0NRT,293.52,2.89,D
14.27184,79.09583,341.2,0.41,0.6,2026-10-04,0731,N,nominal,2.0NRT,294.23,3.9,D
14.29905,79.20238,332.42,0.4,0.6,2026-10-04,0731,N,nominal,2.0NRT,291.19,4.08,D
14.43727,79.6725,349.51,0.37,0.58,2026-10-04,0731,N,nominal,2.0NRT,294.36,4.52,D
17.53269,100.01144,340.5,0.51,0.66,2026-10-04,0731,N,nominal,2.0NRT,290.83,5.52,D
14.52954,79.35695,331.53,0.39,0.59,2026-10-04,0731,N,nominal,2.0NRT,294.32,3.19,D
14.60074,79.37577,337.44,0.38,0.59,2026-10-04,0731,N,nominal,2.0NRT,293.98,3.3,D
14.60613,79.37468,338.41,0.38,0.59,2026-10-04,0731,N,nominal,2.0NRT,294.96,3.53,D
14.60543,79.37112,331.51,0.38,0.59,2026-10-04,0731,N,nominal,2.0NRT,294.87,3.53,D
14.2792,77.59067,330.79,0.51,0.66,2026-10-04,0731,N,nominal,2.0NRT,296.36,2.88,D
15.17822,78.54105,337.3,0.42,0.61,2026-10-04,0731,N,nominal,2.0NRT,294.49,2.16,D
14.91435,77.16986,331.76,0.53,0.67,2026-10-04,0731,N,nominal,2.0NRT,293.74,3.68,D
16.62775,80.19757,334.16,0.62,0.54,2026-10-04,0733,N,nominal,2.0NRT,294.9,10.39,D
16.62357,80.19616,343.82,0.62,0.54,2026-10-04,0733,N,nominal,2.0NRT,295.56,10.11,D
16.66744,78.50078,339,0.4,0.6,2026-10-04,0733,N,nominal,2.0NRT,294.4,3.82,D
20.38774,100.40246,367,0.58,0.7,2026-10-04,0733,N,high,2.0NRT,292.65,14.7,D
18.68351,78.36529,331.95,0.37,0.58,2026-10-04,0733,N,nominal,2.0NRT,296.81,1.81,D
18.71108,78.41723,341.24,0.37,0.58,2026-10-04,0733,N,nominal,2.0NRT,296.43,2.01,D
18.80286,78.39159,333.68,0.37,0.58,2026-10-04,0733,N,nominal,2.0NRT,299.47,2.52,D
22.3529,97.89527,338.86,0.42,0.61,2026-10-04,0733,N,nominal,2.0NRT,292.77,4.74,D
22.49778,99.33183,340.7,0.52,0.67,2026-10-04,0733,N,nominal,2.0NRT,293.01,6.04,D
20.79477,85.25635,333.92,0.42,0.38,2026-10-04,0733,N,nominal,2.0NRT,303.71,6.18,D
20.7941,85.25233,335.43,0.42,0.38,2026-10-04,0733,N,nominal,2.0NRT,305.25,6.18,D
20.80576,85.25839,335.85,0.42,0.38,2026-10-04,0733,N,low,2.0NRT,306.13,8.1,D
20.95306,86.04531,340.16,0.4,0.37,2026-10-04,0733,N,nominal,2.0NRT,299.72,5.11,D
20.88697,84.9801,333.34,0.43,0.38,2026-10-04,0733,N,low,2.0NRT,304.12,3.92,D
20.96147,85.18818,339.11,0.42,0.38,2026-10-04,0733,N,nominal,2.0NRT,307.77,5.25,D
20.96492,85.18753,334.67,0.42,0.38,2026-10-04,0733,N,low,2.0NRT,307.08,5.25,D
20.96289,85.17544,334.14,0.42,0.38,2026-10-04,0733,N,low,2.0NRT,305.86,5.26,D
20.96498,85.1667,333.66,0.42,0.38,2026-10-04,0733,N,nominal,2.0NRT,300.12,4.25,D
20.97046,85.17816,336.73,0.42,0.38,2026-10-04,0733,N,low,2.0NRT,306.96,4.95,D
20.96978,85.17412,344.86,0.42,0.38,2026-10-04,0733,N,nominal,2.0NRT,308.45,9.65,D
20.97667,85.17279,330.68,0.42,0.38,2026-10-04,0733,N,low,2.0NRT,305.28,4.23,D
23.01831,101.92972,331.77,0.77,0.77,2026-10-04,0733,N,nominal,2.0NRT,288.68,5.43,D
21.07708,85.03699,340.6,0.43,0.38,2026-10-04,0733,N,nominal,2.0NRT,309.26,7.01,D
21.08054,85.03632,346.59,0.43,0.38,2026-10-04,0733,N,nominal,2.0NRT,307.9,8.84,D
22.05524,88.12502,342.79,0.39,0.36,2026-10-04,0733,N,nominal,2.0NRT,303.25,4.4,D
22.24608,87.38876,330.6,0.38,0.36,2026-10-04,0733,N,low,2.0NRT,302.72,4.34,D
21.76235,83.84866,336.65,0.47,0.4,2026-10-04,0733,N,low,2.0NRT,309.26,5.23,D
20.7124,78.41694,330.42,0.34,0.56,2026-10-04,0733,N,low,2.0NRT,305.36,2.76,D
22.36487,87.30276,335.98,0.38,0.36,2026-10-04,0733,N,nominal,2.0NRT,302.67,5.38,D
22.37799,87.27759,343.45,0.38,0.36,2026-10-04,0733,N,nominal,2.0NRT,305.97,6.65,D
22.36181,87.01755,332.21,0.38,0.36,2026-10-04,0733,N,low,2.0NRT,306,3.87,D
21.92111,83.35031,342.89,0.49,0.4,2026-10-04,0733,N,nominal,2.0NRT,309.19,7.8,D
22.2149,84.86726,330.51,0.42,0.38,2026-10-04,0733,N,low,2.0NRT,304.97,6.72,D
22.574,85.8953,334.58,0.39,0.37,2026-10-04,0733,N,low,2.0NRT,306.88,5.58,D
22.32345,82.59277,330.73,0.53,0.42,2026-10-04,0733,N,nominal,2.0NRT,300,5.24,D
22.3225,82.58768,336.17,0.53,0.42,2026-10-04,0733,N,nominal,2.0NRT,303.17,5.94,D
22.31777,82.56222,330.75,0.53,0.42,2026-10-04,0733,N,low,2.0NRT,303.28,5.69,D
21.26793,75.54646,337.13,0.5,0.66,2026-10-04,0733,N,nominal,2.0NRT,301.1,4.76,D
21.26406,75.54864,331.48,0.5,0.66,2026-10-04,0733,N,nominal,2.0NRT,300.33,5.91,D
23.68775,87.12078,330.41,0.38,0.36,2026-10-04,0733,N,nominal,2.0NRT,298.4,2.94,D
23.67829,86.39813,342.55,0.39,0.36,2026-10-04,0733,N,low,2.0NRT,313.54,10.35,D
23.68431,86.39316,341.32,0.39,0.36,2026-10-04,0733,N,low,2.0NRT,311.72,5.73,D
23.71351,86.4496,336.5,0.39,0.36,2026-10-04,0733,N,low,2.0NRT,307.93,4.81,D
23.73756,86.4333,347.65,0.39,0.36,2026-10-04,0733,N,nominal,2.0NRT,310.04,10.27,D
23.75989,86.40215,340.67,0.39,0.36,2026-10-04,0733,N,nominal,2.0NRT,307.44,7.64,D
23.76378,86.4053,345.34,0.39,0.36,2026-10-04,0733,N,nominal,2.0NRT,302.84,3.88,D
23.76319,86.40154,334.33,0.39,0.36,2026-10-04,0733,N,low,2.0NRT,305.36,6.25,D
23.76708,86.40469,341.86,0.39,0.36,2026-10-04,0733,N,nominal,2.0NRT,304.5,3.88,D
23.77854,86.39098,336.21,0.39,0.36,2026-10-04,0733,N,nominal,2.0NRT,305.89,3.68,D
23.77443,86.36466,346.72,0.39,0.36,2026-10-04,0733,N,nominal,2.0NRT,307.95,4.61,D
23.6478,85.44037,334.56,0.4,0.37,2026-10-04,0733,N,low,2.0NRT,305.89,4.06,D
23.77221,86.19849,334.64,0.39,0.36,2026-10-04,0733,N,low,2.0NRT,307.72,6.06,D
23.65052,85.43587,331.15,0.4,0.37,2026-10-04,0733,N,low,2.0NRT,305.33,2.98,D
23.77788,86.21297,331.37,0.39,0.36,2026-10-04,0733,N,low,2.0NRT,306.27,6.34,D
23.78119,86.21236,337.31,0.39,0.36,2026-10-04,0733,N,low,2.0NRT,308.49,7.31,D
23.80337,86.33224,335.99,0.39,0.36,2026-10-04,0733,N,nominal,2.0NRT,302.33,2.49,D
23.80278,86.32848,331.4,0.39,0.36,2026-10-04,0733,N,low,2.0NRT,305.63,2.49,D
23.75932,85.86245,333.79,0.39,0.36,2026-10-04,0733,N,low,2.0NRT,307.18,3.7,D
23.7581,85.85485,338.39,0.39,0.36,2026-10-04,0733,N,low,2.0NRT,309.4,6.29,D
21.104,72.64783,342.96,0.75,0.77,2026-10-04,0733,N,nominal,2.0NRT,299.14,17.48,D
21.10682,72.64507,350.18,0.75,0.77,2026-10-04,0733,N,nominal,2.0NRT,299.63,14.95,D
22.40191,77.1608,332.22,0.37,0.58,2026-10-04,0733,N,low,2.0NRT,302.91,1.73,D
22.51782,77.07782,341.52,0.38,0.58,2026-10-04,0733,N,nominal,2.0NRT,302.42,2.21,D
22.55827,77.23409,332.89,0.37,0.58,2026-10-04,0733,N,nominal,2.0NRT,302.12,2.45,D
22.47189,76.77203,331.29,0.39,0.6,2026-10-04,0733,N,nominal,2.0NRT,300.94,1.71,D
24.19847,82.71721,330.11,0.49,0.4,2026-10-04,0733,N,low,2.0NRT,304.71,4.55,D
22.84093,75.65833,334.95,0.45,0.63,2026-10-04,0733,N,low,2.0NRT,307.68,3.27,D
23.05217,76.52002,330.6,0.4,0.6,2026-10-04,0733,N,low,2.0NRT,305.57,2.19,D
23.27819,77.13137,333.13,0.36,0.57,2026-10-04,0733,N,low,2.0NRT,305.09,2.53,D
22.86455,75.40238,330.54,0.47,0.64,2026-10-04,0733,N,low,2.0NRT,305.51,2.41,D
22.93708,75.23682,330.32,0.48,0.65,2026-10-04,0735,N,low,2.0NRT,305.22,2.11,D
23.11341,75.65685,330.61,0.45,0.63,2026-10-04,0735,N,low,2.0NRT,303.29,0.55,D
23.51575,77.12316,331.51,0.36,0.57,2026-10-04,0735,N,low,2.0NRT,304.96,1.79,D
23.52084,76.87309,332.31,0.37,0.58,2026-10-04,0735,N,low,2.0NRT,306.38,1.93,D
23.60236,77.04482,331.22,0.36,0.57,2026-10-04,0735,N,low,2.0NRT,305.47,0.72,D
23.38242,75.74665,330.58,0.44,0.62,2026-10-04,0735,N,low,2.0NRT,305.06,0.86,D
25.4159,86.02728,337.09,0.38,0.36,2026-10-04,0735,N,nominal,2.0NRT,303.39,4.1,D
25.08509,76.49146,330.68,0.36,0.57,2026-10-04,0735,N,low,2.0NRT,304.14,2.91,D
25.11929,76.10011,330.42,0.38,0.59,2026-10-04,0735,N,low,2.0NRT,305.07,3.79,D
26.13067,79.48287,331.71,0.45,0.47,2026-10-04,0735,N,nominal,2.0NRT,300.26,2.64,D
19.56906,71.3563,367,0.33,0.55,2026-10-04,0913,N,high,2.0NRT,299.52,24.77,D
21.09874,72.63656,335.02,0.41,0.61,2026-10-04,0915,N,nominal,2.0NRT,305.58,4.71,D
21.1044,72.63601,367,0.41,0.61,2026-10-04,0915,N,high,2.0NRT,305.93,4.71,D
21.10559,72.64824,339.45,0.42,0.61,2026-10-04,0915,N,nominal,2.0NRT,307.93,4.88,D
21.10159,72.63636,367,0.42,0.61,2026-10-04,0915,N,high,2.0NRT,306.77,10.37,D
19.26875,56.17307,342.64,0.46,0.47,2026-10-04,0915,N,nominal,2.0NRT,311.68,0.88,D
22.1985,75.42821,331.87,0.64,0.72,2026-10-04,0915,N,nominal,2.0NRT,301.03,2.97,D
20.22416,55.74018,340.17,0.47,0.47,2026-10-04,0915,N,nominal,2.0NRT,309.55,1.23,D
20.37535,55.9354,343.36,0.45,0.47,2026-10-04,0915,N,nominal,2.0NRT,309.58,0.96,D
20.39014,55.66397,339.56,0.47,0.48,2026-10-04,0915,N,low,2.0NRT,311.22,2.54,D
23.51581,69.27022,345.71,0.54,0.51,2026-10-04,0915,N,nominal,2.0NRT,305.31,8.12,D
23.5131,69.26953,342.95,0.54,0.51,2026-10-04,0915,N,nominal,2.0NRT,305.12,11.95,D
23.83144,70.30257,343.36,0.63,0.54,2026-10-04,0915,N,nominal,2.0NRT,305.84,6.04,D
23.83058,70.30105,338.73,0.63,0.54,2026-10-04,0915,N,nominal,2.0NRT,305.96,4.78,D
24.45207,67.72542,341.14,0.45,0.47,2026-10-04,0915,N,nominal,2.0NRT,299.87,5.83,D
24.84168,67.30854,342.28,0.43,0.46,2026-10-04,0915,N,nominal,2.0NRT,303.71,4.46,D
23.18959,55.45668,346.59,0.43,0.46,2026-10-04,0915,N,low,2.0NRT,317.17,2.5,D
25.11501,67.00264,330.3,0.41,0.45,2026-10-04,0915,N,low,2.0NRT,304.41,2.51,D
26.30551,70.23424,347.46,0.33,0.56,2026-10-04,0915,N,nominal,2.0NRT,306.97,2.27,D
26.23543,68.91421,332.83,0.55,0.51,2026-10-04,0915,N,low,2.0NRT,305.25,2.71,D
26.42842,68.55213,338.23,0.53,0.5,2026-10-04,0915,N,low,2.0NRT,309.89,5.15,D
24.32394,54.47033,338.12,0.47,0.48,2026-10-04,0915,N,low,2.0NRT,310.98,7.48,D
26.93719,71.27096,335.12,0.39,0.6,2026-10-04,0915,N,low,2.0NRT,307.24,1.56,D
27.67212,69.66856,337.93,0.32,0.55,2026-10-04,0915,N,low,2.0NRT,310.83,4.41,D
28.05358,69.37132,332.36,0.62,0.54,2026-10-04,0917,N,low,2.0NRT,307.1,3.33,D
27.16208,56.1044,333.87,0.51,0.41,2026-10-04,0917,N,low,2.0NRT,307.45,3.86,D
27.16841,56.05502,337.42,0.51,0.41,2026-10-04,0917,N,low,2.0NRT,307.5,4.8,D
27.16745,56.04992,335.71,0.51,0.41,2026-10-04,0917,N,low,2.0NRT,307.94,3.63,D
29.17046,67.75072,339.21,0.51,0.49,2026-10-04,0917,N,low,2.0NRT,313.69,7.95,D
29.9895,71.32535,331.32,0.43,0.62,2026-10-04,0917,N,nominal,2.0NRT,301.92,1.24,D
29.96522,70.66728,338.54,0.39,0.59,2026-10-04,0917,N,nominal,2.0NRT,304.27,1.62,D
29.94483,69.5267,354.12,0.33,0.56,2026-10-04,0917,N,nominal,2.0NRT,313.58,4.5,D
30.26123,73.20757,336.23,0.56,0.69,2026-10-04,0917,N,nominal,2.0NRT,299.38,4.21,D
30.38568,73.24789,336.61,0.56,0.69,2026-10-04,0917,N,nominal,2.0NRT,299.34,3.9,D
29.91922,67.28448,343.23,0.49,0.48,2026-10-04,0917,N,nominal,2.0NRT,311.73,3.61,D
29.91688,67.28339,343.42,0.49,0.49,2026-10-04,0917,N,nominal,2.0NRT,312.13,3.13,D
30.40729,73.39343,344.92,0.57,0.69,2026-10-04,0917,N,nominal,2.0NRT,302.16,11.38,D
30.46136,73.55856,330.55,0.58,0.7,2026-10-04,0917,N,nominal,2.0NRT,299.08,4,D
30.48884,73.58228,344.63,0.59,0.7,2026-10-04,0917,N,nominal,2.0NRT,300.67,7.28,D
30.46674,73.56168,330.95,0.59,0.7,2026-10-04,0917,N,nominal,2.0NRT,298.92,4.04,D
30.48724,73.57944,336.37,0.59,0.7,2026-10-04,0917,N,nominal,2.0NRT,299.83,4.84,D
30.77345,73.84345,333.84,0.61,0.71,2026-10-04,0917,N,nominal,2.0NRT,299.53,5.9,D
30.80456,73.9352,343.9,0.62,0.71,2026-10-04,0917,N,nominal,2.0NRT,298.36,6.09,D
30.82462,73.93416,330.42,0.62,0.71,2026-10-04,0917,N,nominal,2.0NRT,298.06,2.15,D
30.80807,73.93693,367,0.62,0.71,2026-10-04,0917,N,high,2.0NRT,299.54,12.91,D
31.03411,74.26723,346.45,0.65,0.73,2026-10-04,0917,N,nominal,2.0NRT,296.51,6.2,D
31.03583,74.27254,335,0.65,0.73,2026-10-04,0917,N,nominal,2.0NRT,295.98,5.69,D
31.03555,74.26545,332.63,0.65,0.73,2026-10-04,0917,N,nominal,2.0NRT,295.64,5.69,D
31.23242,74.36356,341.01,0.66,0.73,2026-10-04,0917,N,nominal,2.0NRT,296.43,6.13,D
31.38436,75.06257,331.28,0.73,0.76,2026-10-04,0917,N,nominal,2.0NRT,294.25,7.07,D
31.3803,75.06023,337.07,0.73,0.76,2026-10-04,0917,N,nominal,2.0NRT,294.32,7.76,D
31.7552,73.71864,335.98,0.61,0.71,2026-10-04,0917,N,nominal,2.0NRT,296.31,7.48,D
31.75859,73.71892,337.43,0.61,0.71,2026-10-04,0917,N,nominal,2.0NRT,296.55,11,D
31.75832,73.71224,335.61,0.61,0.71,2026-10-04,0917,N,nominal,2.0NRT,296.5,7.5,D
29.92671,56.73301,342.56,0.44,0.38,2026-10-04,0917,N,nominal,2.0NRT,312.56,3.67,D
29.98929,55.85479,338.6,0.48,0.4,2026-10-04,0917,N,low,2.0NRT,313,5.82,D
32.11872,73.60845,341.95,0.61,0.71,2026-10-04,0917,N,nominal,2.0NRT,296.02,7.72,D
32.20844,73.75993,337.87,0.62,0.71,2026-10-04,0917,N,nominal,2.0NRT,295.57,9.05,D
34.85706,60.93905,336.46,0.42,0.38,2026-10-04,0920,N,nominal,2.0NRT,305.06,5.32,D
34.85645,60.93449,335.39,0.42,0.38,2026-10-04,0920,N,nominal,2.0NRT,303.07,5.32,D
36.34249,58.67927,333.3,0.39,0.36,2026-10-04,0920,N,low,2.0NRT,304.99,2.27,D
27.82113,77.44656,341.46,0.55,0.51,2026-10-04,0735,N,nominal,2.0NRT,302.61,11.68,D
27.81994,77.44101,332.69,0.55,0.51,2026-10-04,0735,N,nominal,2.0NRT,300.85,5.42,D
27.81769,77.44518,347.7,0.55,0.51,2026-10-04,0735,N,nominal,2.0NRT,302.47,7.53,D
27.82233,77.44391,343.07,0.55,0.51,2026-10-04,0735,N,nominal,2.0NRT,300.97,7.53,D
28.21327,77.85485,335.01,0.51,0.5,2026-10-04,0735,N,nominal,2.0NRT,304.61,3.31,D
28.92166,79.85252,329.63,0.39,0.44,2026-10-04,0735,N,nominal,2.0NRT,297.39,2.75,D
28.99477,79.75196,341.13,0.39,0.44,2026-10-04,0735,N,nominal,2.0NRT,296.03,4.25,D
28.84732,76.84982,331.63,0.57,0.52,2026-10-04,0735,N,low,2.0NRT,304.55,3.33,D
28.93953,76.23835,340.94,0.62,0.54,2026-10-04,0735,N,nominal,2.0NRT,304.39,10.28,D
30.46448,76.67077,334.06,0.54,0.51,2026-10-04,0737,N,nominal,2.0NRT,300.44,4.39,D
29.96532,73.87489,330.01,0.4,0.6,2026-10-04,0737,N,low,2.0NRT,302.41,1.81,D
30.09262,73.41095,331.55,0.42,0.61,2026-10-04,0737,N,nominal,2.0NRT,300.42,2.46,D
30.05369,73.23402,336.41,0.43,0.62,2026-10-04,0737,N,nominal,2.0NRT,298.97,2.98,D
30.28108,73.34043,333.73,0.42,0.61,2026-10-04,0737,N,nominal,2.0NRT,300.87,4.5,D
30.28324,73.33984,333.18,0.42,0.61,2026-10-04,0737,N,nominal,2.0NRT,300.86,3.85,D
30.35026,73.55765,330.12,0.41,0.61,2026-10-04,0737,N,nominal,2.0NRT,303.47,1.63,D
29.86609,71.62391,339,0.54,0.68,2026-10-04,0737,N,nominal,2.0NRT,299.78,4.93,D
30.46796,73.72507,367,0.4,0.6,2026-10-04,0737,N,high,2.0NRT,302.59,5.97,D
30.46696,73.72098,335.69,0.4,0.6,2026-10-04,0737,N,nominal,2.0NRT,299.7,5.97,D
29.63707,70.50125,331.45,0.63,0.72,2026-10-04,0737,N,nominal,2.0NRT,302.08,3.95,D
30.49009,73.74429,347.44,0.4,0.6,2026-10-04,0737,N,nominal,2.0NRT,301.36,4.13,D
30.46765,73.72308,367,0.4,0.6,2026-10-04,0737,N,high,2.0NRT,303.53,12.36,D
30.48993,73.74227,332.78,0.4,0.6,2026-10-04,0737,N,nominal,2.0NRT,300.44,4.67,D
30.53524,73.71429,333.58,0.4,0.6,2026-10-04,0737,N,nominal,2.0NRT,302.75,2.37,D
30.59163,73.89587,367,0.39,0.59,2026-10-04,0737,N,high,2.0NRT,303.7,6.77,D
30.63476,73.60191,330.36,0.4,0.6,2026-10-04,0737,N,nominal,2.0NRT,301.21,1.36,D
30.7386,74.00063,335.1,0.38,0.59,2026-10-04,0737,N,nominal,2.0NRT,301.08,2.93,D
30.73765,73.99674,333.59,0.38,0.59,2026-10-04,0737,N,nominal,2.0NRT,300.48,2.93,D
30.71383,73.73464,331.61,0.39,0.6,2026-10-04,0737,N,low,2.0NRT,302.95,1.31,D
30.71463,73.73449,333.74,0.39,0.59,2026-10-04,0737,N,nominal,2.0NRT,303.04,1.97,D
30.92824,74.30358,333.34,0.36,0.57,2026-10-04,0737,N,nominal,2.0NRT,299.44,2.81,D
30.84633,73.91893,343.56,0.38,0.59,2026-10-04,0737,N,nominal,2.0NRT,299.08,4.74,D
30.3458,71.79005,331.64,0.52,0.66,2026-10-04,0737,N,nominal,2.0NRT,299.03,4.34,D
31.19972,75.02879,367,0.32,0.55,2026-10-04,0737,N,high,2.0NRT,300.17,5.75,D
31.10552,74.51648,333.53,0.35,0.56,2026-10-04,0737,N,nominal,2.0NRT,299.86,1.97,D
31.06191,74.28741,341.02,0.36,0.57,2026-10-04,0737,N,nominal,2.0NRT,300.91,5.22,D
31.06103,74.28371,356.53,0.36,0.57,2026-10-04,0737,N,nominal,2.0NRT,302.4,5.22,D
31.06098,74.28514,367,0.36,0.57,2026-10-04,0737,N,high,2.0NRT,303.11,9.98,D
31.04068,74.13474,341.23,0.37,0.58,2026-10-04,0737,N,nominal,2.0NRT,298.13,3.94,D
31.09419,74.3301,340.08,0.36,0.57,2026-10-04,0737,N,nominal,2.0NRT,300.61,2.94,D
30.65289,72.01756,333.54,0.49,0.65,2026-10-04,0737,N,nominal,2.0NRT,299.58,2.65,D
31.30341,74.46806,342.49,0.35,0.56,2026-10-04,0737,N,nominal,2.0NRT,298.21,3.16,D
31.48635,74.97481,331.72,0.32,0.55,2026-10-04,0737,N,nominal,2.0NRT,299.77,1.51,D
31.59197,74.77737,332.5,0.33,0.55,2026-10-04,0737,N,nominal,2.0NRT,301.69,2.52,D
31.60187,74.77419,332.18,0.33,0.55,2026-10-04,0737,N,nominal,2.0NRT,300.19,2.27,D
31.53023,74.1032,333.25,0.36,0.57,2026-10-04,0737,N,nominal,2.0NRT,297.89,4.01,D
31.66967,74.66123,332.88,0.33,0.55,2026-10-04,0737,N,nominal,2.0NRT,298.95,2.45,D
31.71825,74.42677,330.44,0.34,0.56,2026-10-04,0737,N,nominal,2.0NRT,298.13,1.55,D
31.80075,74.44446,367,0.34,0.56,2026-10-04,0737,N,high,2.0NRT,299.38,8.26,D
31.8847,74.22414,336.87,0.35,0.56,2026-10-04,0737,N,nominal,2.0NRT,300.17,2.97,D
31.9213,74.28545,331.72,0.34,0.56,2026-10-04,0737,N,nominal,2.0NRT,297.97,3.4,D
31.85004,73.9671,367,0.36,0.57,2026-10-04,0737,N,high,2.0NRT,300.06,8.44,D
31.81028,73.78053,350.33,0.37,0.58,2026-10-04,0737,N,nominal,2.0NRT,298.73,6.46,D
31.94568,74.27361,336.05,0.34,0.56,2026-10-04,0737,N,nominal,2.0NRT,298.16,2.57,D
31.80872,73.78077,332.23,0.37,0.58,2026-10-04,0737,N,nominal,2.0NRT,298.22,3.28,D
31.81392,73.77904,336.15,0.37,0.58,2026-10-04,0737,N,nominal,2.0NRT,298,3.28,D
31.94723,74.27238,337.78,0.34,0.56,2026-10-04,0737,N,nominal,2.0NRT,297.98,3.26,D
31.88543,73.99899,330.48,0.36,0.57,2026-10-04,0737,N,nominal,2.0NRT,297.96,2.64,D
32.28068,75.34418,330.54,0.59,0.53,2026-10-04,0737,N,nominal,2.0NRT,295.77,6.55,D
31.92908,73.85945,338.72,0.36,0.58,2026-10-04,0737,N,nominal,2.0NRT,298.33,4.02,D
31.95123,73.90474,333.45,0.36,0.57,2026-10-04,0737,N,nominal,2.0NRT,297.81,2.71,D
31.95038,73.90623,347.53,0.36,0.57,2026-10-04,0737,N,nominal,2.0NRT,298.83,3.77,D
32.06263,73.86469,347.99,0.36,0.57,2026-10-04,0737,N,nominal,2.0NRT,299.11,6.29,D
32.06202,73.86432,353.91,0.36,0.57,2026-10-04,0737,N,nominal,2.0NRT,299.34,6.12,D
32.20963,73.97005,367,0.35,0.57,2026-10-04,0737,N,high,2.0NRT,301.82,11.11,D
32.23361,73.97787,332.83,0.35,0.57,2026-10-04,0737,N,nominal,2.0NRT,299.23,2.44,D
32.31121,74.00307,331.8,0.35,0.57,2026-10-04,0737,N,nominal,2.0NRT,298.5,2.33,D
32.27484,73.85252,332.25,0.36,0.57,2026-10-04,0737,N,nominal,2.0NRT,297.73,2.06,D
32.31211,74.00222,339.19,0.35,0.57,2026-10-04,0737,N,nominal,2.0NRT,298.19,2.99,D
32.27481,73.85213,332.7,0.36,0.57,2026-10-04,0737,N,nominal,2.0NRT,297.74,2.36,D
35.23225,73.40977,349.42,0.32,0.55,2026-10-04,0737,N,nominal,2.0NRT,298.11,2.93,D
35.16088,73.07586,343.6,0.34,0.56,2026-10-04,0737,N,nominal,2.0NRT,307.41,3.96,D
35.48024,71.23423,334.6,0.42,0.61,2026-10-04,0737,N,nominal,2.0NRT,294.48,3.03,D
35.4782,71.23473,334.94,0.42,0.61,2026-10-04,0737,N,nominal,2.0NRT,296.87,2.96,D
39.86058,96.71896,336.12,0.52,0.67,2026-10-04,0737,N,nominal,2.0NRT,297.25,3.41,D
25.37978,99.29948,296.47,0.67,0.73,2026-10-04,1819,N,nominal,2.0NRT,283.91,1.24,N
25.06969,99.28365,299.51,0.67,0.73,2026-10-04,1819,N,nominal,2.0NRT,284.05,1.19,N
25.06956,99.28708,300.09,0.66,0.73,2026-10-04,1821,N,nominal,2.0NRT,283.98,1.48,N
24.91528,99.09498,295.52,0.68,0.74,2026-10-04,1821,N,nominal,2.0NRT,285.32,0.89,N
39.86375,98.25253,299.17,0.54,0.42,2026-10-04,1957,N,nominal,2.0NRT,280.62,0.68,N
39.84326,98.27191,297.64,0.55,0.42,2026-10-04,1957,N,nominal,2.0NRT,276.95,1.05,N
39.84191,98.2782,300.68,0.55,0.42,2026-10-04,1957,N,nominal,2.0NRT,277.75,0.98,N
39.81371,98.29496,297.77,0.55,0.42,2026-10-04,1957,N,nominal,2.0NRT,284.47,1.18,N
39.80919,98.29895,299.59,0.55,0.43,2026-10-04,1957,N,nominal,2.0NRT,282.67,1.73,N
39.32726,100.20865,296.08,0.46,0.47,2026-10-04,1957,N,nominal,2.0NRT,274.36,0.68,N
29.22545,88.35135,296.73,0.39,0.36,2026-10-04,2002,N,nominal,2.0NRT,277.83,0.98,N
29.08434,88.01127,318.78,0.39,0.36,2026-10-04,2002,N,nominal,2.0NRT,276.71,2.01,N
27.46865,95.42462,303.1,0.45,0.47,2026-10-04,2002,N,nominal,2.0NRT,287.6,0.92,N
27.37874,95.3327,313.84,0.44,0.46,2026-10-04,2002,N,nominal,2.0NRT,288,1.57,N
27.37781,95.33715,308.22,0.45,0.47,2026-10-04,2002,N,nominal,2.0NRT,287.75,1.57,N
27.37667,95.0898,301.43,0.43,0.46,2026-10-04,2002,N,nominal,2.0NRT,287.75,0.6,N
27.31802,95.2679,301.01,0.44,0.46,2026-10-04,2002,N,nominal,2.0NRT,288.1,0.59,N
27.36863,94.89471,304.67,0.42,0.45,2026-10-04,2002,N,nominal,2.0NRT,287.04,1.05,N
38.92359,88.32458,297.91,0.45,0.39,2026-10-04,1957,N,nominal,2.0NRT,286.34,0.64,N
25.379,98.46673,301.06,0.38,0.58,2026-10-04,2002,N,nominal,2.0NRT,284.01,0.93,N
35.9896,94.82876,295.78,0.46,0.39,2026-10-04,1957,N,nominal,2.0NRT,270.23,1.31,N
36.94954,80.30647,300.86,0.36,0.57,2026-10-04,1957,N,nominal,2.0NRT,284.04,0.63,N
24.91867,99.099,297.83,0.42,0.61,2026-10-04,2002,N,nominal,2.0NRT,285.75,1.06,N
26.64158,79.47467,306.8,0.62,0.54,2026-10-04,2002,N,nominal,2.0NRT,293.8,0.86,N
25.53741,86.99426,306.14,0.39,0.36,2026-10-04,2002,N,nominal,2.0NRT,294.79,1.13,N
25.41504,86.02469,310.39,0.41,0.37,2026-10-04,2002,N,nominal,2.0NRT,295.42,1.17,N
25.03731,87.38907,311.35,0.39,0.36,2026-10-04,2002,N,nominal,2.0NRT,296.16,1.32,N
24.2456,90.74364,307.51,0.44,0.38,2026-10-04,2002,N,nominal,2.0NRT,293.4,0.7,N
24.11704,86.85823,308.06,0.39,0.36,2026-10-04,2002,N,nominal,2.0NRT,296.31,1.08,N
24.11646,86.86205,308.28,0.39,0.36,2026-10-04,2002,N,nominal,2.0NRT,296.16,1.24,N
24.11312,86.86145,306.74,0.39,0.36,2026-10-04,2002,N,nominal,2.0NRT,296.6,0.94,N
24.14633,86.33282,311.74,0.4,0.37,2026-10-04,2002,N,nominal,2.0NRT,295.61,0.77,N
25.15628,76.17697,320.25,0.48,0.65,2026-10-04,2002,N,nominal,2.0NRT,294.47,3.19,N
24.44998,83.03924,305.12,0.54,0.42,2026-10-04,2002,N,nominal,2.0NRT,294.75,1.07,N
21.80568,97.22276,301.7,0.37,0.58,2026-10-04,2002,N,nominal,2.0NRT,288.51,0.37,N
21.80039,97.22137,330.12,0.37,0.58,2026-10-04,2002,N,nominal,2.0NRT,289.12,1.94,N
23.69431,87.12351,313.7,0.39,0.36,2026-10-04,2002,N,nominal,2.0NRT,296.22,1.2,N
23.69567,87.09271,310.95,0.39,0.36,2026-10-04,2002,N,nominal,2.0NRT,294.8,2.08,N
23.69275,87.11159,312.49,0.39,0.36,2026-10-04,2002,N,nominal,2.0NRT,296.22,1.8,N
23.69099,87.12289,314.14,0.39,0.36,2026-10-04,2002,N,nominal,2.0NRT,296.22,1.2,N
23.68768,87.12228,325.48,0.39,0.36,2026-10-04,2002,N,nominal,2.0NRT,297.3,2.78,N
21.80353,97.22326,328.88,0.37,0.58,2026-10-04,2002,N,nominal,2.0NRT,288.89,2.19,N
23.69118,87.09966,312.68,0.39,0.36,2026-10-04,2002,N,nominal,2.0NRT,296.68,1.7,N
23.80494,86.33096,328.7,0.4,0.37,2026-10-04,2002,N,nominal,2.0NRT,300.66,1.94,N
23.80552,86.32706,310.1,0.4,0.37,2026-10-04,2002,N,nominal,2.0NRT,298.09,1.94,N
23.68319,87.12923,311.57,0.39,0.36,2026-10-04,2002,N,nominal,2.0NRT,295.99,1.13,N
23.80158,86.33036,327.84,0.4,0.37,2026-10-04,2002,N,nominal,2.0NRT,298.55,3.59,N
23.79867,86.34975,319.94,0.4,0.37,2026-10-04,2002,N,nominal,2.0NRT,299.19,2.58,N
23.79472,86.35304,325.72,0.4,0.37,2026-10-04,2002,N,nominal,2.0NRT,298.38,2.58,N
23.80054,86.3142,307.59,0.4,0.37,2026-10-04,2002,N,nominal,2.0NRT,297.55,2.23,N
23.67323,87.12741,313.81,0.39,0.36,2026-10-04,2002,N,nominal,2.0NRT,294.55,0.57,N
23.66466,87.16074,321.58,0.39,0.36,2026-10-04,2002,N,nominal,2.0NRT,295.7,1.15,N
23.78219,86.39062,312.03,0.4,0.37,2026-10-04,2002,N,nominal,2.0NRT,297.91,1.33,N
23.78161,86.39449,309.95,0.4,0.37,2026-10-04,2002,N,nominal,2.0NRT,298.19,1.07,N
23.66524,87.15697,309.32,0.39,0.36,2026-10-04,2002,N,nominal,2.0NRT,296.86,1.15,N
23.77883,86.39002,339.66,0.4,0.37,2026-10-04,2002,N,nominal,2.0NRT,301,3.21,N
23.66192,87.15636,321.15,0.39,0.36,2026-10-04,2002,N,nominal,2.0NRT,295.37,1.3,N
23.78116,86.37453,311.25,0.4,0.37,2026-10-04,2002,N,nominal,2.0NRT,296.98,2.24,N
23.66251,87.15259,307.98,0.39,0.36,2026-10-04,2002,N,nominal,2.0NRT,295.4,1.18,N
23.78186,86.34676,310.2,0.4,0.37,2026-10-04,2002,N,nominal,2.0NRT,296.89,1.06,N
23.77606,86.38555,312.51,0.4,0.37,2026-10-04,2002,N,nominal,2.0NRT,297.42,3.21,N
23.7756,86.36557,322.8,0.4,0.37,2026-10-04,2002,N,nominal,2.0NRT,298.52,1.8,N
23.79533,86.23337,309.64,0.4,0.37,2026-10-04,2002,N,nominal,2.0NRT,295.85,0.9,N
23.77618,86.36169,313.55,0.4,0.37,2026-10-04,2002,N,nominal,2.0NRT,296.98,1.8,N
23.7698,86.4043,310.06,0.4,0.37,2026-10-04,2002,N,nominal,2.0NRT,297.11,2.99,N
23.76644,86.4037,337.49,0.4,0.37,2026-10-04,2002,N,nominal,2.0NRT,300.31,2.99,N
23.77224,86.36497,318.6,0.4,0.37,2026-10-04,2002,N,nominal,2.0NRT,295.88,1.8,N
23.76586,86.40758,311.3,0.39,0.37,2026-10-04,2002,N,nominal,2.0NRT,297.46,1.6,N
23.76308,86.40311,336.48,0.4,0.37,2026-10-04,2002,N,nominal,2.0NRT,299.27,2.67,N
23.76483,86.39149,313.14,0.4,0.37,2026-10-04,2002,N,nominal,2.0NRT,300.11,1.72,N
23.76425,86.39536,312.36,0.4,0.37,2026-10-04,2002,N,nominal,2.0NRT,299.62,1.72,N
23.75973,86.4025,327.28,0.4,0.37,2026-10-04,2002,N,nominal,2.0NRT,298.48,2.67,N
23.76031,86.39863,313.94,0.4,0.37,2026-10-04,2002,N,nominal,2.0NRT,297.56,2.67,N
23.75683,86.42184,315.17,0.39,0.37,2026-10-04,2002,N,nominal,2.0NRT,295.47,1.31,N
23.75579,86.40578,312.11,0.39,0.37,2026-10-04,2002,N,nominal,2.0NRT,295.97,1.2,N
23.75406,86.41739,309.23,0.39,0.37,2026-10-04,2002,N,nominal,2.0NRT,296.92,1.54,N
23.75348,86.42125,314.09,0.39,0.37,2026-10-04,2002,N,nominal,2.0NRT,296.64,2.08,N
23.78137,86.21091,328.18,0.4,0.37,2026-10-04,2002,N,nominal,2.0NRT,299.01,2.5,N
23.7507,86.41679,321.68,0.39,0.37,2026-10-04,2002,N,nominal,2.0NRT,297.71,1.54,N
23.6719,86.93678,322.73,0.39,0.36,2026-10-04,2002,N,nominal,2.0NRT,295.89,2.08,N
23.778,86.2103,325.2,0.4,0.37,2026-10-04,2002,N,nominal,2.0NRT,299.92,1.91,N
23.77858,86.20639,309.88,0.4,0.37,2026-10-04,2002,N,nominal,2.0NRT,298.91,2.64,N
23.74677,86.42005,307.2,0.39,0.37,2026-10-04,2002,N,nominal,2.0NRT,296.65,1.34,N
23.66858,86.93617,307.43,0.39,0.36,2026-10-04,2002,N,nominal,2.0NRT,295.07,1.21,N
23.77463,86.20969,309.58,0.4,0.37,2026-10-04,2002,N,nominal,2.0NRT,297.31,1.91,N
23.77299,86.19738,325.41,0.4,0.37,2026-10-04,2002,N,nominal,2.0NRT,298.04,2.94,N
23.73775,86.4343,343.39,0.39,0.37,2026-10-04,2002,N,nominal,2.0NRT,302.22,3.45,N
23.73833,86.43044,307.39,0.39,0.37,2026-10-04,2002,N,nominal,2.0NRT,297.05,1.34,N
23.66425,86.9198,306.95,0.39,0.36,2026-10-04,2002,N,nominal,2.0NRT,296.42,1.12,N
23.73497,86.42985,308.59,0.39,0.37,2026-10-04,2002,N,nominal,2.0NRT,296.46,1.34,N
23.73439,86.4337,308.96,0.39,0.37,2026-10-04,2002,N,nominal,2.0NRT,296.99,3.45,N
23.66209,86.91161,306.6,0.39,0.36,2026-10-04,2002,N,nominal,2.0NRT,295.36,0.85,N
23.72653,86.44024,308.9,0.39,0.37,2026-10-04,2002,N,nominal,2.0NRT,297.09,1.68,N
23.72318,86.43963,317,0.39,0.37,2026-10-04,2002,N,nominal,2.0NRT,298.58,1.57,N
23.72271,86.41972,309.62,0.39,0.37,2026-10-04,2002,N,nominal,2.0NRT,298.64,2.03,N
23.71925,86.44289,310.25,0.39,0.36,2026-10-04,2002,N,nominal,2.0NRT,298.06,1.57,N
23.61217,87.14726,310.36,0.39,0.36,2026-10-04,2002,N,nominal,2.0NRT,296.36,1.07,N
23.71878,86.42298,308.89,0.39,0.37,2026-10-04,2002,N,nominal,2.0NRT,296.98,1.05,N
23.71589,86.4423,310.92,0.39,0.36,2026-10-04,2002,N,nominal,2.0NRT,296.68,1.36,N
23.71474,86.45002,313.3,0.39,0.36,2026-10-04,2002,N,nominal,2.0NRT,297.63,1.72,N
23.71542,86.42239,313.64,0.39,0.37,2026-10-04,2002,N,nominal,2.0NRT,298.21,1.05,N
23.71485,86.42624,309.13,0.39,0.37,2026-10-04,2002,N,nominal,2.0NRT,298.52,1.05,N
23.71139,86.44942,318.63,0.39,0.36,2026-10-04,2002,N,nominal,2.0NRT,298.3,1.72,N
23.77477,85.99618,307.34,0.4,0.37,2026-10-04,2002,N,nominal,2.0NRT,294.92,0.97,N
23.71206,86.4218,307.41,0.39,0.37,2026-10-04,2002,N,nominal,2.0NRT,296.39,2,N
23.83771,85.46884,308.98,0.42,0.37,2026-10-04,2002,N,nominal,2.0NRT,297.11,1.63,N
24.2053,82.71078,309.66,0.56,0.43,2026-10-04,2002,N,nominal,2.0NRT,295.55,2.34,N
23.82323,85.49567,308.31,0.42,0.37,2026-10-04,2002,N,nominal,2.0NRT,297.15,1.7,N
23.56094,87.23913,311.01,0.39,0.36,2026-10-04,2002,N,nominal,2.0NRT,294.94,1.15,N
24.19664,82.71541,309.02,0.56,0.43,2026-10-04,2002,N,nominal,2.0NRT,293.68,1.96,N
23.68759,86.39046,307.23,0.39,0.37,2026-10-04,2002,N,nominal,2.0NRT,296.64,1.67,N
23.55762,87.23853,308.18,0.39,0.36,2026-10-04,2002,N,nominal,2.0NRT,294.04,1.15,N
23.55704,87.24228,308.35,0.39,0.36,2026-10-04,2002,N,nominal,2.0NRT,294.28,1.15,N
23.68365,86.39375,326.68,0.39,0.37,2026-10-04,2002,N,nominal,2.0NRT,299.86,2.64,N
23.81103,85.53122,306.21,0.42,0.37,2026-10-04,2002,N,nominal,2.0NRT,292.9,0.79,N
23.68423,86.38986,306.69,0.39,0.37,2026-10-04,2002,N,nominal,2.0NRT,296.22,1.53,N
23.55372,87.24168,307.69,0.39,0.36,2026-10-04,2002,N,nominal,2.0NRT,295.1,1.79,N
23.55313,87.24544,310.92,0.39,0.36,2026-10-04,2002,N,nominal,2.0NRT,296.24,1.68,N
23.76009,85.85637,319.44,0.41,0.37,2026-10-04,2002,N,nominal,2.0NRT,296.46,1.94,N
23.75951,85.86035,316.91,0.41,0.37,2026-10-04,2002,N,nominal,2.0NRT,295.18,2.12,N
23.67971,86.397,317.11,0.39,0.37,2026-10-04,2002,N,nominal,2.0NRT,299.15,2.64,N
23.54982,87.24483,317.4,0.39,0.36,2026-10-04,2002,N,nominal,2.0NRT,295.51,1.68,N
23.67578,86.40026,322.06,0.39,0.37,2026-10-04,2002,N,nominal,2.0NRT,300.25,1.97,N
23.80297,85.53818,304.37,0.42,0.37,2026-10-04,2002,N,nominal,2.0NRT,294.24,1.07,N
23.75727,85.85181,313.81,0.41,0.37,2026-10-04,2002,N,nominal,2.0NRT,296.17,1.36,N
23.75669,85.85579,311.18,0.41,0.37,2026-10-04,2002,N,nominal,2.0NRT,296.82,1.36,N
23.67694,86.39253,309.11,0.39,0.37,2026-10-04,2002,N,nominal,2.0NRT,295.84,1.52,N
23.67636,86.3964,314.66,0.39,0.37,2026-10-04,2002,N,nominal,2.0NRT,298.7,1.52,N
23.6752,86.40413,310.24,0.39,0.37,2026-10-04,2002,N,nominal,2.0NRT,298.45,1.97,N
23.75328,85.85519,307.38,0.41,0.37,2026-10-04,2002,N,nominal,2.0NRT,295.32,1.36,N
23.61319,86.79035,310.01,0.39,0.36,2026-10-04,2002,N,nominal,2.0NRT,296.59,1.25,N
24.18305,82.66264,306.59,0.56,0.43,2026-10-04,2002,N,nominal,2.0NRT,294.17,1.9,N
23.56386,87.0887,306.24,0.39,0.36,2026-10-04,2002,N,nominal,2.0NRT,295.69,1.22,N
23.56112,87.08433,324.57,0.39,0.36,2026-10-04,2002,N,nominal,2.0NRT,296.82,1.22,N
23.78688,85.55203,305.07,0.41,0.37,2026-10-04,2002,N,nominal,2.0NRT,294.97,0.89,N
23.77994,85.57576,308.29,0.41,0.37,2026-10-04,2002,N,nominal,2.0NRT,296.47,1.87,N
24.32579,81.32843,307.16,0.45,0.47,2026-10-04,2002,N,nominal,2.0NRT,295.25,1.07,N
24.1626,82.63157,304.53,0.56,0.43,2026-10-04,2002,N,nominal,2.0NRT,293.89,0.77,N
12.07803,79.83688,305.2,0.39,0.44,2026-10-04,2006,N,nominal,2.0NRT,291.65,0.92,N
24.1473,82.65723,319.21,0.56,0.43,2026-10-04,2002,N,nominal,2.0NRT,295.32,2.68,N
11.26998,80.00286,318.45,0.55,0.43,2026-10-04,2006,N,nominal,2.0NRT,293.82,2.47,N
23.68334,86.09428,306.8,0.4,0.37,2026-10-04,2002,N,nominal,2.0NRT,295.21,1.56,N
11.26725,80.00054,314.51,0.55,0.43,2026-10-04,2006,N,nominal,2.0NRT,293.42,1.29,N
11.26651,80.00563,308.22,0.55,0.43,2026-10-04,2006,N,nominal,2.0NRT,293.53,1.29,N
23.6817,86.08192,317.37,0.4,0.37,2026-10-04,2002,N,nominal,2.0NRT,295.53,1.82,N
10.21166,79.07895,295.39,0.41,0.45,2026-10-04,2006,N,nominal,2.0NRT,258.07,0.62,N
23.67996,86.0937,312.13,0.4,0.37,2026-10-04,2002,N,nominal,2.0NRT,295.47,1.93,N
23.67938,86.09762,310.39,0.4,0.37,2026-10-04,2002,N,nominal,2.0NRT,295.43,1.68,N
23.84047,84.94751,306.34,0.44,0.38,2026-10-04,2002,N,nominal,2.0NRT,293.21,1.25,N
23.67774,86.08527,317.45,0.4,0.37,2026-10-04,2002,N,nominal,2.0NRT,297.3,1.82,N
23.58189,86.72609,315.65,0.39,0.36,2026-10-04,2002,N,nominal,2.0NRT,297.45,1.56,N
23.48351,87.36397,307.35,0.38,0.36,2026-10-04,2002,N,nominal,2.0NRT,295.8,1.81,N
23.67435,86.08468,318.37,0.4,0.37,2026-10-04,2002,N,nominal,2.0NRT,295.37,1.96,N
23.67378,86.0886,316.14,0.4,0.37,2026-10-04,2002,N,nominal,2.0NRT,294.66,1.03,N
23.66982,86.09193,306.88,0.4,0.37,2026-10-04,2002,N,nominal,2.0NRT,295.7,1.03,N
23.74398,85.50721,305.95,0.42,0.37,2026-10-04,2002,N,nominal,2.0NRT,294.53,0.74,N
23.62976,86.29285,314.11,0.4,0.37,2026-10-04,2002,N,nominal,2.0NRT,296.65,1.61,N
23.54949,86.54414,310.75,0.39,0.36,2026-10-04,2002,N,nominal,2.0NRT,296.92,1.26,N
23.69876,85.36613,305.77,0.42,0.38,2026-10-04,2002,N,nominal,2.0NRT,293.13,0.83,N
23.69648,85.35731,307.33,0.42,0.38,2026-10-04,2002,N,nominal,2.0NRT,294.04,0.75,N
23.69471,85.36964,309.56,0.42,0.38,2026-10-04,2002,N,nominal,2.0NRT,295.32,1.58,N
23.73849,85.00999,307.58,0.43,0.38,2026-10-04,2002,N,nominal,2.0NRT,294.88,2.48,N
23.69549,85.28952,314.68,0.42,0.38,2026-10-04,2002,N,nominal,2.0NRT,295.11,1.88,N
23.72097,85.00703,309.46,0.43,0.38,2026-10-04,2002,N,nominal,2.0NRT,293.91,1.14,N
23.67636,85.32439,309.28,0.42,0.38,2026-10-04,2002,N,nominal,2.0NRT,294.82,1.24,N
23.64968,85.43751,327.32,0.42,0.37,2026-10-04,2002,N,nominal,2.0NRT,295.69,2.64,N
23.64624,85.43692,313.57,0.42,0.37,2026-10-04,2002,N,nominal,2.0NRT,294.69,1.97,N
23.60864,85.67536,308.63,0.41,0.37,2026-10-04,2002,N,nominal,2.0NRT,294.74,1.12,N
23.65211,85.34555,309.19,0.42,0.38,2026-10-04,2002,N,nominal,2.0NRT,296.39,1.22,N
23.66832,84.9956,304.85,0.43,0.38,2026-10-04,2002,N,nominal,2.0NRT,293,1.46,N
23.66422,84.99922,313.96,0.43,0.38,2026-10-04,2002,N,nominal,2.0NRT,294.67,1.55,N
21.59296,96.22745,307.16,0.33,0.55,2026-10-04,2002,N,nominal,2.0NRT,291.29,1.38,N
22.87398,88.21344,307.59,0.39,0.36,2026-10-04,2002,N,nominal,2.0NRT,295.4,2.01,N
20.85077,98.35648,321.96,0.46,0.64,2026-10-04,2002,N,nominal,2.0NRT,284.23,2.55,N
22.8748,86.06399,312.23,0.4,0.37,2026-10-04,2002,N,nominal,2.0NRT,296.22,1.43,N
22.81633,86.08553,304.88,0.4,0.37,2026-10-04,2002,N,nominal,2.0NRT,294.85,0.97,N
22.79573,86.20031,315.09,0.39,0.37,2026-10-04,2002,N,nominal,2.0NRT,296.45,2.17,N
22.7918,86.20357,310.08,0.39,0.37,2026-10-04,2002,N,nominal,2.0NRT,296.68,1.44,N
22.79122,86.20739,309.99,0.39,0.37,2026-10-04,2002,N,nominal,2.0NRT,296.71,1.44,N
22.79065,86.21122,308.08,0.39,0.37,2026-10-04,2002,N,nominal,2.0NRT,295.87,1.28,N
22.78959,86.19529,309.16,0.39,0.37,2026-10-04,2002,N,nominal,2.0NRT,297.05,1.51,N
22.78902,86.19913,311.13,0.39,0.37,2026-10-04,2002,N,nominal,2.0NRT,297.8,1.51,N
22.80173,86.09087,308.31,0.4,0.37,2026-10-04,2002,N,nominal,2.0NRT,296.94,1.49,N
23.16746,82.34091,312.88,0.57,0.43,2026-10-04,2002,N,nominal,2.0NRT,294.5,2.16,N
23.16347,82.34024,308.92,0.57,0.43,2026-10-04,2002,N,nominal,2.0NRT,293.36,2.16,N
22.60867,85.91196,307.31,0.4,0.37,2026-10-04,2002,N,nominal,2.0NRT,295.19,1.56,N
22.38153,87.29062,313.68,0.38,0.36,2026-10-04,2002,N,nominal,2.0NRT,296.13,1.36,N
22.59159,85.90616,310.87,0.4,0.37,2026-10-04,2002,N,nominal,2.0NRT,296.26,1.27,N
22.37998,87.27887,311.34,0.38,0.36,2026-10-04,2002,N,nominal,2.0NRT,297.17,1.15,N
22.37667,87.27826,340.78,0.38,0.36,2026-10-04,2002,N,nominal,2.0NRT,301.17,5.05,N
22.58822,85.90557,311.88,0.4,0.37,2026-10-04,2002,N,nominal,2.0NRT,296.23,1.33,N
22.37609,87.28197,314.51,0.38,0.36,2026-10-04,2002,N,nominal,2.0NRT,296.96,1.31,N
22.36984,87.29996,307.69,0.38,0.36,2026-10-04,2002,N,nominal,2.0NRT,297.05,0.84,N
22.36925,87.30367,309.82,0.38,0.36,2026-10-04,2002,N,nominal,2.0NRT,297.21,0.72,N
22.36653,87.29935,323.68,0.38,0.36,2026-10-04,2002,N,nominal,2.0NRT,298.65,1.93,N
22.36594,87.30306,317.76,0.38,0.36,2026-10-04,2002,N,nominal,2.0NRT,298.28,1.26,N
22.36322,87.29874,306.83,0.38,0.36,2026-10-04,2002,N,nominal,2.0NRT,296.24,1.93,N
22.36263,87.30245,311.63,0.38,0.36,2026-10-04,2002,N,nominal,2.0NRT,296.21,1.26,N
22.57308,85.89104,306.93,0.4,0.37,2026-10-04,2002,N,nominal,2.0NRT,296.03,1.64,N
22.5725,85.89494,315.63,0.4,0.37,2026-10-04,2002,N,nominal,2.0NRT,296.56,1.64,N
22.57192,85.89882,310.59,0.4,0.37,2026-10-04,2002,N,nominal,2.0NRT,296.27,1.31,N
22.35954,87.27896,307.77,0.38,0.36,2026-10-04,2002,N,nominal,2.0NRT,296.29,0.7,N
22.35778,87.2901,317,0.38,0.36,2026-10-04,2002,N,nominal,2.0NRT,297.35,1.6,N
22.36678,87.01636,315.56,0.38,0.36,2026-10-04,2002,N,nominal,2.0NRT,296.72,1.75,N
22.3662,87.02008,308.94,0.38,0.36,2026-10-04,2002,N,nominal,2.0NRT,296.92,1.08,N
22.36288,87.01948,314.23,0.38,0.36,2026-10-04,2002,N,nominal,2.0NRT,296.9,1.49,N
22.24386,87.38828,327.66,0.38,0.36,2026-10-04,2002,N,nominal,2.0NRT,296.84,2.39,N
22.05671,88.12476,328.36,0.39,0.36,2026-10-04,2002,N,nominal,2.0NRT,297.9,1.62,N
22.05338,88.12413,315.6,0.39,0.36,2026-10-04,2002,N,nominal,2.0NRT,298.88,1.62,N
22.04981,88.10413,308.22,0.39,0.36,2026-10-04,2002,N,nominal,2.0NRT,296.07,0.77,N
22.21017,84.86169,324.42,0.42,0.38,2026-10-04,2002,N,nominal,2.0NRT,295.83,3.57,N
22.22123,84.75764,305.62,0.43,0.38,2026-10-04,2002,N,nominal,2.0NRT,294.81,1.54,N
22.13226,85.38243,307.18,0.41,0.37,2026-10-04,2002,N,nominal,2.0NRT,292.86,0.94,N
22.20866,84.8628,324.4,0.42,0.38,2026-10-04,2002,N,nominal,2.0NRT,296.1,2.7,N
22.20747,84.87103,307.28,0.42,0.38,2026-10-04,2002,N,nominal,2.0NRT,294.55,0.67,N
22.13225,85.38345,307.26,0.41,0.37,2026-10-04,2002,N,nominal,2.0NRT,292.96,0.81,N
22.22015,84.75889,304.28,0.43,0.38,2026-10-04,2002,N,nominal,2.0NRT,294.07,1.6,N
22.20698,84.84986,312.73,0.42,0.38,2026-10-04,2002,N,nominal,2.0NRT,294.11,1.44,N
22.21726,84.75417,306.55,0.43,0.38,2026-10-04,2002,N,nominal,2.0NRT,294.65,1.16,N
22.2035,84.84928,311.83,0.42,0.38,2026-10-04,2002,N,nominal,2.0NRT,293.85,0.89,N
22.20002,84.84871,304.56,0.42,0.38,2026-10-04,2002,N,nominal,2.0NRT,294.02,0.89,N
22.20681,84.55106,308.19,0.44,0.38,2026-10-04,2002,N,nominal,2.0NRT,294.79,1.14,N
22.20323,84.57632,306.18,0.43,0.38,2026-10-04,2002,N,nominal,2.0NRT,294.25,0.62,N
22.05414,85.46312,304.18,0.41,0.37,2026-10-04,2002,N,nominal,2.0NRT,293.48,0.63,N
22.05357,85.46703,303.92,0.41,0.37,2026-10-04,2002,N,nominal,2.0NRT,293.18,0.63,N
21.96828,85.31271,308.07,0.41,0.37,2026-10-04,2004,N,nominal,2.0NRT,293.12,1.03,N
22.33052,82.60755,317.64,0.54,0.42,2026-10-04,2004,N,nominal,2.0NRT,294.94,2.48,N
22.36113,82.30095,309.38,0.56,0.43,2026-10-04,2004,N,nominal,2.0NRT,294.95,1.45,N
22.35716,82.30034,307.94,0.56,0.43,2026-10-04,2004,N,nominal,2.0NRT,294.34,2.21,N
22.32083,82.59008,319.76,0.54,0.42,2026-10-04,2004,N,nominal,2.0NRT,294.87,2.52,N
22.32025,82.56316,308.71,0.54,0.42,2026-10-04,2004,N,nominal,2.0NRT,296.26,1.95,N
22.31635,82.56258,315.04,0.54,0.42,2026-10-04,2004,N,nominal,2.0NRT,296.7,2.98,N
22.31596,82.53393,305.68,0.54,0.42,2026-10-04,2004,N,nominal,2.0NRT,294.91,2.01,N
21.92942,85.22179,307.87,0.41,0.37,2026-10-04,2004,N,nominal,2.0NRT,294.15,1.6,N
21.926,85.22121,310.65,0.41,0.37,2026-10-04,2004,N,nominal,2.0NRT,293.86,1.48,N
21.92542,85.22518,309.89,0.41,0.37,2026-10-04,2004,N,nominal,2.0NRT,293.35,0.98,N
22.06377,83.70655,308.17,0.47,0.4,2026-10-04,2004,N,nominal,2.0NRT,293.93,1.8,N
21.80188,85.56644,304.17,0.4,0.37,2026-10-04,2004,N,nominal,2.0NRT,293.26,0.68,N
22.04244,83.72651,307.74,0.47,0.4,2026-10-04,2004,N,nominal,2.0NRT,294.92,1.6,N
22.03818,83.73051,311.88,0.47,0.4,2026-10-04,2004,N,nominal,2.0NRT,296.87,1.6,N
22.04285,83.72848,308.98,0.47,0.4,2026-10-04,2004,N,nominal,2.0NRT,295.32,1.57,N
22.0392,83.72791,306.99,0.47,0.4,2026-10-04,2004,N,nominal,2.0NRT,295.11,1.31,N
22.03857,83.73247,311.31,0.47,0.4,2026-10-04,2004,N,nominal,2.0NRT,297.32,1.31,N
21.76479,85.58055,303.34,0.4,0.37,2026-10-04,2004,N,nominal,2.0NRT,293.09,0.94,N
22.03773,83.35242,319.52,0.49,0.4,2026-10-04,2004,N,nominal,2.0NRT,296.98,3.25,N
22.03212,83.366,305.29,0.49,0.4,2026-10-04,2004,N,nominal,2.0NRT,294.79,0.84,N
21.95394,83.80695,305.73,0.46,0.39,2026-10-04,2004,N,nominal,2.0NRT,294.67,0.86,N
21.98392,83.23438,311.57,0.49,0.41,2026-10-04,2004,N,nominal,2.0NRT,295.23,1.13,N
21.97953,83.23862,306.8,0.49,0.41,2026-10-04,2004,N,nominal,2.0NRT,295.19,1.13,N
21.85733,83.96691,306.19,0.46,0.39,2026-10-04,2004,N,nominal,2.0NRT,294.98,1.1,N
21.9281,83.33785,309.71,0.49,0.4,2026-10-04,2004,N,nominal,2.0NRT,296.03,1.68,N
21.92248,83.3515,322.22,0.49,0.4,2026-10-04,2004,N,nominal,2.0NRT,298.12,2.62,N
21.91876,83.35091,318.37,0.49,0.4,2026-10-04,2004,N,nominal,2.0NRT,297.17,2.62,N
22.00427,82.66929,316,0.53,0.42,2026-10-04,2004,N,nominal,2.0NRT,296.82,2.68,N
21.82007,83.99706,305.24,0.45,0.39,2026-10-04,2004,N,nominal,2.0NRT,294.89,1.02,N
21.87767,83.54521,304.52,0.48,0.4,2026-10-04,2004,N,nominal,2.0NRT,293.81,0.83,N
21.87651,83.4976,308.49,0.48,0.4,2026-10-04,2004,N,nominal,2.0NRT,294.68,0.99,N
21.79845,83.88282,306.03,0.46,0.39,2026-10-04,2004,N,nominal,2.0NRT,295.11,1.35,N
21.76843,84.01807,317.26,0.45,0.39,2026-10-04,2004,N,nominal,2.0NRT,297.58,1.63,N
21.76484,84.01749,314.09,0.45,0.39,2026-10-04,2004,N,nominal,2.0NRT,297.08,1.63,N
21.76423,84.0219,307.99,0.45,0.39,2026-10-04,2004,N,nominal,2.0NRT,296.66,1.63,N
21.75644,84.02513,309.21,0.45,0.39,2026-10-04,2004,N,nominal,2.0NRT,297.03,1.21,N
21.7624,83.84973,320.9,0.46,0.39,2026-10-04,2004,N,nominal,2.0NRT,297.17,2.29,N
21.7594,83.84471,310.19,0.46,0.39,2026-10-04,2004,N,nominal,2.0NRT,295.36,2.29,N
21.75578,83.84414,316.33,0.46,0.39,2026-10-04,2004,N,nominal,2.0NRT,296.79,2.58,N
21.74854,83.84302,321.2,0.46,0.39,2026-10-04,2004,N,nominal,2.0NRT,296.92,1.59,N
21.74859,83.81567,313.02,0.46,0.39,2026-10-04,2004,N,nominal,2.0NRT,295.07,1.94,N
21.74492,83.84246,309.63,0.46,0.39,2026-10-04,2004,N,nominal,2.0NRT,295.83,1.59,N
21.7413,83.84191,308.21,0.46,0.39,2026-10-04,2004,N,nominal,2.0NRT,296.76,2.04,N
21.71396,84.04064,307.83,0.45,0.39,2026-10-04,2004,N,nominal,2.0NRT,295.09,1.17,N
21.68111,84.03983,312.91,0.45,0.39,2026-10-04,2004,N,nominal,2.0NRT,297.09,1.92,N
21.67753,84.03925,319.29,0.45,0.39,2026-10-04,2004,N,nominal,2.0NRT,296.86,2.46,N
21.67974,84.037,316.15,0.45,0.39,2026-10-04,2004,N,nominal,2.0NRT,296.56,2.25,N
21.06578,86.45871,316.32,0.39,0.36,2026-10-04,2004,N,nominal,2.0NRT,297.02,0.85,N
21.62028,81.79396,304.71,0.39,0.44,2026-10-04,2004,N,nominal,2.0NRT,294.11,0.63,N
21.00021,86.02727,311.32,0.39,0.36,2026-10-04,2004,N,nominal,2.0NRT,296.09,0.9,N
20.99581,86.01112,304.83,0.39,0.36,2026-10-04,2004,N,nominal,2.0NRT,294.4,0.93,N
20.97015,86.02205,314.42,0.39,0.36,2026-10-04,2004,N,nominal,2.0NRT,296.41,1.05,N
20.96795,86.01398,333.89,0.39,0.36,2026-10-04,2004,N,nominal,2.0NRT,298.89,3.69,N
20.96852,86.01023,311.26,0.39,0.36,2026-10-04,2004,N,nominal,2.0NRT,298.12,3.35,N
20.96225,86.05145,307.47,0.39,0.36,2026-10-04,2004,N,nominal,2.0NRT,296.04,0.88,N
20.96631,86.00217,321.03,0.39,0.36,2026-10-04,2004,N,nominal,2.0NRT,297.34,2.73,N
20.9624,86.00534,318.36,0.39,0.36,2026-10-04,2004,N,nominal,2.0NRT,295.93,1.95,N
20.9528,86.04598,325.86,0.39,0.36,2026-10-04,2004,N,nominal,2.0NRT,296.74,2.16,N
20.95224,86.04971,307.91,0.39,0.36,2026-10-04,2004,N,nominal,2.0NRT,297.22,1.37,N
20.95057,86.04622,341.82,0.39,0.36,2026-10-04,2004,N,nominal,2.0NRT,296.85,4.81,N
20.9416,86.06,309.38,0.39,0.36,2026-10-04,2004,N,nominal,2.0NRT,297.43,1.27,N
21.0823,85.03419,306.83,0.41,0.37,2026-10-04,2004,N,nominal,2.0NRT,295.31,2.86,N
21.07888,85.03362,336.13,0.41,0.37,2026-10-04,2004,N,nominal,2.0NRT,297.67,2.86,N
21.07829,85.03756,335.56,0.41,0.37,2026-10-04,2004,N,nominal,2.0NRT,299.59,2.86,N
21.07771,85.04153,311.11,0.41,0.37,2026-10-04,2004,N,nominal,2.0NRT,295.57,2.27,N
21.07487,85.037,313.89,0.41,0.37,2026-10-04,2004,N,nominal,2.0NRT,298.77,2.53,N
21.07428,85.04095,308.54,0.41,0.37,2026-10-04,2004,N,nominal,2.0NRT,295.42,1.09,N
21.0737,85.04492,310.08,0.41,0.37,2026-10-04,2004,N,nominal,2.0NRT,295.21,1.09,N
21.48729,81.76765,313.52,0.39,0.44,2026-10-04,2004,N,nominal,2.0NRT,295.64,1.63,N
20.97837,85.16994,312.88,0.41,0.37,2026-10-04,2004,N,nominal,2.0NRT,295.68,1.05,N
20.9778,85.17388,310,0.41,0.37,2026-10-04,2004,N,nominal,2.0NRT,294.88,1.05,N
20.9801,85.13411,311.69,0.41,0.37,2026-10-04,2004,N,nominal,2.0NRT,296.3,2.34,N
20.97496,85.16939,311.28,0.41,0.37,2026-10-04,2004,N,nominal,2.0NRT,295.78,1.05,N
20.97439,85.17331,311.53,0.41,0.37,2026-10-04,2004,N,nominal,2.0NRT,296.43,1.05,N
20.98044,85.13534,313.54,0.41,0.37,2026-10-04,2004,N,nominal,2.0NRT,296.84,1.51,N
20.97519,85.17057,319.43,0.41,0.37,2026-10-04,2004,N,nominal,2.0NRT,295.98,1.77,N
20.9746,85.17448,308.96,0.41,0.37,2026-10-04,2004,N,nominal,2.0NRT,296.3,1.77,N
20.97119,85.17393,323.87,0.41,0.37,2026-10-04,2004,N,nominal,2.0NRT,297.16,1.77,N
20.97061,85.17783,321.09,0.41,0.37,2026-10-04,2004,N,nominal,2.0NRT,296.62,2.22,N
20.97702,85.13477,308.38,0.41,0.37,2026-10-04,2004,N,nominal,2.0NRT,296.27,1.51,N
20.96778,85.17336,329.33,0.41,0.37,2026-10-04,2004,N,nominal,2.0NRT,296.21,1.98,N
20.9707,85.15378,312.07,0.41,0.37,2026-10-04,2004,N,nominal,2.0NRT,295.98,1.63,N
20.96837,85.16944,316.73,0.41,0.37,2026-10-04,2004,N,nominal,2.0NRT,296.56,1.98,N
20.9672,85.17727,313.29,0.41,0.37,2026-10-04,2004,N,nominal,2.0NRT,295.87,2.75,N
20.96546,85.18897,310.1,0.41,0.37,2026-10-04,2004,N,nominal,2.0NRT,295.74,2.54,N
20.96554,85.16496,321.87,0.41,0.37,2026-10-04,2004,N,nominal,2.0NRT,296.83,1.82,N
20.96496,85.16888,322.1,0.41,0.37,2026-10-04,2004,N,nominal,2.0NRT,297.3,1.98,N
20.96438,85.1728,322.61,0.41,0.37,2026-10-04,2004,N,nominal,2.0NRT,297.03,1.98,N
20.96321,85.18061,325.22,0.41,0.37,2026-10-04,2004,N,nominal,2.0NRT,296.83,2.75,N
20.96263,85.18452,323.5,0.41,0.37,2026-10-04,2004,N,nominal,2.0NRT,296.71,2.54,N
20.96205,85.1884,335.28,0.41,0.37,2026-10-04,2004,N,nominal,2.0NRT,297.47,2.54,N
20.96729,85.15323,317.1,0.41,0.37,2026-10-04,2004,N,nominal,2.0NRT,296.11,1.63,N
20.96613,85.16105,308.77,0.41,0.37,2026-10-04,2004,N,nominal,2.0NRT,295.76,1.82,N
20.96155,85.16832,308.36,0.41,0.37,2026-10-04,2004,N,nominal,2.0NRT,297.13,1.37,N
20.96097,85.17223,312.41,0.41,0.37,2026-10-04,2004,N,nominal,2.0NRT,296.39,1.37,N
20.96039,85.17613,308.26,0.41,0.37,2026-10-04,2004,N,nominal,2.0NRT,297.23,1.91,N
20.95687,85.01054,312.56,0.41,0.37,2026-10-04,2004,N,nominal,2.0NRT,296.81,1.93,N
20.9563,85.01449,307.06,0.41,0.37,2026-10-04,2004,N,nominal,2.0NRT,295.77,1.45,N
21.37486,81.67878,309.2,0.39,0.44,2026-10-04,2004,N,nominal,2.0NRT,295.42,1.61,N
21.37554,81.63972,311.29,0.4,0.44,2026-10-04,2004,N,nominal,2.0NRT,295.62,1.13,N
21.36672,81.67762,306.11,0.39,0.44,2026-10-04,2004,N,nominal,2.0NRT,294.8,1.02,N
21.34732,81.66693,308.45,0.39,0.44,2026-10-04,2004,N,nominal,2.0NRT,294.25,1.18,N
21.34325,81.66633,307.58,0.39,0.44,2026-10-04,2004,N,nominal,2.0NRT,293.73,1.18,N
20.88829,84.97933,318.39,0.41,0.37,2026-10-04,2004,N,nominal,2.0NRT,295.58,1.37,N
20.88771,84.98328,313.7,0.41,0.37,2026-10-04,2004,N,nominal,2.0NRT,296.15,1.37,N
20.88596,84.9951,307.63,0.41,0.37,2026-10-04,2004,N,nominal,2.0NRT,295.42,1.05,N
21.37141,81.44891,305.8,0.41,0.45,2026-10-04,2004,N,nominal,2.0NRT,295.51,0.8,N
21.34357,81.66621,314.02,0.39,0.44,2026-10-04,2004,N,nominal,2.0NRT,294.03,2.27,N
20.88428,84.98272,308.32,0.41,0.37,2026-10-04,2004,N,nominal,2.0NRT,295.88,1.37,N
20.87168,84.99679,309.07,0.41,0.37,2026-10-04,2004,N,nominal,2.0NRT,295.95,1.33,N
20.86883,84.99231,310.5,0.41,0.37,2026-10-04,2004,N,nominal,2.0NRT,296.21,1.33,N
20.86825,84.99622,316.92,0.41,0.37,2026-10-04,2004,N,nominal,2.0NRT,296.98,1.33,N
20.86483,84.99564,333.22,0.41,0.37,2026-10-04,2004,N,nominal,2.0NRT,296.76,2.4,N
20.86598,84.98781,313.81,0.41,0.37,2026-10-04,2004,N,nominal,2.0NRT,296.41,1.98,N
20.8654,84.99173,312.31,0.41,0.37,2026-10-04,2004,N,nominal,2.0NRT,296.15,2.4,N
20.86256,84.98721,331.58,0.41,0.37,2026-10-04,2004,N,nominal,2.0NRT,294.66,1.98,N
21.3116,81.59114,305.72,0.4,0.44,2026-10-04,2004,N,nominal,2.0NRT,295.35,0.87,N
20.80903,85.25459,310.32,0.4,0.37,2026-10-04,2004,N,nominal,2.0NRT,295.87,1.11,N
20.80846,85.25845,306.97,0.4,0.37,2026-10-04,2004,N,nominal,2.0NRT,295.72,1.11,N
20.80506,85.2579,326.84,0.4,0.37,2026-10-04,2004,N,nominal,2.0NRT,297.68,3.66,N
20.79827,85.25677,313.31,0.4,0.37,2026-10-04,2004,N,nominal,2.0NRT,294.94,3,N
20.79769,85.26064,315.56,0.4,0.37,2026-10-04,2004,N,nominal,2.0NRT,295.42,1.78,N
20.79544,85.25233,331.63,0.4,0.37,2026-10-04,2004,N,nominal,2.0NRT,297.78,3,N
20.79487,85.2562,308.64,0.4,0.37,2026-10-04,2004,N,nominal,2.0NRT,295.25,3,N
20.79205,85.25175,307.55,0.4,0.37,2026-10-04,2004,N,nominal,2.0NRT,295.12,2.15,N
20.7909,85.25949,307.44,0.4,0.37,2026-10-04,2004,N,nominal,2.0NRT,296.66,1.02,N
20.78751,85.25891,312.88,0.4,0.37,2026-10-04,2004,N,nominal,2.0NRT,296.04,1.02,N
20.78693,85.26278,309.06,0.4,0.37,2026-10-04,2004,N,nominal,2.0NRT,296.26,1.02,N
20.78636,85.26665,310.78,0.4,0.37,2026-10-04,2004,N,nominal,2.0NRT,295.75,1.43,N
20.77547,85.3401,305.69,0.4,0.37,2026-10-04,2004,N,nominal,2.0NRT,294.59,0.63,N
20.78354,85.26221,307.03,0.4,0.37,2026-10-04,2004,N,nominal,2.0NRT,294.66,1.23,N
20.78297,85.26608,305.8,0.4,0.37,2026-10-04,2004,N,nominal,2.0NRT,294.11,0.85,N
20.76085,85.2981,322.51,0.4,0.37,2026-10-04,2004,N,nominal,2.0NRT,297.49,1.78,N
20.76143,85.2942,310.15,0.4,0.37,2026-10-04,2004,N,nominal,2.0NRT,296.26,1.78,N
21.188,81.38814,309.31,0.41,0.45,2026-10-04,2004,N,nominal,2.0NRT,295.61,1.68,N
21.18752,81.39208,309.71,0.41,0.45,2026-10-04,2004,N,nominal,2.0NRT,296.73,1.68,N
21.18435,81.38357,310.1,0.41,0.45,2026-10-04,2004,N,nominal,2.0NRT,295.8,2.63,N
20.53205,85.90692,309.44,0.39,0.36,2026-10-04,2004,N,nominal,2.0NRT,295.46,1.16,N
21.18897,81.19774,305.07,0.42,0.45,2026-10-04,2004,N,nominal,2.0NRT,294.34,0.76,N
21.33819,78.96812,307.16,0.58,0.52,2026-10-04,2004,N,nominal,2.0NRT,292.92,1.96,N
21.33335,78.96745,302.61,0.58,0.52,2026-10-04,2004,N,nominal,2.0NRT,292.34,1.42,N
21.33548,78.96727,316.06,0.58,0.52,2026-10-04,2004,N,nominal,2.0NRT,293.35,2.69,N
21.25001,79.20918,310.16,0.56,0.51,2026-10-04,2004,N,nominal,2.0NRT,293.84,1.54,N
21.24345,79.22487,309.7,0.56,0.51,2026-10-04,2004,N,nominal,2.0NRT,294.54,2.44,N
21.79501,72.64606,309.61,0.74,0.76,2026-10-04,2004,N,nominal,2.0NRT,293.31,1.61,N
21.79217,72.64288,309.07,0.74,0.76,2026-10-04,2004,N,nominal,2.0NRT,293.46,0.91,N
21.10615,72.63342,314.88,0.73,0.76,2026-10-04,2004,N,nominal,2.0NRT,294.25,3.6,N
21.10562,72.64076,310.07,0.73,0.76,2026-10-04,2004,N,nominal,2.0NRT,293.79,3.6,N
21.10509,72.64806,308.16,0.73,0.76,2026-10-04,2004,N,nominal,2.0NRT,294.15,4.21,N
21.09902,72.63277,307.28,0.73,0.76,2026-10-04,2004,N,nominal,2.0NRT,293.48,2.47,N
21.11003,72.63622,305.61,0.73,0.76,2026-10-04,2004,N,nominal,2.0NRT,294.21,3.94,N
21.1029,72.6356,319.8,0.73,0.76,2026-10-04,2004,N,nominal,2.0NRT,293.9,3.94,N
21.10233,72.64291,312.07,0.73,0.76,2026-10-04,2004,N,nominal,2.0NRT,293.52,6.97,N
19.8179,79.33484,310.75,0.52,0.5,2026-10-04,2004,N,nominal,2.0NRT,295.57,2.23,N
19.81473,79.33839,309.49,0.52,0.5,2026-10-04,2004,N,nominal,2.0NRT,294.53,1.18,N
19.10119,82.16752,303.25,0.52,0.42,2026-10-04,2004,N,nominal,2.0NRT,291.58,1.42,N
19.09285,82.17136,329.07,0.52,0.42,2026-10-04,2004,N,nominal,2.0NRT,291.74,3.26,N
19.93459,73.71275,305.13,0.61,0.71,2026-10-04,2004,N,nominal,2.0NRT,290.1,0.67,N
19.93731,73.71397,302.34,0.61,0.71,2026-10-04,2004,N,nominal,2.0NRT,290.9,1.27,N
18.54155,83.34347,317.01,0.45,0.39,2026-10-04,2004,N,nominal,2.0NRT,293.93,2.43,N
18.54013,83.34052,310.93,0.45,0.39,2026-10-04,2004,N,nominal,2.0NRT,293.27,1.31,N
18.53951,83.34478,306.76,0.45,0.39,2026-10-04,2004,N,nominal,2.0NRT,293.19,1.31,N
18.71869,79.54024,307.41,0.49,0.49,2026-10-04,2004,N,nominal,2.0NRT,295.14,2.35,N
18.72241,79.53796,305.67,0.49,0.49,2026-10-04,2004,N,nominal,2.0NRT,294.66,1.12,N
18.71791,79.53728,308.03,0.49,0.49,2026-10-04,2004,N,nominal,2.0NRT,294.89,2.17,N
18.7292,73.6955,301.57,0.59,0.7,2026-10-04,2004,N,nominal,2.0NRT,289.45,0.57,N
17.95719,80.79719,307.35,0.4,0.44,2026-10-04,2004,N,nominal,2.0NRT,292.78,2.21,N
18.689,73.04077,303.74,0.65,0.73,2026-10-04,2004,N,nominal,2.0NRT,293.26,3.54,N
17.46503,80.65333,311.33,0.4,0.45,2026-10-04,2004,N,nominal,2.0NRT,291.84,1.19,N
17.13931,77.17414,303.57,0.34,0.56,2026-10-04,2004,N,nominal,2.0NRT,292.54,0.96,N
15.17374,76.67792,303,0.34,0.56,2026-10-04,2006,N,nominal,2.0NRT,285.89,1.57,N
15.17296,76.68445,299.22,0.34,0.56,2026-10-04,2006,N,nominal,2.0NRT,287.7,3.06,N
15.17219,76.69098,302.79,0.34,0.56,2026-10-04,2006,N,nominal,2.0NRT,289.6,4.33,N
15.07104,76.86435,296.46,0.33,0.55,2026-10-04,2006,N,nominal,2.0NRT,284.31,1.76,N
13.41997,80.08827,307.03,0.39,0.44,2026-10-04,2006,N,nominal,2.0NRT,292.61,1.21,N
13.39329,80.10281,312.93,0.39,0.44,2026-10-04,2006,N,nominal,2.0NRT,293.34,1.44,N
13.39269,80.10296,313.56,0.39,0.44,2026-10-04,2006,N,nominal,2.0NRT,293.62,1.58,N
13.15986,80.28526,306.87,0.56,0.43,2026-10-04,2006,N,nominal,2.0NRT,293.29,2.74,N
12.85423,79.90508,305.37,0.39,0.44,2026-10-04,2006,N,nominal,2.0NRT,288.29,1.19,N
12.85372,79.90871,311.91,0.39,0.44,2026-10-04,2006,N,nominal,2.0NRT,287.96,0.82,N
32.33702,54.08703,305.3,0.36,0.57,2026-10-04,2142,N,nominal,2.0NRT,289.31,0.7,N
31.95402,54.04768,310.82,0.36,0.57,2026-10-04,2142,N,nominal,2.0NRT,289.91,1.11,N
31.95125,54.04562,302.77,0.36,0.57,2026-10-04,2142,N,nominal,2.0NRT,289.21,0.52,N
31.95095,54.04942,300.94,0.36,0.57,2026-10-04,2142,N,nominal,2.0NRT,289.5,0.52,N
31.94056,54.0448,301.55,0.36,0.57,2026-10-04,2142,N,nominal,2.0NRT,290.14,0.53,N
31.929,54.0554,305.58,0.36,0.57,2026-10-04,2142,N,nominal,2.0NRT,290.51,0.63,N
31.84773,54.2844,313.09,0.35,0.56,2026-10-04,2142,N,nominal,2.0NRT,290.21,1.71,N
31.84746,54.28809,302.67,0.35,0.56,2026-10-04,2142,N,nominal,2.0NRT,289.92,1.24,N
31.57217,54.3688,307.77,0.34,0.56,2026-10-04,2142,N,nominal,2.0NRT,287.22,1.08,N
30.75503,56.65631,307.96,0.49,0.48,2026-10-04,2142,N,nominal,2.0NRT,290.25,1.57,N
38.21877,77.10285,298.39,0.32,0.54,2026-10-04,2140,N,nominal,2.0NRT,284.31,1.09,N
36.99539,80.1927,297.87,0.49,0.65,2026-10-04,2140,N,nominal,2.0NRT,282,1.14,N
37.14357,79.50005,298.53,0.45,0.63,2026-10-04,2140,N,nominal,2.0NRT,283.56,1.37,N
37.14447,79.49969,298.97,0.45,0.63,2026-10-04,2140,N,nominal,2.0NRT,283.65,1.05,N
39.85286,66.20107,298.73,0.39,0.36,2026-10-04,2140,N,nominal,2.0NRT,282.61,0.58,N
39.61939,63.46343,299.6,0.44,0.38,2026-10-04,2140,N,nominal,2.0NRT,277.94,0.7,N
39.55412,63.29085,295.29,0.44,0.39,2026-10-04,2140,N,nominal,2.0NRT,277.56,0.66,N
39.55609,63.28996,297.65,0.44,0.39,2026-10-04,2140,N,nominal,2.0NRT,276.94,0.59,N
39.18773,65.28995,297.54,0.39,0.36,2026-10-04,2140,N,nominal,2.0NRT,283.3,0.91,N
39.18444,65.31266,296.33,0.39,0.36,2026-10-04,2140,N,nominal,2.0NRT,280.53,0.66,N
30.66606,56.62098,300.06,0.49,0.49,2026-10-04,2142,N,nominal,2.0NRT,287.12,0.75,N
39.30367,62.9761,296.33,0.45,0.39,2026-10-04,2140,N,nominal,2.0NRT,280.66,0.68,N
39.24891,63.21041,304.51,0.44,0.39,2026-10-04,2140,N,nominal,2.0NRT,280.39,0.89,N
39.24987,63.17353,298.29,0.45,0.39,2026-10-04,2140,N,nominal,2.0NRT,279.43,0.72,N
30.155,60.73328,308.54,0.45,0.39,2026-10-04,2142,N,nominal,2.0NRT,294.97,0.76,N
39.24803,63.17158,296.52,0.44,0.39,2026-10-04,2140,N,nominal,2.0NRT,279.34,0.86,N
39.20489,63.2523,301.85,0.44,0.38,2026-10-04,2140,N,nominal,2.0NRT,280.65,0.81,N
39.20332,63.23616,297.02,0.44,0.39,2026-10-04,2140,N,nominal,2.0NRT,281.4,0.42,N
39.19728,63.19796,297.48,0.44,0.39,2026-10-04,2140,N,nominal,2.0NRT,279.17,0.55,N
39.17125,63.34476,298.37,0.44,0.38,2026-10-04,2140,N,nominal,2.0NRT,280.28,0.67,N
39.1682,63.25506,301.93,0.44,0.38,2026-10-04,2140,N,nominal,2.0NRT,281.73,0.84,N
28.42354,69.69891,308.31,0.41,0.45,2026-10-04,2142,N,nominal,2.0NRT,296.82,2.32,N
39.16755,63.26017,297.29,0.44,0.38,2026-10-04,2140,N,nominal,2.0NRT,280.93,0.84,N
39.16401,63.25942,305.82,0.44,0.38,2026-10-04,2140,N,nominal,2.0NRT,280.48,0.84,N
39.15622,63.32067,301.59,0.44,0.38,2026-10-04,2140,N,nominal,2.0NRT,281.23,1,N
39.12863,63.30957,305.36,0.44,0.38,2026-10-04,2140,N,nominal,2.0NRT,280.61,0.68,N
30.36825,56.12915,300.22,0.52,0.5,2026-10-04,2142,N,nominal,2.0NRT,287.46,0.61,N
39.12645,63.30776,308.46,0.44,0.38,2026-10-04,2140,N,nominal,2.0NRT,280.55,1.52,N
30.37951,55.86446,301.9,0.54,0.51,2026-10-04,2142,N,nominal,2.0NRT,287.25,1.08,N
39.11543,63.33673,307.32,0.44,0.38,2026-10-04,2140,N,nominal,2.0NRT,281.49,1.27,N
39.01661,63.70597,305.82,0.43,0.38,2026-10-04,2140,N,nominal,2.0NRT,281.46,1.39,N
30.23636,56.90935,306.67,0.47,0.47,2026-10-04,2142,N,nominal,2.0NRT,288.98,0.96,N
30.32213,55.97221,305.05,0.53,0.5,2026-10-04,2142,N,nominal,2.0NRT,287.61,1.1,N
38.87136,63.79831,304.6,0.42,0.38,2026-10-04,2140,N,nominal,2.0NRT,280.76,1.14,N
30.23197,56.90875,300.16,0.47,0.47,2026-10-04,2142,N,nominal,2.0NRT,287.86,0.96,N
38.83936,63.81878,299.44,0.42,0.38,2026-10-04,2140,N,nominal,2.0NRT,281.21,0.75,N
38.83591,63.81802,300.73,0.42,0.38,2026-10-04,2140,N,nominal,2.0NRT,280.29,0.82,N
39.68305,54.30007,295.73,0.41,0.6,2026-10-04,2140,N,nominal,2.0NRT,283.65,0.77,N
38.60445,64.75591,296.37,0.4,0.37,2026-10-04,2140,N,nominal,2.0NRT,282.02,0.78,N
38.65268,63.97898,300.74,0.42,0.37,2026-10-04,2140,N,nominal,2.0NRT,279.93,0.73,N
38.12994,64.67697,300.32,0.4,0.37,2026-10-04,2140,N,nominal,2.0NRT,283.72,0.41,N
38.11803,64.71165,298.91,0.4,0.37,2026-10-04,2140,N,nominal,2.0NRT,283.15,0.74,N
38.05457,64.88782,321.39,0.39,0.37,2026-10-04,2140,N,nominal,2.0NRT,284.33,1.84,N
38.05198,64.90575,304.63,0.39,0.37,2026-10-04,2140,N,nominal,2.0NRT,284.17,1.02,N
38.03148,64.94508,297.54,0.39,0.36,2026-10-04,2140,N,nominal,2.0NRT,284.04,0.55,N
37.96759,65.00401,301.54,0.39,0.36,2026-10-04,2140,N,nominal,2.0NRT,284.13,0.87,N
37.96426,65.00322,297.74,0.39,0.36,2026-10-04,2140,N,nominal,2.0NRT,283.57,0.91,N
37.88794,65.08868,304.79,0.39,0.36,2026-10-04,2140,N,nominal,2.0NRT,283.42,0.92,N
37.83026,65.17582,314.03,0.39,0.36,2026-10-04,2140,N,nominal,2.0NRT,283.21,1.89,N
37.81898,65.18229,297.01,0.39,0.36,2026-10-04,2140,N,nominal,2.0NRT,284.32,0.84,N
30.21532,55.98242,307.43,0.53,0.5,2026-10-04,2142,N,nominal,2.0NRT,286.8,2.72,N
37.81565,65.1815,296.32,0.39,0.36,2026-10-04,2140,N,nominal,2.0NRT,284.07,1.18,N
30.21725,55.98148,307.23,0.53,0.5,2026-10-04,2142,N,nominal,2.0NRT,287.57,1.83,N
38.64648,54.28275,297.05,0.4,0.6,2026-10-04,2140,N,nominal,2.0NRT,280.52,1.09,N
30.21669,55.98705,303.18,0.53,0.5,2026-10-04,2142,N,nominal,2.0NRT,287.28,1.39,N
38.64909,54.28228,328.06,0.4,0.6,2026-10-04,2140,N,nominal,2.0NRT,281.55,1.9,N
35.60334,73.54167,306.4,0.48,0.48,2026-10-04,2140,N,nominal,2.0NRT,284.72,1.14,N
37.94241,58.56376,297.98,0.46,0.47,2026-10-04,2140,N,nominal,2.0NRT,278.22,0.82,N
37.03305,62.41604,302.22,0.45,0.39,2026-10-04,2140,N,nominal,2.0NRT,283.26,1.33,N
37.45555,57.68486,296.32,0.51,0.49,2026-10-04,2140,N,nominal,2.0NRT,278.18,0.31,N
34.51188,71.17388,305.36,0.57,0.43,2026-10-04,2140,N,nominal,2.0NRT,290.93,1.25,N
28.05249,69.37047,317.3,0.4,0.44,2026-10-04,2142,N,nominal,2.0NRT,298.22,1.54,N
29.47696,60.8091,304.63,0.44,0.38,2026-10-04,2142,N,nominal,2.0NRT,291.33,0.97,N
34.50809,71.1721,307.03,0.57,0.43,2026-10-04,2140,N,nominal,2.0NRT,288.34,1.25,N
30.08086,55.39777,356.2,0.57,0.52,2026-10-04,2142,N,nominal,2.0NRT,288.36,19.95,N
34.50419,71.17087,305.22,0.57,0.43,2026-10-04,2140,N,nominal,2.0NRT,289.14,1.79,N
36.33493,58.66526,297.05,0.44,0.46,2026-10-04,2140,N,nominal,2.0NRT,283.99,0.63,N
36.29499,54.78771,296.38,0.36,0.57,2026-10-04,2140,N,nominal,2.0NRT,283.61,0.43,N
35.89143,57.06353,297.66,0.53,0.5,2026-10-04,2140,N,nominal,2.0NRT,286.09,0.9,N
35.36624,59.30592,301.56,0.4,0.44,2026-10-04,2140,N,nominal,2.0NRT,283.65,0.55,N
33.27602,72.14494,317.25,0.45,0.47,2026-10-04,2140,N,nominal,2.0NRT,293.68,1.75,N
33.29546,71.18826,308.97,0.4,0.44,2026-10-04,2140,N,nominal,2.0NRT,293.44,0.86,N
32.88855,71.6172,310.12,0.43,0.46,2026-10-04,2140,N,nominal,2.0NRT,295.14,1.83,N
32.88931,71.61543,305.5,0.43,0.46,2026-10-04,2140,N,nominal,2.0NRT,294.78,1.93,N
31.25819,76.92804,300.77,0.46,0.64,2026-10-04,2140,N,nominal,2.0NRT,289.62,1.21,N
29.98889,55.85645,342.68,0.53,0.5,2026-10-04,2142,N,nominal,2.0NRT,286.03,10.67,N
32.29189,70.73294,307.81,0.4,0.44,2026-10-04,2142,N,nominal,2.0NRT,297.13,1.31,N
33.75264,59.14756,308.74,0.39,0.44,2026-10-04,2142,N,nominal,2.0NRT,285.91,0.88,N
31.80169,69.94781,302.56,0.56,0.43,2026-10-04,2142,N,nominal,2.0NRT,289.69,0.67,N
31.77004,70.10579,308.33,0.57,0.43,2026-10-04,2142,N,nominal,2.0NRT,295.04,2.26,N
31.79794,69.94609,311.63,0.56,0.43,2026-10-04,2142,N,nominal,2.0NRT,289.1,1.17,N
33.04257,56.84579,301.95,0.51,0.49,2026-10-04,2142,N,nominal,2.0NRT,291.54,1.07,N
26.87687,73.5172,306.62,0.37,0.58,2026-10-04,2142,N,nominal,2.0NRT,295.61,1.58,N
26.45261,74.53636,305.09,0.43,0.62,2026-10-04,2142,N,nominal,2.0NRT,293.58,0.56,N
29.51308,55.79889,297.63,0.53,0.5,2026-10-04,2142,N,nominal,2.0NRT,286.2,0.6,N
29.15349,55.36713,299.32,0.56,0.51,2026-10-04,2142,N,nominal,2.0NRT,288.47,0.99,N
29.1381,55.37701,303.36,0.56,0.51,2026-10-04,2142,N,nominal,2.0NRT,290.3,2.26,N
28.2048,61.30238,304.24,0.41,0.37,2026-10-04,2142,N,nominal,2.0NRT,290.92,0.71,N
25.15954,76.17675,309.24,0.58,0.7,2026-10-04,2142,N,nominal,2.0NRT,292.32,2.17,N
25.15806,76.18252,306.57,0.58,0.7,2026-10-04,2142,N,nominal,2.0NRT,292.72,2.17,N
26.2347,68.9107,320.74,0.41,0.45,2026-10-04,2144,N,nominal,2.0NRT,296.27,2.52,N
26.17346,68.75849,326.51,0.4,0.44,2026-10-04,2144,N,nominal,2.0NRT,295.9,2.39,N
26.12411,68.81882,315.03,0.4,0.45,2026-10-04,2144,N,nominal,2.0NRT,295.73,1.37,N
25.92092,68.59164,313.66,0.4,0.44,2026-10-04,2144,N,nominal,2.0NRT,295.13,1.05,N
27.22836,60.48999,314.83,0.43,0.38,2026-10-04,2144,N,nominal,2.0NRT,297.41,1.84,N
24.81966,73.09239,311.5,0.39,0.59,2026-10-04,2144,N,nominal,2.0NRT,296.5,1.56,N
24.6901,73.00287,306.88,0.38,0.59,2026-10-04,2144,N,nominal,2.0NRT,296.24,1.11,N
25.38951,68.58423,316.23,0.4,0.45,2026-10-04,2144,N,nominal,2.0NRT,296.2,1.85,N
27.16086,56.10438,310.3,0.48,0.48,2026-10-04,2144,N,nominal,2.0NRT,297.52,3.19,N
25.97448,56.06927,324.8,0.46,0.47,2026-10-04,2144,N,nominal,2.0NRT,300.59,4.86,N
25.96571,56.06804,314.96,0.46,0.47,2026-10-04,2144,N,nominal,2.0NRT,299.84,3.61,N
25.90282,54.53136,310.48,0.57,0.52,2026-10-04,2144,N,nominal,2.0NRT,300.3,0.7,N
22.26345,75.13438,306.6,0.58,0.7,2026-10-04,2144,N,nominal,2.0NRT,292.54,1.67,N
25.57027,55.98727,311.06,0.46,0.47,2026-10-04,2144,N,nominal,2.0NRT,299.06,1.38,N
25.55709,55.9856,310.35,0.46,0.47,2026-10-04,2144,N,nominal,2.0NRT,299.18,0.89,N
25.30931,56.37197,313.15,0.44,0.46,2026-10-04,2144,N,nominal,2.0NRT,300.59,0.77,N
22.36343,73.11849,307.51,0.44,0.62,2026-10-04,2144,N,nominal,2.0NRT,295.27,4.35,N
22.93545,69.69678,306.56,0.52,0.5,2026-10-04,2144,N,nominal,2.0NRT,295.02,1.16,N
22.9344,69.70184,307.65,0.52,0.5,2026-10-04,2144,N,nominal,2.0NRT,295.74,1.16,N
24.50832,56.60641,312.32,0.41,0.45,2026-10-04,2144,N,nominal,2.0NRT,301.68,3.27,N
24.50415,56.60581,341.62,0.41,0.45,2026-10-04,2144,N,nominal,2.0NRT,304.29,3.27,N
24.48027,56.62,312.75,0.41,0.45,2026-10-04,2144,N,nominal,2.0NRT,302.59,1.59,N
24.45434,56.55382,312.62,0.42,0.45,2026-10-04,2144,N,nominal,2.0NRT,302.28,1.37,N
22.41669,69.0379,314.77,0.49,0.48,2026-10-04,2144,N,nominal,2.0NRT,296.16,2.98,N
21.76115,71.96838,304.9,0.38,0.59,2026-10-04,2144,N,nominal,2.0NRT,293.99,0.6,N
22.27255,68.98199,306.51,0.49,0.48,2026-10-04,2144,N,nominal,2.0NRT,295.29,1.54,N
22.27055,68.97988,308.97,0.49,0.48,2026-10-04,2144,N,nominal,2.0NRT,295.26,1.32,N
24.51131,54.01838,327.69,0.59,0.53,2026-10-04,2144,N,nominal,2.0NRT,301.04,2.51,N
24.3292,54.47141,310.12,0.55,0.51,2026-10-04,2144,N,nominal,2.0NRT,299.82,1.4,N
21.11169,72.63592,311.03,0.43,0.62,2026-10-04,2144,N,nominal,2.0NRT,295.56,2.53,N
21.10886,72.64841,309.94,0.43,0.62,2026-10-04,2144,N,nominal,2.0NRT,296.39,2.49,N
21.10606,72.63445,308.53,0.43,0.62,2026-10-04,2144,N,nominal,2.0NRT,294.85,1.73,N
21.10511,72.6386,313.53,0.43,0.62,2026-10-04,2144,N,nominal,2.0NRT,295.5,1.73,N
21.10322,72.64693,316.35,0.43,0.62,2026-10-04,2144,N,nominal,2.0NRT,295.09,3.79,N
21.09948,72.63712,310.43,0.43,0.62,2026-10-04,2144,N,nominal,2.0NRT,294.59,1.73,N
20.91032,71.46003,314.69,0.37,0.58,2026-10-04,2144,N,nominal,2.0NRT,296.06,1.7,N
23.19306,55.45937,321.65,0.47,0.47,2026-10-04,2144,N,nominal,2.0NRT,298.94,2.25,N
23.19359,55.45477,317.25,0.47,0.47,2026-10-04,2144,N,nominal,2.0NRT,297.87,2.25,N
22.87735,55.92416,321.12,0.43,0.46,2026-10-04,2144,N,nominal,2.0NRT,298.16,1.87,N
22.40804,56.98845,315.74,0.56,0.43,2026-10-04,2144,N,nominal,2.0NRT,297.28,2.38,N
22.40409,56.9878,319.56,0.56,0.43,2026-10-04,2144,N,nominal,2.0NRT,297.49,2.64,N
22.40549,56.98656,319.63,0.56,0.43,2026-10-04,2144,N,nominal,2.0NRT,297.08,2.27,N
22.40479,56.992,312.46,0.56,0.43,2026-10-04,2144,N,nominal,2.0NRT,296.85,2.27,N
19.42149,73.29271,304.8,0.51,0.66,2026-10-04,2144,N,nominal,2.0NRT,291.45,1.31,N
22.32887,56.4916,334.06,0.39,0.44,2026-10-04,2144,N,nominal,2.0NRT,298.78,2.95,N
22.32719,56.47184,327.08,0.4,0.44,2026-10-04,2144,N,nominal,2.0NRT,298.88,2.96,N
22.29152,56.52561,309.47,0.39,0.44,2026-10-04,2144,N,nominal,2.0NRT,297.21,1.47,N
22.27227,56.25257,338.96,0.41,0.45,2026-10-04,2144,N,nominal,2.0NRT,297.04,2.85,N
22.27177,56.25655,306.62,0.41,0.45,2026-10-04,2144,N,nominal,2.0NRT,296.3,2.85,N
22.52301,54.04992,311.79,0.56,0.51,2026-10-04,2144,N,nominal,2.0NRT,297.41,1.58,N
22.10795,57.31648,305.81,0.53,0.42,2026-10-04,2144,N,nominal,2.0NRT,295.52,0.88,N
22.14932,56.37957,314,0.4,0.44,2026-10-04,2144,N,nominal,2.0NRT,296.33,0.89,N
21.93655,57.07385,331.61,0.54,0.42,2026-10-04,2144,N,nominal,2.0NRT,297.04,4.94,N
19.01167,72.90801,305.34,0.5,0.66,2026-10-04,2144,N,nominal,2.0NRT,293.7,1.15,N
21.8351,56.68209,319.98,0.57,0.43,2026-10-04,2144,N,nominal,2.0NRT,296.85,2.87,N
18.86018,72.92888,327.62,0.5,0.66,2026-10-04,2144,N,nominal,2.0NRT,293.31,3.22,N
18.68464,73.02959,306.83,0.51,0.66,2026-10-04,2144,N,nominal,2.0NRT,293.22,1.82,N
18.68352,73.03443,304.12,0.51,0.66,2026-10-04,2144,N,nominal,2.0NRT,293.16,2.53,N
18.68389,73.03297,306.91,0.51,0.66,2026-10-04,2144,N,nominal,2.0NRT,292.86,2.59,N
18.68281,73.03784,303.63,0.51,0.66,2026-10-04,2144,N,nominal,2.0NRT,293,2.56,N
21.33226,57.7252,314.19,0.49,0.41,2026-10-04,2144,N,nominal,2.0NRT,295.69,1.27,N
21.32169,57.71865,307.66,0.49,0.41,2026-10-04,2144,N,nominal,2.0NRT,295.54,0.82,N
21.32104,57.72345,312.69,0.49,0.41,2026-10-04,2144,N,nominal,2.0NRT,296.04,1.38,N
21.3147,57.74198,321.09,0.49,0.41,2026-10-04,2144,N,nominal,2.0NRT,295.9,2.59,N
21.31032,57.74617,329.35,0.49,0.4,2026-10-04,2144,N,nominal,2.0NRT,295.84,3.17,N
21.30324,57.79838,323.5,0.49,0.4,2026-10-04,2144,N,nominal,2.0NRT,296.54,1.69,N
21.30801,57.70675,316.98,0.5,0.41,2026-10-04,2144,N,nominal,2.0NRT,295.64,1.98,N
21.29625,57.68048,311.34,0.5,0.41,2026-10-04,2144,N,nominal,2.0NRT,295.23,1,N
21.29748,57.09572,309.51,0.53,0.42,2026-10-04,2144,N,nominal,2.0NRT,296.82,2.01,N
21.41061,55.74313,312.22,0.43,0.46,2026-10-04,2144,N,nominal,2.0NRT,297.38,1.86,N
21.00443,56.53212,335.66,0.57,0.43,2026-10-04,2144,N,nominal,2.0NRT,296.84,4.09,N
21.00043,56.53153,337.67,0.57,0.43,2026-10-04,2144,N,nominal,2.0NRT,296.72,13.62,N
20.55944,56.42064,307.15,0.57,0.43,2026-10-04,2146,N,nominal,2.0NRT,295.15,0.83,N
20.37527,55.93345,338.86,0.4,0.44,2026-10-04,2146,N,nominal,2.0NRT,296.68,4.96,N
20.3886,55.66133,332.79,0.42,0.45,2026-10-04,2146,N,nominal,2.0NRT,295.59,2.88,N
20.38594,55.64856,326.81,0.42,0.45,2026-10-04,2146,N,nominal,2.0NRT,295.54,2.31,N
20.22515,55.74145,310.11,0.41,0.45,2026-10-04,2146,N,nominal,2.0NRT,294.98,0.84,N
20.21194,55.71117,320.9,0.41,0.45,2026-10-04,2146,N,nominal,2.0NRT,294.33,1.64,N
20.21443,55.71275,317.71,0.41,0.45,2026-10-04,2146,N,nominal,2.0NRT,294.17,0.76,N
20.21028,55.71215,305.69,0.41,0.45,2026-10-04,2146,N,nominal,2.0NRT,293.54,0.76,N
19.35427,56.17283,313,0.57,0.43,2026-10-04,2146,N,nominal,2.0NRT,293.58,2.02,N
19.35028,56.17224,327.3,0.57,0.43,2026-10-04,2146,N,nominal,2.0NRT,293,2.02,N
19.2667,56.17508,305.45,0.57,0.43,2026-10-04,2146,N,nominal,2.0NRT,293.34,0.97,N
18.01422,54.5739,313.22,0.45,0.47,2026-10-04,2146,N,nominal,2.0NRT,293.04,0.95,N
36.42549,55.45569,303.04,0.55,0.68,2026-10-04,2320,N,nominal,2.0NRT,279.08,1.1,N
36.42886,55.45795,300.67,0.55,0.68,2026-10-04,2320,N,nominal,2.0NRT,279.6,0.74,N
31.84851,54.28643,302.07,0.63,0.72,2026-10-04,2322,N,nominal,2.0NRT,287.62,0.89,N
38.34079,101.61381,354.31,0.34,0.56,2026-10-05,0540,N,nominal,2.0NRT,301.86,6.28,D
38.34264,101.61455,351.72,0.34,0.56,2026-10-05,0540,N,nominal,2.0NRT,301.91,5.71,D
39.11019,100.0964,335.21,0.39,0.59,2026-10-05,0540,N,nominal,2.0NRT,301.88,2.28,D
7.74649,99.92073,343.3,0.55,0.42,2026-10-05,0709,N,nominal,2.0NRT,293.21,7.96,D
12.8601,100.0003,341.61,0.43,0.46,2026-10-05,0712,N,nominal,2.0NRT,289.31,5.4,D
14.42861,99.85908,331.4,0.44,0.46,2026-10-05,0712,N,nominal,2.0NRT,288.66,3.72,D
14.42873,98.08915,345.46,0.52,0.41,2026-10-05,0714,N,nominal,2.0NRT,294.75,17.25,D
16.57122,99.61711,334.04,0.45,0.47,2026-10-05,0714,N,nominal,2.0NRT,291.93,3.71,D
17.91194,95.35969,334.26,0.42,0.38,2026-10-05,0714,N,nominal,2.0NRT,298,2.1,D
16.6277,80.19713,339.86,0.63,0.72,2026-10-05,0714,N,nominal,2.0NRT,289.4,7.98,D
16.62555,80.20097,343.41,0.63,0.72,2026-10-05,0714,N,nominal,2.0NRT,289.62,11.92,D
17.60267,82.78948,328.1,0.41,0.61,2026-10-05,0714,N,nominal,2.0NRT,289.97,4.2,D
17.60093,82.79154,338.71,0.41,0.61,2026-10-05,0714,N,nominal,2.0NRT,290.61,3.7,D
22.40407,97.36866,329.36,0.39,0.44,2026-10-05,0716,N,nominal,2.0NRT,300.96,2.52,D
20.78825,85.25938,332.7,0.5,0.49,2026-10-05,0716,N,low,2.0NRT,303.7,10.05,D
20.79178,85.25372,339.87,0.5,0.49,2026-10-05,0716,N,nominal,2.0NRT,305.46,4.36,D
20.79624,85.25277,338.49,0.5,0.49,2026-10-05,0716,N,nominal,2.0NRT,303.67,4.36,D
20.86278,84.989,330.31,0.51,0.5,2026-10-05,0716,N,low,2.0NRT,301.17,3.93,D
20.88989,84.98284,342.02,0.51,0.5,2026-10-05,0716,N,nominal,2.0NRT,304.04,10.4,D
20.88947,84.98093,339.97,0.51,0.5,2026-10-05,0716,N,nominal,2.0NRT,303.83,9.31,D
20.96449,85.19045,333.46,0.5,0.49,2026-10-05,0716,N,low,2.0NRT,304.72,4.86,D
20.96355,85.18575,330.4,0.5,0.49,2026-10-05,0716,N,low,2.0NRT,304.45,4.86,D
20.97056,85.17423,337.31,0.5,0.49,2026-10-05,0716,N,nominal,2.0NRT,304.18,10.82,D
21.07587,85.03718,333.97,0.51,0.49,2026-10-05,0716,N,low,2.0NRT,307.26,6.74,D
21.08035,85.03615,344.57,0.51,0.49,2026-10-05,0716,N,nominal,2.0NRT,305.75,6.74,D
23.50591,100.81204,367,0.33,0.55,2026-10-05,0716,N,high,2.0NRT,291.33,8.21,D
23.87949,98.31612,349.63,0.47,0.48,2026-10-05,0716,N,nominal,2.0NRT,296.62,17.75,D
22.3789,87.27841,344.24,0.53,0.42,2026-10-05,0716,N,nominal,2.0NRT,309.8,11.91,D
23.84493,94.16765,326.96,0.43,0.38,2026-10-05,0716,N,nominal,2.0NRT,296.93,1.78,D
22.32457,82.59229,329.99,0.34,0.56,2026-10-05,0716,N,nominal,2.0NRT,296.8,2.06,D
23.66344,87.15801,332.9,0.52,0.41,2026-10-05,0716,N,low,2.0NRT,305.24,5.52,D
23.76602,86.40415,335.07,0.57,0.43,2026-10-05,0716,N,nominal,2.0NRT,299.12,6.06,D
23.70395,86.07336,334.67,0.39,0.44,2026-10-05,0716,N,nominal,2.0NRT,300,3.71,D
23.77971,86.38972,337.98,0.57,0.43,2026-10-05,0716,N,nominal,2.0NRT,302.96,9.34,D
23.77752,86.38789,332.78,0.57,0.43,2026-10-05,0716,N,nominal,2.0NRT,301.73,4.34,D
23.80343,86.33032,333.54,0.57,0.43,2026-10-05,0716,N,low,2.0NRT,304.22,4.1,D
23.64832,85.44047,329.54,0.43,0.46,2026-10-05,0716,N,low,2.0NRT,299.91,3.77,D
25.4778,91.2942,346.04,0.38,0.36,2026-10-05,0716,N,nominal,2.0NRT,296.29,6.45,D
25.00994,77.11996,331.89,0.64,0.72,2026-10-05,0716,N,nominal,2.0NRT,299.92,4.92,D
8.88136,78.15096,336.4,0.32,0.55,2026-10-05,0852,N,nominal,2.0NRT,295.76,1.57,D
8.92368,77.64126,331.47,0.6,0.53,2026-10-05,0852,N,nominal,2.0NRT,297.74,1.85,D
8.92583,77.64353,331.65,0.6,0.53,2026-10-05,0852,N,nominal,2.0NRT,297.84,1.33,D
28.49951,76.83308,338.97,0.55,0.68,2026-10-05,0718,N,nominal,2.0NRT,297.97,3.95,D
9.38484,77.7757,346.74,0.62,0.54,2026-10-05,0852,N,nominal,2.0NRT,299.32,8.59,D
9.38463,77.77301,344.34,0.62,0.54,2026-10-05,0852,N,nominal,2.0NRT,299.57,7.78,D
30.66602,73.82961,337.27,0.72,0.75,2026-10-05,0718,N,nominal,2.0NRT,297.06,5.12,D
9.70403,78.92448,336.75,0.37,0.58,2026-10-05,0852,N,nominal,2.0NRT,290.67,3.86,D
30.82613,73.84822,333.26,0.71,0.75,2026-10-05,0718,N,nominal,2.0NRT,297.17,5.52,D
9.80655,78.28014,332.83,0.34,0.56,2026-10-05,0852,N,nominal,2.0NRT,294.16,1.78,D
30.82437,73.84332,331.58,0.71,0.75,2026-10-05,0718,N,nominal,2.0NRT,297.74,7.02,D
12.53391,76.93244,328.63,0.6,0.53,2026-10-05,0854,N,nominal,2.0NRT,289.33,7.82,D
31.08662,74.46745,330.66,0.64,0.72,2026-10-05,0718,N,nominal,2.0NRT,298.3,3.36,D
31.81233,74.42875,332.08,0.62,0.71,2026-10-05,0720,N,nominal,2.0NRT,295.39,3.83,D
31.99341,73.92208,342.67,0.65,0.73,2026-10-05,0720,N,nominal,2.0NRT,295.67,6.86,D
39.2478,99.95232,341.28,0.42,0.61,2026-10-05,0720,N,nominal,2.0NRT,305.66,2.13,D
35.15976,73.07357,330.87,0.6,0.71,2026-10-05,0720,N,nominal,2.0NRT,298.05,3.9,D
39.78385,98.69162,330.58,0.37,0.58,2026-10-05,0720,N,nominal,2.0NRT,300.82,1.79,D
14.89973,78.65263,353.44,0.42,0.61,2026-10-05,0854,N,nominal,2.0NRT,291.72,5.27,D
14.90195,78.65208,367,0.42,0.61,2026-10-05,0854,N,high,2.0NRT,290.84,8.73,D
15.3301,76.84525,330.98,0.32,0.55,2026-10-05,0854,N,nominal,2.0NRT,291.89,4.14,D
15.6725,79.67914,330.82,0.5,0.66,2026-10-05,0854,N,nominal,2.0NRT,291.26,3.99,D
15.67278,79.68069,334.54,0.5,0.66,2026-10-05,0854,N,nominal,2.0NRT,292.55,3.07,D
16.2756,74.87206,336.56,0.49,0.49,2026-10-05,0854,N,nominal,2.0NRT,297.42,5.26,D
16.27232,74.87001,341.24,0.49,0.49,2026-10-05,0856,N,nominal,2.0NRT,298.32,5.82,D
17.21682,77.58856,345.96,0.38,0.59,2026-10-05,0856,N,nominal,2.0NRT,297.98,5.44,D
17.21711,77.58707,354.7,0.38,0.59,2026-10-05,0856,N,nominal,2.0NRT,298.51,4.06,D
18.116,74.11591,332.19,0.47,0.47,2026-10-05,0856,N,nominal,2.0NRT,302.3,3.06,D
18.11586,74.11653,331.55,0.47,0.48,2026-10-05,0856,N,nominal,2.0NRT,302.11,2.92,D
18.75774,78.38681,333.06,0.45,0.63,2026-10-05,0856,N,nominal,2.0NRT,300.69,1.81,D
18.93164,77.84608,330.7,0.42,0.61,2026-10-05,0856,N,low,2.0NRT,301,2.94,D
18.93377,77.8474,334.99,0.42,0.61,2026-10-05,0856,N,nominal,2.0NRT,301.97,3.53,D
21.25054,79.20815,328.91,0.54,0.68,2026-10-05,0856,N,low,2.0NRT,299.07,2.43,D
21.25597,75.41509,337.81,0.62,0.54,2026-10-05,0856,N,nominal,2.0NRT,306.49,2.86,D
21.25569,75.41249,335.11,0.62,0.54,2026-10-05,0856,N,nominal,2.0NRT,305.61,3.1,D
21.10433,72.64842,344.99,0.41,0.45,2026-10-05,0856,N,nominal,2.0NRT,306.12,3.51,D
21.10384,72.64442,336.29,0.41,0.45,2026-10-05,0856,N,nominal,2.0NRT,304.84,3.51,D
21.10287,72.63643,350.66,0.41,0.45,2026-10-05,0856,N,nominal,2.0NRT,304.39,7.35,D
21.10848,72.64788,332.15,0.41,0.45,2026-10-05,0856,N,low,2.0NRT,304.98,3.8,D
21.76862,76.37214,331.72,0.36,0.58,2026-10-05,0856,N,low,2.0NRT,303.85,1.59,D
21.72196,75.67426,336.11,0.33,0.55,2026-10-05,0856,N,nominal,2.0NRT,305.41,2.14,D
21.29969,71.09039,342.47,0.51,0.41,2026-10-05,0856,N,nominal,2.0NRT,306.87,4.46,D
21.89745,76.16227,331.45,0.35,0.57,2026-10-05,0856,N,nominal,2.0NRT,301.28,0.96,D
22.17633,75.41486,332.02,0.32,0.54,2026-10-05,0856,N,nominal,2.0NRT,303.67,0.52,D
22.24667,75.77925,349.37,0.34,0.56,2026-10-05,0856,N,nominal,2.0NRT,304.37,5.1,D
19.26667,56.1748,340.36,0.46,0.63,2026-10-05,0856,N,nominal,2.0NRT,304.35,1.62,D
22.68815,76.70034,332.77,0.39,0.59,2026-10-05,0856,N,nominal,2.0NRT,298.6,2,D
22.61058,75.37244,336.13,0.32,0.55,2026-10-05,0856,N,nominal,2.0NRT,307.81,1.05,D
22.91258,75.45052,341.65,0.33,0.55,2026-10-05,0856,N,nominal,2.0NRT,305.51,4.08,D
22.9971,75.88139,340.85,0.35,0.57,2026-10-05,0856,N,nominal,2.0NRT,307.91,2.71,D
22.99677,75.87791,339.01,0.35,0.57,2026-10-05,0856,N,nominal,2.0NRT,308.55,2.71,D
23.05334,75.91383,336.07,0.35,0.57,2026-10-05,0856,N,nominal,2.0NRT,304.49,3.14,D
23.0594,75.41769,346.08,0.33,0.55,2026-10-05,0856,N,nominal,2.0NRT,308.06,3.08,D
23.11671,75.91304,333,0.35,0.57,2026-10-05,0856,N,low,2.0NRT,306.42,1.98,D
23.08131,75.48428,339.54,0.33,0.55,2026-10-05,0856,N,nominal,2.0NRT,305.68,1.9,D
23.13605,75.11126,341.8,0.63,0.54,2026-10-05,0856,N,nominal,2.0NRT,305.22,5.36,D
23.13597,75.11527,337.45,0.63,0.54,2026-10-05,0856,N,nominal,2.0NRT,303.26,7.88,D
23.17033,75.36446,340.87,0.32,0.55,2026-10-05,0856,N,nominal,2.0NRT,305.44,2.73,D
23.21053,75.73112,339.01,0.34,0.56,2026-10-05,0856,N,nominal,2.0NRT,306.21,2.56,D
23.18562,75.36274,336.23,0.32,0.55,2026-10-05,0856,N,nominal,2.0NRT,305.51,0.83,D
23.38144,75.91115,335.33,0.35,0.57,2026-10-05,0856,N,nominal,2.0NRT,305.6,1.17,D
20.22504,55.74032,342.31,0.47,0.64,2026-10-05,0856,N,nominal,2.0NRT,305.29,0.9,D
23.46759,75.70912,337.95,0.34,0.56,2026-10-05,0856,N,nominal,2.0NRT,306.59,1.93,D
23.16861,72.65588,335.35,0.44,0.46,2026-10-05,0856,N,nominal,2.0NRT,304.4,2.52,D
20.37225,55.93514,336.96,0.45,0.63,2026-10-05,0856,N,nominal,2.0NRT,305.13,1.72,D
20.37797,55.93373,336.6,0.45,0.63,2026-10-05,0856,N,nominal,2.0NRT,305.69,2.41,D
20.39032,55.66298,336.88,0.47,0.64,2026-10-05,0856,N,nominal,2.0NRT,306.11,1.25,D
22.96052,70.0252,331.66,0.47,0.4,2026-10-05,0856,N,low,2.0NRT,305.52,2.44,D
20.56001,56.41853,338.1,0.41,0.61,2026-10-05,0856,N,nominal,2.0NRT,307.05,2.2,D
23.04175,68.9792,338,0.43,0.38,2026-10-05,0856,N,nominal,2.0NRT,298.7,2.73,D
23.18686,69.8815,341.19,0.47,0.4,2026-10-05,0856,N,nominal,2.0NRT,307.73,3.59,D
20.9994,56.53332,355.04,0.4,0.6,2026-10-05,0856,N,nominal,2.0NRT,310.8,4.79,D
20.99857,56.52948,341.11,0.4,0.6,2026-10-05,0856,N,nominal,2.0NRT,309.26,2.96,D
21.00486,56.53197,337.12,0.4,0.6,2026-10-05,0856,N,low,2.0NRT,309.57,2.29,D
21.30525,57.79739,336.69,0.33,0.55,2026-10-05,0856,N,low,2.0NRT,311.19,0.5,D
21.31019,57.74669,347.32,0.33,0.55,2026-10-05,0858,N,nominal,2.0NRT,311.75,1.54,D
21.31455,57.74234,338.87,0.33,0.55,2026-10-05,0858,N,low,2.0NRT,311.23,1.54,D
21.32054,57.72086,339.27,0.33,0.55,2026-10-05,0858,N,low,2.0NRT,310.9,0.82,D
21.37548,56.39496,347.79,0.4,0.6,2026-10-05,0858,N,nominal,2.0NRT,308.84,2.69,D
24.6824,77.0749,342.76,0.43,0.62,2026-10-05,0858,N,nominal,2.0NRT,305.02,4.87,D
21.83232,56.68097,342.08,0.38,0.58,2026-10-05,0858,N,nominal,2.0NRT,310.42,0.55,D
21.83524,56.68141,340.65,0.38,0.58,2026-10-05,0858,N,nominal,2.0NRT,310.05,0.82,D
21.93868,57.07454,348.08,0.35,0.57,2026-10-05,0858,N,nominal,2.0NRT,309.62,6.46,D
21.93793,57.07114,338.36,0.35,0.57,2026-10-05,0858,N,low,2.0NRT,309.4,5.49,D
24.89787,76.92246,331.17,0.43,0.62,2026-10-05,0858,N,low,2.0NRT,303.45,2.61,D
22.1693,57.38985,340.06,0.33,0.56,2026-10-05,0858,N,low,2.0NRT,311.18,3.32,D
25.12732,76.14893,330.12,0.38,0.59,2026-10-05,0858,N,low,2.0NRT,304.44,2.79,D
25.12746,76.14783,330.52,0.38,0.59,2026-10-05,0858,N,low,2.0NRT,304.43,1.65,D
22.40543,56.99045,340,0.35,0.57,2026-10-05,0858,N,low,2.0NRT,310.49,2.44,D
22.32469,56.49155,337.7,0.38,0.59,2026-10-05,0858,N,low,2.0NRT,311.85,3.67,D
22.32608,56.47218,350.63,0.38,0.59,2026-10-05,0858,N,nominal,2.0NRT,311.86,2.74,D
22.31817,56.47905,335.47,0.38,0.59,2026-10-05,0858,N,low,2.0NRT,310.12,1.23,D
22.32585,56.48816,341.6,0.38,0.59,2026-10-05,0858,N,low,2.0NRT,312.03,2.42,D
22.32793,56.47242,346.32,0.38,0.59,2026-10-05,0858,N,nominal,2.0NRT,311.82,3.15,D
25.19152,74.07854,342.18,0.57,0.52,2026-10-05,0858,N,nominal,2.0NRT,310.75,3.45,D
25.19633,74.078,336.71,0.57,0.52,2026-10-05,0858,N,nominal,2.0NRT,310.87,4.64,D
22.4402,56.70163,341.21,0.36,0.58,2026-10-05,0858,N,low,2.0NRT,311.55,6.91,D
22.87613,55.92558,367,0.4,0.6,2026-10-05,0858,N,high,2.0NRT,314.63,4.97,D
22.87701,55.92944,354.07,0.4,0.6,2026-10-05,0858,N,nominal,2.0NRT,313.64,4.91,D
22.87558,55.61581,342.04,0.42,0.61,2026-10-05,0858,N,low,2.0NRT,315.64,1.26,D
26.33207,77.69214,339.29,0.49,0.65,2026-10-05,0858,N,nominal,2.0NRT,300.34,6.61,D
26.33171,77.68708,331.27,0.49,0.65,2026-10-05,0858,N,nominal,2.0NRT,299.97,4.54,D
26.35071,77.6957,348.97,0.49,0.65,2026-10-05,0858,N,nominal,2.0NRT,301.6,6.45,D
23.1907,55.45769,355.04,0.42,0.61,2026-10-05,0858,N,nominal,2.0NRT,314.56,2.29,D
23.19319,55.45692,367,0.42,0.61,2026-10-05,0858,N,high,2.0NRT,314.54,3.43,D
25.65428,67.33251,338.34,0.4,0.37,2026-10-05,0858,N,low,2.0NRT,310.91,2.16,D
25.90458,69.03818,335.12,0.46,0.39,2026-10-05,0858,N,nominal,2.0NRT,304.32,1.56,D
25.90818,69.03761,335.19,0.46,0.39,2026-10-05,0858,N,nominal,2.0NRT,304.85,1.85,D
25.94424,69.11613,335.32,0.46,0.39,2026-10-05,0858,N,nominal,2.0NRT,304.72,2.39,D
25.87343,68.3679,338.63,0.43,0.38,2026-10-05,0858,N,nominal,2.0NRT,308.34,3.49,D
23.31282,54.17797,338.74,0.5,0.66,2026-10-05,0858,N,low,2.0NRT,309.56,0.69,D
26.1237,68.81709,336.71,0.45,0.39,2026-10-05,0858,N,nominal,2.0NRT,305.96,2.47,D
26.17314,68.76006,336.59,0.45,0.39,2026-10-05,0858,N,nominal,2.0NRT,307.8,3.89,D
26.23324,68.91184,335.01,0.45,0.39,2026-10-05,0858,N,nominal,2.0NRT,308.82,2.22,D
26.32623,68.18326,335.12,0.43,0.38,2026-10-05,0858,N,nominal,2.0NRT,309.55,1.5,D
24.50415,56.60756,344.36,0.33,0.56,2026-10-05,0858,N,nominal,2.0NRT,310.51,3.43,D
24.05933,54.31813,339.75,0.47,0.64,2026-10-05,0858,N,nominal,2.0NRT,306.83,1.75,D
24.06513,54.31649,339.94,0.47,0.64,2026-10-05,0858,N,nominal,2.0NRT,306.59,1.75,D
27.71612,76.1425,330.84,0.41,0.6,2026-10-05,0858,N,low,2.0NRT,305.29,0.71,D
24.75627,55.49895,349,0.39,0.59,2026-10-05,0858,N,nominal,2.0NRT,303.94,3.4,D
24.50844,54.01616,332.56,0.48,0.65,2026-10-05,0858,N,nominal,2.0NRT,299.25,4.95,D
27.29445,68.50259,334.05,0.45,0.39,2026-10-05,0858,N,low,2.0NRT,308.3,2.05,D
27.46512,68.67733,336.22,0.46,0.39,2026-10-05,0858,N,nominal,2.0NRT,307.2,3.52,D
27.69937,69.12347,337.42,0.48,0.4,2026-10-05,0858,N,nominal,2.0NRT,307.33,3.17,D
28.49672,76.83518,342.91,0.46,0.63,2026-10-05,0858,N,nominal,2.0NRT,301.05,3.01,D
28.49639,76.83039,330.17,0.46,0.63,2026-10-05,0858,N,low,2.0NRT,300.58,3.01,D
26.39643,60.55429,348.2,0.54,0.42,2026-10-05,0858,N,nominal,2.0NRT,318.83,14.84,D
28.50264,76.83472,347.24,0.46,0.63,2026-10-05,0858,N,nominal,2.0NRT,298.55,3.23,D
28.05138,69.37029,338.09,0.5,0.41,2026-10-05,0858,N,nominal,2.0NRT,308.66,6.02,D
30.08985,73.02322,344.4,0.56,0.51,2026-10-05,0858,N,nominal,2.0NRT,303.18,5.01,D
30.03773,72.41449,350.39,0.51,0.5,2026-10-05,0858,N,nominal,2.0NRT,307.41,13.86,D
30.04233,72.41393,331.47,0.51,0.5,2026-10-05,0858,N,low,2.0NRT,302.68,13.86,D
29.98946,71.52803,331.22,0.46,0.47,2026-10-05,0858,N,nominal,2.0NRT,303.74,2.24,D
30.35782,73.65845,343.75,0.62,0.54,2026-10-05,0858,N,nominal,2.0NRT,301.74,19.26,D
30.34725,73.42104,330.66,0.6,0.53,2026-10-05,0858,N,nominal,2.0NRT,300.72,3.25,D
30.40034,73.45974,331.93,0.6,0.53,2026-10-05,0858,N,nominal,2.0NRT,301.17,7.38,D
30.39647,73.45778,334.29,0.6,0.53,2026-10-05,0858,N,nominal,2.0NRT,301.71,2.8,D
30.43396,73.66767,333.62,0.62,0.54,2026-10-05,0858,N,nominal,2.0NRT,301.39,3.57,D
30.42207,73.52554,350.64,0.61,0.53,2026-10-05,0858,N,nominal,2.0NRT,303.52,21.31,D
30.52318,73.82475,333.91,0.63,0.54,2026-10-05,0858,N,nominal,2.0NRT,301.35,3.84,D
30.52232,73.82359,334.68,0.63,0.54,2026-10-05,0858,N,nominal,2.0NRT,301.29,4.67,D
30.57983,74.09475,333.81,0.33,0.55,2026-10-05,0858,N,nominal,2.0NRT,302.53,2.88,D
30.57956,74.09127,331.7,0.33,0.55,2026-10-05,0858,N,low,2.0NRT,302.01,2.88,D
30.48729,72.32802,335.18,0.51,0.5,2026-10-05,0858,N,nominal,2.0NRT,301.78,4.41,D
30.48613,72.32522,334.41,0.51,0.5,2026-10-05,0858,N,nominal,2.0NRT,301.86,5.45,D
30.67549,73.90944,339.49,0.32,0.55,2026-10-05,0858,N,nominal,2.0NRT,301.34,2.12,D
30.73812,73.7449,340.79,0.63,0.54,2026-10-05,0858,N,nominal,2.0NRT,302.51,7.11,D
30.73759,73.74554,341.14,0.63,0.54,2026-10-05,0858,N,nominal,2.0NRT,302.32,5.54,D
30.82456,74.18982,339.24,0.33,0.56,2026-10-05,0858,N,nominal,2.0NRT,301.67,2.91,D
30.82706,73.8429,367,0.32,0.55,2026-10-05,0858,N,high,2.0NRT,304.23,5.74,D
30.82734,73.84629,347.97,0.32,0.55,2026-10-05,0858,N,nominal,2.0NRT,302.58,5.74,D
30.83575,73.82491,330.15,0.32,0.54,2026-10-05,0858,N,low,2.0NRT,302.27,1.84,D
30.84081,73.82439,334.03,0.32,0.54,2026-10-05,0858,N,nominal,2.0NRT,301.43,2.72,D
30.83894,73.82254,354.39,0.32,0.54,2026-10-05,0858,N,nominal,2.0NRT,303.3,4.14,D
30.87393,73.87714,340.85,0.32,0.55,2026-10-05,0858,N,nominal,2.0NRT,302.67,2.97,D
30.99346,74.18486,330.74,0.34,0.56,2026-10-05,0858,N,low,2.0NRT,301.09,2.72,D
31.04207,74.61929,367,0.36,0.57,2026-10-05,0858,N,high,2.0NRT,301.73,10.87,D
31.04178,74.61548,354.24,0.36,0.57,2026-10-05,0858,N,nominal,2.0NRT,303.27,10.87,D
31.00872,74.1797,338.52,0.34,0.56,2026-10-05,0858,N,nominal,2.0NRT,300.66,3.11,D
31.04845,74.4217,351.23,0.35,0.57,2026-10-05,0858,N,nominal,2.0NRT,302.66,3.7,D
31.03349,74.16276,334.73,0.34,0.56,2026-10-05,0858,N,nominal,2.0NRT,300.34,2.34,D
31.08965,74.61086,336.52,0.36,0.57,2026-10-05,0858,N,nominal,2.0NRT,302.18,2.53,D
31.08233,74.5162,334.73,0.35,0.57,2026-10-05,0858,N,nominal,2.0NRT,301.9,1.48,D
30.75366,70.76564,341.58,0.42,0.45,2026-10-05,0858,N,nominal,2.0NRT,304.43,5.55,D
31.12106,74.66958,333.42,0.36,0.57,2026-10-05,0858,N,nominal,2.0NRT,299.36,1.69,D
31.11798,74.66095,332.15,0.36,0.57,2026-10-05,0858,N,nominal,2.0NRT,299.3,2.87,D
31.12386,74.66813,332.7,0.36,0.57,2026-10-05,0858,N,nominal,2.0NRT,299.09,3.46,D
31.40779,74.78336,334.8,0.37,0.58,2026-10-05,0858,N,nominal,2.0NRT,299.01,3.02,D
31.53385,75.14354,347.79,0.39,0.59,2026-10-05,0858,N,nominal,2.0NRT,299.19,3.29,D
31.53937,75.14305,331.68,0.39,0.59,2026-10-05,0858,N,nominal,2.0NRT,296.65,3.29,D
28.37784,54.16751,336.84,0.39,0.59,2026-10-05,0858,N,low,2.0NRT,311.7,1.06,D
31.57641,72.33394,330.85,0.53,0.5,2026-10-05,0900,N,low,2.0NRT,301.73,4.65,D
31.81442,74.37062,336.12,0.35,0.57,2026-10-05,0900,N,nominal,2.0NRT,298.74,5.76,D
31.8244,74.36204,367,0.35,0.57,2026-10-05,0900,N,high,2.0NRT,299.98,5.58,D
31.82352,74.35072,367,0.35,0.57,2026-10-05,0900,N,high,2.0NRT,300.91,8.17,D
31.82469,74.36582,340.09,0.35,0.57,2026-10-05,0900,N,nominal,2.0NRT,297.36,5.58,D
31.82381,74.3545,330.06,0.35,0.57,2026-10-05,0900,N,nominal,2.0NRT,298.45,8.41,D
31.82997,74.36532,336.87,0.35,0.57,2026-10-05,0900,N,nominal,2.0NRT,297.09,5.58,D
31.82968,74.36154,338.61,0.35,0.57,2026-10-05,0900,N,nominal,2.0NRT,297.28,5.58,D
31.82359,74.36161,367,0.35,0.57,2026-10-05,0900,N,high,2.0NRT,300.51,5.9,D
31.82386,74.36539,337.8,0.35,0.57,2026-10-05,0900,N,nominal,2.0NRT,297.53,5.9,D
31.82279,74.35027,355.28,0.35,0.57,2026-10-05,0900,N,nominal,2.0NRT,301.17,9.05,D
31.82914,74.36488,338.17,0.35,0.57,2026-10-05,0900,N,nominal,2.0NRT,296.9,5.9,D
31.82887,74.36109,343.14,0.35,0.57,2026-10-05,0900,N,nominal,2.0NRT,297.65,5.9,D
31.51153,70.62048,340.6,0.42,0.45,2026-10-05,0900,N,nominal,2.0NRT,304.34,6.52,D
31.84793,74.11568,342.01,0.34,0.56,2026-10-05,0900,N,nominal,2.0NRT,299.95,2.73,D
31.84765,74.11201,335.25,0.34,0.56,2026-10-05,0900,N,nominal,2.0NRT,300.05,2.73,D
31.76999,72.30851,341.62,0.53,0.5,2026-10-05,0900,N,nominal,2.0NRT,301.74,3.91,D
31.7672,72.30624,339.35,0.53,0.5,2026-10-05,0900,N,nominal,2.0NRT,302.23,4.28,D
31.94694,74.17513,343.66,0.34,0.56,2026-10-05,0900,N,nominal,2.0NRT,299.49,6,D
31.89619,73.44588,338.95,0.62,0.54,2026-10-05,0900,N,nominal,2.0NRT,299.49,5.29,D
31.93605,73.82352,350.14,0.33,0.55,2026-10-05,0900,N,nominal,2.0NRT,299.43,3.65,D
31.96027,73.80331,334.24,0.33,0.55,2026-10-05,0900,N,nominal,2.0NRT,300.09,5.92,D
31.95999,73.79979,346.09,0.33,0.55,2026-10-05,0900,N,nominal,2.0NRT,300.6,5,D
31.96594,73.80981,330.2,0.33,0.55,2026-10-05,0900,N,nominal,2.0NRT,299.17,3.49,D
31.9955,73.9212,341.35,0.33,0.55,2026-10-05,0900,N,nominal,2.0NRT,300.05,4.6,D
31.72073,70.78666,343.75,0.43,0.46,2026-10-05,0900,N,nominal,2.0NRT,302.75,5.15,D
32.03149,74.11108,332.72,0.34,0.56,2026-10-05,0900,N,nominal,2.0NRT,297.71,1.52,D
32.03208,74.11053,336.16,0.34,0.56,2026-10-05,0900,N,nominal,2.0NRT,298.01,1.81,D
32.08216,74.0098,333.15,0.34,0.56,2026-10-05,0900,N,nominal,2.0NRT,297.85,2.28,D
32.08242,73.87928,335.61,0.33,0.55,2026-10-05,0900,N,nominal,2.0NRT,299.71,3.9,D
32.04558,72.46822,335.51,0.55,0.51,2026-10-05,0900,N,nominal,2.0NRT,299.25,3.09,D
32.27743,75.35121,343.66,0.41,0.6,2026-10-05,0900,N,nominal,2.0NRT,297.58,6.35,D
32.16885,73.77079,339.73,0.33,0.55,2026-10-05,0900,N,nominal,2.0NRT,298.3,3.09,D
32.22814,73.93011,334.25,0.33,0.56,2026-10-05,0900,N,nominal,2.0NRT,297.61,3.52,D
32.22466,73.93372,333.15,0.33,0.56,2026-10-05,0900,N,nominal,2.0NRT,297.92,5.03,D
32.2244,73.93011,338.41,0.33,0.56,2026-10-05,0900,N,nominal,2.0NRT,297.72,3.45,D
32.2366,73.95437,335.05,0.34,0.56,2026-10-05,0900,N,nominal,2.0NRT,298.25,5.39,D
32.23634,73.95074,337.5,0.34,0.56,2026-10-05,0900,N,nominal,2.0NRT,297.08,3.6,D
32.28505,73.90578,334.19,0.33,0.56,2026-10-05,0900,N,nominal,2.0NRT,297.65,2.61,D
32.30599,73.90731,339.25,0.33,0.56,2026-10-05,0900,N,nominal,2.0NRT,298.01,3.64,D
32.40047,74.03998,338.04,0.34,0.56,2026-10-05,0900,N,nominal,2.0NRT,296.42,5,D
29.99374,55.85256,337.67,0.57,0.52,2026-10-05,0900,N,nominal,2.0NRT,306.68,9.24,D
20.37657,55.93632,337.37,0.72,0.76,2026-10-05,1038,N,nominal,2.0NRT,301.4,1.7,D
22.88012,55.9325,337.24,0.77,0.77,2026-10-05,1038,N,nominal,2.0NRT,305.3,4.12,D
22.87962,55.92478,341.08,0.76,0.77,2026-10-05,1038,N,nominal,2.0NRT,306.26,4.12,D
22.87355,55.61445,338.69,0.73,0.76,2026-10-05,1038,N,low,2.0NRT,308.85,1.68,D
23.18823,55.45855,338.52,0.72,0.76,2026-10-05,1038,N,nominal,2.0NRT,306.91,4.29,D
23.19531,55.45811,335.99,0.72,0.76,2026-10-05,1038,N,low,2.0NRT,307.08,2.98,D
23.19272,55.45731,343.93,0.72,0.76,2026-10-05,1038,N,nominal,2.0NRT,307.38,4.55,D
23.31188,54.1786,339.57,0.6,0.71,2026-10-05,1038,N,nominal,2.0NRT,309.19,3.21,D
23.31046,54.1796,339.22,0.6,0.71,2026-10-05,1038,N,low,2.0NRT,309.5,2.31,D
24.06573,54.31811,340.18,0.62,0.72,2026-10-05,1038,N,nominal,2.0NRT,302.23,3.63,D
24.51199,54.01917,336.15,0.6,0.71,2026-10-05,1038,N,nominal,2.0NRT,299.78,4.47,D
34.11062,75.41262,337.18,0.43,0.62,2026-10-05,0900,N,nominal,2.0NRT,302.66,3.88,D
34.59123,73.73303,338.32,0.35,0.56,2026-10-05,0900,N,nominal,2.0NRT,297.01,5.37,D
34.82932,73.29263,330.95,0.33,0.55,2026-10-05,0900,N,low,2.0NRT,303.61,2.27,D
34.8291,73.28963,331.37,0.33,0.55,2026-10-05,0900,N,nominal,2.0NRT,302.91,2.27,D
35.07322,73.04107,330.89,0.32,0.54,2026-10-05,0900,N,nominal,2.0NRT,300.6,2.95,D
37.03245,62.41882,340.81,0.38,0.36,2026-10-05,0902,N,nominal,2.0NRT,305.44,2.69,D
38.35311,66.31483,338.5,0.47,0.4,2026-10-05,0902,N,nominal,2.0NRT,300.62,3.76,D
38.64643,54.28342,338.04,0.45,0.47,2026-10-05,0902,N,nominal,2.0NRT,302.76,3.02,D
29.78841,91.6044,296.04,0.42,0.38,2026-10-05,1942,N,nominal,2.0NRT,275.63,0.81,N
29.66266,90.90416,298.3,0.44,0.39,2026-10-05,1942,N,nominal,2.0NRT,277.91,0.87,N
29.65973,90.8992,296.63,0.44,0.39,2026-10-05,1942,N,nominal,2.0NRT,276.7,1.25,N
29.2239,88.35096,295.57,0.38,0.43,2026-10-05,1942,N,nominal,2.0NRT,276.09,0.68,N
29.08654,88.0103,309.86,0.4,0.44,2026-10-05,1942,N,nominal,2.0NRT,274.02,1.46,N
25.37866,98.46597,300.06,0.39,0.44,2026-10-05,1942,N,nominal,2.0NRT,284.6,0.76,N
25.07318,99.28441,299.05,0.44,0.46,2026-10-05,1942,N,nominal,2.0NRT,285.69,1.3,N
24.91834,99.09843,301.61,0.43,0.46,2026-10-05,1942,N,nominal,2.0NRT,286.54,1.16,N
24.91887,99.09603,302.6,0.43,0.46,2026-10-05,1942,N,nominal,2.0NRT,287.09,2.06,N
26.75882,83.198,302.74,0.36,0.57,2026-10-05,1945,N,nominal,2.0NRT,290.25,0.6,N
25.54183,91.23354,297.67,0.4,0.37,2026-10-05,1945,N,nominal,2.0NRT,286.14,0.65,N
25.54125,91.23753,308.6,0.4,0.37,2026-10-05,1945,N,nominal,2.0NRT,286.38,0.69,N
26.64639,79.47649,304.93,0.61,0.71,2026-10-05,1945,N,nominal,2.0NRT,290,0.81,N
26.63973,79.47594,303.38,0.61,0.71,2026-10-05,1945,N,nominal,2.0NRT,289.57,0.81,N
26.64257,79.47656,313.42,0.61,0.71,2026-10-05,1945,N,nominal,2.0NRT,290.13,1.84,N
24.90938,91.82912,306.11,0.39,0.36,2026-10-05,1945,N,nominal,2.0NRT,293.93,0.89,N
24.65334,91.93789,308.1,0.39,0.36,2026-10-05,1945,N,nominal,2.0NRT,293.85,0.82,N
24.63708,91.66299,312.9,0.39,0.36,2026-10-05,1945,N,nominal,2.0NRT,294.11,0.86,N
23.69207,90.53266,306.12,0.41,0.37,2026-10-05,1945,N,nominal,2.0NRT,294.42,0.95,N
24.11485,86.85966,317.83,0.4,0.44,2026-10-05,1945,N,nominal,2.0NRT,294.34,1.99,N
24.44923,83.03902,305.31,0.35,0.57,2026-10-05,1945,N,nominal,2.0NRT,289.05,0.51,N
22.35498,96.70374,300.1,0.53,0.42,2026-10-05,1945,N,nominal,2.0NRT,289.55,0.9,N
23.78266,87.08348,305.91,0.39,0.44,2026-10-05,1945,N,nominal,2.0NRT,294.44,1.05,N
24.20424,82.70859,302.29,0.36,0.58,2026-10-05,1945,N,nominal,2.0NRT,288.13,0.69,N
24.20393,82.71199,300.61,0.36,0.58,2026-10-05,1945,N,nominal,2.0NRT,288.07,0.69,N
24.19818,82.71564,304.31,0.36,0.58,2026-10-05,1945,N,nominal,2.0NRT,287.46,0.89,N
23.8051,86.32956,321.66,0.43,0.46,2026-10-05,1945,N,nominal,2.0NRT,293.35,1.92,N
23.80087,86.32896,306.54,0.43,0.46,2026-10-05,1945,N,nominal,2.0NRT,291.23,1.92,N
23.79846,86.35008,317.06,0.43,0.46,2026-10-05,1945,N,nominal,2.0NRT,292.07,3.19,N
23.80615,86.32747,305.71,0.43,0.46,2026-10-05,1945,N,nominal,2.0NRT,291.88,1.72,N
23.80563,86.33173,311.71,0.43,0.46,2026-10-05,1945,N,nominal,2.0NRT,292.55,1.46,N
24.19563,82.7169,300.7,0.36,0.58,2026-10-05,1945,N,nominal,2.0NRT,287.83,0.47,N
23.8014,86.33113,313.97,0.43,0.46,2026-10-05,1945,N,nominal,2.0NRT,291.65,1.53,N
23.79885,86.35223,313.65,0.43,0.46,2026-10-05,1945,N,nominal,2.0NRT,291.92,2.31,N
23.79463,86.35162,310.67,0.43,0.46,2026-10-05,1945,N,nominal,2.0NRT,291.27,2.31,N
23.69544,87.12215,309.31,0.38,0.44,2026-10-05,1945,N,nominal,2.0NRT,295.25,1.79,N
23.7816,86.38845,312.84,0.42,0.46,2026-10-05,1945,N,nominal,2.0NRT,290.69,1.8,N
23.7811,86.39262,311.03,0.42,0.46,2026-10-05,1945,N,nominal,2.0NRT,291.88,1.8,N
23.69474,87.09505,308.51,0.39,0.44,2026-10-05,1945,N,nominal,2.0NRT,294.89,1.79,N
23.69284,87.11021,309.59,0.38,0.44,2026-10-05,1945,N,nominal,2.0NRT,295.04,2.25,N
23.69142,87.12156,319.47,0.38,0.44,2026-10-05,1945,N,nominal,2.0NRT,295.49,1.79,N
23.77739,86.38782,323.13,0.42,0.46,2026-10-05,1945,N,nominal,2.0NRT,291.43,4.62,N
23.6874,87.12094,321.07,0.38,0.44,2026-10-05,1945,N,nominal,2.0NRT,295.57,2.81,N
23.69024,87.09825,312.76,0.39,0.44,2026-10-05,1945,N,nominal,2.0NRT,296.15,2.24,N
23.77622,86.36183,309.35,0.43,0.46,2026-10-05,1945,N,nominal,2.0NRT,290.33,1.96,N
23.77571,86.36608,319.3,0.43,0.46,2026-10-05,1945,N,nominal,2.0NRT,291.58,1.96,N
23.68243,87.12794,306.08,0.38,0.43,2026-10-05,1945,N,nominal,2.0NRT,294.09,1.4,N
23.76696,86.40332,325.49,0.42,0.45,2026-10-05,1945,N,nominal,2.0NRT,292.31,2.36,N
23.76645,86.40758,312.85,0.42,0.45,2026-10-05,1945,N,nominal,2.0NRT,291.67,2.36,N
23.76275,86.40273,320.94,0.42,0.45,2026-10-05,1945,N,nominal,2.0NRT,291.68,2.36,N
23.76377,86.39426,308.68,0.42,0.46,2026-10-05,1945,N,nominal,2.0NRT,291.68,1.94,N
23.76326,86.39848,304.72,0.42,0.45,2026-10-05,1945,N,nominal,2.0NRT,290.51,1.94,N
23.75906,86.39784,305.68,0.42,0.45,2026-10-05,1945,N,nominal,2.0NRT,291.07,2.24,N
23.75855,86.40211,308.87,0.42,0.45,2026-10-05,1945,N,nominal,2.0NRT,291.23,1.28,N
23.75804,86.40634,307.25,0.42,0.45,2026-10-05,1945,N,nominal,2.0NRT,290.53,1.28,N
23.75604,86.42307,303.75,0.42,0.45,2026-10-05,1945,N,nominal,2.0NRT,290.25,1.25,N
23.66649,87.15736,309.98,0.57,0.43,2026-10-05,1945,N,nominal,2.0NRT,295.02,1.6,N
23.75234,86.41829,317.9,0.42,0.45,2026-10-05,1945,N,nominal,2.0NRT,291.87,1.25,N
23.66248,87.15675,314.24,0.57,0.43,2026-10-05,1945,N,nominal,2.0NRT,294.02,1.6,N
24.14714,82.65591,310.42,0.37,0.58,2026-10-05,1945,N,nominal,2.0NRT,288.71,1.22,N
23.77423,86.19679,307.64,0.44,0.46,2026-10-05,1945,N,nominal,2.0NRT,291.54,2.15,N
23.74814,86.41767,306.27,0.42,0.45,2026-10-05,1945,N,nominal,2.0NRT,290.83,1.28,N
23.65877,87.1206,305.75,0.38,0.43,2026-10-05,1945,N,nominal,2.0NRT,293.87,0.76,N
23.73776,86.4331,328.32,0.42,0.45,2026-10-05,1945,N,nominal,2.0NRT,292.31,4.86,N
23.66918,86.93477,305.58,0.39,0.44,2026-10-05,1945,N,nominal,2.0NRT,293.01,0.84,N
23.7756,85.99703,305.22,0.45,0.47,2026-10-05,1945,N,nominal,2.0NRT,291.94,1.55,N
23.72419,86.43961,312.36,0.42,0.45,2026-10-05,1945,N,nominal,2.0NRT,291.51,2.28,N
23.7195,86.44318,304.65,0.42,0.45,2026-10-05,1945,N,nominal,2.0NRT,291.04,1.86,N
23.8232,85.49519,304.99,0.48,0.48,2026-10-05,1945,N,nominal,2.0NRT,293.56,2.34,N
23.71775,86.42164,310.61,0.42,0.45,2026-10-05,1945,N,nominal,2.0NRT,290.81,2.22,N
23.71433,86.45089,313.39,0.42,0.45,2026-10-05,1945,N,nominal,2.0NRT,291.65,2.43,N
23.71355,86.42104,305.76,0.42,0.45,2026-10-05,1945,N,nominal,2.0NRT,290.77,2.33,N
23.81007,85.53214,301.75,0.48,0.48,2026-10-05,1945,N,nominal,2.0NRT,290.74,0.66,N
23.76045,85.85831,309.37,0.46,0.47,2026-10-05,1945,N,nominal,2.0NRT,291.84,2.01,N
23.75995,85.86279,306.97,0.46,0.47,2026-10-05,1945,N,nominal,2.0NRT,291.39,1.17,N
23.7566,85.85318,313.75,0.46,0.47,2026-10-05,1945,N,nominal,2.0NRT,293.29,2.01,N
23.75995,85.85613,313.67,0.46,0.47,2026-10-05,1945,N,nominal,2.0NRT,292.23,1.22,N
23.75942,85.86065,306.84,0.46,0.47,2026-10-05,1945,N,nominal,2.0NRT,291.35,1.22,N
23.75614,85.85098,304.86,0.46,0.47,2026-10-05,1945,N,nominal,2.0NRT,291.79,1.45,N
23.75559,85.85555,307.47,0.46,0.47,2026-10-05,1945,N,nominal,2.0NRT,292.2,1.22,N
23.68665,86.39331,307.33,0.42,0.45,2026-10-05,1945,N,nominal,2.0NRT,287.04,1.66,N
23.63226,86.8349,306.3,0.4,0.44,2026-10-05,1945,N,nominal,2.0NRT,292.83,0.88,N
23.62136,86.88905,304.84,0.4,0.44,2026-10-05,1945,N,nominal,2.0NRT,293.21,0.54,N
23.67774,86.39625,307.37,0.42,0.45,2026-10-05,1945,N,nominal,2.0NRT,288.73,1.89,N
23.67723,86.40041,311.36,0.42,0.45,2026-10-05,1945,N,nominal,2.0NRT,290.78,2.37,N
23.84177,84.94701,302.89,0.52,0.5,2026-10-05,1945,N,nominal,2.0NRT,290.61,1.24,N
23.70334,86.07417,305.3,0.44,0.46,2026-10-05,1945,N,nominal,2.0NRT,290.65,0.53,N
23.61301,86.78834,308.4,0.4,0.44,2026-10-05,1945,N,nominal,2.0NRT,293.38,1.38,N
23.56409,87.08427,315.49,0.38,0.44,2026-10-05,1945,N,nominal,2.0NRT,294.64,1.73,N
23.56006,87.08368,307.81,0.38,0.44,2026-10-05,1945,N,nominal,2.0NRT,293.65,1.13,N
23.58281,86.72723,305.63,0.4,0.44,2026-10-05,1945,N,nominal,2.0NRT,292.39,0.63,N
23.48117,87.36091,311.86,0.56,0.43,2026-10-05,1945,N,nominal,2.0NRT,294.66,3.18,N
23.74119,85.01158,304.52,0.51,0.5,2026-10-05,1945,N,nominal,2.0NRT,291.52,1.64,N
23.69844,85.36855,303.52,0.49,0.48,2026-10-05,1945,N,nominal,2.0NRT,292.28,1.29,N
23.69712,85.36707,303.33,0.49,0.48,2026-10-05,1945,N,nominal,2.0NRT,292.17,1,N
23.69703,85.28796,304.56,0.49,0.49,2026-10-05,1945,N,nominal,2.0NRT,293.06,0.95,N
23.69648,85.2928,303.98,0.49,0.49,2026-10-05,1945,N,nominal,2.0NRT,292.65,0.95,N
23.54871,86.54393,304.43,0.41,0.45,2026-10-05,1945,N,nominal,2.0NRT,291.5,0.98,N
23.67455,85.32468,302.65,0.49,0.49,2026-10-05,1945,N,nominal,2.0NRT,291.68,1.01,N
23.64805,85.43838,324.61,0.48,0.48,2026-10-05,1945,N,nominal,2.0NRT,293.21,3.44,N
23.64858,85.43362,305.45,0.48,0.48,2026-10-05,1945,N,nominal,2.0NRT,291.72,1.41,N
23.66935,84.99577,305.08,0.51,0.5,2026-10-05,1945,N,nominal,2.0NRT,291.34,1.98,N
23.6642,85.00018,307.6,0.51,0.5,2026-10-05,1945,N,nominal,2.0NRT,291.29,1.48,N
21.80352,97.22182,309.3,0.38,0.43,2026-10-05,1945,N,nominal,2.0NRT,288.17,1.12,N
22.86544,89.5397,308.83,0.43,0.38,2026-10-05,1945,N,nominal,2.0NRT,294.44,0.58,N
21.59204,96.22778,305.53,0.51,0.41,2026-10-05,1945,N,nominal,2.0NRT,291.73,1.42,N
22.87417,86.06218,312.1,0.43,0.46,2026-10-05,1945,N,nominal,2.0NRT,291.26,1.87,N
22.87485,86.06397,312.28,0.43,0.46,2026-10-05,1945,N,nominal,2.0NRT,291.3,2.13,N
22.79413,86.1981,308.61,0.42,0.45,2026-10-05,1945,N,nominal,2.0NRT,291.49,1.65,N
22.78992,86.1975,317.46,0.42,0.45,2026-10-05,1945,N,nominal,2.0NRT,292.66,1.65,N
22.78893,86.20588,305.56,0.42,0.45,2026-10-05,1945,N,nominal,2.0NRT,291.42,2.52,N
23.16548,82.33974,307.15,0.37,0.58,2026-10-05,1945,N,nominal,2.0NRT,291.78,1.19,N
23.16425,82.34129,304.31,0.37,0.58,2026-10-05,1945,N,nominal,2.0NRT,291.04,0.61,N
22.60987,85.91257,306.35,0.44,0.46,2026-10-05,1945,N,nominal,2.0NRT,291.5,0.77,N
22.59327,85.90585,305.15,0.44,0.46,2026-10-05,1945,N,nominal,2.0NRT,291.14,0.9,N
22.57465,85.89669,307.17,0.44,0.46,2026-10-05,1945,N,nominal,2.0NRT,291.69,2.24,N
22.3798,87.27844,324.5,0.55,0.42,2026-10-05,1945,N,nominal,2.0NRT,296.48,3.23,N
22.37588,87.27785,316.7,0.55,0.42,2026-10-05,1945,N,nominal,2.0NRT,295.94,3.23,N
22.36853,87.30381,316.94,0.54,0.42,2026-10-05,1945,N,nominal,2.0NRT,295.22,1.78,N
22.3653,87.29794,310.49,0.54,0.42,2026-10-05,1945,N,nominal,2.0NRT,295.45,3.54,N
22.36462,87.30322,315.94,0.54,0.42,2026-10-05,1945,N,nominal,2.0NRT,295.38,1.78,N
22.35816,87.29146,315.4,0.54,0.42,2026-10-05,1945,N,nominal,2.0NRT,295.62,2.1,N
22.36478,87.0174,311.24,0.56,0.43,2026-10-05,1945,N,nominal,2.0NRT,293.74,1.74,N
22.3608,87.01679,308.12,0.56,0.43,2026-10-05,1945,N,nominal,2.0NRT,293.51,1.74,N
22.05674,88.12173,308.7,0.49,0.4,2026-10-05,1945,N,nominal,2.0NRT,297.54,0.76,N
22.05609,88.12647,310.34,0.49,0.4,2026-10-05,1945,N,nominal,2.0NRT,298.4,0.76,N
22.05301,88.12115,309.21,0.49,0.4,2026-10-05,1945,N,nominal,2.0NRT,296.99,1.06,N
22.05237,88.12589,313.95,0.49,0.4,2026-10-05,1945,N,nominal,2.0NRT,298.82,1.06,N
22.21467,84.87016,310.44,0.5,0.49,2026-10-05,1945,N,nominal,2.0NRT,292.4,2.14,N
22.21844,84.75453,302.58,0.51,0.49,2026-10-05,1945,N,nominal,2.0NRT,292.22,1.86,N
22.20802,84.55183,303.96,0.53,0.5,2026-10-05,1945,N,nominal,2.0NRT,292.45,0.67,N
22.33292,82.60545,307.07,0.35,0.57,2026-10-05,1945,N,nominal,2.0NRT,292.53,1.78,N
22.35691,82.30258,304.5,0.37,0.58,2026-10-05,1945,N,nominal,2.0NRT,292.13,1.1,N
22.3237,82.59032,315.14,0.35,0.57,2026-10-05,1945,N,nominal,2.0NRT,292.98,1.66,N
22.32246,82.54793,304.62,0.35,0.57,2026-10-05,1945,N,nominal,2.0NRT,293.46,0.75,N
22.32077,82.56543,309.56,0.35,0.57,2026-10-05,1945,N,nominal,2.0NRT,294.58,1.45,N
22.31581,82.56129,307.08,0.35,0.57,2026-10-05,1945,N,nominal,2.0NRT,293.21,1.29,N
22.04092,83.72755,308.89,0.59,0.53,2026-10-05,1945,N,nominal,2.0NRT,292.48,1.96,N
22.04029,83.73335,307.01,0.59,0.53,2026-10-05,1945,N,nominal,2.0NRT,293.38,2.91,N
22.08555,83.11466,306.21,0.32,0.55,2026-10-05,1945,N,nominal,2.0NRT,292.48,0.44,N
22.04051,83.35226,304.06,0.62,0.54,2026-10-05,1945,N,nominal,2.0NRT,292.34,1.04,N
22.1545,82.09426,305.8,0.38,0.59,2026-10-05,1945,N,nominal,2.0NRT,292.5,0.75,N
22.00436,82.66678,305.65,0.34,0.56,2026-10-05,1945,N,nominal,2.0NRT,292.6,1.39,N
22.00402,82.67023,314.08,0.34,0.56,2026-10-05,1945,N,nominal,2.0NRT,293.53,1.29,N
21.92624,83.33601,304.22,0.62,0.54,2026-10-05,1945,N,nominal,2.0NRT,292.71,3.07,N
21.92497,83.34834,304.57,0.62,0.54,2026-10-05,1945,N,nominal,2.0NRT,292.71,2.09,N
21.91996,83.34769,317.05,0.62,0.54,2026-10-05,1945,N,nominal,2.0NRT,293.55,2.56,N
21.91933,83.3538,306.04,0.62,0.54,2026-10-05,1945,N,nominal,2.0NRT,293.14,2.56,N
21.87836,83.55618,303.08,0.6,0.53,2026-10-05,1945,N,nominal,2.0NRT,292.2,1.21,N
21.87457,83.4952,303.84,0.61,0.53,2026-10-05,1945,N,nominal,2.0NRT,292.3,1.49,N
21.82277,83.99603,304.16,0.56,0.52,2026-10-05,1945,N,nominal,2.0NRT,292.92,1.56,N
21.77167,84.02171,304.65,0.56,0.52,2026-10-05,1945,N,nominal,2.0NRT,292.76,1.81,N
21.76688,84.02112,305.46,0.56,0.52,2026-10-05,1945,N,nominal,2.0NRT,293.22,1.81,N
21.76209,84.02049,307.38,0.56,0.52,2026-10-05,1945,N,nominal,2.0NRT,293.77,3.26,N
21.75671,84.02541,309.18,0.56,0.52,2026-10-05,1945,N,nominal,2.0NRT,293.38,1.42,N
21.76086,83.85056,309.54,0.58,0.52,2026-10-05,1945,N,nominal,2.0NRT,293.42,3.21,N
21.7499,83.81498,305.57,0.58,0.52,2026-10-05,1945,N,nominal,2.0NRT,293.02,1.13,N
21.67847,84.03678,310.46,0.56,0.51,2026-10-05,1945,N,nominal,2.0NRT,293.44,2.95,N
21.80363,82.0373,303.74,0.38,0.58,2026-10-05,1945,N,nominal,2.0NRT,293.07,1.18,N
21.67192,82.07947,311.81,0.37,0.58,2026-10-05,1945,N,nominal,2.0NRT,293.52,1.77,N
21.62198,81.79267,306.54,0.39,0.59,2026-10-05,1945,N,nominal,2.0NRT,292.74,0.98,N
21.6223,81.7919,303.47,0.39,0.59,2026-10-05,1945,N,nominal,2.0NRT,292.76,1,N
21.57192,81.73542,305.65,0.39,0.59,2026-10-05,1945,N,nominal,2.0NRT,293.21,0.87,N
21.48597,81.76643,307.58,0.39,0.59,2026-10-05,1945,N,nominal,2.0NRT,292.94,1.3,N
20.99791,86.01051,307.51,0.41,0.45,2026-10-05,1945,N,nominal,2.0NRT,295.03,1.16,N
20.97345,86.00288,312.35,0.41,0.45,2026-10-05,1945,N,nominal,2.0NRT,296.13,2.95,N
20.97151,86.01884,307.78,0.41,0.45,2026-10-05,1945,N,nominal,2.0NRT,295.49,1.83,N
20.97102,86.02283,305.94,0.41,0.45,2026-10-05,1945,N,nominal,2.0NRT,295.24,1.47,N
20.96832,86.01028,309.71,0.41,0.45,2026-10-05,1945,N,nominal,2.0NRT,296.66,3.39,N
20.96783,86.01428,318.22,0.41,0.45,2026-10-05,1945,N,nominal,2.0NRT,297.16,1.83,N
39.86327,98.25482,308.1,0.39,0.36,2026-10-05,1938,N,nominal,2.0NRT,283.8,0.96,N
20.96347,86.0502,307.56,0.41,0.45,2026-10-05,1945,N,nominal,2.0NRT,295.97,1.46,N
39.85998,98.25388,300.64,0.39,0.36,2026-10-05,1938,N,nominal,2.0NRT,281.3,0.85,N
21.07903,85.03458,330.84,0.48,0.48,2026-10-05,1945,N,nominal,2.0NRT,295.6,4.35,N
39.84551,98.2781,305.46,0.39,0.36,2026-10-05,1938,N,nominal,2.0NRT,279.58,0.39,N
39.84222,98.27715,318.57,0.39,0.36,2026-10-05,1938,N,nominal,2.0NRT,279.28,0.94,N
20.96464,86.00571,329.23,0.41,0.45,2026-10-05,1945,N,nominal,2.0NRT,295.92,4.27,N
39.84197,98.25818,296.22,0.39,0.36,2026-10-05,1938,N,nominal,2.0NRT,280.96,0.29,N
39.82232,98.24107,298.78,0.39,0.36,2026-10-05,1938,N,nominal,2.0NRT,281.4,0.79,N
21.0785,85.03918,319.82,0.47,0.48,2026-10-05,1945,N,nominal,2.0NRT,294.78,4.35,N
39.8132,98.29519,319.27,0.39,0.36,2026-10-05,1938,N,nominal,2.0NRT,287.14,1.44,N
39.80557,98.34038,295.25,0.39,0.36,2026-10-05,1938,N,nominal,2.0NRT,281.34,0.6,N
21.07796,85.04385,309.37,0.47,0.48,2026-10-05,1945,N,nominal,2.0NRT,293.56,1.3,N
39.80991,98.29426,300.83,0.39,0.36,2026-10-05,1938,N,nominal,2.0NRT,280.68,1.44,N
39.80838,98.30328,295.37,0.39,0.36,2026-10-05,1938,N,nominal,2.0NRT,281.95,1.39,N
20.96512,86.00172,316.87,0.41,0.45,2026-10-05,1945,N,nominal,2.0NRT,295.15,2.08,N
39.79228,97.8849,297.63,0.39,0.36,2026-10-05,1938,N,nominal,2.0NRT,281.77,1.19,N
39.79153,97.88937,295.8,0.39,0.36,2026-10-05,1938,N,nominal,2.0NRT,280.8,0.7,N
21.07353,85.04326,306.34,0.47,0.48,2026-10-05,1945,N,nominal,2.0NRT,293.07,1.3,N
39.79079,97.89384,295.06,0.39,0.36,2026-10-05,1938,N,nominal,2.0NRT,280.57,0.7,N
20.95151,86.04443,319.16,0.41,0.45,2026-10-05,1945,N,nominal,2.0NRT,295.52,1.99,N
39.14434,99.45841,318,0.42,0.37,2026-10-05,1938,N,nominal,2.0NRT,278.13,1.08,N
38.8193,101.02287,296.35,0.47,0.4,2026-10-05,1938,N,nominal,2.0NRT,273.66,0.82,N
20.95103,86.04839,314.99,0.41,0.45,2026-10-05,1945,N,nominal,2.0NRT,296.49,1.99,N
21.07987,85.03711,331.49,0.47,0.48,2026-10-05,1945,N,nominal,2.0NRT,295.79,1.94,N
21.08043,85.03251,314.48,0.47,0.48,2026-10-05,1945,N,nominal,2.0NRT,293.47,3.12,N
21.0793,85.04173,306.96,0.47,0.48,2026-10-05,1945,N,nominal,2.0NRT,293.47,1.94,N
38.62198,101.11997,307.59,0.48,0.4,2026-10-05,1938,N,nominal,2.0NRT,275.66,1,N
20.95377,86.0459,313.87,0.41,0.45,2026-10-05,1945,N,nominal,2.0NRT,296.05,1.3,N
21.07543,85.03654,312.84,0.47,0.48,2026-10-05,1945,N,nominal,2.0NRT,295.24,1.94,N
21.07487,85.04118,307.29,0.47,0.48,2026-10-05,1945,N,nominal,2.0NRT,293.4,1.94,N
20.94963,86.04525,315.89,0.41,0.45,2026-10-05,1945,N,nominal,2.0NRT,295.63,1.3,N
20.94913,86.04917,306.61,0.41,0.45,2026-10-05,1945,N,nominal,2.0NRT,295.78,1.3,N
21.37726,81.68095,312.23,0.39,0.59,2026-10-05,1945,N,nominal,2.0NRT,293.58,1.99,N
21.37548,81.6413,307.45,0.39,0.6,2026-10-05,1945,N,nominal,2.0NRT,293.12,1.48,N
20.97857,85.17164,312.62,0.46,0.47,2026-10-05,1945,N,nominal,2.0NRT,293.34,1.36,N
20.97841,85.13483,305.95,0.47,0.48,2026-10-05,1945,N,nominal,2.0NRT,294.03,2.03,N
20.96925,85.17503,328.62,0.46,0.47,2026-10-05,1945,N,nominal,2.0NRT,294.46,2.87,N
20.96978,85.17051,307.08,0.46,0.47,2026-10-05,1945,N,nominal,2.0NRT,293.79,2.87,N
20.96329,85.18796,325.06,0.46,0.47,2026-10-05,1945,N,nominal,2.0NRT,294.6,4.16,N
20.96644,85.16086,309.42,0.47,0.47,2026-10-05,1945,N,nominal,2.0NRT,294.06,2.12,N
20.96591,85.16541,313.5,0.46,0.47,2026-10-05,1945,N,nominal,2.0NRT,294.35,2.12,N
20.96539,85.16992,312.15,0.46,0.47,2026-10-05,1945,N,nominal,2.0NRT,294.06,1.84,N
20.96486,85.17447,313.38,0.46,0.47,2026-10-05,1945,N,nominal,2.0NRT,294.25,1.84,N
20.96433,85.17898,309.26,0.46,0.47,2026-10-05,1945,N,nominal,2.0NRT,293.91,2.02,N
36.58902,101.48812,297.19,0.53,0.42,2026-10-05,1940,N,nominal,2.0NRT,276.68,1.29,N
20.96381,85.18348,308.57,0.46,0.47,2026-10-05,1945,N,nominal,2.0NRT,293.96,2.02,N
36.59193,101.48846,295.64,0.53,0.42,2026-10-05,1940,N,nominal,2.0NRT,277.73,0.97,N
20.96047,85.17388,309.45,0.46,0.47,2026-10-05,1945,N,nominal,2.0NRT,293.82,1.84,N
20.88969,84.98209,319.51,0.48,0.48,2026-10-05,1945,N,nominal,2.0NRT,294.15,2.34,N
20.88525,84.98154,316.01,0.48,0.48,2026-10-05,1945,N,nominal,2.0NRT,293.76,2.34,N
35.99071,94.82903,297.96,0.39,0.36,2026-10-05,1940,N,nominal,2.0NRT,274.85,1.22,N
20.88472,84.98611,306.33,0.48,0.48,2026-10-05,1945,N,nominal,2.0NRT,293.62,2.13,N
20.86642,84.98849,308.72,0.48,0.48,2026-10-05,1945,N,nominal,2.0NRT,294.28,1.86,N
20.8659,84.99295,308.86,0.48,0.48,2026-10-05,1945,N,nominal,2.0NRT,294,1.8,N
20.86539,84.99747,304.64,0.47,0.48,2026-10-05,1945,N,nominal,2.0NRT,293.43,1.8,N
20.86199,84.98775,306.3,0.48,0.48,2026-10-05,1945,N,nominal,2.0NRT,292.8,1,N
20.86684,84.99442,312.55,0.47,0.48,2026-10-05,1945,N,nominal,2.0NRT,294.26,2.94,N
20.86351,84.98474,309.04,0.48,0.48,2026-10-05,1945,N,nominal,2.0NRT,292.84,1.11,N
20.86296,84.98926,306.07,0.47,0.48,2026-10-05,1945,N,nominal,2.0NRT,293.37,1.11,N
20.80807,85.25634,313.57,0.46,0.47,2026-10-05,1945,N,nominal,2.0NRT,294.6,2.36,N
20.80371,85.25579,312.65,0.46,0.47,2026-10-05,1945,N,nominal,2.0NRT,293.84,1.96,N
20.79881,85.25964,308.71,0.46,0.47,2026-10-05,1945,N,nominal,2.0NRT,293.5,1.46,N
20.79499,85.25465,339.14,0.46,0.47,2026-10-05,1945,N,nominal,2.0NRT,294.92,7.93,N
20.78905,85.2672,311.46,0.46,0.47,2026-10-05,1945,N,nominal,2.0NRT,294.04,0.95,N
20.78523,85.26217,306.98,0.46,0.47,2026-10-05,1945,N,nominal,2.0NRT,294.26,1.84,N
21.19189,81.41512,313.53,0.41,0.6,2026-10-05,1945,N,nominal,2.0NRT,292.24,1.58,N
20.75978,85.29008,305.93,0.45,0.47,2026-10-05,1945,N,nominal,2.0NRT,294.02,1.55,N
20.75925,85.29455,308.86,0.45,0.47,2026-10-05,1945,N,nominal,2.0NRT,294.21,1.55,N
20.75872,85.29902,307.95,0.45,0.47,2026-10-05,1945,N,nominal,2.0NRT,294.07,1.23,N
21.3362,78.96754,312.61,0.58,0.7,2026-10-05,1945,N,nominal,2.0NRT,291.9,2.57,N
21.3374,78.96791,312.56,0.58,0.7,2026-10-05,1945,N,nominal,2.0NRT,291.54,2.17,N
21.24459,79.22251,306.64,0.56,0.69,2026-10-05,1945,N,nominal,2.0NRT,292.59,1.71,N
21.24355,79.22145,303.12,0.56,0.69,2026-10-05,1945,N,nominal,2.0NRT,291.89,1.08,N
20.5235,85.72252,311,0.42,0.45,2026-10-05,1945,N,nominal,2.0NRT,294.17,1.51,N
17.61043,83.20589,307.45,0.56,0.52,2026-10-05,1947,N,nominal,2.0NRT,290.59,0.59,N
17.60628,83.19987,305.33,0.56,0.52,2026-10-05,1947,N,nominal,2.0NRT,290.52,1.99,N
16.87168,80.02198,305.22,0.44,0.63,2026-10-05,1947,N,nominal,2.0NRT,291.8,1.05,N
16.10466,80.17995,311.39,0.42,0.61,2026-10-05,1947,N,nominal,2.0NRT,290.08,0.75,N
16.10315,80.18124,305.7,0.42,0.61,2026-10-05,1947,N,nominal,2.0NRT,290.06,0.76,N
15.18372,76.67545,298.41,0.7,0.75,2026-10-05,1947,N,nominal,2.0NRT,280.55,0.85,N
13.16372,80.28071,311,0.38,0.59,2026-10-05,1947,N,nominal,2.0NRT,289.95,3.04,N
13.16329,80.2843,319.39,0.38,0.59,2026-10-05,1947,N,nominal,2.0NRT,290.01,4.06,N
13.15824,80.28001,340.83,0.38,0.59,2026-10-05,1947,N,nominal,2.0NRT,289.85,10.42,N
13.15781,80.28359,351.44,0.38,0.59,2026-10-05,1947,N,nominal,2.0NRT,290.04,9.88,N
26.60589,73.68349,307.41,0.4,0.44,2026-10-05,2123,N,nominal,2.0NRT,295.53,1.16,N
26.23397,68.91336,330.25,0.39,0.36,2026-10-05,2123,N,nominal,2.0NRT,297.06,2.22,N
26.17232,68.75671,329.92,0.39,0.36,2026-10-05,2123,N,nominal,2.0NRT,296.71,2.5,N
27.11797,61.67352,300.25,0.43,0.46,2026-10-05,2123,N,nominal,2.0NRT,289.61,0.11,N
26.12466,68.81543,328.48,0.39,0.36,2026-10-05,2123,N,nominal,2.0NRT,296.94,1.66,N
26.12133,68.81475,310.3,0.39,0.36,2026-10-05,2123,N,nominal,2.0NRT,296.55,0.92,N
26.13228,68.72847,316.03,0.39,0.36,2026-10-05,2123,N,nominal,2.0NRT,296.31,0.84,N
26.13011,68.72835,323.2,0.39,0.36,2026-10-05,2123,N,nominal,2.0NRT,296.41,1.21,N
27.18366,60.51523,304.96,0.5,0.49,2026-10-05,2123,N,nominal,2.0NRT,293.16,0.79,N
24.16819,77.99114,302.6,0.41,0.6,2026-10-05,2123,N,nominal,2.0NRT,289.61,0.26,N
36.99883,80.1944,295.46,0.56,0.51,2026-10-05,2121,N,nominal,2.0NRT,283.79,1.41,N
37.14281,79.49725,299.16,0.51,0.49,2026-10-05,2121,N,nominal,2.0NRT,284.16,1.23,N
24.66017,74.63242,308.85,0.5,0.49,2026-10-05,2123,N,nominal,2.0NRT,294.92,2.24,N
27.16676,56.0495,309.87,0.47,0.64,2026-10-05,2123,N,nominal,2.0NRT,293.91,5.82,N
37.14119,79.50024,295.08,0.51,0.49,2026-10-05,2121,N,nominal,2.0NRT,282,1.5,N
27.14426,56.11041,308.01,0.47,0.64,2026-10-05,2123,N,nominal,2.0NRT,295.55,3.65,N
39.18396,65.31381,296.81,0.57,0.43,2026-10-05,2121,N,nominal,2.0NRT,276.91,0.9,N
24.81995,73.09161,311.85,0.4,0.44,2026-10-05,2123,N,nominal,2.0NRT,296.74,2.38,N
39.1971,63.19839,295.92,0.48,0.48,2026-10-05,2121,N,nominal,2.0NRT,278.58,0.48,N
24.69103,73.00221,310.87,0.4,0.44,2026-10-05,2123,N,nominal,2.0NRT,296.98,1.19,N
39.16923,63.25755,302.12,0.48,0.48,2026-10-05,2121,N,nominal,2.0NRT,280.44,1.73,N
25.3875,68.58087,310.73,0.39,0.36,2026-10-05,2123,N,nominal,2.0NRT,296.8,1.07,N
39.16427,63.26254,301.32,0.48,0.48,2026-10-05,2121,N,nominal,2.0NRT,280.04,0.93,N
25.15644,67.70397,313.37,0.38,0.36,2026-10-05,2123,N,nominal,2.0NRT,296.57,1.28,N
39.15488,63.31816,299.21,0.48,0.48,2026-10-05,2121,N,nominal,2.0NRT,279.41,1,N
25.05117,67.49293,318.72,0.38,0.36,2026-10-05,2123,N,nominal,2.0NRT,297.44,1.8,N
25.05057,67.49672,306.83,0.38,0.36,2026-10-05,2123,N,nominal,2.0NRT,296.61,1.8,N
39.12865,63.30861,305.92,0.48,0.48,2026-10-05,2121,N,nominal,2.0NRT,280.45,1.38,N
24.90878,67.47455,306.44,0.38,0.36,2026-10-05,2123,N,nominal,2.0NRT,296.35,1.2,N
39.11734,63.33529,295.12,0.48,0.48,2026-10-05,2121,N,nominal,2.0NRT,280,1.01,N
38.87283,63.80051,296.16,0.45,0.47,2026-10-05,2121,N,nominal,2.0NRT,278.05,0.36,N
38.83592,63.82129,300.25,0.45,0.47,2026-10-05,2121,N,nominal,2.0NRT,278.89,1.09,N
25.96494,56.06651,313.25,0.46,0.63,2026-10-05,2123,N,nominal,2.0NRT,296.56,3.51,N
38.05049,67.26279,321.97,0.46,0.39,2026-10-05,2121,N,nominal,2.0NRT,284.32,2.31,N
25.9024,54.53207,311.17,0.56,0.69,2026-10-05,2123,N,nominal,2.0NRT,298.7,0.81,N
38.05205,64.90468,309.92,0.39,0.44,2026-10-05,2123,N,nominal,2.0NRT,281.25,1.26,N
21.37603,81.64301,300.81,0.78,0.78,2026-10-05,2123,N,nominal,2.0NRT,288.54,1.48,N
37.96371,65.00736,298.9,0.57,0.43,2026-10-05,2123,N,nominal,2.0NRT,280.1,0.99,N
37.96706,65.00836,299.14,0.57,0.43,2026-10-05,2123,N,nominal,2.0NRT,280.84,1.39,N
38.25647,58.38916,306.31,0.43,0.62,2026-10-05,2123,N,nominal,2.0NRT,284.36,1.04,N
38.25695,58.38913,305.42,0.43,0.62,2026-10-05,2123,N,nominal,2.0NRT,283.95,0.7,N
37.93983,58.564,295.43,0.42,0.61,2026-10-05,2123,N,nominal,2.0NRT,279.88,0.42,N
37.4527,57.6872,310.57,0.46,0.64,2026-10-05,2123,N,nominal,2.0NRT,279.89,1.38,N
21.24857,79.20868,309.99,0.56,0.68,2026-10-05,2125,N,nominal,2.0NRT,292.05,2.2,N
37.45644,57.68791,296.21,0.46,0.64,2026-10-05,2123,N,nominal,2.0NRT,278.62,0.97,N
37.4505,57.68695,301.44,0.46,0.64,2026-10-05,2123,N,nominal,2.0NRT,278.67,1.45,N
21.336,78.9684,302.68,0.54,0.68,2026-10-05,2125,N,nominal,2.0NRT,291.92,0.88,N
37.11708,62.3599,296.95,0.51,0.49,2026-10-05,2123,N,nominal,2.0NRT,281.83,2.09,N
21.25292,79.20954,305.69,0.56,0.69,2026-10-05,2125,N,nominal,2.0NRT,292.28,0.84,N
37.11658,62.36574,298.58,0.51,0.49,2026-10-05,2123,N,nominal,2.0NRT,281.89,0.93,N
37.03383,62.41322,305.44,0.51,0.49,2026-10-05,2123,N,nominal,2.0NRT,282.59,2.31,N
21.24669,79.20783,302.96,0.56,0.69,2026-10-05,2125,N,nominal,2.0NRT,291.26,0.84,N
37.03335,62.41899,310.6,0.51,0.49,2026-10-05,2123,N,nominal,2.0NRT,283.71,2.31,N
37.03407,62.41259,295.38,0.51,0.49,2026-10-05,2123,N,nominal,2.0NRT,282.2,1.81,N
37.03355,62.41836,315.29,0.5,0.49,2026-10-05,2123,N,nominal,2.0NRT,284.37,3.08,N
36.99306,56.22934,296.74,0.55,0.68,2026-10-05,2123,N,nominal,2.0NRT,279.46,0.9,N
36.99195,56.22962,296.95,0.55,0.68,2026-10-05,2123,N,nominal,2.0NRT,278.1,0.89,N
36.94479,54.88634,300.99,0.65,0.73,2026-10-05,2123,N,nominal,2.0NRT,285.43,1.12,N
36.94475,54.88567,299.17,0.65,0.73,2026-10-05,2123,N,nominal,2.0NRT,285.51,0.92,N
36.51043,60.83279,310.95,0.61,0.53,2026-10-05,2123,N,nominal,2.0NRT,281.48,2.21,N
33.84834,70.98074,303.2,0.39,0.36,2026-10-05,2123,N,nominal,2.0NRT,286.76,0.57,N
33.40843,71.94114,306.29,0.41,0.37,2026-10-05,2123,N,nominal,2.0NRT,293.97,1.11,N
33.29646,71.18604,317.21,0.4,0.37,2026-10-05,2123,N,nominal,2.0NRT,294.02,1.32,N
33.23612,71.51689,302.57,0.4,0.37,2026-10-05,2123,N,nominal,2.0NRT,292.44,0.52,N
32.71703,72.7742,303.6,0.44,0.39,2026-10-05,2123,N,nominal,2.0NRT,293.22,0.67,N
32.88839,71.61671,313.68,0.41,0.37,2026-10-05,2123,N,nominal,2.0NRT,296.22,1.86,N
32.82756,71.60194,310.32,0.41,0.37,2026-10-05,2123,N,nominal,2.0NRT,296.12,1.34,N
32.57679,72.56327,307.2,0.44,0.38,2026-10-05,2123,N,nominal,2.0NRT,296.15,1.81,N
31.25713,76.92621,301.48,0.5,0.49,2026-10-05,2123,N,nominal,2.0NRT,289.91,0.67,N
33.75293,59.14555,297.43,0.36,0.57,2026-10-05,2123,N,nominal,2.0NRT,282.8,0.72,N
32.2947,70.73315,311.32,0.39,0.36,2026-10-05,2123,N,nominal,2.0NRT,296.95,1.16,N
32.93167,64.52647,302.78,0.53,0.42,2026-10-05,2123,N,nominal,2.0NRT,279.98,0.71,N
33.26804,57.54185,295.26,0.44,0.62,2026-10-05,2123,N,nominal,2.0NRT,285.21,0.39,N
31.79706,69.94411,303.46,0.39,0.36,2026-10-05,2123,N,nominal,2.0NRT,288.51,0.67,N
31.95322,54.04967,298.75,0.68,0.74,2026-10-05,2123,N,nominal,2.0NRT,285.77,0.69,N
31.84733,54.28562,302.27,0.66,0.73,2026-10-05,2123,N,nominal,2.0NRT,286.72,0.83,N
31.43213,56.49141,299.48,0.49,0.65,2026-10-05,2123,N,nominal,2.0NRT,284.44,0.5,N
30.75288,56.65528,298.99,0.47,0.64,2026-10-05,2125,N,nominal,2.0NRT,287.08,1.14,N
27.66689,76.13017,305.24,0.53,0.5,2026-10-05,2125,N,nominal,2.0NRT,295.13,2.66,N
30.37731,55.86363,300.8,0.52,0.67,2026-10-05,2125,N,nominal,2.0NRT,286.15,0.86,N
30.32352,56.22637,296.41,0.49,0.65,2026-10-05,2125,N,nominal,2.0NRT,285.72,0.84,N
30.2373,56.90616,299.36,0.45,0.63,2026-10-05,2125,N,nominal,2.0NRT,286.85,2.79,N
30.21582,55.98523,310.7,0.51,0.66,2026-10-05,2125,N,nominal,2.0NRT,285.91,2.27,N
30.08183,55.39973,310.15,0.55,0.68,2026-10-05,2125,N,nominal,2.0NRT,286.17,3.38,N
30.08049,55.39732,320.02,0.55,0.68,2026-10-05,2125,N,nominal,2.0NRT,286.9,2.63,N
24.50751,56.60806,319.49,0.41,0.6,2026-10-05,2125,N,nominal,2.0NRT,299.69,2.24,N
28.42636,69.70048,314.35,0.4,0.37,2026-10-05,2125,N,nominal,2.0NRT,297.03,2.03,N
29.99034,55.85111,335.96,0.52,0.67,2026-10-05,2125,N,nominal,2.0NRT,284.54,4.64,N
24.50224,56.60334,312.37,0.41,0.6,2026-10-05,2125,N,nominal,2.0NRT,299.96,3.25,N
29.99005,55.85597,313.29,0.52,0.66,2026-10-05,2125,N,nominal,2.0NRT,283.41,4.64,N
24.46524,56.63662,312,0.4,0.6,2026-10-05,2125,N,nominal,2.0NRT,299.4,1.28,N
27.28901,73.83877,311.34,0.4,0.44,2026-10-05,2125,N,nominal,2.0NRT,296.99,1.32,N
22.57455,70.22729,309.74,0.46,0.39,2026-10-05,2125,N,nominal,2.0NRT,295.72,0.77,N
28.05383,69.36958,328.24,0.39,0.36,2026-10-05,2125,N,nominal,2.0NRT,298.84,1.08,N
24.51,54.01354,323.81,0.59,0.7,2026-10-05,2125,N,nominal,2.0NRT,299.59,1.79,N
28.0505,69.36888,306.61,0.39,0.36,2026-10-05,2125,N,nominal,2.0NRT,296.46,1.08,N
24.50961,54.01959,313.5,0.59,0.7,2026-10-05,2125,N,nominal,2.0NRT,299.54,1.79,N
29.5138,55.79894,297.2,0.51,0.66,2026-10-05,2125,N,nominal,2.0NRT,285.53,1.05,N
24.32224,54.4687,311.59,0.55,0.68,2026-10-05,2125,N,nominal,2.0NRT,298.63,1.91,N
26.92639,73.46768,306.15,0.39,0.44,2026-10-05,2125,N,nominal,2.0NRT,295.17,0.99,N
22.34041,69.85499,314.18,0.45,0.39,2026-10-05,2125,N,nominal,2.0NRT,300.68,2.58,N
22.41811,69.03836,327.35,0.42,0.38,2026-10-05,2125,N,nominal,2.0NRT,296.95,2.89,N
22.41467,69.03767,312.67,0.42,0.38,2026-10-05,2125,N,nominal,2.0NRT,296.08,1.77,N
21.78164,72.13307,308.31,0.4,0.44,2026-10-05,2125,N,nominal,2.0NRT,295.14,0.87,N
26.879,73.51408,305.35,0.39,0.44,2026-10-05,2125,N,nominal,2.0NRT,294.87,1.66,N
21.43762,72.97737,321.29,0.45,0.47,2026-10-05,2125,N,nominal,2.0NRT,294.46,1.68,N
26.87425,73.51698,305.58,0.39,0.44,2026-10-05,2125,N,nominal,2.0NRT,294.89,1.34,N
28.96956,58.72261,304.27,0.34,0.56,2026-10-05,2125,N,nominal,2.0NRT,292.59,0.31,N
21.43334,72.9764,324.03,0.45,0.47,2026-10-05,2125,N,nominal,2.0NRT,294.51,2.43,N
21.43523,72.97899,339.25,0.45,0.47,2026-10-05,2125,N,nominal,2.0NRT,295.33,4.56,N
29.13739,55.37412,298.1,0.54,0.68,2026-10-05,2125,N,nominal,2.0NRT,288.05,1.3,N
21.15082,72.74053,307.96,0.44,0.46,2026-10-05,2125,N,nominal,2.0NRT,295.04,1.4,N
19.80151,78.86506,300.89,0.57,0.69,2026-10-05,2125,N,nominal,2.0NRT,289.83,0.62,N
21.10729,72.64709,342.44,0.44,0.46,2026-10-05,2125,N,nominal,2.0NRT,300.33,5.24,N
21.10894,72.63871,308.69,0.44,0.46,2026-10-05,2125,N,nominal,2.0NRT,297.44,4.7,N
21.10473,72.63777,339.46,0.44,0.46,2026-10-05,2125,N,nominal,2.0NRT,297.23,4.7,N
21.10308,72.64614,313.75,0.44,0.46,2026-10-05,2125,N,nominal,2.0NRT,295.97,5.24,N
21.10052,72.63682,324.09,0.44,0.46,2026-10-05,2125,N,nominal,2.0NRT,296.04,1.56,N
23.21303,57.28979,304.67,0.36,0.57,2026-10-05,2125,N,nominal,2.0NRT,288.64,1.14,N
23.21511,57.28876,306.01,0.36,0.57,2026-10-05,2125,N,nominal,2.0NRT,290.07,1.17,N
23.31256,54.17338,316.34,0.56,0.69,2026-10-05,2125,N,nominal,2.0NRT,296.67,3.1,N
20.90944,71.45821,314.15,0.56,0.43,2026-10-05,2125,N,nominal,2.0NRT,296.68,2.48,N
22.92916,55.80089,309.31,0.44,0.62,2026-10-05,2125,N,nominal,2.0NRT,296.19,2.53,N
22.92878,55.80531,311.55,0.44,0.62,2026-10-05,2125,N,nominal,2.0NRT,296.3,2.07,N
22.92989,55.80425,310.28,0.44,0.62,2026-10-05,2125,N,nominal,2.0NRT,296.37,1.37,N
22.92407,55.80361,316.87,0.44,0.62,2026-10-05,2125,N,nominal,2.0NRT,295.91,1.37,N
19.85042,75.86031,302.05,0.37,0.58,2026-10-05,2125,N,nominal,2.0NRT,291.14,0.54,N
22.87822,55.92188,307.79,0.43,0.62,2026-10-05,2125,N,nominal,2.0NRT,296.66,0.99,N
22.87595,55.61354,310.78,0.45,0.63,2026-10-05,2125,N,nominal,2.0NRT,296.4,1.54,N
22.67439,56.24879,307.09,0.41,0.61,2026-10-05,2125,N,nominal,2.0NRT,296.61,0.5,N
18.72127,79.53659,303.71,0.66,0.73,2026-10-05,2125,N,nominal,2.0NRT,291.89,2.1,N
22.40692,56.98893,337.53,0.36,0.58,2026-10-05,2125,N,nominal,2.0NRT,297.54,2.63,N
22.40459,56.98986,325.17,0.36,0.58,2026-10-05,2125,N,nominal,2.0NRT,297.12,1.39,N
22.40496,56.98623,313.23,0.36,0.58,2026-10-05,2125,N,nominal,2.0NRT,296.96,1.39,N
22.32735,56.47168,319.72,0.39,0.6,2026-10-05,2125,N,nominal,2.0NRT,297.75,1.34,N
22.32596,56.48706,319.3,0.39,0.59,2026-10-05,2125,N,nominal,2.0NRT,296.69,1.92,N
22.32797,56.47303,320.29,0.39,0.59,2026-10-05,2125,N,nominal,2.0NRT,297.8,2.19,N
22.32648,56.48841,329.16,0.39,0.59,2026-10-05,2125,N,nominal,2.0NRT,297.03,2.1,N
22.52578,54.0492,310.95,0.56,0.69,2026-10-05,2125,N,nominal,2.0NRT,295.53,1.11,N
22.29502,56.52446,313.27,0.39,0.59,2026-10-05,2125,N,nominal,2.0NRT,296.71,1.73,N
22.29465,56.52834,318.19,0.39,0.59,2026-10-05,2125,N,nominal,2.0NRT,297.52,1.41,N
22.28911,56.52789,320.14,0.39,0.59,2026-10-05,2125,N,nominal,2.0NRT,297.18,1.71,N
22.2895,56.52381,311.81,0.39,0.59,2026-10-05,2125,N,nominal,2.0NRT,297.24,1.98,N
22.10929,57.33856,306.97,0.34,0.56,2026-10-05,2125,N,nominal,2.0NRT,296.77,0.5,N
22.10611,57.3175,313.12,0.34,0.56,2026-10-05,2125,N,nominal,2.0NRT,296.81,0.5,N
22.14749,56.37828,309.04,0.4,0.6,2026-10-05,2125,N,nominal,2.0NRT,296.74,0.56,N
21.94048,57.07293,332.34,0.36,0.57,2026-10-05,2125,N,nominal,2.0NRT,297,2.44,N
21.93517,57.07229,337.78,0.36,0.57,2026-10-05,2125,N,nominal,2.0NRT,296.25,2.44,N
21.94285,56.03266,306.97,0.41,0.61,2026-10-05,2125,N,nominal,2.0NRT,296.08,1.26,N
21.83544,56.68034,328.15,0.38,0.58,2026-10-05,2125,N,nominal,2.0NRT,296.89,2.31,N
18.44036,76.53733,299.47,0.43,0.62,2026-10-05,2125,N,nominal,2.0NRT,288,0.39,N
19.01506,72.90581,321.22,0.5,0.49,2026-10-05,2125,N,nominal,2.0NRT,294.44,2.77,N
21.33177,57.72438,309.95,0.64,0.54,2026-10-05,2125,N,nominal,2.0NRT,295.9,2.03,N
19.01425,72.90993,313.22,0.5,0.49,2026-10-05,2125,N,nominal,2.0NRT,293.77,2.77,N
21.32166,57.72307,310.86,0.64,0.54,2026-10-05,2125,N,nominal,2.0NRT,296.07,2.3,N
21.31463,57.74113,315.42,0.63,0.54,2026-10-05,2125,N,nominal,2.0NRT,295.99,1.96,N
21.31397,57.74732,315.74,0.63,0.54,2026-10-05,2125,N,nominal,2.0NRT,296.23,1.96,N
21.30893,57.74669,305.89,0.63,0.54,2026-10-05,2125,N,nominal,2.0NRT,295.77,1.63,N
21.30371,57.79603,317.35,0.63,0.54,2026-10-05,2125,N,nominal,2.0NRT,295.98,1.97,N
21.30798,57.70705,321.34,0.32,0.54,2026-10-05,2125,N,nominal,2.0NRT,296.04,1.04,N
21.2954,57.68018,314.09,0.32,0.55,2026-10-05,2125,N,nominal,2.0NRT,295.56,0.52,N
18.68947,73.92124,307.63,0.58,0.52,2026-10-05,2125,N,nominal,2.0NRT,290.52,0.8,N
18.68792,73.03222,305.11,0.51,0.49,2026-10-05,2125,N,nominal,2.0NRT,293.93,2.2,N
18.68339,73.03123,306.26,0.51,0.49,2026-10-05,2125,N,nominal,2.0NRT,293.66,1.45,N
18.68245,73.03605,308.59,0.51,0.49,2026-10-05,2125,N,nominal,2.0NRT,294.59,1.45,N
21.00427,56.53187,342.46,0.38,0.58,2026-10-05,2125,N,nominal,2.0NRT,297.28,3.4,N
21.00463,56.52818,315.89,0.38,0.58,2026-10-05,2125,N,nominal,2.0NRT,295.49,3.38,N
20.99883,56.53122,318.22,0.38,0.58,2026-10-05,2125,N,nominal,2.0NRT,295.76,1.35,N
18.57832,72.24172,331.52,0.46,0.47,2026-10-05,2125,N,nominal,2.0NRT,296.46,2.86,N
20.55896,56.41993,307.16,0.38,0.59,2026-10-05,2125,N,nominal,2.0NRT,295.17,0.4,N
20.3788,55.93223,307.28,0.4,0.6,2026-10-05,2125,N,nominal,2.0NRT,295.34,0.87,N
20.37842,55.93617,310.21,0.4,0.6,2026-10-05,2125,N,nominal,2.0NRT,294.92,0.87,N
20.37281,55.93552,308.37,0.4,0.6,2026-10-05,2125,N,nominal,2.0NRT,294.58,0.87,N
20.3755,55.934,335.61,0.4,0.6,2026-10-05,2125,N,nominal,2.0NRT,295.96,2.36,N
20.39137,55.66222,312.33,0.42,0.61,2026-10-05,2125,N,nominal,2.0NRT,294.77,0.88,N
20.3869,55.6491,305.91,0.42,0.61,2026-10-05,2125,N,nominal,2.0NRT,294.53,0.7,N
20.38566,55.6616,310,0.42,0.61,2026-10-05,2125,N,nominal,2.0NRT,294.3,0.88,N
20.21173,55.71113,318.18,0.42,0.61,2026-10-05,2125,N,nominal,2.0NRT,294.67,0.9,N
15.91622,77.36255,301.24,0.55,0.68,2026-10-05,2125,N,nominal,2.0NRT,288.35,0.88,N
19.27115,56.17342,304.54,0.38,0.59,2026-10-05,2125,N,nominal,2.0NRT,294,0.51,N
19.2657,56.17277,305.6,0.38,0.59,2026-10-05,2125,N,nominal,2.0NRT,293.34,0.51,N
15.17958,76.65706,301.14,0.51,0.66,2026-10-05,2125,N,nominal,2.0NRT,285.41,1.73,N
18.03402,54.63412,309.27,0.46,0.64,2026-10-05,2125,N,nominal,2.0NRT,294.35,1.21,N
18.03357,54.63859,307.12,0.46,0.64,2026-10-05,2125,N,nominal,2.0NRT,295.75,1.21,N
18.03312,54.64305,309.4,0.46,0.63,2026-10-05,2125,N,nominal,2.0NRT,294.83,1.17,N
39.50945,54.33019,300.07,0.46,0.47,2026-10-05,2301,N,nominal,2.0NRT,284.56,0.59,N
39.50914,54.32902,301.55,0.46,0.47,2026-10-05,2301,N,nominal,2.0NRT,285.06,0.68,N
37.11665,62.36633,301.58,0.67,0.74,2026-10-05,2301,N,nominal,2.0NRT,280.19,1.02,N
38.2546,58.39123,310.92,0.4,0.6,2026-10-05,2301,N,nominal,2.0NRT,284.97,1.01,N
37.11527,62.36859,302.17,0.67,0.74,2026-10-05,2301,N,nominal,2.0NRT,279.73,2.35,N
38.25555,58.3903,296.84,0.4,0.6,2026-10-05,2301,N,nominal,2.0NRT,283.91,0.83,N
38.25435,58.39471,297.82,0.4,0.6,2026-10-05,2301,N,nominal,2.0NRT,284.28,0.68,N
37.03182,62.42029,308.35,0.68,0.74,2026-10-05,2301,N,nominal,2.0NRT,281.07,2.96,N
38.6828,54.31761,301.06,0.48,0.48,2026-10-05,2301,N,nominal,2.0NRT,282.34,0.75,N
38.6785,54.31597,311.93,0.48,0.48,2026-10-05,2301,N,nominal,2.0NRT,282.65,1.71,N
38.64916,54.28138,334.85,0.48,0.48,2026-10-05,2301,N,nominal,2.0NRT,286.38,3.12,N
36.47866,59.74631,296.93,0.52,0.67,2026-10-05,2301,N,nominal,2.0NRT,281.99,1.31,N
37.29528,55.48216,300.82,0.59,0.53,2026-10-05,2301,N,nominal,2.0NRT,285.96,1.21,N
36.98988,56.23425,296.56,0.33,0.55,2026-10-05,2301,N,nominal,2.0NRT,279.42,0.86,N
36.29754,54.79011,295.78,0.58,0.52,2026-10-05,2301,N,nominal,2.0NRT,283,0.46,N
33.04066,56.85114,309.15,0.45,0.63,2026-10-05,2303,N,nominal,2.0NRT,288.21,1.41,N
31.70507,55.44911,302.94,0.4,0.6,2026-10-05,2303,N,nominal,2.0NRT,290.19,0.86,N
31.84797,54.28509,308.66,0.34,0.56,2026-10-05,2303,N,nominal,2.0NRT,288.07,0.81,N
30.6652,56.62075,295.42,0.5,0.66,2026-10-05,2303,N,nominal,2.0NRT,284.04,0.62,N
30.4691,56.03596,295.66,0.47,0.64,2026-10-05,2303,N,nominal,2.0NRT,284.21,0.51,N
30.23643,56.9085,301.48,0.53,0.67,2026-10-05,2303,N,nominal,2.0NRT,286.3,1.2,N
30.37936,55.8642,301.08,0.46,0.63,2026-10-05,2303,N,nominal,2.0NRT,286.34,0.74,N
30.3925,55.76711,295.7,0.45,0.63,2026-10-05,2303,N,nominal,2.0NRT,285.32,0.55,N
30.38027,55.86288,296.69,0.46,0.63,2026-10-05,2303,N,nominal,2.0NRT,286.03,0.69,N
30.32065,55.97394,299.28,0.47,0.64,2026-10-05,2303,N,nominal,2.0NRT,286.04,0.46,N
30.21795,55.98447,304.28,0.47,0.64,2026-10-05,2303,N,nominal,2.0NRT,285.24,1.34,N
30.21425,55.98444,300.96,0.47,0.64,2026-10-05,2303,N,nominal,2.0NRT,284.41,1.34,N
29.92684,56.73185,301.17,0.53,0.67,2026-10-05,2303,N,nominal,2.0NRT,285.02,1.48,N
29.98998,55.85366,325.44,0.47,0.64,2026-10-05,2303,N,nominal,2.0NRT,283.11,4.19,N
29.98857,55.85909,295.26,0.47,0.64,2026-10-05,2303,N,nominal,2.0NRT,282.23,2.49,N
30.08333,55.39732,312.63,0.44,0.62,2026-10-05,2303,N,nominal,2.0NRT,285.77,2.53,N
30.08218,55.40179,301.59,0.44,0.62,2026-10-05,2303,N,nominal,2.0NRT,284.98,1.46,N
30.01044,55.20298,296.88,0.43,0.62,2026-10-05,2303,N,nominal,2.0NRT,286.14,0.69,N
29.98834,55.1954,296.82,0.43,0.62,2026-10-05,2303,N,nominal,2.0NRT,286.42,0.95,N
29.13899,55.37753,300.11,0.46,0.64,2026-10-05,2303,N,nominal,2.0NRT,288.68,1.9,N
25.97546,56.07202,312.53,0.59,0.7,2026-10-05,2303,N,nominal,2.0NRT,295.08,3.4,N
25.9039,54.53281,309.42,0.48,0.65,2026-10-05,2305,N,nominal,2.0NRT,299.07,0.33,N
24.50834,56.60571,310.21,0.69,0.74,2026-10-05,2305,N,nominal,2.0NRT,297.61,2.21,N
24.51118,54.01901,338.27,0.48,0.65,2026-10-05,2305,N,nominal,2.0NRT,299.86,2.74,N
24.51002,54.02377,316.56,0.49,0.65,2026-10-05,2305,N,nominal,2.0NRT,299.8,2.74,N
23.19025,55.45789,315.54,0.63,0.72,2026-10-05,2305,N,nominal,2.0NRT,295.44,2.69,N
22.92837,55.80721,329.48,0.67,0.74,2026-10-05,2305,N,nominal,2.0NRT,293.95,4.27,N
22.88234,55.9287,329.97,0.68,0.74,2026-10-05,2305,N,nominal,2.0NRT,294.5,5.21,N
22.87562,55.92669,321.91,0.68,0.74,2026-10-05,2305,N,nominal,2.0NRT,294.7,3.96,N
23.31418,54.18115,314.61,0.53,0.67,2026-10-05,2305,N,nominal,2.0NRT,295.21,1.71,N
22.92694,55.80685,331.21,0.67,0.74,2026-10-05,2305,N,nominal,2.0NRT,294.17,3.76,N
22.88164,55.92865,336.17,0.69,0.74,2026-10-05,2305,N,nominal,2.0NRT,294.65,4.7,N
22.87994,55.93532,310.54,0.69,0.74,2026-10-05,2305,N,nominal,2.0NRT,294.28,4.88,N
23.30959,54.1781,314.66,0.53,0.67,2026-10-05,2305,N,nominal,2.0NRT,295.02,2.75,N
22.87493,55.9266,312.19,0.69,0.74,2026-10-05,2305,N,nominal,2.0NRT,294.64,4.7,N
22.8752,55.61725,310.95,0.66,0.73,2026-10-05,2305,N,nominal,2.0NRT,294.34,1.48,N
22.87323,55.61806,308.76,0.66,0.73,2026-10-05,2305,N,nominal,2.0NRT,294.19,0.88,N
22.32835,56.49447,313.34,0.76,0.77,2026-10-05,2305,N,nominal,2.0NRT,293.82,2.14,N
22.28889,56.52954,311.93,0.77,0.77,2026-10-05,2305,N,nominal,2.0NRT,294.38,2.27,N
22.32563,56.49084,318.06,0.76,0.77,2026-10-05,2305,N,nominal,2.0NRT,293.85,3.03,N
22.29337,56.52834,326.01,0.77,0.77,2026-10-05,2305,N,nominal,2.0NRT,294.17,4.62,N
22.5259,54.05016,307.23,0.54,0.68,2026-10-05,2305,N,nominal,2.0NRT,295.46,1.33,N
20.38075,55.93248,304.07,0.78,0.78,2026-10-05,2305,N,nominal,2.0NRT,292.21,2.13,N
20.37881,55.94001,308.97,0.78,0.78,2026-10-05,2305,N,nominal,2.0NRT,292.15,1.81,N
20.37176,55.93797,311.49,0.78,0.78,2026-10-05,2305,N,nominal,2.0NRT,292.02,2.01,N
20.37855,55.93404,326.6,0.78,0.78,2026-10-05,2305,N,nominal,2.0NRT,292.48,2.94,N
20.37666,55.9416,306.34,0.78,0.78,2026-10-05,2305,N,nominal,2.0NRT,292.12,2.94,N
20.38731,55.66005,302.85,0.75,0.77,2026-10-05,2305,N,nominal,2.0NRT,292.54,1.12,N
20.38992,55.66222,303.84,0.75,0.77,2026-10-05,2305,N,nominal,2.0NRT,292.73,1.67,N
20.21248,55.71321,306.29,0.76,0.77,2026-10-05,2305,N,nominal,2.0NRT,292.36,1,N
20.22495,55.74263,302.87,0.76,0.77,2026-10-05,2305,N,nominal,2.0NRT,292.48,0.8,N
18.03543,54.64205,303.74,0.73,0.76,2026-10-05,2307,N,nominal,2.0NRT,293.58,2.45,N
18.03377,54.64894,306.16,0.73,0.76,2026-10-05,2307,N,nominal,2.0NRT,291.69,1.3,N
18.0362,54.6473,314.14,0.73,0.76,2026-10-05,2307,N,nominal,2.0NRT,292.58,2.36,N
